This is XeTeX, Version 3.141592653-2.6-0.999997 (TeX Live 2025) (preloaded format=xelatex 2026.2.15)  27 JUL 2026 16:43
entering extended mode
 restricted \write18 enabled.
 %&-line parsing enabled.
**Chapter10.tex
(./Chapter10.tex
LaTeX2e <2024-11-01> patch level 2
L3 programming layer <2025-01-18>
! Undefined control sequence.
l.1 \chapter
            {非线性振动初步}
The control sequence at the end of the top line
of your error message was never \def'ed. If you have
misspelled it (e.g., `\hobx'), type `I' and the correct
spelling (e.g., `I\hbox'). Otherwise just continue,
and I'll forget about whatever was undefined.


! LaTeX Error: Missing \begin{document}.

See the LaTeX manual or LaTeX Companion for explanation.
Type  H <return>  for immediate help.
 ...                                              
                                                  
l.1 \chapter{非
              线性振动初步}
You're in trouble here.  Try typing  <return>  to proceed.
If that doesn't work, type  X <return>  to quit.

Missing character: There is no 非 ("975E) in font nullfont!
Missing character: There is no 线 ("7EBF) in font nullfont!
Missing character: There is no 性 ("6027) in font nullfont!
Missing character: There is no 振 ("632F) in font nullfont!
Missing character: There is no 动 ("52A8) in font nullfont!
Missing character: There is no 初 ("521D) in font nullfont!
Missing character: There is no 步 ("6B65) in font nullfont!
! Undefined control sequence.
l.2 \intro
          {本章介绍非线性振动的基本概念、几何理论与经典方程。非线性系统表现出叠加原理失效、频率-振幅耦合、跳跃现象、极限环和混沌等独特行为，...
The control sequence at the end of the top line
of your error message was never \def'ed. If you have
misspelled it (e.g., `\hobx'), type `I' and the correct
spelling (e.g., `I\hbox'). Otherwise just continue,
and I'll forget about whatever was undefined.

Missing character: There is no 本 ("672C) in font nullfont!
Missing character: There is no 章 ("7AE0) in font nullfont!
Missing character: There is no 介 ("4ECB) in font nullfont!
Missing character: There is no 绍 ("7ECD) in font nullfont!
Missing character: There is no 非 ("975E) in font nullfont!
Missing character: There is no 线 ("7EBF) in font nullfont!
Missing character: There is no 性 ("6027) in font nullfont!
Missing character: There is no 振 ("632F) in font nullfont!
Missing character: There is no 动 ("52A8) in font nullfont!
Missing character: There is no 的 ("7684) in font nullfont!
Missing character: There is no 基 ("57FA) in font nullfont!
Missing character: There is no 本 ("672C) in font nullfont!
Missing character: There is no 概 ("6982) in font nullfont!
Missing character: There is no 念 ("5FF5) in font nullfont!
Missing character: There is no 、 ("3001) in font nullfont!
Missing character: There is no 几 ("51E0) in font nullfont!
Missing character: There is no 何 ("4F55) in font nullfont!
Missing character: There is no 理 ("7406) in font nullfont!
Missing character: There is no 论 ("8BBA) in font nullfont!
Missing character: There is no 与 ("4E0E) in font nullfont!
Missing character: There is no 经 ("7ECF) in font nullfont!
Missing character: There is no 典 ("5178) in font nullfont!
Missing character: There is no 方 ("65B9) in font nullfont!
Missing character: There is no 程 ("7A0B) in font nullfont!
Missing character: There is no 。 ("3002) in font nullfont!
Missing character: There is no 非 ("975E) in font nullfont!
Missing character: There is no 线 ("7EBF) in font nullfont!
Missing character: There is no 性 ("6027) in font nullfont!
Missing character: There is no 系 ("7CFB) in font nullfont!
Missing character: There is no 统 ("7EDF) in font nullfont!
Missing character: There is no 表 ("8868) in font nullfont!
Missing character: There is no 现 ("73B0) in font nullfont!
Missing character: There is no 出 ("51FA) in font nullfont!
Missing character: There is no 叠 ("53E0) in font nullfont!
Missing character: There is no 加 ("52A0) in font nullfont!
Missing character: There is no 原 ("539F) in font nullfont!
Missing character: There is no 理 ("7406) in font nullfont!
Missing character: There is no 失 ("5931) in font nullfont!
Missing character: There is no 效 ("6548) in font nullfont!
Missing character: There is no 、 ("3001) in font nullfont!
Missing character: There is no 频 ("9891) in font nullfont!
Missing character: There is no 率 ("7387) in font nullfont!
Missing character: There is no - ("2D) in font nullfont!
Missing character: There is no 振 ("632F) in font nullfont!
Missing character: There is no 幅 ("5E45) in font nullfont!
Missing character: There is no 耦 ("8026) in font nullfont!
Missing character: There is no 合 ("5408) in font nullfont!
Missing character: There is no 、 ("3001) in font nullfont!
Missing character: There is no 跳 ("8DF3) in font nullfont!
Missing character: There is no 跃 ("8DC3) in font nullfont!
Missing character: There is no 现 ("73B0) in font nullfont!
Missing character: There is no 象 ("8C61) in font nullfont!
Missing character: There is no 、 ("3001) in font nullfont!
Missing character: There is no 极 ("6781) in font nullfont!
Missing character: There is no 限 ("9650) in font nullfont!
Missing character: There is no 环 ("73AF) in font nullfont!
Missing character: There is no 和 ("548C) in font nullfont!
Missing character: There is no 混 ("6DF7) in font nullfont!
Missing character: There is no 沌 ("6C8C) in font nullfont!
Missing character: There is no 等 ("7B49) in font nullfont!
Missing character: There is no 独 ("72EC) in font nullfont!
Missing character: There is no 特 ("7279) in font nullfont!
Missing character: There is no 行 ("884C) in font nullfont!
Missing character: There is no 为 ("4E3A) in font nullfont!
Missing character: There is no ， ("FF0C) in font nullfont!
Missing character: There is no 揭 ("63ED) in font nullfont!
Missing character: There is no 示 ("793A) in font nullfont!
Missing character: There is no 振 ("632F) in font nullfont!
Missing character: There is no 动 ("52A8) in font nullfont!
Missing character: There is no 的 ("7684) in font nullfont!
Missing character: There is no 丰 ("4E30) in font nullfont!
Missing character: There is no 富 ("5BCC) in font nullfont!
Missing character: There is no 复 ("590D) in font nullfont!
Missing character: There is no 杂 ("6742) in font nullfont!
Missing character: There is no 性 ("6027) in font nullfont!
Missing character: There is no 。 ("3002) in font nullfont!

Overfull \hbox (20.0pt too wide) in paragraph at lines 1--3
[]
 []

! Undefined control sequence.
l.4 \section
            {非线性振动的来源}
The control sequence at the end of the top line
of your error message was never \def'ed. If you have
misspelled it (e.g., `\hobx'), type `I' and the correct
spelling (e.g., `I\hbox'). Otherwise just continue,
and I'll forget about whatever was undefined.


! LaTeX Error: Missing \begin{document}.

See the LaTeX manual or LaTeX Companion for explanation.
Type  H <return>  for immediate help.
 ...                                              
                                                  
l.4 \section{非
              线性振动的来源}
You're in trouble here.  Try typing  <return>  to proceed.
If that doesn't work, type  X <return>  to quit.

Missing character: There is no 非 ("975E) in font nullfont!
Missing character: There is no 线 ("7EBF) in font nullfont!
Missing character: There is no 性 ("6027) in font nullfont!
Missing character: There is no 振 ("632F) in font nullfont!
Missing character: There is no 动 ("52A8) in font nullfont!
Missing character: There is no 的 ("7684) in font nullfont!
Missing character: There is no 来 ("6765) in font nullfont!
Missing character: There is no 源 ("6E90) in font nullfont!
! Undefined control sequence.
l.5 \subsection
               {几何非线性}
The control sequence at the end of the top line
of your error message was never \def'ed. If you have
misspelled it (e.g., `\hobx'), type `I' and the correct
spelling (e.g., `I\hbox'). Otherwise just continue,
and I'll forget about whatever was undefined.

Missing character: There is no 几 ("51E0) in font nullfont!
Missing character: There is no 何 ("4F55) in font nullfont!
Missing character: There is no 非 ("975E) in font nullfont!
Missing character: There is no 线 ("7EBF) in font nullfont!
Missing character: There is no 性 ("6027) in font nullfont!
Missing character: There is no 在 ("5728) in font nullfont!
Missing character: There is no 小 ("5C0F) in font nullfont!
Missing character: There is no 变 ("53D8) in font nullfont!
Missing character: There is no 形 ("5F62) in font nullfont!
Missing character: There is no 假 ("5047) in font nullfont!
Missing character: There is no 设 ("8BBE) in font nullfont!
Missing character: There is no 下 ("4E0B) in font nullfont!
Missing character: There is no ， ("FF0C) in font nullfont!
Missing character: There is no 应 ("5E94) in font nullfont!
Missing character: There is no 变 ("53D8) in font nullfont!
Missing character: There is no - ("2D) in font nullfont!
Missing character: There is no 位 ("4F4D) in font nullfont!
Missing character: There is no 移 ("79FB) in font nullfont!
Missing character: There is no 关 ("5173) in font nullfont!
Missing character: There is no 系 ("7CFB) in font nullfont!
Missing character: There is no 可 ("53EF) in font nullfont!
Missing character: There is no 线 ("7EBF) in font nullfont!
Missing character: There is no 性 ("6027) in font nullfont!
Missing character: There is no 化 ("5316) in font nullfont!
Missing character: There is no 。 ("3002) in font nullfont!
Missing character: There is no 当 ("5F53) in font nullfont!
Missing character: There is no 位 ("4F4D) in font nullfont!
Missing character: There is no 移 ("79FB) in font nullfont!
Missing character: There is no 幅 ("5E45) in font nullfont!
Missing character: There is no 度 ("5EA6) in font nullfont!
Missing character: There is no 较 ("8F83) in font nullfont!
Missing character: There is no 大 ("5927) in font nullfont!
Missing character: There is no 时 ("65F6) in font nullfont!
Missing character: There is no ， ("FF0C) in font nullfont!
Missing character: There is no 必 ("5FC5) in font nullfont!
Missing character: There is no 须 ("987B) in font nullfont!
Missing character: There is no 保 ("4FDD) in font nullfont!
Missing character: There is no 留 ("7559) in font nullfont!
Missing character: There is no 高 ("9AD8) in font nullfont!
Missing character: There is no 阶 ("9636) in font nullfont!
Missing character: There is no 项 ("9879) in font nullfont!
Missing character: There is no ， ("FF0C) in font nullfont!
Missing character: There is no 导 ("5BFC) in font nullfont!
Missing character: There is no 致 ("81F4) in font nullfont!
Missing character: There is no 运 ("8FD0) in font nullfont!
Missing character: There is no 动 ("52A8) in font nullfont!
Missing character: There is no 方 ("65B9) in font nullfont!
Missing character: There is no 程 ("7A0B) in font nullfont!
Missing character: There is no 中 ("4E2D) in font nullfont!
Missing character: There is no 出 ("51FA) in font nullfont!
Missing character: There is no 现 ("73B0) in font nullfont!
Missing character: There is no 非 ("975E) in font nullfont!
Missing character: There is no 线 ("7EBF) in font nullfont!
Missing character: There is no 性 ("6027) in font nullfont!
Missing character: There is no 恢 ("6062) in font nullfont!
Missing character: There is no 复 ("590D) in font nullfont!
Missing character: There is no 力 ("529B) in font nullfont!
Missing character: There is no 项 ("9879) in font nullfont!
Missing character: There is no 。 ("3002) in font nullfont!
Missing character: There is no 例 ("4F8B) in font nullfont!
Missing character: There is no 如 ("5982) in font nullfont!
Missing character: There is no ， ("FF0C) in font nullfont!
Missing character: There is no 悬 ("60AC) in font nullfont!
Missing character: There is no 臂 ("81C2) in font nullfont!
Missing character: There is no 梁 ("6881) in font nullfont!
Missing character: There is no 大 ("5927) in font nullfont!
Missing character: There is no 挠 ("6320) in font nullfont!
Missing character: There is no 度 ("5EA6) in font nullfont!
Missing character: There is no 弯 ("5F2F) in font nullfont!
Missing character: There is no 曲 ("66F2) in font nullfont!
Missing character: There is no 时 ("65F6) in font nullfont!
Missing character: There is no ， ("FF0C) in font nullfont!
Missing character: There is no 曲 ("66F2) in font nullfont!
Missing character: There is no 率 ("7387) in font nullfont!
Missing character: There is no 表 ("8868) in font nullfont!
Missing character: There is no 达 ("8FBE) in font nullfont!
Missing character: There is no 式 ("5F0F) in font nullfont!
Missing character: There is no 需 ("9700) in font nullfont!
Missing character: There is no 使 ("4F7F) in font nullfont!
Missing character: There is no 用 ("7528) in font nullfont!
Missing character: There is no 精 ("7CBE) in font nullfont!
Missing character: There is no 确 ("786E) in font nullfont!
Missing character: There is no 形 ("5F62) in font nullfont!
Missing character: There is no 式 ("5F0F) in font nullfont!
Missing character: There is no ： ("FF1A) in font nullfont!

Overfull \hbox (20.0pt too wide) in paragraph at lines 4--7
[]
 []

LaTeX Font Info:    External font `cmex10' loaded for size
(Font)              <7> on input line 7.
LaTeX Font Info:    External font `cmex10' loaded for size
(Font)              <5> on input line 7.

Overfull \hbox (79.33975pt too wide) detected at line 9
\OML/cmm/m/it/10 ^^T \OT1/cmr/m/n/10 = []
 []

Missing character: There is no 展 ("5C55) in font nullfont!
Missing character: There is no 开 ("5F00) in font nullfont!
Missing character: There is no 后 ("540E) in font nullfont!
Missing character: There is no 导 ("5BFC) in font nullfont!
Missing character: There is no 出 ("51FA) in font nullfont!
Missing character: There is no 三 ("4E09) in font nullfont!
Missing character: There is no 次 ("6B21) in font nullfont!
Missing character: There is no 非 ("975E) in font nullfont!
Missing character: There is no 线 ("7EBF) in font nullfont!
Missing character: There is no 性 ("6027) in font nullfont!
Missing character: There is no 项 ("9879) in font nullfont!
Missing character: There is no 。 ("3002) in font nullfont!
Missing character: There is no 典 ("5178) in font nullfont!
Missing character: There is no 型 ("578B) in font nullfont!
Missing character: There is no 的 ("7684) in font nullfont!
Missing character: There is no 几 ("51E0) in font nullfont!
Missing character: There is no 何 ("4F55) in font nullfont!
Missing character: There is no 非 ("975E) in font nullfont!
Missing character: There is no 线 ("7EBF) in font nullfont!
Missing character: There is no 性 ("6027) in font nullfont!
Missing character: There is no 还 ("8FD8) in font nullfont!
Missing character: There is no 包 ("5305) in font nullfont!
Missing character: There is no 括 ("62EC) in font nullfont!
Missing character: There is no ： ("FF1A) in font nullfont!

Overfull \hbox (41.42323pt too wide) in paragraph at lines 9--11
 $[]\OT1/cmr/m/n/10 (\OML/cmm/m/it/10 w[]\OT1/cmr/m/n/10 )[]\OML/cmm/m/it/10 w[
]$ 
 []

Missing character: There is no 弦 ("5F26) in font nullfont!
Missing character: There is no 的 ("7684) in font nullfont!
Missing character: There is no 大 ("5927) in font nullfont!
Missing character: There is no 振 ("632F) in font nullfont!
Missing character: There is no 幅 ("5E45) in font nullfont!
Missing character: There is no 振 ("632F) in font nullfont!
Missing character: There is no 动 ("52A8) in font nullfont!
Missing character: There is no （ ("FF08) in font nullfont!
Missing character: There is no 轴 ("8F74) in font nullfont!
Missing character: There is no 向 ("5411) in font nullfont!
Missing character: There is no 伸 ("4F38) in font nullfont!
Missing character: There is no 长 ("957F) in font nullfont!
Missing character: There is no 产 ("4EA7) in font nullfont!
Missing character: There is no 生 ("751F) in font nullfont!
Missing character: There is no 非 ("975E) in font nullfont!
Missing character: There is no 线 ("7EBF) in font nullfont!
Missing character: There is no 性 ("6027) in font nullfont!
Missing character: There is no 张 ("5F20) in font nullfont!
Missing character: There is no 力 ("529B) in font nullfont!
Missing character: There is no ） ("FF09) in font nullfont!
Missing character: There is no 薄 ("8584) in font nullfont!
Missing character: There is no 板 ("677F) in font nullfont!
Missing character: There is no 的 ("7684) in font nullfont!
Missing character: There is no 大 ("5927) in font nullfont!
Missing character: There is no 挠 ("6320) in font nullfont!
Missing character: There is no 度 ("5EA6) in font nullfont!
Missing character: There is no （ ("FF08) in font nullfont!
Missing character: There is no v ("76) in font nullfont!
Missing character: There is no o ("6F) in font nullfont!
Missing character: There is no n ("6E) in font nullfont!
Missing character: There is no K ("4B) in font nullfont!
LaTeX Font Info:    Trying to load font information for OT1+lmr on input line 1
3.
(d:/Program Files (x86)/Latex/texlive/2025/texmf-dist/tex/latex/lm/ot1lmr.fd
File: ot1lmr.fd 2015/05/01 v1.6.1 Font defs for Latin Modern
)
LaTeX Font Info:    Trying to load font information for +lmr on input line 13.
LaTeX Font Info:    No file lmr.fd. on input line 13.
LaTeX Font Info:    Trying to load font information for +cmr on input line 13.
LaTeX Font Info:    No file cmr.fd. on input line 13.


LaTeX Font Warning: Font shape `/lmr/m/n' undefined
(Font)              using `/cmr/m/n' instead on input line 13.


LaTeX Font Warning: Font shape `/cmr/m/n' undefined
(Font)              using `/cmr/m/n' instead on input line 13.

! Corrupted NFSS tables.
wrong@fontshape ...message {Corrupted NFSS tables}
                                                  error@fontshape else let f...
l.13     \item 薄板的大挠度（von K\'a
                              rm\'an 板理论）
This error message was generated by an \errmessage
command, so I can't give any explicit help.
Pretend that you're Hercule Poirot: Examine all clues,
and deduce the truth by order and method.


LaTeX Font Warning: Font shape `/cmr/m/n' undefined
(Font)              using `OT1/cmr/m/n' instead on input line 13.


LaTeX Font Warning: Font shape `/lmr/m/n' undefined
(Font)              using `/cmr/m/n' instead on input line 13.

Missing character: There is no r ("72) in font nullfont!
Missing character: There is no m ("6D) in font nullfont!
Missing character: There is no n ("6E) in font nullfont!
Missing character: There is no 板 ("677F) in font nullfont!
Missing character: There is no 理 ("7406) in font nullfont!
Missing character: There is no 论 ("8BBA) in font nullfont!
Missing character: There is no ） ("FF09) in font nullfont!

Overfull \hbox (15.00003pt too wide) in paragraph at lines 13--14
\OT1/lmr/m/n/10 ^^S\/lmr/m/n/10 a[]a 
 []

Missing character: There is no 柔 ("67D4) in font nullfont!
Missing character: There is no 性 ("6027) in font nullfont!
Missing character: There is no 机 ("673A) in font nullfont!
Missing character: There is no 构 ("6784) in font nullfont!
Missing character: There is no 的 ("7684) in font nullfont!
Missing character: There is no 几 ("51E0) in font nullfont!
Missing character: There is no 何 ("4F55) in font nullfont!
Missing character: There is no 非 ("975E) in font nullfont!
Missing character: There is no 线 ("7EBF) in font nullfont!
Missing character: There is no 性 ("6027) in font nullfont!
Missing character: There is no 刚 ("521A) in font nullfont!
Missing character: There is no 度 ("5EA6) in font nullfont!
! Undefined control sequence.
l.17 \subsection
                {材料非线性}
The control sequence at the end of the top line
of your error message was never \def'ed. If you have
misspelled it (e.g., `\hobx'), type `I' and the correct
spelling (e.g., `I\hbox'). Otherwise just continue,
and I'll forget about whatever was undefined.

Missing character: There is no 材 ("6750) in font nullfont!
Missing character: There is no 料 ("6599) in font nullfont!
Missing character: There is no 非 ("975E) in font nullfont!
Missing character: There is no 线 ("7EBF) in font nullfont!
Missing character: There is no 性 ("6027) in font nullfont!
Missing character: There is no 当 ("5F53) in font nullfont!
Missing character: There is no 应 ("5E94) in font nullfont!
Missing character: There is no 变 ("53D8) in font nullfont!
Missing character: There is no 超 ("8D85) in font nullfont!
Missing character: There is no 出 ("51FA) in font nullfont!
Missing character: There is no 材 ("6750) in font nullfont!
Missing character: There is no 料 ("6599) in font nullfont!
Missing character: There is no 的 ("7684) in font nullfont!
Missing character: There is no 线 ("7EBF) in font nullfont!
Missing character: There is no 弹 ("5F39) in font nullfont!
Missing character: There is no 性 ("6027) in font nullfont!
Missing character: There is no 范 ("8303) in font nullfont!
Missing character: There is no 围 ("56F4) in font nullfont!
Missing character: There is no 时 ("65F6) in font nullfont!
Missing character: There is no ， ("FF0C) in font nullfont!
Missing character: There is no 应 ("5E94) in font nullfont!
Missing character: There is no 力 ("529B) in font nullfont!
Missing character: There is no - ("2D) in font nullfont!
Missing character: There is no 应 ("5E94) in font nullfont!
Missing character: There is no 变 ("53D8) in font nullfont!
Missing character: There is no 关 ("5173) in font nullfont!
Missing character: There is no 系 ("7CFB) in font nullfont!
Missing character: There is no 偏 ("504F) in font nullfont!
Missing character: There is no 离 ("79BB) in font nullfont!
Missing character: There is no 胡 ("80E1) in font nullfont!
Missing character: There is no 克 ("514B) in font nullfont!
Missing character: There is no 定 ("5B9A) in font nullfont!
Missing character: There is no 律 ("5F8B) in font nullfont!
Missing character: There is no ， ("FF0C) in font nullfont!
Missing character: There is no 产 ("4EA7) in font nullfont!
Missing character: There is no 生 ("751F) in font nullfont!
Missing character: There is no 材 ("6750) in font nullfont!
Missing character: There is no 料 ("6599) in font nullfont!
Missing character: There is no 非 ("975E) in font nullfont!
Missing character: There is no 线 ("7EBF) in font nullfont!
Missing character: There is no 性 ("6027) in font nullfont!
Missing character: There is no ： ("FF1A) in font nullfont!

Overfull \hbox (20.0pt too wide) in paragraph at lines 17--19
[] 
 []

Missing character: There is no 弹 (U+5F39) in font [lmroman10-bold]:mapping=tex-
text;!
Missing character: There is no 塑 (U+5851) in font [lmroman10-bold]:mapping=tex-
text;!
Missing character: There is no 性 (U+6027) in font [lmroman10-bold]:mapping=tex-
text;!
Missing character: There is no ： ("FF1A) in font nullfont!
Missing character: There is no 屈 ("5C48) in font nullfont!
Missing character: There is no 服 ("670D) in font nullfont!
Missing character: There is no 后 ("540E) in font nullfont!
Missing character: There is no 应 ("5E94) in font nullfont!
Missing character: There is no 力 ("529B) in font nullfont!
Missing character: There is no - ("2D) in font nullfont!
Missing character: There is no 应 ("5E94) in font nullfont!
Missing character: There is no 变 ("53D8) in font nullfont!
Missing character: There is no 为 ("4E3A) in font nullfont!
Missing character: There is no 非 ("975E) in font nullfont!
Missing character: There is no 线 ("7EBF) in font nullfont!
Missing character: There is no 性 ("6027) in font nullfont!
Missing character: There is no 关 ("5173) in font nullfont!
Missing character: There is no 系 ("7CFB) in font nullfont!

Overfull \hbox (8.4pt too wide) in paragraph at lines 20--21
\TU/lmr/bx/n/10 弹塑性 
 []

Missing character: There is no 超 (U+8D85) in font [lmroman10-bold]:mapping=tex-
text;!
Missing character: There is no 弹 (U+5F39) in font [lmroman10-bold]:mapping=tex-
text;!
Missing character: There is no 性 (U+6027) in font [lmroman10-bold]:mapping=tex-
text;!
Missing character: There is no ： ("FF1A) in font nullfont!
Missing character: There is no 橡 ("6A61) in font nullfont!
Missing character: There is no 胶 ("80F6) in font nullfont!
Missing character: There is no 等 ("7B49) in font nullfont!
Missing character: There is no 材 ("6750) in font nullfont!
Missing character: There is no 料 ("6599) in font nullfont!
Missing character: There is no 的 ("7684) in font nullfont!
Missing character: There is no 形 ("5F62) in font nullfont!
Missing character: There is no 应 ("5E94) in font nullfont!
Missing character: There is no 力 ("529B) in font nullfont!
Missing character: There is no - ("2D) in font nullfont!
Missing character: There is no 应 ("5E94) in font nullfont!
Missing character: There is no 变 ("53D8) in font nullfont!
Missing character: There is no 曲 ("66F2) in font nullfont!
Missing character: There is no 线 ("7EBF) in font nullfont!

Overfull \hbox (8.4pt too wide) in paragraph at lines 21--22
\TU/lmr/bx/n/10 超弹性
 []


Overfull \hbox (6.70831pt too wide) in paragraph at lines 21--22
\OML/cmm/m/it/10 S$ 
 []

Missing character: There is no 黏 (U+9ECF) in font [lmroman10-bold]:mapping=tex-
text;!
Missing character: There is no 弹 (U+5F39) in font [lmroman10-bold]:mapping=tex-
text;!
Missing character: There is no 性 (U+6027) in font [lmroman10-bold]:mapping=tex-
text;!
Missing character: There is no ： ("FF1A) in font nullfont!
Missing character: There is no 复 ("590D) in font nullfont!
Missing character: There is no 模 ("6A21) in font nullfont!
Missing character: There is no 量 ("91CF) in font nullfont!
Missing character: There is no 随 ("968F) in font nullfont!
Missing character: There is no 频 ("9891) in font nullfont!
Missing character: There is no 率 ("7387) in font nullfont!
Missing character: There is no 和 ("548C) in font nullfont!
Missing character: There is no 温 ("6E29) in font nullfont!
Missing character: There is no 度 ("5EA6) in font nullfont!
Missing character: There is no 变 ("53D8) in font nullfont!
Missing character: There is no 化 ("5316) in font nullfont!

Overfull \hbox (8.4pt too wide) in paragraph at lines 22--23
\TU/lmr/bx/n/10 黏弹性 
 []

Missing character: There is no 许 ("8BB8) in font nullfont!
Missing character: There is no 多 ("591A) in font nullfont!
Missing character: There is no 工 ("5DE5) in font nullfont!
Missing character: There is no 程 ("7A0B) in font nullfont!
Missing character: There is no 材 ("6750) in font nullfont!
Missing character: There is no 料 ("6599) in font nullfont!
Missing character: There is no 在 ("5728) in font nullfont!
Missing character: There is no 小 ("5C0F) in font nullfont!
Missing character: There is no 应 ("5E94) in font nullfont!
Missing character: There is no 变 ("53D8) in font nullfont!
Missing character: There is no 时 ("65F6) in font nullfont!
Missing character: There is no 表 ("8868) in font nullfont!
Missing character: There is no 现 ("73B0) in font nullfont!
Missing character: There is no 为 ("4E3A) in font nullfont!
Missing character: There is no 线 ("7EBF) in font nullfont!
Missing character: There is no 弹 ("5F39) in font nullfont!
Missing character: There is no 性 ("6027) in font nullfont!
Missing character: There is no ， ("FF0C) in font nullfont!
Missing character: There is no 在 ("5728) in font nullfont!
Missing character: There is no 中 ("4E2D) in font nullfont!
Missing character: There is no 大 ("5927) in font nullfont!
Missing character: There is no 应 ("5E94) in font nullfont!
Missing character: There is no 变 ("53D8) in font nullfont!
Missing character: There is no 时 ("65F6) in font nullfont!
Missing character: There is no 呈 ("5448) in font nullfont!
Missing character: There is no 现 ("73B0) in font nullfont!
Missing character: There is no 硬 ("786C) in font nullfont!
Missing character: There is no 化 ("5316) in font nullfont!
Missing character: There is no 或 ("6216) in font nullfont!
Missing character: There is no 软 ("8F6F) in font nullfont!
Missing character: There is no 化 ("5316) in font nullfont!
Missing character: There is no 行 ("884C) in font nullfont!
Missing character: There is no 为 ("4E3A) in font nullfont!
Missing character: There is no 。 ("3002) in font nullfont!
! Undefined control sequence.
l.26 \subsection
                {接触与间隙非线性}
The control sequence at the end of the top line
of your error message was never \def'ed. If you have
misspelled it (e.g., `\hobx'), type `I' and the correct
spelling (e.g., `I\hbox'). Otherwise just continue,
and I'll forget about whatever was undefined.

Missing character: There is no 接 ("63A5) in font nullfont!
Missing character: There is no 触 ("89E6) in font nullfont!
Missing character: There is no 与 ("4E0E) in font nullfont!
Missing character: There is no 间 ("95F4) in font nullfont!
Missing character: There is no 隙 ("9699) in font nullfont!
Missing character: There is no 非 ("975E) in font nullfont!
Missing character: There is no 线 ("7EBF) in font nullfont!
Missing character: There is no 性 ("6027) in font nullfont!
Missing character: There is no 结 ("7ED3) in font nullfont!
Missing character: There is no 构 ("6784) in font nullfont!
Missing character: There is no 中 ("4E2D) in font nullfont!
Missing character: There is no 存 ("5B58) in font nullfont!
Missing character: There is no 在 ("5728) in font nullfont!
Missing character: There is no 间 ("95F4) in font nullfont!
Missing character: There is no 隙 ("9699) in font nullfont!
Missing character: There is no 、 ("3001) in font nullfont!
Missing character: There is no 碰 ("78B0) in font nullfont!
Missing character: There is no 撞 ("649E) in font nullfont!
Missing character: There is no 、 ("3001) in font nullfont!
Missing character: There is no 摩 ("6469) in font nullfont!
Missing character: There is no 擦 ("64E6) in font nullfont!
Missing character: There is no 接 ("63A5) in font nullfont!
Missing character: There is no 触 ("89E6) in font nullfont!
Missing character: There is no 时 ("65F6) in font nullfont!
Missing character: There is no ， ("FF0C) in font nullfont!
Missing character: There is no 系 ("7CFB) in font nullfont!
Missing character: There is no 统 ("7EDF) in font nullfont!
Missing character: There is no 刚 ("521A) in font nullfont!
Missing character: There is no 度 ("5EA6) in font nullfont!
Missing character: There is no 发 ("53D1) in font nullfont!
Missing character: There is no 生 ("751F) in font nullfont!
Missing character: There is no 突 ("7A81) in font nullfont!
Missing character: There is no 变 ("53D8) in font nullfont!
Missing character: There is no ， ("FF0C) in font nullfont!
Missing character: There is no 表 ("8868) in font nullfont!
Missing character: There is no 现 ("73B0) in font nullfont!
Missing character: There is no 为 ("4E3A) in font nullfont!
Missing character: There is no 分 ("5206) in font nullfont!
Missing character: There is no 段 ("6BB5) in font nullfont!
Missing character: There is no 线 ("7EBF) in font nullfont!
Missing character: There is no 性 ("6027) in font nullfont!
Missing character: There is no 或 ("6216) in font nullfont!
Missing character: There is no 强 ("5F3A) in font nullfont!
Missing character: There is no 非 ("975E) in font nullfont!
Missing character: There is no 线 ("7EBF) in font nullfont!
Missing character: There is no 性 ("6027) in font nullfont!
Missing character: There is no ： ("FF1A) in font nullfont!

Overfull \hbox (20.0pt too wide) in paragraph at lines 26--28
[] 
 []

Missing character: There is no 齿 ("9F7F) in font nullfont!
Missing character: There is no 轮 ("8F6E) in font nullfont!
Missing character: There is no 齿 ("9F7F) in font nullfont!
Missing character: There is no 侧 ("4FA7) in font nullfont!
Missing character: There is no 间 ("95F4) in font nullfont!
Missing character: There is no 隙 ("9699) in font nullfont!
Missing character: There is no 裂 ("88C2) in font nullfont!
Missing character: There is no 纹 ("7EB9) in font nullfont!
Missing character: There is no 的 ("7684) in font nullfont!
Missing character: There is no 开 ("5F00) in font nullfont!
Missing character: There is no 合 ("5408) in font nullfont!
Missing character: There is no （ ("FF08) in font nullfont!
Missing character: There is no 呼 ("547C) in font nullfont!
Missing character: There is no 吸 ("5438) in font nullfont!
Missing character: There is no 裂 ("88C2) in font nullfont!
Missing character: There is no 纹 ("7EB9) in font nullfont!
Missing character: There is no ） ("FF09) in font nullfont!
Missing character: There is no 间 ("95F4) in font nullfont!
Missing character: There is no 隙 ("9699) in font nullfont!
Missing character: There is no 支 ("652F) in font nullfont!
Missing character: There is no 撑 ("6491) in font nullfont!
Missing character: There is no 的 ("7684) in font nullfont!
Missing character: There is no 冲 ("51B2) in font nullfont!
Missing character: There is no 击 ("51FB) in font nullfont!
Missing character: There is no 振 ("632F) in font nullfont!
Missing character: There is no 动 ("52A8) in font nullfont!
Missing character: There is no 干 ("5E72) in font nullfont!
Missing character: There is no 摩 ("6469) in font nullfont!
Missing character: There is no 擦 ("64E6) in font nullfont!
Missing character: There is no 阻 ("963B) in font nullfont!
Missing character: There is no 尼 ("5C3C) in font nullfont!
Missing character: There is no 接 ("63A5) in font nullfont!
Missing character: There is no 合 ("5408) in font nullfont!
Missing character: There is no 面 ("9762) in font nullfont!
Missing character: There is no 这 ("8FD9) in font nullfont!
Missing character: There is no 类 ("7C7B) in font nullfont!
Missing character: There is no 系 ("7CFB) in font nullfont!
Missing character: There is no 统 ("7EDF) in font nullfont!
Missing character: There is no 的 ("7684) in font nullfont!
Missing character: There is no 恢 ("6062) in font nullfont!
Missing character: There is no 复 ("590D) in font nullfont!
Missing character: There is no 力 ("529B) in font nullfont!
Missing character: There is no 常 ("5E38) in font nullfont!
Missing character: There is no 表 ("8868) in font nullfont!
Missing character: There is no 示 ("793A) in font nullfont!
Missing character: There is no 为 ("4E3A) in font nullfont!
Missing character: There is no 分 ("5206) in font nullfont!
Missing character: There is no 段 ("6BB5) in font nullfont!
Missing character: There is no 线 ("7EBF) in font nullfont!
Missing character: There is no 性 ("6027) in font nullfont!
Missing character: There is no 函 ("51FD) in font nullfont!
Missing character: There is no 数 ("6570) in font nullfont!
Missing character: There is no ， ("FF0C) in font nullfont!
Missing character: There is no 导 ("5BFC) in font nullfont!
Missing character: There is no 致 ("81F4) in font nullfont!
Missing character: There is no 复 ("590D) in font nullfont!
Missing character: There is no 杂 ("6742) in font nullfont!
Missing character: There is no 的 ("7684) in font nullfont!
Missing character: There is no 动 ("52A8) in font nullfont!
Missing character: There is no 力 ("529B) in font nullfont!
Missing character: There is no 学 ("5B66) in font nullfont!
Missing character: There is no 行 ("884C) in font nullfont!
Missing character: There is no 为 ("4E3A) in font nullfont!
Missing character: There is no 。 ("3002) in font nullfont!
! Undefined control sequence.
l.36 \subsection
                {非线性弹簧的力学特性}
The control sequence at the end of the top line
of your error message was never \def'ed. If you have
misspelled it (e.g., `\hobx'), type `I' and the correct
spelling (e.g., `I\hbox'). Otherwise just continue,
and I'll forget about whatever was undefined.

Missing character: There is no 非 ("975E) in font nullfont!
Missing character: There is no 线 ("7EBF) in font nullfont!
Missing character: There is no 性 ("6027) in font nullfont!
Missing character: There is no 弹 ("5F39) in font nullfont!
Missing character: There is no 簧 ("7C27) in font nullfont!
Missing character: There is no 的 ("7684) in font nullfont!
Missing character: There is no 力 ("529B) in font nullfont!
Missing character: There is no 学 ("5B66) in font nullfont!
Missing character: There is no 特 ("7279) in font nullfont!
Missing character: There is no 性 ("6027) in font nullfont!
! Undefined control sequence.
l.37 \subsubsection
                   {硬弹簧（Hardening Spring）}
The control sequence at the end of the top line
of your error message was never \def'ed. If you have
misspelled it (e.g., `\hobx'), type `I' and the correct
spelling (e.g., `I\hbox'). Otherwise just continue,
and I'll forget about whatever was undefined.

Missing character: There is no 硬 ("786C) in font nullfont!
Missing character: There is no 弹 ("5F39) in font nullfont!
Missing character: There is no 簧 ("7C27) in font nullfont!
Missing character: There is no （ ("FF08) in font nullfont!
Missing character: There is no H ("48) in font nullfont!
Missing character: There is no a ("61) in font nullfont!
Missing character: There is no r ("72) in font nullfont!
Missing character: There is no d ("64) in font nullfont!
Missing character: There is no e ("65) in font nullfont!
Missing character: There is no n ("6E) in font nullfont!
Missing character: There is no i ("69) in font nullfont!
Missing character: There is no n ("6E) in font nullfont!
Missing character: There is no g ("67) in font nullfont!
Missing character: There is no S ("53) in font nullfont!
Missing character: There is no p ("70) in font nullfont!
Missing character: There is no r ("72) in font nullfont!
Missing character: There is no i ("69) in font nullfont!
Missing character: There is no n ("6E) in font nullfont!
Missing character: There is no g ("67) in font nullfont!
Missing character: There is no ） ("FF09) in font nullfont!
Missing character: There is no 恢 ("6062) in font nullfont!
Missing character: There is no 复 ("590D) in font nullfont!
Missing character: There is no 力 ("529B) in font nullfont!
Missing character: There is no 随 ("968F) in font nullfont!
Missing character: There is no 位 ("4F4D) in font nullfont!
Missing character: There is no 移 ("79FB) in font nullfont!
Missing character: There is no 增 ("589E) in font nullfont!
Missing character: There is no 长 ("957F) in font nullfont!
Missing character: There is no 率 ("7387) in font nullfont!
Missing character: There is no 超 ("8D85) in font nullfont!
Missing character: There is no 过 ("8FC7) in font nullfont!
Missing character: There is no 线 ("7EBF) in font nullfont!
Missing character: There is no 性 ("6027) in font nullfont!
Missing character: There is no 比 ("6BD4) in font nullfont!
Missing character: There is no 例 ("4F8B) in font nullfont!
Missing character: There is no ： ("FF1A) in font nullfont!

Overfull \hbox (20.0pt too wide) in paragraph at lines 36--39
[]
 []


Overfull \hbox (113.72565pt too wide) detected at line 41
\OML/cmm/m/it/10 F[]\/lmr/m/n/10 (\OML/cmm/m/it/10 x\/lmr/m/n/10 ) = \OML/cmm/m
/it/10 k[]x \/lmr/m/n/10 + \OML/cmm/m/it/10 k[]x[];  k[] > \/lmr/m/n/10 0
 []

Missing character: There is no 随 ("968F) in font nullfont!
Missing character: There is no 振 ("632F) in font nullfont!
Missing character: There is no 幅 ("5E45) in font nullfont!
Missing character: There is no 增 ("589E) in font nullfont!
Missing character: There is no 大 ("5927) in font nullfont!
Missing character: There is no ， ("FF0C) in font nullfont!
Missing character: There is no 等 ("7B49) in font nullfont!
Missing character: There is no 效 ("6548) in font nullfont!
Missing character: There is no 刚 ("521A) in font nullfont!
Missing character: There is no 度 ("5EA6) in font nullfont!
Missing character: There is no 增 ("589E) in font nullfont!
Missing character: There is no 加 ("52A0) in font nullfont!
Missing character: There is no ， ("FF0C) in font nullfont!
Missing character: There is no 固 ("56FA) in font nullfont!
Missing character: There is no 有 ("6709) in font nullfont!
Missing character: There is no 频 ("9891) in font nullfont!
Missing character: There is no 率 ("7387) in font nullfont!
Missing character: There is no 升 ("5347) in font nullfont!
Missing character: There is no 高 ("9AD8) in font nullfont!
Missing character: There is no 。 ("3002) in font nullfont!
Missing character: There is no 典 ("5178) in font nullfont!
Missing character: There is no 型 ("578B) in font nullfont!
Missing character: There is no 的 ("7684) in font nullfont!
Missing character: There is no 硬 ("786C) in font nullfont!
Missing character: There is no 弹 ("5F39) in font nullfont!
Missing character: There is no 簧 ("7C27) in font nullfont!
Missing character: There is no 实 ("5B9E) in font nullfont!
Missing character: There is no 例 ("4F8B) in font nullfont!
Missing character: There is no 包 ("5305) in font nullfont!
Missing character: There is no 括 ("62EC) in font nullfont!
Missing character: There is no ： ("FF1A) in font nullfont!
Missing character: There is no 两 ("4E24) in font nullfont!
Missing character: There is no 端 ("7AEF) in font nullfont!
Missing character: There is no 固 ("56FA) in font nullfont!
Missing character: There is no 支 ("652F) in font nullfont!
Missing character: There is no 梁 ("6881) in font nullfont!
Missing character: There is no 的 ("7684) in font nullfont!
Missing character: There is no 中 ("4E2D) in font nullfont!
Missing character: There is no 等 ("7B49) in font nullfont!
Missing character: There is no 振 ("632F) in font nullfont!
Missing character: There is no 幅 ("5E45) in font nullfont!
Missing character: There is no 振 ("632F) in font nullfont!
Missing character: There is no 动 ("52A8) in font nullfont!
Missing character: There is no （ ("FF08) in font nullfont!
Missing character: There is no 轴 ("8F74) in font nullfont!
Missing character: There is no 向 ("5411) in font nullfont!
Missing character: There is no 拉 ("62C9) in font nullfont!
Missing character: There is no 伸 ("4F38) in font nullfont!
Missing character: There is no 刚 ("521A) in font nullfont!
Missing character: There is no 化 ("5316) in font nullfont!
Missing character: There is no 效 ("6548) in font nullfont!
Missing character: There is no 应 ("5E94) in font nullfont!
Missing character: There is no ） ("FF09) in font nullfont!
Missing character: There is no 橡 ("6A61) in font nullfont!
Missing character: There is no 胶 ("80F6) in font nullfont!
Missing character: There is no 支 ("652F) in font nullfont!
Missing character: There is no 座 ("5EA7) in font nullfont!
Missing character: There is no 的 ("7684) in font nullfont!
Missing character: There is no 大 ("5927) in font nullfont!
Missing character: There is no 变 ("53D8) in font nullfont!
Missing character: There is no 形 ("5F62) in font nullfont!
Missing character: There is no 压 ("538B) in font nullfont!
Missing character: There is no 缩 ("7F29) in font nullfont!
Missing character: There is no 板 ("677F) in font nullfont!
Missing character: There is no 壳 ("58F3) in font nullfont!
Missing character: There is no 在 ("5728) in font nullfont!
Missing character: There is no 中 ("4E2D) in font nullfont!
Missing character: There is no 大 ("5927) in font nullfont!
Missing character: There is no 振 ("632F) in font nullfont!
Missing character: There is no 幅 ("5E45) in font nullfont!
Missing character: There is no 下 ("4E0B) in font nullfont!
Missing character: There is no 的 ("7684) in font nullfont!
Missing character: There is no 膜 ("819C) in font nullfont!
Missing character: There is no 效 ("6548) in font nullfont!
Missing character: There is no 应 ("5E94) in font nullfont!

! LaTeX Error: Environment myformula undefined.

See the LaTeX manual or LaTeX Companion for explanation.
Type  H <return>  for immediate help.
 ...                                              
                                                  
l.49 \begin{myformula}
                      
Your command was ignored.
Type  I <command> <return>  to replace it with another command,
or  <return>  to continue without it.

Missing character: There is no 硬 ("786C) in font nullfont!
Missing character: There is no 弹 ("5F39) in font nullfont!
Missing character: There is no 簧 ("7C27) in font nullfont!
Missing character: There is no 的 ("7684) in font nullfont!
Missing character: There is no 势 ("52BF) in font nullfont!
Missing character: There is no 能 ("80FD) in font nullfont!
Missing character: There is no 函 ("51FD) in font nullfont!
Missing character: There is no 数 ("6570) in font nullfont!
Missing character: There is no ： ("FF1A) in font nullfont!

Overfull \hbox (20.0pt too wide) in paragraph at lines 50--51
[] 
 []


Overfull \hbox (218.8874pt too wide) detected at line 53
\OML/cmm/m/it/10 V\/lmr/m/n/10 (\OML/cmm/m/it/10 x\/lmr/m/n/10 ) = [][](\OML/cm
m/m/it/10 k[]^^X \/lmr/m/n/10 + \OML/cmm/m/it/10 k[]^^X[]\/lmr/m/n/10 ) \OML/cm
m/m/it/10 d^^X \/lmr/m/n/10 = []\OML/cmm/m/it/10 k[]x[] \/lmr/m/n/10 + []\OML/c
mm/m/it/10 k[]x[];  k[] > \/lmr/m/n/10 0
 []

Missing character: There is no 势 ("52BF) in font nullfont!
Missing character: There is no 阱 ("9631) in font nullfont!
Missing character: There is no 比 ("6BD4) in font nullfont!
Missing character: There is no 线 ("7EBF) in font nullfont!
Missing character: There is no 性 ("6027) in font nullfont!
Missing character: There is no 弹 ("5F39) in font nullfont!
Missing character: There is no 簧 ("7C27) in font nullfont!
Missing character: There is no 的 ("7684) in font nullfont!
Missing character: There is no 抛 ("629B) in font nullfont!
Missing character: There is no 物 ("7269) in font nullfont!
Missing character: There is no 形 ("5F62) in font nullfont!
Missing character: There is no 势 ("52BF) in font nullfont!
Missing character: There is no 阱 ("9631) in font nullfont!
Missing character: There is no 更 ("66F4) in font nullfont!
Missing character: There is no 陡 ("9661) in font nullfont!
Missing character: There is no ， ("FF0C) in font nullfont!
Missing character: There is no 大 ("5927) in font nullfont!
Missing character: There is no 振 ("632F) in font nullfont!
Missing character: There is no 幅 ("5E45) in font nullfont!
Missing character: There is no 时 ("65F6) in font nullfont!
Missing character: There is no 约 ("7EA6) in font nullfont!
Missing character: There is no 束 ("675F) in font nullfont!
Missing character: There is no 更 ("66F4) in font nullfont!
Missing character: There is no 强 ("5F3A) in font nullfont!
Missing character: There is no 。 ("3002) in font nullfont!

! LaTeX Error: \begin{document} ended by \end{myformula}.

See the LaTeX manual or LaTeX Companion for explanation.
Type  H <return>  for immediate help.
 ...                                              
                                                  
l.55 \end{myformula}
                    
Your command was ignored.
Type  I <command> <return>  to replace it with another command,
or  <return>  to continue without it.

! Undefined control sequence.
l.57 \subsubsection
                   {软弹簧（Softening Spring）}
The control sequence at the end of the top line
of your error message was never \def'ed. If you have
misspelled it (e.g., `\hobx'), type `I' and the correct
spelling (e.g., `I\hbox'). Otherwise just continue,
and I'll forget about whatever was undefined.

Missing character: There is no 软 ("8F6F) in font nullfont!
Missing character: There is no 弹 ("5F39) in font nullfont!
Missing character: There is no 簧 ("7C27) in font nullfont!
Missing character: There is no （ ("FF08) in font nullfont!
Missing character: There is no S ("53) in font nullfont!
Missing character: There is no o ("6F) in font nullfont!
Missing character: There is no f ("66) in font nullfont!
Missing character: There is no t ("74) in font nullfont!
Missing character: There is no e ("65) in font nullfont!
Missing character: There is no n ("6E) in font nullfont!
Missing character: There is no i ("69) in font nullfont!
Missing character: There is no n ("6E) in font nullfont!
Missing character: There is no g ("67) in font nullfont!
Missing character: There is no S ("53) in font nullfont!
Missing character: There is no p ("70) in font nullfont!
Missing character: There is no r ("72) in font nullfont!
Missing character: There is no i ("69) in font nullfont!
Missing character: There is no n ("6E) in font nullfont!
Missing character: There is no g ("67) in font nullfont!
Missing character: There is no ） ("FF09) in font nullfont!
Missing character: There is no 恢 ("6062) in font nullfont!
Missing character: There is no 复 ("590D) in font nullfont!
Missing character: There is no 力 ("529B) in font nullfont!
Missing character: There is no 随 ("968F) in font nullfont!
Missing character: There is no 位 ("4F4D) in font nullfont!
Missing character: There is no 移 ("79FB) in font nullfont!
Missing character: There is no 增 ("589E) in font nullfont!
Missing character: There is no 长 ("957F) in font nullfont!
Missing character: There is no 低 ("4F4E) in font nullfont!
Missing character: There is no 于 ("4E8E) in font nullfont!
Missing character: There is no 线 ("7EBF) in font nullfont!
Missing character: There is no 性 ("6027) in font nullfont!
Missing character: There is no 比 ("6BD4) in font nullfont!
Missing character: There is no 例 ("4F8B) in font nullfont!
Missing character: There is no （ ("FF08) in font nullfont!
Missing character: There is no 或 ("6216) in font nullfont!
Missing character: There is no ） ("FF09) in font nullfont!
Missing character: There is no ： ("FF1A) in font nullfont!

Overfull \hbox (20.0pt too wide) in paragraph at lines 57--59
[]
 []


Overfull \hbox (20.24768pt too wide) in paragraph at lines 57--59
\OML/cmm/m/it/10 k[] <
 []


Overfull \hbox (5.00002pt too wide) in paragraph at lines 57--59
\/lmr/m/n/10 0$ 
 []


Overfull \hbox (113.72565pt too wide) detected at line 61
\OML/cmm/m/it/10 F[]\/lmr/m/n/10 (\OML/cmm/m/it/10 x\/lmr/m/n/10 ) = \OML/cmm/m
/it/10 k[]x \/lmr/m/n/10 + \OML/cmm/m/it/10 k[]x[];  k[] < \/lmr/m/n/10 0
 []

Missing character: There is no 随 ("968F) in font nullfont!
Missing character: There is no 振 ("632F) in font nullfont!
Missing character: There is no 幅 ("5E45) in font nullfont!
Missing character: There is no 增 ("589E) in font nullfont!
Missing character: There is no 大 ("5927) in font nullfont!
Missing character: There is no ， ("FF0C) in font nullfont!
Missing character: There is no 等 ("7B49) in font nullfont!
Missing character: There is no 效 ("6548) in font nullfont!
Missing character: There is no 刚 ("521A) in font nullfont!
Missing character: There is no 度 ("5EA6) in font nullfont!
Missing character: There is no 减 ("51CF) in font nullfont!
Missing character: There is no 小 ("5C0F) in font nullfont!
Missing character: There is no ， ("FF0C) in font nullfont!
Missing character: There is no 固 ("56FA) in font nullfont!
Missing character: There is no 有 ("6709) in font nullfont!
Missing character: There is no 频 ("9891) in font nullfont!
Missing character: There is no 率 ("7387) in font nullfont!
Missing character: There is no 降 ("964D) in font nullfont!
Missing character: There is no 低 ("4F4E) in font nullfont!
Missing character: There is no 。 ("3002) in font nullfont!
Missing character: There is no 当 ("5F53) in font nullfont!
Missing character: There is no 足 ("8DB3) in font nullfont!
Missing character: There is no 够 ("591F) in font nullfont!
Missing character: There is no 大 ("5927) in font nullfont!
Missing character: There is no 且 ("4E14) in font nullfont!
Missing character: There is no 振 ("632F) in font nullfont!
Missing character: There is no 幅 ("5E45) in font nullfont!
Missing character: There is no 超 ("8D85) in font nullfont!
Missing character: There is no 过 ("8FC7) in font nullfont!
Missing character: There is no 临 ("4E34) in font nullfont!
Missing character: There is no 界 ("754C) in font nullfont!
Missing character: There is no 值 ("503C) in font nullfont!
Missing character: There is no 时 ("65F6) in font nullfont!
Missing character: There is no 可 ("53EF) in font nullfont!
Missing character: There is no 出 ("51FA) in font nullfont!
Missing character: There is no 现 ("73B0) in font nullfont!
Missing character: There is no 静 ("9759) in font nullfont!
Missing character: There is no 态 ("6001) in font nullfont!
Missing character: There is no 不 ("4E0D) in font nullfont!
Missing character: There is no 稳 ("7A33) in font nullfont!
Missing character: There is no 定 ("5B9A) in font nullfont!
Missing character: There is no （ ("FF08) in font nullfont!
Missing character: There is no 屈 ("5C48) in font nullfont!
Missing character: There is no 曲 ("66F2) in font nullfont!
Missing character: There is no ） ("FF09) in font nullfont!
Missing character: There is no 。 ("3002) in font nullfont!

Overfull \hbox (15.24774pt too wide) in paragraph at lines 61--63
 $\OMS/cmsy/m/n/10 j\OML/cmm/m/it/10 k[]\OMS/cmsy/m/n/10 j$
 []

! Undefined control sequence.
l.64 \subsection
                {非线性阻尼}
The control sequence at the end of the top line
of your error message was never \def'ed. If you have
misspelled it (e.g., `\hobx'), type `I' and the correct
spelling (e.g., `I\hbox'). Otherwise just continue,
and I'll forget about whatever was undefined.

Missing character: There is no 非 ("975E) in font nullfont!
Missing character: There is no 线 ("7EBF) in font nullfont!
Missing character: There is no 性 ("6027) in font nullfont!
Missing character: There is no 阻 ("963B) in font nullfont!
Missing character: There is no 尼 ("5C3C) in font nullfont!
Missing character: There is no 阻 ("963B) in font nullfont!
Missing character: There is no 尼 ("5C3C) in font nullfont!
Missing character: There is no 力 ("529B) in font nullfont!
Missing character: There is no 与 ("4E0E) in font nullfont!
Missing character: There is no 速 ("901F) in font nullfont!
Missing character: There is no 度 ("5EA6) in font nullfont!
Missing character: There is no 的 ("7684) in font nullfont!
Missing character: There is no 关 ("5173) in font nullfont!
Missing character: There is no 系 ("7CFB) in font nullfont!
Missing character: There is no 偏 ("504F) in font nullfont!
Missing character: There is no 离 ("79BB) in font nullfont!
Missing character: There is no 线 ("7EBF) in font nullfont!
Missing character: There is no 性 ("6027) in font nullfont!
Missing character: There is no 关 ("5173) in font nullfont!
Missing character: There is no 系 ("7CFB) in font nullfont!
Missing character: There is no 时 ("65F6) in font nullfont!
Missing character: There is no 产 ("4EA7) in font nullfont!
Missing character: There is no 生 ("751F) in font nullfont!
Missing character: There is no 非 ("975E) in font nullfont!
Missing character: There is no 线 ("7EBF) in font nullfont!
Missing character: There is no 性 ("6027) in font nullfont!
Missing character: There is no 阻 ("963B) in font nullfont!
Missing character: There is no 尼 ("5C3C) in font nullfont!
Missing character: There is no ： ("FF1A) in font nullfont!

Overfull \hbox (20.0pt too wide) in paragraph at lines 64--66
[] 
 []

Missing character: There is no 二 (U+4E8C) in font [lmroman10-bold]:mapping=tex-
text;!
Missing character: There is no 次 (U+6B21) in font [lmroman10-bold]:mapping=tex-
text;!
Missing character: There is no 阻 (U+963B) in font [lmroman10-bold]:mapping=tex-
text;!
Missing character: There is no 尼 (U+5C3C) in font [lmroman10-bold]:mapping=tex-
text;!
Missing character: There is no ： ("FF1A) in font nullfont!
Missing character: There is no ， ("FF0C) in font nullfont!
Missing character: There is no 流 ("6D41) in font nullfont!
Missing character: There is no 体 ("4F53) in font nullfont!
Missing character: There is no 在 ("5728) in font nullfont!
Missing character: There is no 高 ("9AD8) in font nullfont!
Missing character: There is no 雷 ("96F7) in font nullfont!
Missing character: There is no 诺 ("8BFA) in font nullfont!
Missing character: There is no 数 ("6570) in font nullfont!
Missing character: There is no 下 ("4E0B) in font nullfont!
Missing character: There is no 的 ("7684) in font nullfont!
Missing character: There is no 阻 ("963B) in font nullfont!
Missing character: There is no 力 ("529B) in font nullfont!

Overfull \hbox (32.84894pt too wide) in paragraph at lines 67--68
\TU/lmr/bx/n/10 二次阻尼$\OML/cmm/m/it/10 F[] \/lmr/m/n/10 =
 []


Overfull \hbox (25.7998pt too wide) in paragraph at lines 67--68
\OML/cmm/m/it/10 c[]\OMS/cmsy/m/n/10 j[]j[]$ 
 []

Missing character: There is no 干 (U+5E72) in font [lmroman10-bold]:mapping=tex-
text;!
Missing character: There is no 摩 (U+6469) in font [lmroman10-bold]:mapping=tex-
text;!
Missing character: There is no 擦 (U+64E6) in font [lmroman10-bold]:mapping=tex-
text;!
Missing character: There is no （ (U+FF08) in font [lmroman10-bold]:mapping=tex-
text;!
Missing character: There is no 阻 (U+963B) in font [lmroman10-bold]:mapping=tex-
text;!
Missing character: There is no 尼 (U+5C3C) in font [lmroman10-bold]:mapping=tex-
text;!
Missing character: There is no ） (U+FF09) in font [lmroman10-bold]:mapping=tex-
text;!
Missing character: There is no ： ("FF1A) in font nullfont!
! Undefined control sequence.
l.68 ...\textbf{干摩擦（Coulomb 阻尼）}：$F_d = \mu N \sgn
                                                  (\dot{x})$
The control sequence at the end of the top line
of your error message was never \def'ed. If you have
misspelled it (e.g., `\hobx'), type `I' and the correct
spelling (e.g., `I\hbox'). Otherwise just continue,
and I'll forget about whatever was undefined.


Overfull \hbox (56.24pt too wide) in paragraph at lines 68--69
\TU/lmr/bx/n/10 干摩擦（Coulomb
 []


Overfull \hbox (30.04893pt too wide) in paragraph at lines 68--69
\TU/lmr/bx/n/10 阻尼）$\OML/cmm/m/it/10 F[] \/lmr/m/n/10 =
 []


Overfull \hbox (28.64352pt too wide) in paragraph at lines 68--69
\OML/cmm/m/it/10 ^^VN\/lmr/m/n/10 ([])$ 
 []

Missing character: There is no 黏 (U+9ECF) in font [lmroman10-bold]:mapping=tex-
text;!
Missing character: There is no 弹 (U+5F39) in font [lmroman10-bold]:mapping=tex-
text;!
Missing character: There is no 性 (U+6027) in font [lmroman10-bold]:mapping=tex-
text;!
Missing character: There is no 阻 (U+963B) in font [lmroman10-bold]:mapping=tex-
text;!
Missing character: There is no 尼 (U+5C3C) in font [lmroman10-bold]:mapping=tex-
text;!
Missing character: There is no ： ("FF1A) in font nullfont!
Missing character: There is no 与 ("4E0E) in font nullfont!
Missing character: There is no 频 ("9891) in font nullfont!
Missing character: There is no 率 ("7387) in font nullfont!
Missing character: There is no 和 ("548C) in font nullfont!
Missing character: There is no 振 ("632F) in font nullfont!
Missing character: There is no 幅 ("5E45) in font nullfont!
Missing character: There is no 相 ("76F8) in font nullfont!
Missing character: There is no 关 ("5173) in font nullfont!
Missing character: There is no 的 ("7684) in font nullfont!
Missing character: There is no 复 ("590D) in font nullfont!
Missing character: There is no 刚 ("521A) in font nullfont!
Missing character: There is no 度 ("5EA6) in font nullfont!

Overfull \hbox (14.0pt too wide) in paragraph at lines 69--70
\TU/lmr/bx/n/10 黏弹性阻尼 
 []

Missing character: There is no 材 (U+6750) in font [lmroman10-bold]:mapping=tex-
text;!
Missing character: There is no 料 (U+6599) in font [lmroman10-bold]:mapping=tex-
text;!
Missing character: There is no 迟 (U+8FDF) in font [lmroman10-bold]:mapping=tex-
text;!
Missing character: There is no 滞 (U+6EDE) in font [lmroman10-bold]:mapping=tex-
text;!
Missing character: There is no 阻 (U+963B) in font [lmroman10-bold]:mapping=tex-
text;!
Missing character: There is no 尼 (U+5C3C) in font [lmroman10-bold]:mapping=tex-
text;!
Missing character: There is no ： ("FF1A) in font nullfont!
Missing character: There is no 加 ("52A0) in font nullfont!
Missing character: There is no 载 ("8F7D) in font nullfont!
Missing character: There is no - ("2D) in font nullfont!
Missing character: There is no 卸 ("5378) in font nullfont!
Missing character: There is no 载 ("8F7D) in font nullfont!
Missing character: There is no 循 ("5FAA) in font nullfont!
Missing character: There is no 环 ("73AF) in font nullfont!
Missing character: There is no 中 ("4E2D) in font nullfont!
Missing character: There is no 的 ("7684) in font nullfont!
Missing character: There is no 能 ("80FD) in font nullfont!
Missing character: There is no 量 ("91CF) in font nullfont!
Missing character: There is no 耗 ("8017) in font nullfont!
Missing character: There is no 散 ("6563) in font nullfont!

Overfull \hbox (16.8pt too wide) in paragraph at lines 70--71
\TU/lmr/bx/n/10 材料迟滞阻尼 
 []


! LaTeX Error: Environment figure undefined.

See the LaTeX manual or LaTeX Companion for explanation.
Type  H <return>  for immediate help.
 ...                                              
                                                  
l.73 \begin{figure}
                   [H]
Your command was ignored.
Type  I <command> <return>  to replace it with another command,
or  <return>  to continue without it.

Missing character: There is no [ ("5B) in font nullfont!
Missing character: There is no H ("48) in font nullfont!
Missing character: There is no ] ("5D) in font nullfont!

! LaTeX Error: Environment tikzpicture undefined.

See the LaTeX manual or LaTeX Companion for explanation.
Type  H <return>  for immediate help.
 ...                                              
                                                  
l.75 \begin{tikzpicture}
                        [scale=1.0]
Your command was ignored.
Type  I <command> <return>  to replace it with another command,
or  <return>  to continue without it.

Missing character: There is no [ ("5B) in font nullfont!
Missing character: There is no s ("73) in font nullfont!
Missing character: There is no c ("63) in font nullfont!
Missing character: There is no a ("61) in font nullfont!
Missing character: There is no l ("6C) in font nullfont!
Missing character: There is no e ("65) in font nullfont!
Missing character: There is no = ("3D) in font nullfont!
Missing character: There is no 1 ("31) in font nullfont!
Missing character: There is no . ("2E) in font nullfont!
Missing character: There is no 0 ("30) in font nullfont!
Missing character: There is no ] ("5D) in font nullfont!
! Undefined control sequence.
l.76     \draw
              [-Stealth] (-3,0) -- (3,0) node[right] {$x$};
The control sequence at the end of the top line
of your error message was never \def'ed. If you have
misspelled it (e.g., `\hobx'), type `I' and the correct
spelling (e.g., `I\hbox'). Otherwise just continue,
and I'll forget about whatever was undefined.

Missing character: There is no [ ("5B) in font nullfont!
Missing character: There is no - ("2D) in font nullfont!
Missing character: There is no S ("53) in font nullfont!
Missing character: There is no t ("74) in font nullfont!
Missing character: There is no e ("65) in font nullfont!
Missing character: There is no a ("61) in font nullfont!
Missing character: There is no l ("6C) in font nullfont!
Missing character: There is no t ("74) in font nullfont!
Missing character: There is no h ("68) in font nullfont!
Missing character: There is no ] ("5D) in font nullfont!
Missing character: There is no ( ("28) in font nullfont!
Missing character: There is no - ("2D) in font nullfont!
Missing character: There is no 3 ("33) in font nullfont!
Missing character: There is no , ("2C) in font nullfont!
Missing character: There is no 0 ("30) in font nullfont!
Missing character: There is no ) ("29) in font nullfont!
Missing character: There is no - ("2D) in font nullfont!
Missing character: There is no - ("2D) in font nullfont!
Missing character: There is no ( ("28) in font nullfont!
Missing character: There is no 3 ("33) in font nullfont!
Missing character: There is no , ("2C) in font nullfont!
Missing character: There is no 0 ("30) in font nullfont!
Missing character: There is no ) ("29) in font nullfont!
Missing character: There is no n ("6E) in font nullfont!
Missing character: There is no o ("6F) in font nullfont!
Missing character: There is no d ("64) in font nullfont!
Missing character: There is no e ("65) in font nullfont!
Missing character: There is no [ ("5B) in font nullfont!
Missing character: There is no r ("72) in font nullfont!
Missing character: There is no i ("69) in font nullfont!
Missing character: There is no g ("67) in font nullfont!
Missing character: There is no h ("68) in font nullfont!
Missing character: There is no t ("74) in font nullfont!
Missing character: There is no ] ("5D) in font nullfont!
Missing character: There is no ; ("3B) in font nullfont!
! Undefined control sequence.
l.77     \draw
              [-Stealth] (0,-2.5) -- (0,2.5) node[above] {$F_k(x)$};
The control sequence at the end of the top line
of your error message was never \def'ed. If you have
misspelled it (e.g., `\hobx'), type `I' and the correct
spelling (e.g., `I\hbox'). Otherwise just continue,
and I'll forget about whatever was undefined.

Missing character: There is no [ ("5B) in font nullfont!
Missing character: There is no - ("2D) in font nullfont!
Missing character: There is no S ("53) in font nullfont!
Missing character: There is no t ("74) in font nullfont!
Missing character: There is no e ("65) in font nullfont!
Missing character: There is no a ("61) in font nullfont!
Missing character: There is no l ("6C) in font nullfont!
Missing character: There is no t ("74) in font nullfont!
Missing character: There is no h ("68) in font nullfont!
Missing character: There is no ] ("5D) in font nullfont!
Missing character: There is no ( ("28) in font nullfont!
Missing character: There is no 0 ("30) in font nullfont!
Missing character: There is no , ("2C) in font nullfont!
Missing character: There is no - ("2D) in font nullfont!
Missing character: There is no 2 ("32) in font nullfont!
Missing character: There is no . ("2E) in font nullfont!
Missing character: There is no 5 ("35) in font nullfont!
Missing character: There is no ) ("29) in font nullfont!
Missing character: There is no - ("2D) in font nullfont!
Missing character: There is no - ("2D) in font nullfont!
Missing character: There is no ( ("28) in font nullfont!
Missing character: There is no 0 ("30) in font nullfont!
Missing character: There is no , ("2C) in font nullfont!
Missing character: There is no 2 ("32) in font nullfont!
Missing character: There is no . ("2E) in font nullfont!
Missing character: There is no 5 ("35) in font nullfont!
Missing character: There is no ) ("29) in font nullfont!
Missing character: There is no n ("6E) in font nullfont!
Missing character: There is no o ("6F) in font nullfont!
Missing character: There is no d ("64) in font nullfont!
Missing character: There is no e ("65) in font nullfont!
Missing character: There is no [ ("5B) in font nullfont!
Missing character: There is no a ("61) in font nullfont!
Missing character: There is no b ("62) in font nullfont!
Missing character: There is no o ("6F) in font nullfont!
Missing character: There is no v ("76) in font nullfont!
Missing character: There is no e ("65) in font nullfont!
Missing character: There is no ] ("5D) in font nullfont!
Missing character: There is no ; ("3B) in font nullfont!
! Undefined control sequence.
l.78     \draw
              [blue,thick] plot[domain=-2.5:2.5,samples=100] (\x,{0.6*\x + 0...
The control sequence at the end of the top line
of your error message was never \def'ed. If you have
misspelled it (e.g., `\hobx'), type `I' and the correct
spelling (e.g., `I\hbox'). Otherwise just continue,
and I'll forget about whatever was undefined.

Missing character: There is no [ ("5B) in font nullfont!
Missing character: There is no b ("62) in font nullfont!
Missing character: There is no l ("6C) in font nullfont!
Missing character: There is no u ("75) in font nullfont!
Missing character: There is no e ("65) in font nullfont!
Missing character: There is no , ("2C) in font nullfont!
Missing character: There is no t ("74) in font nullfont!
Missing character: There is no h ("68) in font nullfont!
Missing character: There is no i ("69) in font nullfont!
Missing character: There is no c ("63) in font nullfont!
Missing character: There is no k ("6B) in font nullfont!
Missing character: There is no ] ("5D) in font nullfont!
Missing character: There is no p ("70) in font nullfont!
Missing character: There is no l ("6C) in font nullfont!
Missing character: There is no o ("6F) in font nullfont!
Missing character: There is no t ("74) in font nullfont!
Missing character: There is no [ ("5B) in font nullfont!
Missing character: There is no d ("64) in font nullfont!
Missing character: There is no o ("6F) in font nullfont!
Missing character: There is no m ("6D) in font nullfont!
Missing character: There is no a ("61) in font nullfont!
Missing character: There is no i ("69) in font nullfont!
Missing character: There is no n ("6E) in font nullfont!
Missing character: There is no = ("3D) in font nullfont!
Missing character: There is no - ("2D) in font nullfont!
Missing character: There is no 2 ("32) in font nullfont!
Missing character: There is no . ("2E) in font nullfont!
Missing character: There is no 5 ("35) in font nullfont!
Missing character: There is no : ("3A) in font nullfont!
Missing character: There is no 2 ("32) in font nullfont!
Missing character: There is no . ("2E) in font nullfont!
Missing character: There is no 5 ("35) in font nullfont!
Missing character: There is no , ("2C) in font nullfont!
Missing character: There is no s ("73) in font nullfont!
Missing character: There is no a ("61) in font nullfont!
Missing character: There is no m ("6D) in font nullfont!
Missing character: There is no p ("70) in font nullfont!
Missing character: There is no l ("6C) in font nullfont!
Missing character: There is no e ("65) in font nullfont!
Missing character: There is no s ("73) in font nullfont!
Missing character: There is no = ("3D) in font nullfont!
Missing character: There is no 1 ("31) in font nullfont!
Missing character: There is no 0 ("30) in font nullfont!
Missing character: There is no 0 ("30) in font nullfont!
Missing character: There is no ] ("5D) in font nullfont!
Missing character: There is no ( ("28) in font nullfont!
! Undefined control sequence.
l.78 ...ick] plot[domain=-2.5:2.5,samples=100] (\x
                                                  ,{0.6*\x + 0.15*\x*\x*\x});
The control sequence at the end of the top line
of your error message was never \def'ed. If you have
misspelled it (e.g., `\hobx'), type `I' and the correct
spelling (e.g., `I\hbox'). Otherwise just continue,
and I'll forget about whatever was undefined.

Missing character: There is no , ("2C) in font nullfont!
Missing character: There is no 0 ("30) in font nullfont!
Missing character: There is no . ("2E) in font nullfont!
Missing character: There is no 6 ("36) in font nullfont!
Missing character: There is no * ("2A) in font nullfont!
! Undefined control sequence.
l.78 ...t[domain=-2.5:2.5,samples=100] (\x,{0.6*\x
                                                   + 0.15*\x*\x*\x});
The control sequence at the end of the top line
of your error message was never \def'ed. If you have
misspelled it (e.g., `\hobx'), type `I' and the correct
spelling (e.g., `I\hbox'). Otherwise just continue,
and I'll forget about whatever was undefined.

Missing character: There is no + ("2B) in font nullfont!
Missing character: There is no 0 ("30) in font nullfont!
Missing character: There is no . ("2E) in font nullfont!
Missing character: There is no 1 ("31) in font nullfont!
Missing character: There is no 5 ("35) in font nullfont!
Missing character: There is no * ("2A) in font nullfont!
! Undefined control sequence.
l.78 ...2.5:2.5,samples=100] (\x,{0.6*\x + 0.15*\x
                                                  *\x*\x});
The control sequence at the end of the top line
of your error message was never \def'ed. If you have
misspelled it (e.g., `\hobx'), type `I' and the correct
spelling (e.g., `I\hbox'). Otherwise just continue,
and I'll forget about whatever was undefined.

Missing character: There is no * ("2A) in font nullfont!
! Undefined control sequence.
l.78 ...:2.5,samples=100] (\x,{0.6*\x + 0.15*\x*\x
                                                  *\x});
The control sequence at the end of the top line
of your error message was never \def'ed. If you have
misspelled it (e.g., `\hobx'), type `I' and the correct
spelling (e.g., `I\hbox'). Otherwise just continue,
and I'll forget about whatever was undefined.

Missing character: There is no * ("2A) in font nullfont!
! Undefined control sequence.
l.78 ...5,samples=100] (\x,{0.6*\x + 0.15*\x*\x*\x
                                                  });
The control sequence at the end of the top line
of your error message was never \def'ed. If you have
misspelled it (e.g., `\hobx'), type `I' and the correct
spelling (e.g., `I\hbox'). Otherwise just continue,
and I'll forget about whatever was undefined.

Missing character: There is no ) ("29) in font nullfont!
Missing character: There is no ; ("3B) in font nullfont!
! Undefined control sequence.
l.79     \draw
              [red,thick] plot[domain=-2.5:2.5,samples=100] (\x,{0.6*\x - 0....
The control sequence at the end of the top line
of your error message was never \def'ed. If you have
misspelled it (e.g., `\hobx'), type `I' and the correct
spelling (e.g., `I\hbox'). Otherwise just continue,
and I'll forget about whatever was undefined.

Missing character: There is no [ ("5B) in font nullfont!
Missing character: There is no r ("72) in font nullfont!
Missing character: There is no e ("65) in font nullfont!
Missing character: There is no d ("64) in font nullfont!
Missing character: There is no , ("2C) in font nullfont!
Missing character: There is no t ("74) in font nullfont!
Missing character: There is no h ("68) in font nullfont!
Missing character: There is no i ("69) in font nullfont!
Missing character: There is no c ("63) in font nullfont!
Missing character: There is no k ("6B) in font nullfont!
Missing character: There is no ] ("5D) in font nullfont!
Missing character: There is no p ("70) in font nullfont!
Missing character: There is no l ("6C) in font nullfont!
Missing character: There is no o ("6F) in font nullfont!
Missing character: There is no t ("74) in font nullfont!
Missing character: There is no [ ("5B) in font nullfont!
Missing character: There is no d ("64) in font nullfont!
Missing character: There is no o ("6F) in font nullfont!
Missing character: There is no m ("6D) in font nullfont!
Missing character: There is no a ("61) in font nullfont!
Missing character: There is no i ("69) in font nullfont!
Missing character: There is no n ("6E) in font nullfont!
Missing character: There is no = ("3D) in font nullfont!
Missing character: There is no - ("2D) in font nullfont!
Missing character: There is no 2 ("32) in font nullfont!
Missing character: There is no . ("2E) in font nullfont!
Missing character: There is no 5 ("35) in font nullfont!
Missing character: There is no : ("3A) in font nullfont!
Missing character: There is no 2 ("32) in font nullfont!
Missing character: There is no . ("2E) in font nullfont!
Missing character: There is no 5 ("35) in font nullfont!
Missing character: There is no , ("2C) in font nullfont!
Missing character: There is no s ("73) in font nullfont!
Missing character: There is no a ("61) in font nullfont!
Missing character: There is no m ("6D) in font nullfont!
Missing character: There is no p ("70) in font nullfont!
Missing character: There is no l ("6C) in font nullfont!
Missing character: There is no e ("65) in font nullfont!
Missing character: There is no s ("73) in font nullfont!
Missing character: There is no = ("3D) in font nullfont!
Missing character: There is no 1 ("31) in font nullfont!
Missing character: There is no 0 ("30) in font nullfont!
Missing character: There is no 0 ("30) in font nullfont!
Missing character: There is no ] ("5D) in font nullfont!
Missing character: There is no ( ("28) in font nullfont!
! Undefined control sequence.
l.79 ...ick] plot[domain=-2.5:2.5,samples=100] (\x
                                                  ,{0.6*\x - 0.08*\x*\x*\x});
The control sequence at the end of the top line
of your error message was never \def'ed. If you have
misspelled it (e.g., `\hobx'), type `I' and the correct
spelling (e.g., `I\hbox'). Otherwise just continue,
and I'll forget about whatever was undefined.

Missing character: There is no , ("2C) in font nullfont!
Missing character: There is no 0 ("30) in font nullfont!
Missing character: There is no . ("2E) in font nullfont!
Missing character: There is no 6 ("36) in font nullfont!
Missing character: There is no * ("2A) in font nullfont!
! Undefined control sequence.
l.79 ...t[domain=-2.5:2.5,samples=100] (\x,{0.6*\x
                                                   - 0.08*\x*\x*\x});
The control sequence at the end of the top line
of your error message was never \def'ed. If you have
misspelled it (e.g., `\hobx'), type `I' and the correct
spelling (e.g., `I\hbox'). Otherwise just continue,
and I'll forget about whatever was undefined.

Missing character: There is no - ("2D) in font nullfont!
Missing character: There is no 0 ("30) in font nullfont!
Missing character: There is no . ("2E) in font nullfont!
Missing character: There is no 0 ("30) in font nullfont!
Missing character: There is no 8 ("38) in font nullfont!
Missing character: There is no * ("2A) in font nullfont!
! Undefined control sequence.
l.79 ...2.5:2.5,samples=100] (\x,{0.6*\x - 0.08*\x
                                                  *\x*\x});
The control sequence at the end of the top line
of your error message was never \def'ed. If you have
misspelled it (e.g., `\hobx'), type `I' and the correct
spelling (e.g., `I\hbox'). Otherwise just continue,
and I'll forget about whatever was undefined.

Missing character: There is no * ("2A) in font nullfont!
! Undefined control sequence.
l.79 ...:2.5,samples=100] (\x,{0.6*\x - 0.08*\x*\x
                                                  *\x});
The control sequence at the end of the top line
of your error message was never \def'ed. If you have
misspelled it (e.g., `\hobx'), type `I' and the correct
spelling (e.g., `I\hbox'). Otherwise just continue,
and I'll forget about whatever was undefined.

Missing character: There is no * ("2A) in font nullfont!
! Undefined control sequence.
l.79 ...5,samples=100] (\x,{0.6*\x - 0.08*\x*\x*\x
                                                  });
The control sequence at the end of the top line
of your error message was never \def'ed. If you have
misspelled it (e.g., `\hobx'), type `I' and the correct
spelling (e.g., `I\hbox'). Otherwise just continue,
and I'll forget about whatever was undefined.

Missing character: There is no ) ("29) in font nullfont!
Missing character: There is no ; ("3B) in font nullfont!
! Undefined control sequence.
l.80     \draw
              [gray,dashed] (-2.5,-1.5) -- (2.5,1.5);
The control sequence at the end of the top line
of your error message was never \def'ed. If you have
misspelled it (e.g., `\hobx'), type `I' and the correct
spelling (e.g., `I\hbox'). Otherwise just continue,
and I'll forget about whatever was undefined.

Missing character: There is no [ ("5B) in font nullfont!
Missing character: There is no g ("67) in font nullfont!
Missing character: There is no r ("72) in font nullfont!
Missing character: There is no a ("61) in font nullfont!
Missing character: There is no y ("79) in font nullfont!
Missing character: There is no , ("2C) in font nullfont!
Missing character: There is no d ("64) in font nullfont!
Missing character: There is no a ("61) in font nullfont!
Missing character: There is no s ("73) in font nullfont!
Missing character: There is no h ("68) in font nullfont!
Missing character: There is no e ("65) in font nullfont!
Missing character: There is no d ("64) in font nullfont!
Missing character: There is no ] ("5D) in font nullfont!
Missing character: There is no ( ("28) in font nullfont!
Missing character: There is no - ("2D) in font nullfont!
Missing character: There is no 2 ("32) in font nullfont!
Missing character: There is no . ("2E) in font nullfont!
Missing character: There is no 5 ("35) in font nullfont!
Missing character: There is no , ("2C) in font nullfont!
Missing character: There is no - ("2D) in font nullfont!
Missing character: There is no 1 ("31) in font nullfont!
Missing character: There is no . ("2E) in font nullfont!
Missing character: There is no 5 ("35) in font nullfont!
Missing character: There is no ) ("29) in font nullfont!
Missing character: There is no - ("2D) in font nullfont!
Missing character: There is no - ("2D) in font nullfont!
Missing character: There is no ( ("28) in font nullfont!
Missing character: There is no 2 ("32) in font nullfont!
Missing character: There is no . ("2E) in font nullfont!
Missing character: There is no 5 ("35) in font nullfont!
Missing character: There is no , ("2C) in font nullfont!
Missing character: There is no 1 ("31) in font nullfont!
Missing character: There is no . ("2E) in font nullfont!
Missing character: There is no 5 ("35) in font nullfont!
Missing character: There is no ) ("29) in font nullfont!
Missing character: There is no ; ("3B) in font nullfont!
! Undefined control sequence.
l.81     \node
              [blue] at (2.0,2.0) {硬弹簧 $k_3>0$};
The control sequence at the end of the top line
of your error message was never \def'ed. If you have
misspelled it (e.g., `\hobx'), type `I' and the correct
spelling (e.g., `I\hbox'). Otherwise just continue,
and I'll forget about whatever was undefined.

Missing character: There is no [ ("5B) in font nullfont!
Missing character: There is no b ("62) in font nullfont!
Missing character: There is no l ("6C) in font nullfont!
Missing character: There is no u ("75) in font nullfont!
Missing character: There is no e ("65) in font nullfont!
Missing character: There is no ] ("5D) in font nullfont!
Missing character: There is no a ("61) in font nullfont!
Missing character: There is no t ("74) in font nullfont!
Missing character: There is no ( ("28) in font nullfont!
Missing character: There is no 2 ("32) in font nullfont!
Missing character: There is no . ("2E) in font nullfont!
Missing character: There is no 0 ("30) in font nullfont!
Missing character: There is no , ("2C) in font nullfont!
Missing character: There is no 2 ("32) in font nullfont!
Missing character: There is no . ("2E) in font nullfont!
Missing character: There is no 0 ("30) in font nullfont!
Missing character: There is no ) ("29) in font nullfont!
Missing character: There is no 硬 ("786C) in font nullfont!
Missing character: There is no 弹 ("5F39) in font nullfont!
Missing character: There is no 簧 ("7C27) in font nullfont!
Missing character: There is no ; ("3B) in font nullfont!
! Undefined control sequence.
l.82     \node
              [red] at (2.0,-0.5) {软弹簧 $k_3<0$};
The control sequence at the end of the top line
of your error message was never \def'ed. If you have
misspelled it (e.g., `\hobx'), type `I' and the correct
spelling (e.g., `I\hbox'). Otherwise just continue,
and I'll forget about whatever was undefined.

Missing character: There is no [ ("5B) in font nullfont!
Missing character: There is no r ("72) in font nullfont!
Missing character: There is no e ("65) in font nullfont!
Missing character: There is no d ("64) in font nullfont!
Missing character: There is no ] ("5D) in font nullfont!
Missing character: There is no a ("61) in font nullfont!
Missing character: There is no t ("74) in font nullfont!
Missing character: There is no ( ("28) in font nullfont!
Missing character: There is no 2 ("32) in font nullfont!
Missing character: There is no . ("2E) in font nullfont!
Missing character: There is no 0 ("30) in font nullfont!
Missing character: There is no , ("2C) in font nullfont!
Missing character: There is no - ("2D) in font nullfont!
Missing character: There is no 0 ("30) in font nullfont!
Missing character: There is no . ("2E) in font nullfont!
Missing character: There is no 5 ("35) in font nullfont!
Missing character: There is no ) ("29) in font nullfont!
Missing character: There is no 软 ("8F6F) in font nullfont!
Missing character: There is no 弹 ("5F39) in font nullfont!
Missing character: There is no 簧 ("7C27) in font nullfont!
Missing character: There is no ; ("3B) in font nullfont!
! Undefined control sequence.
l.83     \node
              [gray] at (2.0,1.5) {线性 $k_3=0$};
The control sequence at the end of the top line
of your error message was never \def'ed. If you have
misspelled it (e.g., `\hobx'), type `I' and the correct
spelling (e.g., `I\hbox'). Otherwise just continue,
and I'll forget about whatever was undefined.

Missing character: There is no [ ("5B) in font nullfont!
Missing character: There is no g ("67) in font nullfont!
Missing character: There is no r ("72) in font nullfont!
Missing character: There is no a ("61) in font nullfont!
Missing character: There is no y ("79) in font nullfont!
Missing character: There is no ] ("5D) in font nullfont!
Missing character: There is no a ("61) in font nullfont!
Missing character: There is no t ("74) in font nullfont!
Missing character: There is no ( ("28) in font nullfont!
Missing character: There is no 2 ("32) in font nullfont!
Missing character: There is no . ("2E) in font nullfont!
Missing character: There is no 0 ("30) in font nullfont!
Missing character: There is no , ("2C) in font nullfont!
Missing character: There is no 1 ("31) in font nullfont!
Missing character: There is no . ("2E) in font nullfont!
Missing character: There is no 5 ("35) in font nullfont!
Missing character: There is no ) ("29) in font nullfont!
Missing character: There is no 线 ("7EBF) in font nullfont!
Missing character: There is no 性 ("6027) in font nullfont!
Missing character: There is no ; ("3B) in font nullfont!

! LaTeX Error: \begin{document} ended by \end{tikzpicture}.

See the LaTeX manual or LaTeX Companion for explanation.
Type  H <return>  for immediate help.
 ...                                              
                                                  
l.84 \end{tikzpicture}
                      
Your command was ignored.
Type  I <command> <return>  to replace it with another command,
or  <return>  to continue without it.


! LaTeX Error: \caption outside float.

See the LaTeX manual or LaTeX Companion for explanation.
Type  H <return>  for immediate help.
 ...                                              
                                                  
l.85 \caption
             {硬弹簧与软弹簧的恢复力-位移曲线。硬弹簧（蓝色）恢复力增长快于线性，软弹簧（红色）增长慢于线性，虚线为线性弹簧参考。}
You're in trouble here.  Try typing  <return>  to proceed.
If that doesn't work, type  X <return>  to quit.

Missing character: There is no 硬 ("786C) in font nullfont!
Missing character: There is no 弹 ("5F39) in font nullfont!
Missing character: There is no 簧 ("7C27) in font nullfont!
Missing character: There is no 与 ("4E0E) in font nullfont!
Missing character: There is no 软 ("8F6F) in font nullfont!
Missing character: There is no 弹 ("5F39) in font nullfont!
Missing character: There is no 簧 ("7C27) in font nullfont!
Missing character: There is no 的 ("7684) in font nullfont!
Missing character: There is no 恢 ("6062) in font nullfont!
Missing character: There is no 复 ("590D) in font nullfont!
Missing character: There is no 力 ("529B) in font nullfont!
Missing character: There is no - ("2D) in font nullfont!
Missing character: There is no 位 ("4F4D) in font nullfont!
Missing character: There is no 移 ("79FB) in font nullfont!
Missing character: There is no 曲 ("66F2) in font nullfont!
Missing character: There is no 线 ("7EBF) in font nullfont!
Missing character: There is no 。 ("3002) in font nullfont!
Missing character: There is no 硬 ("786C) in font nullfont!
Missing character: There is no 弹 ("5F39) in font nullfont!
Missing character: There is no 簧 ("7C27) in font nullfont!
Missing character: There is no （ ("FF08) in font nullfont!
Missing character: There is no 蓝 ("84DD) in font nullfont!
Missing character: There is no 色 ("8272) in font nullfont!
Missing character: There is no ） ("FF09) in font nullfont!
Missing character: There is no 恢 ("6062) in font nullfont!
Missing character: There is no 复 ("590D) in font nullfont!
Missing character: There is no 力 ("529B) in font nullfont!
Missing character: There is no 增 ("589E) in font nullfont!
Missing character: There is no 长 ("957F) in font nullfont!
Missing character: There is no 快 ("5FEB) in font nullfont!
Missing character: There is no 于 ("4E8E) in font nullfont!
Missing character: There is no 线 ("7EBF) in font nullfont!
Missing character: There is no 性 ("6027) in font nullfont!
Missing character: There is no ， ("FF0C) in font nullfont!
Missing character: There is no 软 ("8F6F) in font nullfont!
Missing character: There is no 弹 ("5F39) in font nullfont!
Missing character: There is no 簧 ("7C27) in font nullfont!
Missing character: There is no （ ("FF08) in font nullfont!
Missing character: There is no 红 ("7EA2) in font nullfont!
Missing character: There is no 色 ("8272) in font nullfont!
Missing character: There is no ） ("FF09) in font nullfont!
Missing character: There is no 增 ("589E) in font nullfont!
Missing character: There is no 长 ("957F) in font nullfont!
Missing character: There is no 慢 ("6162) in font nullfont!
Missing character: There is no 于 ("4E8E) in font nullfont!
Missing character: There is no 线 ("7EBF) in font nullfont!
Missing character: There is no 性 ("6027) in font nullfont!
Missing character: There is no ， ("FF0C) in font nullfont!
Missing character: There is no 虚 ("865A) in font nullfont!
Missing character: There is no 线 ("7EBF) in font nullfont!
Missing character: There is no 为 ("4E3A) in font nullfont!
Missing character: There is no 线 ("7EBF) in font nullfont!
Missing character: There is no 性 ("6027) in font nullfont!
Missing character: There is no 弹 ("5F39) in font nullfont!
Missing character: There is no 簧 ("7C27) in font nullfont!
Missing character: There is no 参 ("53C2) in font nullfont!
Missing character: There is no 考 ("8003) in font nullfont!
Missing character: There is no 。 ("3002) in font nullfont!

! LaTeX Error: \begin{document} ended by \end{figure}.

See the LaTeX manual or LaTeX Companion for explanation.
Type  H <return>  for immediate help.
 ...                                              
                                                  
l.87 \end{figure}
                 
Your command was ignored.
Type  I <command> <return>  to replace it with another command,
or  <return>  to continue without it.


Overfull \hbox (20.0pt too wide) in paragraph at lines 73--88
[]
 []


Overfull \hbox (5.71527pt too wide) in paragraph at lines 73--88
\OML/cmm/m/it/10 x$
 []


Overfull \hbox (24.8438pt too wide) in paragraph at lines 73--88
\OML/cmm/m/it/10 F[]\/lmr/m/n/10 (\OML/cmm/m/it/10 x\/lmr/m/n/10 )$
 []


Overfull \hbox (20.24768pt too wide) in paragraph at lines 73--88
\OML/cmm/m/it/10 k[] >
 []


Overfull \hbox (5.00002pt too wide) in paragraph at lines 73--88
\/lmr/m/n/10 0$
 []


Overfull \hbox (20.24768pt too wide) in paragraph at lines 73--88
\OML/cmm/m/it/10 k[] <
 []


Overfull \hbox (5.00002pt too wide) in paragraph at lines 73--88
\/lmr/m/n/10 0$
 []


Overfull \hbox (20.24768pt too wide) in paragraph at lines 73--88
\OML/cmm/m/it/10 k[] \/lmr/m/n/10 =
 []


Overfull \hbox (5.00002pt too wide) in paragraph at lines 73--88
\/lmr/m/n/10 0$
 []

! Undefined control sequence.
l.89 \section
             {非线性系统的特征}
The control sequence at the end of the top line
of your error message was never \def'ed. If you have
misspelled it (e.g., `\hobx'), type `I' and the correct
spelling (e.g., `I\hbox'). Otherwise just continue,
and I'll forget about whatever was undefined.

Missing character: There is no 非 ("975E) in font nullfont!
Missing character: There is no 线 ("7EBF) in font nullfont!
Missing character: There is no 性 ("6027) in font nullfont!
Missing character: There is no 系 ("7CFB) in font nullfont!
Missing character: There is no 统 ("7EDF) in font nullfont!
Missing character: There is no 的 ("7684) in font nullfont!
Missing character: There is no 特 ("7279) in font nullfont!
Missing character: There is no 征 ("5F81) in font nullfont!
! Undefined control sequence.
l.90 \subsection
                {叠加原理的失效}
The control sequence at the end of the top line
of your error message was never \def'ed. If you have
misspelled it (e.g., `\hobx'), type `I' and the correct
spelling (e.g., `I\hbox'). Otherwise just continue,
and I'll forget about whatever was undefined.

Missing character: There is no 叠 ("53E0) in font nullfont!
Missing character: There is no 加 ("52A0) in font nullfont!
Missing character: There is no 原 ("539F) in font nullfont!
Missing character: There is no 理 ("7406) in font nullfont!
Missing character: There is no 的 ("7684) in font nullfont!
Missing character: There is no 失 ("5931) in font nullfont!
Missing character: There is no 效 ("6548) in font nullfont!
Missing character: There is no 线 ("7EBF) in font nullfont!
Missing character: There is no 性 ("6027) in font nullfont!
Missing character: There is no 系 ("7CFB) in font nullfont!
Missing character: There is no 统 ("7EDF) in font nullfont!
Missing character: There is no 满 ("6EE1) in font nullfont!
Missing character: There is no 足 ("8DB3) in font nullfont!
Missing character: There is no 叠 ("53E0) in font nullfont!
Missing character: There is no 加 ("52A0) in font nullfont!
Missing character: There is no 原 ("539F) in font nullfont!
Missing character: There is no 理 ("7406) in font nullfont!
Missing character: There is no ： ("FF1A) in font nullfont!
Missing character: There is no 若 ("82E5) in font nullfont!
Missing character: There is no 和 ("548C) in font nullfont!
Missing character: There is no 为 ("4E3A) in font nullfont!
Missing character: There is no 解 ("89E3) in font nullfont!
Missing character: There is no ， ("FF0C) in font nullfont!
Missing character: There is no 则 ("5219) in font nullfont!
Missing character: There is no 任 ("4EFB) in font nullfont!
Missing character: There is no 意 ("610F) in font nullfont!
Missing character: There is no 线 ("7EBF) in font nullfont!
Missing character: There is no 性 ("6027) in font nullfont!
Missing character: There is no 组 ("7EC4) in font nullfont!
Missing character: There is no 合 ("5408) in font nullfont!
Missing character: There is no 也 ("4E5F) in font nullfont!
Missing character: There is no 是 ("662F) in font nullfont!
Missing character: There is no 解 ("89E3) in font nullfont!
Missing character: There is no 。 ("3002) in font nullfont!
Missing character: There is no 非 ("975E) in font nullfont!
Missing character: There is no 线 ("7EBF) in font nullfont!
Missing character: There is no 性 ("6027) in font nullfont!
Missing character: There is no 系 ("7CFB) in font nullfont!
Missing character: There is no 统 ("7EDF) in font nullfont!
Missing character: There is no 不 ("4E0D) in font nullfont!
Missing character: There is no 满 ("6EE1) in font nullfont!
Missing character: There is no 足 ("8DB3) in font nullfont!
Missing character: There is no 此 ("6B64) in font nullfont!
Missing character: There is no 性 ("6027) in font nullfont!
Missing character: There is no 质 ("8D28) in font nullfont!
Missing character: There is no 。 ("3002) in font nullfont!

Overfull \hbox (20.0pt too wide) in paragraph at lines 89--92
[]
 []


Overfull \hbox (21.59032pt too wide) in paragraph at lines 89--92
\OML/cmm/m/it/10 x[]\/lmr/m/n/10 (\OML/cmm/m/it/10 t\/lmr/m/n/10 )$
 []


Overfull \hbox (21.59032pt too wide) in paragraph at lines 89--92
\OML/cmm/m/it/10 x[]\/lmr/m/n/10 (\OML/cmm/m/it/10 t\/lmr/m/n/10 )$
 []


Overfull \hbox (24.41324pt too wide) in paragraph at lines 89--92
\OML/cmm/m/it/10 ^^Kx[] \/lmr/m/n/10 +
 []


Overfull \hbox (16.38542pt too wide) in paragraph at lines 89--92
\OML/cmm/m/it/10 ^^Lx[]$
 []


! LaTeX Error: Environment definition undefined.

See the LaTeX manual or LaTeX Companion for explanation.
Type  H <return>  for immediate help.
 ...                                              
                                                  
l.93 \begin{definition}
                       [叠加原理失效]
Your command was ignored.
Type  I <command> <return>  to replace it with another command,
or  <return>  to continue without it.

Missing character: There is no [ ("5B) in font nullfont!
Missing character: There is no 叠 ("53E0) in font nullfont!
Missing character: There is no 加 ("52A0) in font nullfont!
Missing character: There is no 原 ("539F) in font nullfont!
Missing character: There is no 理 ("7406) in font nullfont!
Missing character: There is no 失 ("5931) in font nullfont!
Missing character: There is no 效 ("6548) in font nullfont!
Missing character: There is no ] ("5D) in font nullfont!
Missing character: There is no 设 ("8BBE) in font nullfont!
Missing character: There is no 有 ("6709) in font nullfont!
Missing character: There is no 非 ("975E) in font nullfont!
Missing character: There is no 线 ("7EBF) in font nullfont!
Missing character: There is no 性 ("6027) in font nullfont!
Missing character: There is no 算 ("7B97) in font nullfont!
Missing character: There is no 子 ("5B50) in font nullfont!
Missing character: There is no 满 ("6EE1) in font nullfont!
Missing character: There is no 足 ("8DB3) in font nullfont!
Missing character: There is no ， ("FF0C) in font nullfont!
Missing character: There is no 则 ("5219) in font nullfont!
Missing character: There is no 两 ("4E24) in font nullfont!
Missing character: There is no 个 ("4E2A) in font nullfont!
Missing character: There is no 解 ("89E3) in font nullfont!
Missing character: There is no 的 ("7684) in font nullfont!
Missing character: There is no 线 ("7EBF) in font nullfont!
Missing character: There is no 性 ("6027) in font nullfont!
Missing character: There is no 叠 ("53E0) in font nullfont!
Missing character: There is no 加 ("52A0) in font nullfont!
Missing character: There is no 不 ("4E0D) in font nullfont!
Missing character: There is no 再 ("518D) in font nullfont!
Missing character: There is no 满 ("6EE1) in font nullfont!
Missing character: There is no 足 ("8DB3) in font nullfont!
Missing character: There is no 原 ("539F) in font nullfont!
Missing character: There is no 方 ("65B9) in font nullfont!
Missing character: There is no 程 ("7A0B) in font nullfont!
Missing character: There is no 。 ("3002) in font nullfont!
Missing character: There is no 例 ("4F8B) in font nullfont!
Missing character: There is no 如 ("5982) in font nullfont!
Missing character: There is no 对 ("5BF9) in font nullfont!
Missing character: There is no D ("44) in font nullfont!
Missing character: There is no u ("75) in font nullfont!
Missing character: There is no f ("66) in font nullfont!
Missing character: There is no f ("66) in font nullfont!
Missing character: There is no i ("69) in font nullfont!
Missing character: There is no n ("6E) in font nullfont!
Missing character: There is no g ("67) in font nullfont!
Missing character: There is no 方 ("65B9) in font nullfont!
Missing character: There is no 程 ("7A0B) in font nullfont!
Missing character: There is no ： ("FF1A) in font nullfont!

Overfull \hbox (20.0pt too wide) in paragraph at lines 93--95
[]
 []


Overfull \hbox (9.67848pt too wide) in paragraph at lines 93--95
\OMS/cmsy/m/n/10 N$
 []


Overfull \hbox (37.98062pt too wide) in paragraph at lines 93--95
\OMS/cmsy/m/n/10 N\/lmr/m/n/10 (\OML/cmm/m/it/10 ^^Kx[] \/lmr/m/n/10 +
 []


Overfull \hbox (30.82983pt too wide) in paragraph at lines 93--95
\OML/cmm/m/it/10 ^^Lx[]\/lmr/m/n/10 ) \OMS/cmsy/m/n/10 6\/lmr/m/n/10 =
 []


Overfull \hbox (41.86952pt too wide) in paragraph at lines 93--95
\OML/cmm/m/it/10 ^^K\OMS/cmsy/m/n/10 N\/lmr/m/n/10 (\OML/cmm/m/it/10 x[]\/lmr/m
/n/10 ) +
 []


Overfull \hbox (33.8417pt too wide) in paragraph at lines 93--95
\OML/cmm/m/it/10 ^^L\OMS/cmsy/m/n/10 N\/lmr/m/n/10 (\OML/cmm/m/it/10 x[]\/lmr/m
/n/10 )$
 []


Overfull \hbox (60.18396pt too wide) detected at line 97
[] \/lmr/m/n/10 + \OML/cmm/m/it/10 x \/lmr/m/n/10 + \OML/cmm/m/it/10 "x[] \/lmr
/m/n/10 = 0
 []

Missing character: There is no 若 ("82E5) in font nullfont!
Missing character: There is no 和 ("548C) in font nullfont!
Missing character: There is no 分 ("5206) in font nullfont!
Missing character: There is no 别 ("522B) in font nullfont!
Missing character: There is no 为 ("4E3A) in font nullfont!
Missing character: There is no 解 ("89E3) in font nullfont!
Missing character: There is no ， ("FF0C) in font nullfont!
Missing character: There is no 则 ("5219) in font nullfont!
Missing character: There is no ， ("FF0C) in font nullfont!
Missing character: There is no 叠 ("53E0) in font nullfont!
Missing character: There is no 加 ("52A0) in font nullfont!
Missing character: There is no 不 ("4E0D) in font nullfont!
Missing character: There is no 成 ("6210) in font nullfont!
Missing character: There is no 立 ("7ACB) in font nullfont!
Missing character: There is no 。 ("3002) in font nullfont!

! LaTeX Error: \begin{document} ended by \end{definition}.

See the LaTeX manual or LaTeX Companion for explanation.
Type  H <return>  for immediate help.
 ...                                              
                                                  
l.99 \end{definition}
                     
Your command was ignored.
Type  I <command> <return>  to replace it with another command,
or  <return>  to continue without it.


Overfull \hbox (10.2014pt too wide) in paragraph at lines 97--100
 $\OML/cmm/m/it/10 x[]$
 []


Overfull \hbox (10.2014pt too wide) in paragraph at lines 97--100
\OML/cmm/m/it/10 x[]$
 []


Overfull \hbox (48.18054pt too wide) in paragraph at lines 97--100
[] \/lmr/m/n/10 +
 []


Overfull \hbox (21.8681pt too wide) in paragraph at lines 97--100
\/lmr/m/n/10 (\OML/cmm/m/it/10 x[] \/lmr/m/n/10 +
 []


Overfull \hbox (21.8681pt too wide) in paragraph at lines 97--100
\OML/cmm/m/it/10 x[]\/lmr/m/n/10 ) +
 []


Overfull \hbox (26.53128pt too wide) in paragraph at lines 97--100
\OML/cmm/m/it/10 "\/lmr/m/n/10 (\OML/cmm/m/it/10 x[] \/lmr/m/n/10 +
 []


Overfull \hbox (29.13194pt too wide) in paragraph at lines 97--100
\OML/cmm/m/it/10 x[]\/lmr/m/n/10 )[] =
 []


Overfull \hbox (41.7327pt too wide) in paragraph at lines 97--100
\OML/cmm/m/it/10 "\/lmr/m/n/10 (3\OML/cmm/m/it/10 x[]x[] \/lmr/m/n/10 +
 []


Overfull \hbox (39.84723pt too wide) in paragraph at lines 97--100
\/lmr/m/n/10 3\OML/cmm/m/it/10 x[]x[]\/lmr/m/n/10 ) \OMS/cmsy/m/n/10 6\/lmr/m/n
/10 =
 []


Overfull \hbox (5.00002pt too wide) in paragraph at lines 97--100
\/lmr/m/n/10 0$
 []

! Undefined control sequence.
l.101 \subsection
                 {固有频率随振幅的变化}
The control sequence at the end of the top line
of your error message was never \def'ed. If you have
misspelled it (e.g., `\hobx'), type `I' and the correct
spelling (e.g., `I\hbox'). Otherwise just continue,
and I'll forget about whatever was undefined.

Missing character: There is no 固 ("56FA) in font nullfont!
Missing character: There is no 有 ("6709) in font nullfont!
Missing character: There is no 频 ("9891) in font nullfont!
Missing character: There is no 率 ("7387) in font nullfont!
Missing character: There is no 随 ("968F) in font nullfont!
Missing character: There is no 振 ("632F) in font nullfont!
Missing character: There is no 幅 ("5E45) in font nullfont!
Missing character: There is no 的 ("7684) in font nullfont!
Missing character: There is no 变 ("53D8) in font nullfont!
Missing character: There is no 化 ("5316) in font nullfont!
Missing character: There is no 非 ("975E) in font nullfont!
Missing character: There is no 线 ("7EBF) in font nullfont!
Missing character: There is no 性 ("6027) in font nullfont!
Missing character: There is no 系 ("7CFB) in font nullfont!
Missing character: There is no 统 ("7EDF) in font nullfont!
Missing character: There is no 的 ("7684) in font nullfont!
Missing character: There is no 等 ("7B49) in font nullfont!
Missing character: There is no 效 ("6548) in font nullfont!
Missing character: There is no 刚 ("521A) in font nullfont!
Missing character: There is no 度 ("5EA6) in font nullfont!
! Undefined control sequence.
l.102 非线性系统的等效刚度 $k_{\text
                          {eq}}$ 与振幅 $A$ 相关，导致固有频率成为振幅的函数：
The control sequence at the end of the top line
of your error message was never \def'ed. If you have
misspelled it (e.g., `\hobx'), type `I' and the correct
spelling (e.g., `I\hbox'). Otherwise just continue,
and I'll forget about whatever was undefined.

Missing character: There is no 与 ("4E0E) in font nullfont!
Missing character: There is no 振 ("632F) in font nullfont!
Missing character: There is no 幅 ("5E45) in font nullfont!
Missing character: There is no 相 ("76F8) in font nullfont!
Missing character: There is no 关 ("5173) in font nullfont!
Missing character: There is no ， ("FF0C) in font nullfont!
Missing character: There is no 导 ("5BFC) in font nullfont!
Missing character: There is no 致 ("81F4) in font nullfont!
Missing character: There is no 固 ("56FA) in font nullfont!
Missing character: There is no 有 ("6709) in font nullfont!
Missing character: There is no 频 ("9891) in font nullfont!
Missing character: There is no 率 ("7387) in font nullfont!
Missing character: There is no 成 ("6210) in font nullfont!
Missing character: There is no 为 ("4E3A) in font nullfont!
Missing character: There is no 振 ("632F) in font nullfont!
Missing character: There is no 幅 ("5E45) in font nullfont!
Missing character: There is no 的 ("7684) in font nullfont!
Missing character: There is no 函 ("51FD) in font nullfont!
Missing character: There is no 数 ("6570) in font nullfont!
Missing character: There is no ： ("FF1A) in font nullfont!

Overfull \hbox (20.0pt too wide) in paragraph at lines 101--103
[]
 []


Overfull \hbox (13.41649pt too wide) in paragraph at lines 101--103
\OML/cmm/m/it/10 k[]$
 []


Overfull \hbox (7.50002pt too wide) in paragraph at lines 101--103
\OML/cmm/m/it/10 A$
 []

! Undefined control sequence.
l.104 ...3}{8}\varepsilon A^{2}\right) \quad \text
                                                  {(弱非线性Duffing)}
The control sequence at the end of the top line
of your error message was never \def'ed. If you have
misspelled it (e.g., `\hobx'), type `I' and the correct
spelling (e.g., `I\hbox'). Otherwise just continue,
and I'll forget about whatever was undefined.

Missing character: There is no 弱 ("5F31) in font cmr10!
Missing character: There is no 非 ("975E) in font cmr10!
Missing character: There is no 线 ("7EBF) in font cmr10!
Missing character: There is no 性 ("6027) in font cmr10!

Overfull \hbox (158.89638pt too wide) detected at line 105
\OML/cmm/m/it/10 ![]\/lmr/m/n/10 (\OML/cmm/m/it/10 A\/lmr/m/n/10 ) \OMS/cmsy/m/
n/10 ^^Y \OML/cmm/m/it/10 ![] []  []
 []

Missing character: There is no 其 ("5176) in font nullfont!
Missing character: There is no 中 ("4E2D) in font nullfont!
Missing character: There is no 为 ("4E3A) in font nullfont!
Missing character: There is no 零 ("96F6) in font nullfont!
Missing character: There is no 振 ("632F) in font nullfont!
Missing character: There is no 幅 ("5E45) in font nullfont!
Missing character: There is no 时 ("65F6) in font nullfont!
Missing character: There is no 的 ("7684) in font nullfont!
Missing character: There is no 固 ("56FA) in font nullfont!
Missing character: There is no 有 ("6709) in font nullfont!
Missing character: There is no 频 ("9891) in font nullfont!
Missing character: There is no 率 ("7387) in font nullfont!
Missing character: There is no 。 ("3002) in font nullfont!

Overfull \hbox (21.26617pt too wide) in paragraph at lines 105--107
 $\OML/cmm/m/it/10 ![] \/lmr/m/n/10 =
 []


Overfull \hbox (33.47234pt too wide) in paragraph at lines 105--107
[]$ 
 []

Missing character: There is no 硬 (U+786C) in font [lmroman10-bold]:mapping=tex-
text;!
Missing character: There is no 弹 (U+5F39) in font [lmroman10-bold]:mapping=tex-
text;!
Missing character: There is no 簧 (U+7C27) in font [lmroman10-bold]:mapping=tex-
text;!
Missing character: There is no ： ("FF1A) in font nullfont!
Missing character: There is no 频 ("9891) in font nullfont!
Missing character: There is no 率 ("7387) in font nullfont!
Missing character: There is no 随 ("968F) in font nullfont!
Missing character: There is no 振 ("632F) in font nullfont!
Missing character: There is no 幅 ("5E45) in font nullfont!
Missing character: There is no 增 ("589E) in font nullfont!
Missing character: There is no 大 ("5927) in font nullfont!
Missing character: There is no 而 ("800C) in font nullfont!
Missing character: There is no 增 ("589E) in font nullfont!
Missing character: There is no 大 ("5927) in font nullfont!
Missing character: There is no ， ("FF0C) in font nullfont!
Missing character: There is no 幅 ("5E45) in font nullfont!
Missing character: There is no 频 ("9891) in font nullfont!
Missing character: There is no 曲 ("66F2) in font nullfont!
Missing character: There is no 线 ("7EBF) in font nullfont!
Missing character: There is no 向 ("5411) in font nullfont!
Missing character: There is no 右 ("53F3) in font nullfont!
Missing character: There is no 弯 ("5F2F) in font nullfont!
Missing character: There is no 曲 ("66F2) in font nullfont!

Overfull \hbox (8.4pt too wide) in paragraph at lines 108--109
\TU/lmr/bx/n/10 硬弹簧
 []


Overfull \hbox (15.21869pt too wide) in paragraph at lines 108--109
\OML/cmm/m/it/10 " >
 []


Overfull \hbox (5.00002pt too wide) in paragraph at lines 108--109
\/lmr/m/n/10 0$ 
 []

Missing character: There is no 软 (U+8F6F) in font [lmroman10-bold]:mapping=tex-
text;!
Missing character: There is no 弹 (U+5F39) in font [lmroman10-bold]:mapping=tex-
text;!
Missing character: There is no 簧 (U+7C27) in font [lmroman10-bold]:mapping=tex-
text;!
Missing character: There is no ： ("FF1A) in font nullfont!
Missing character: There is no 频 ("9891) in font nullfont!
Missing character: There is no 率 ("7387) in font nullfont!
Missing character: There is no 随 ("968F) in font nullfont!
Missing character: There is no 振 ("632F) in font nullfont!
Missing character: There is no 幅 ("5E45) in font nullfont!
Missing character: There is no 增 ("589E) in font nullfont!
Missing character: There is no 大 ("5927) in font nullfont!
Missing character: There is no 而 ("800C) in font nullfont!
Missing character: There is no 减 ("51CF) in font nullfont!
Missing character: There is no 小 ("5C0F) in font nullfont!
Missing character: There is no ， ("FF0C) in font nullfont!
Missing character: There is no 幅 ("5E45) in font nullfont!
Missing character: There is no 频 ("9891) in font nullfont!
Missing character: There is no 曲 ("66F2) in font nullfont!
Missing character: There is no 线 ("7EBF) in font nullfont!
Missing character: There is no 向 ("5411) in font nullfont!
Missing character: There is no 左 ("5DE6) in font nullfont!
Missing character: There is no 弯 ("5F2F) in font nullfont!
Missing character: There is no 曲 ("66F2) in font nullfont!

Overfull \hbox (8.4pt too wide) in paragraph at lines 109--110
\TU/lmr/bx/n/10 软弹簧
 []


Overfull \hbox (15.21869pt too wide) in paragraph at lines 109--110
\OML/cmm/m/it/10 " <
 []


Overfull \hbox (5.00002pt too wide) in paragraph at lines 109--110
\/lmr/m/n/10 0$ 
 []

! Undefined control sequence.
l.112 \subsection
                 {跳跃现象（Jump Phenomenon）}
The control sequence at the end of the top line
of your error message was never \def'ed. If you have
misspelled it (e.g., `\hobx'), type `I' and the correct
spelling (e.g., `I\hbox'). Otherwise just continue,
and I'll forget about whatever was undefined.

Missing character: There is no 跳 ("8DF3) in font nullfont!
Missing character: There is no 跃 ("8DC3) in font nullfont!
Missing character: There is no 现 ("73B0) in font nullfont!
Missing character: There is no 象 ("8C61) in font nullfont!
Missing character: There is no （ ("FF08) in font nullfont!
Missing character: There is no J ("4A) in font nullfont!
Missing character: There is no u ("75) in font nullfont!
Missing character: There is no m ("6D) in font nullfont!
Missing character: There is no p ("70) in font nullfont!
Missing character: There is no P ("50) in font nullfont!
Missing character: There is no h ("68) in font nullfont!
Missing character: There is no e ("65) in font nullfont!
Missing character: There is no n ("6E) in font nullfont!
Missing character: There is no o ("6F) in font nullfont!
Missing character: There is no m ("6D) in font nullfont!
Missing character: There is no e ("65) in font nullfont!
Missing character: There is no n ("6E) in font nullfont!
Missing character: There is no o ("6F) in font nullfont!
Missing character: There is no n ("6E) in font nullfont!
Missing character: There is no ） ("FF09) in font nullfont!
Missing character: There is no 当 ("5F53) in font nullfont!
Missing character: There is no 激 ("6FC0) in font nullfont!
Missing character: There is no 励 ("52B1) in font nullfont!
Missing character: There is no 频 ("9891) in font nullfont!
Missing character: There is no 率 ("7387) in font nullfont!
Missing character: There is no 缓 ("7F13) in font nullfont!
Missing character: There is no 慢 ("6162) in font nullfont!
Missing character: There is no 扫 ("626B) in font nullfont!
Missing character: There is no 过 ("8FC7) in font nullfont!
Missing character: There is no 共 ("5171) in font nullfont!
Missing character: There is no 振 ("632F) in font nullfont!
Missing character: There is no 区 ("533A) in font nullfont!
Missing character: There is no 时 ("65F6) in font nullfont!
Missing character: There is no ， ("FF0C) in font nullfont!
Missing character: There is no 响 ("54CD) in font nullfont!
Missing character: There is no 应 ("5E94) in font nullfont!
Missing character: There is no 振 ("632F) in font nullfont!
Missing character: There is no 幅 ("5E45) in font nullfont!
Missing character: There is no 会 ("4F1A) in font nullfont!
Missing character: There is no 出 ("51FA) in font nullfont!
Missing character: There is no 现 ("73B0) in font nullfont!
Missing character: There is no 突 ("7A81) in font nullfont!
Missing character: There is no 变 ("53D8) in font nullfont!
Missing character: There is no — ("2014) in font nullfont!
Missing character: There is no — ("2014) in font nullfont!
Missing character: There is no 即 ("5373) in font nullfont!
Missing character: There is no 跳 ("8DF3) in font nullfont!
Missing character: There is no 跃 ("8DC3) in font nullfont!
Missing character: There is no 现 ("73B0) in font nullfont!
Missing character: There is no 象 ("8C61) in font nullfont!
Missing character: There is no 。 ("3002) in font nullfont!
Missing character: There is no 这 ("8FD9) in font nullfont!
Missing character: There is no 是 ("662F) in font nullfont!
Missing character: There is no 非 ("975E) in font nullfont!
Missing character: There is no 线 ("7EBF) in font nullfont!
Missing character: There is no 性 ("6027) in font nullfont!
Missing character: There is no 系 ("7CFB) in font nullfont!
Missing character: There is no 统 ("7EDF) in font nullfont!
Missing character: There is no 幅 ("5E45) in font nullfont!
Missing character: There is no 频 ("9891) in font nullfont!
Missing character: There is no 响 ("54CD) in font nullfont!
Missing character: There is no 应 ("5E94) in font nullfont!
Missing character: There is no 的 ("7684) in font nullfont!
Missing character: There is no 多 ("591A) in font nullfont!
Missing character: There is no 值 ("503C) in font nullfont!
Missing character: There is no 性 ("6027) in font nullfont!
Missing character: There is no 导 ("5BFC) in font nullfont!
Missing character: There is no 致 ("81F4) in font nullfont!
Missing character: There is no 的 ("7684) in font nullfont!
Missing character: There is no 。 ("3002) in font nullfont!

Overfull \hbox (20.0pt too wide) in paragraph at lines 112--114
[]
 []


! LaTeX Error: Environment figure undefined.

See the LaTeX manual or LaTeX Companion for explanation.
Type  H <return>  for immediate help.
 ...                                              
                                                  
l.115 \begin{figure}
                    [H]
Your command was ignored.
Type  I <command> <return>  to replace it with another command,
or  <return>  to continue without it.

Missing character: There is no [ ("5B) in font nullfont!
Missing character: There is no H ("48) in font nullfont!
Missing character: There is no ] ("5D) in font nullfont!

! LaTeX Error: Environment tikzpicture undefined.

See the LaTeX manual or LaTeX Companion for explanation.
Type  H <return>  for immediate help.
 ...                                              
                                                  
l.117 \begin{tikzpicture}
                         [scale=1.1]
Your command was ignored.
Type  I <command> <return>  to replace it with another command,
or  <return>  to continue without it.

Missing character: There is no [ ("5B) in font nullfont!
Missing character: There is no s ("73) in font nullfont!
Missing character: There is no c ("63) in font nullfont!
Missing character: There is no a ("61) in font nullfont!
Missing character: There is no l ("6C) in font nullfont!
Missing character: There is no e ("65) in font nullfont!
Missing character: There is no = ("3D) in font nullfont!
Missing character: There is no 1 ("31) in font nullfont!
Missing character: There is no . ("2E) in font nullfont!
Missing character: There is no 1 ("31) in font nullfont!
Missing character: There is no ] ("5D) in font nullfont!
! Undefined control sequence.
l.119     \draw
               [-Stealth] (0,0) -- (8,0) node[right] {$\omega/\omega_n$};
The control sequence at the end of the top line
of your error message was never \def'ed. If you have
misspelled it (e.g., `\hobx'), type `I' and the correct
spelling (e.g., `I\hbox'). Otherwise just continue,
and I'll forget about whatever was undefined.

Missing character: There is no [ ("5B) in font nullfont!
Missing character: There is no - ("2D) in font nullfont!
Missing character: There is no S ("53) in font nullfont!
Missing character: There is no t ("74) in font nullfont!
Missing character: There is no e ("65) in font nullfont!
Missing character: There is no a ("61) in font nullfont!
Missing character: There is no l ("6C) in font nullfont!
Missing character: There is no t ("74) in font nullfont!
Missing character: There is no h ("68) in font nullfont!
Missing character: There is no ] ("5D) in font nullfont!
Missing character: There is no ( ("28) in font nullfont!
Missing character: There is no 0 ("30) in font nullfont!
Missing character: There is no , ("2C) in font nullfont!
Missing character: There is no 0 ("30) in font nullfont!
Missing character: There is no ) ("29) in font nullfont!
Missing character: There is no - ("2D) in font nullfont!
Missing character: There is no - ("2D) in font nullfont!
Missing character: There is no ( ("28) in font nullfont!
Missing character: There is no 8 ("38) in font nullfont!
Missing character: There is no , ("2C) in font nullfont!
Missing character: There is no 0 ("30) in font nullfont!
Missing character: There is no ) ("29) in font nullfont!
Missing character: There is no n ("6E) in font nullfont!
Missing character: There is no o ("6F) in font nullfont!
Missing character: There is no d ("64) in font nullfont!
Missing character: There is no e ("65) in font nullfont!
Missing character: There is no [ ("5B) in font nullfont!
Missing character: There is no r ("72) in font nullfont!
Missing character: There is no i ("69) in font nullfont!
Missing character: There is no g ("67) in font nullfont!
Missing character: There is no h ("68) in font nullfont!
Missing character: There is no t ("74) in font nullfont!
Missing character: There is no ] ("5D) in font nullfont!
Missing character: There is no ; ("3B) in font nullfont!
! Undefined control sequence.
l.120     \draw
               [-Stealth] (0,0) -- (0,5) node[above] {$A$（振幅）};
The control sequence at the end of the top line
of your error message was never \def'ed. If you have
misspelled it (e.g., `\hobx'), type `I' and the correct
spelling (e.g., `I\hbox'). Otherwise just continue,
and I'll forget about whatever was undefined.

Missing character: There is no [ ("5B) in font nullfont!
Missing character: There is no - ("2D) in font nullfont!
Missing character: There is no S ("53) in font nullfont!
Missing character: There is no t ("74) in font nullfont!
Missing character: There is no e ("65) in font nullfont!
Missing character: There is no a ("61) in font nullfont!
Missing character: There is no l ("6C) in font nullfont!
Missing character: There is no t ("74) in font nullfont!
Missing character: There is no h ("68) in font nullfont!
Missing character: There is no ] ("5D) in font nullfont!
Missing character: There is no ( ("28) in font nullfont!
Missing character: There is no 0 ("30) in font nullfont!
Missing character: There is no , ("2C) in font nullfont!
Missing character: There is no 0 ("30) in font nullfont!
Missing character: There is no ) ("29) in font nullfont!
Missing character: There is no - ("2D) in font nullfont!
Missing character: There is no - ("2D) in font nullfont!
Missing character: There is no ( ("28) in font nullfont!
Missing character: There is no 0 ("30) in font nullfont!
Missing character: There is no , ("2C) in font nullfont!
Missing character: There is no 5 ("35) in font nullfont!
Missing character: There is no ) ("29) in font nullfont!
Missing character: There is no n ("6E) in font nullfont!
Missing character: There is no o ("6F) in font nullfont!
Missing character: There is no d ("64) in font nullfont!
Missing character: There is no e ("65) in font nullfont!
Missing character: There is no [ ("5B) in font nullfont!
Missing character: There is no a ("61) in font nullfont!
Missing character: There is no b ("62) in font nullfont!
Missing character: There is no o ("6F) in font nullfont!
Missing character: There is no v ("76) in font nullfont!
Missing character: There is no e ("65) in font nullfont!
Missing character: There is no ] ("5D) in font nullfont!
Missing character: There is no （ ("FF08) in font nullfont!
Missing character: There is no 振 ("632F) in font nullfont!
Missing character: There is no 幅 ("5E45) in font nullfont!
Missing character: There is no ） ("FF09) in font nullfont!
Missing character: There is no ; ("3B) in font nullfont!
! Undefined control sequence.
l.121     \draw
               [blue,thick,smooth,variable=\t,domain=0.3:8,samples=200] plot...
The control sequence at the end of the top line
of your error message was never \def'ed. If you have
misspelled it (e.g., `\hobx'), type `I' and the correct
spelling (e.g., `I\hbox'). Otherwise just continue,
and I'll forget about whatever was undefined.

Missing character: There is no [ ("5B) in font nullfont!
Missing character: There is no b ("62) in font nullfont!
Missing character: There is no l ("6C) in font nullfont!
Missing character: There is no u ("75) in font nullfont!
Missing character: There is no e ("65) in font nullfont!
Missing character: There is no , ("2C) in font nullfont!
Missing character: There is no t ("74) in font nullfont!
Missing character: There is no h ("68) in font nullfont!
Missing character: There is no i ("69) in font nullfont!
Missing character: There is no c ("63) in font nullfont!
Missing character: There is no k ("6B) in font nullfont!
Missing character: There is no , ("2C) in font nullfont!
Missing character: There is no s ("73) in font nullfont!
Missing character: There is no m ("6D) in font nullfont!
Missing character: There is no o ("6F) in font nullfont!
Missing character: There is no o ("6F) in font nullfont!
Missing character: There is no t ("74) in font nullfont!
Missing character: There is no h ("68) in font nullfont!
Missing character: There is no , ("2C) in font nullfont!
Missing character: There is no v ("76) in font nullfont!
Missing character: There is no a ("61) in font nullfont!
Missing character: There is no r ("72) in font nullfont!
Missing character: There is no i ("69) in font nullfont!
Missing character: There is no a ("61) in font nullfont!
Missing character: There is no b ("62) in font nullfont!
Missing character: There is no l ("6C) in font nullfont!
Missing character: There is no e ("65) in font nullfont!
Missing character: There is no = ("3D) in font nullfont!
Missing character: There is no d ("64) in font nullfont!
Missing character: There is no o ("6F) in font nullfont!
Missing character: There is no m ("6D) in font nullfont!
Missing character: There is no a ("61) in font nullfont!
Missing character: There is no i ("69) in font nullfont!
Missing character: There is no n ("6E) in font nullfont!
Missing character: There is no = ("3D) in font nullfont!
Missing character: There is no 0 ("30) in font nullfont!
Missing character: There is no . ("2E) in font nullfont!
Missing character: There is no 3 ("33) in font nullfont!
Missing character: There is no : ("3A) in font nullfont!
Missing character: There is no 8 ("38) in font nullfont!
Missing character: There is no , ("2C) in font nullfont!
Missing character: There is no s ("73) in font nullfont!
Missing character: There is no a ("61) in font nullfont!
Missing character: There is no m ("6D) in font nullfont!
Missing character: There is no p ("70) in font nullfont!
Missing character: There is no l ("6C) in font nullfont!
Missing character: There is no e ("65) in font nullfont!
Missing character: There is no s ("73) in font nullfont!
Missing character: There is no = ("3D) in font nullfont!
Missing character: There is no 2 ("32) in font nullfont!
Missing character: There is no 0 ("30) in font nullfont!
Missing character: There is no 0 ("30) in font nullfont!
Missing character: There is no ] ("5D) in font nullfont!
Missing character: There is no p ("70) in font nullfont!
Missing character: There is no l ("6C) in font nullfont!
Missing character: There is no o ("6F) in font nullfont!
Missing character: There is no t ("74) in font nullfont!
Missing character: There is no ( ("28) in font nullfont!
! Argument of \UseTextAccent  has an extra }.
<inserted text> 
                \par 
l.121 ...le=\t,domain=0.3:8,samples=200] plot({\t}
                                                  ,{3.5/(sqrt((1-\t*\t)^2 + ...
I've run across a `}' that doesn't seem to match anything.
For example, `\def\a#1{...}' and `\a}' would produce
this error. If you simply proceed now, the `\par' that
I've just inserted will cause me to report a runaway
argument that might be the root of the problem. But if
your `}' was spurious, just type `2' and it will go away.

Runaway argument?
! Paragraph ended before \UseTextAccent  was complete.
<to be read again> 
                   \par 
l.121 ...le=\t,domain=0.3:8,samples=200] plot({\t}
                                                  ,{3.5/(sqrt((1-\t*\t)^2 + ...
I suspect you've forgotten a `}', causing me to apply this
control sequence to too much text. How can we recover?
My plan is to forget the whole thing and hope for the best.


Overfull \hbox (20.0pt too wide) in paragraph at lines 115--121
 [] 
 []


Overfull \hbox (23.25119pt too wide) in paragraph at lines 115--121
 \OML/cmm/m/it/10 !=![]$ 
 []


Overfull \hbox (7.50002pt too wide) in paragraph at lines 115--121
 \OML/cmm/m/it/10 A$ 
 []


Overfull \hbox (2.77779pt too wide) in paragraph at lines 115--121
 []\/lmr/m/n/10 , 
 []

Missing character: There is no , ("2C) in font nullfont!
Missing character: There is no 3 ("33) in font nullfont!
Missing character: There is no . ("2E) in font nullfont!
Missing character: There is no 5 ("35) in font nullfont!
Missing character: There is no / ("2F) in font nullfont!
Missing character: There is no ( ("28) in font nullfont!
Missing character: There is no s ("73) in font nullfont!
Missing character: There is no q ("71) in font nullfont!
Missing character: There is no r ("72) in font nullfont!
Missing character: There is no t ("74) in font nullfont!
Missing character: There is no ( ("28) in font nullfont!
Missing character: There is no ( ("28) in font nullfont!
Missing character: There is no 1 ("31) in font nullfont!
Missing character: There is no - ("2D) in font nullfont!
! Missing $ inserted.
<inserted text> 
                $
l.121 ...ples=200] plot({\t},{3.5/(sqrt((1-\t*\t)^
                                                  2 + 4*\a*\a*\t*\t) + 0.000...
I've inserted a begin-math/end-math symbol since I think
you left one out. Proceed, with fingers crossed.


LaTeX Warning: Command \t invalid in math mode on input line 121.


LaTeX Warning: Command \t invalid in math mode on input line 121.

! Please use \mathaccent for accents in math mode.
\add@accent ... \let \ignorespaces \relax \accent 
                                                  #1 #2\egroup \ifmmode \els...
l.121 ...{\t},{3.5/(sqrt((1-\t*\t)^2 + 4*\a*\a*\t*
                                                  \t) + 0.0001*(\t*\t > 0.8 ...
I'm changing \accent to \mathaccent here; wish me luck.
(Accents are not the same in formulas as they are in text.)

! Missing { inserted.
<to be read again> 
                   \edef 
l.121 ...{\t},{3.5/(sqrt((1-\t*\t)^2 + 4*\a*\a*\t*
                                                  \t) + 0.0001*(\t*\t > 0.8 ...
A left brace was mandatory here, so I've put one in.
You might want to delete and/or insert some corrections
so that I will find a matching right brace soon.
(If you're confused by all this, try typing `I}' now.)


LaTeX Warning: Command \t invalid in math mode on input line 121.

Missing character: There is no ) ("29) in font ts1-lmr10!
! Please use \mathaccent for accents in math mode.
\add@accent ... \let \ignorespaces \relax \accent 
                                                  #1 #2\egroup \ifmmode \els...
l.121 ...},{3.5/(sqrt((1-\t*\t)^2 + 4*\a*\a*\t*\t)
                                                   + 0.0001*(\t*\t > 0.8 ? (...
I'm changing \accent to \mathaccent here; wish me luck.
(Accents are not the same in formulas as they are in text.)


LaTeX Warning: Command \t invalid in math mode on input line 121.

! Please use \mathaccent for accents in math mode.
\add@accent ... \let \ignorespaces \relax \accent 
                                                  #1 #2\egroup \ifmmode \els...
l.121 ...1-\t*\t)^2 + 4*\a*\a*\t*\t) + 0.0001*(\t*
                                                  \t > 0.8 ? (\t-0.8)^3 : 0)...
I'm changing \accent to \mathaccent here; wish me luck.
(Accents are not the same in formulas as they are in text.)


LaTeX Warning: Command \t invalid in math mode on input line 121.

! Please use \mathaccent for accents in math mode.
\add@accent ... \let \ignorespaces \relax \accent 
                                                  #1 #2\egroup \ifmmode \els...
l.121 ...*\t)^2 + 4*\a*\a*\t*\t) + 0.0001*(\t*\t >
                                                   0.8 ? (\t-0.8)^3 : 0))});
I'm changing \accent to \mathaccent here; wish me luck.
(Accents are not the same in formulas as they are in text.)


LaTeX Warning: Command \t invalid in math mode on input line 121.

! Please use \mathaccent for accents in math mode.
\add@accent ... \let \ignorespaces \relax \accent 
                                                  #1 #2\egroup \ifmmode \els...
l.121 ...\a*\a*\t*\t) + 0.0001*(\t*\t > 0.8 ? (\t-
                                                  0.8)^3 : 0))});
I'm changing \accent to \mathaccent here; wish me luck.
(Accents are not the same in formulas as they are in text.)

! Undefined control sequence.
l.122     \draw
               [red,thick,-Stealth] (3.8,3.0) -- (5.5,3.0);
The control sequence at the end of the top line
of your error message was never \def'ed. If you have
misspelled it (e.g., `\hobx'), type `I' and the correct
spelling (e.g., `I\hbox'). Otherwise just continue,
and I'll forget about whatever was undefined.

! Undefined control sequence.
l.123     \draw
               [red,thick,-Stealth] (5.8,0.9) -- (4.2,0.9);
The control sequence at the end of the top line
of your error message was never \def'ed. If you have
misspelled it (e.g., `\hobx'), type `I' and the correct
spelling (e.g., `I\hbox'). Otherwise just continue,
and I'll forget about whatever was undefined.

! Undefined control sequence.
l.124     \node
               [red] at (7.0,2.6) {向上跳跃};
The control sequence at the end of the top line
of your error message was never \def'ed. If you have
misspelled it (e.g., `\hobx'), type `I' and the correct
spelling (e.g., `I\hbox'). Otherwise just continue,
and I'll forget about whatever was undefined.

! Undefined control sequence.
l.125     \node
               [red] at (3.0,1.2) {向下跳跃};
The control sequence at the end of the top line
of your error message was never \def'ed. If you have
misspelled it (e.g., `\hobx'), type `I' and the correct
spelling (e.g., `I\hbox'). Otherwise just continue,
and I'll forget about whatever was undefined.

! Undefined control sequence.
l.126     \draw
               [gray,thin,dashed] (3.5,0) -- (3.5,4.5);
The control sequence at the end of the top line
of your error message was never \def'ed. If you have
misspelled it (e.g., `\hobx'), type `I' and the correct
spelling (e.g., `I\hbox'). Otherwise just continue,
and I'll forget about whatever was undefined.

! Undefined control sequence.
l.127     \draw
               [gray,thin,dashed] (5.5,0) -- (5.5,4.5);
The control sequence at the end of the top line
of your error message was never \def'ed. If you have
misspelled it (e.g., `\hobx'), type `I' and the correct
spelling (e.g., `I\hbox'). Otherwise just continue,
and I'll forget about whatever was undefined.

! Undefined control sequence.
l.128     \node
                at (3.5,-0.4) {$\omega_1$};
The control sequence at the end of the top line
of your error message was never \def'ed. If you have
misspelled it (e.g., `\hobx'), type `I' and the correct
spelling (e.g., `I\hbox'). Otherwise just continue,
and I'll forget about whatever was undefined.

! Missing } inserted.
<inserted text> 
                }
l.128     \node at (3.5,-0.4) {$
                                \omega_1$};
I've inserted something that you may have forgotten.
(See the <inserted text> above.)
With luck, this will get me unwedged. But if you
really didn't forget anything, try typing `2' now; then
my insertion and my current dilemma will both disappear.

Missing character: There is no 向 ("5411) in font cmr10!
Missing character: There is no 上 ("4E0A) in font cmr10!
Missing character: There is no 跳 ("8DF3) in font cmr10!
Missing character: There is no 跃 ("8DC3) in font cmr10!
Missing character: There is no 向 ("5411) in font cmr10!
Missing character: There is no 下 ("4E0B) in font cmr10!
Missing character: There is no 跳 ("8DF3) in font cmr10!
Missing character: There is no 跃 ("8DC3) in font cmr10!
! Missing $ inserted.
<inserted text> 
                $
l.128     \node at (3.5,-0.4) {$\omega
                                      _1$};
I've inserted a begin-math/end-math symbol since I think
you left one out. Proceed, with fingers crossed.

Missing character: There is no ; ("3B) in font nullfont!
! Undefined control sequence.
l.129     \node
                at (5.5,-0.4) {$\omega_2$};
The control sequence at the end of the top line
of your error message was never \def'ed. If you have
misspelled it (e.g., `\hobx'), type `I' and the correct
spelling (e.g., `I\hbox'). Otherwise just continue,
and I'll forget about whatever was undefined.

Missing character: There is no a ("61) in font nullfont!
Missing character: There is no t ("74) in font nullfont!
Missing character: There is no ( ("28) in font nullfont!
Missing character: There is no 5 ("35) in font nullfont!
Missing character: There is no . ("2E) in font nullfont!
Missing character: There is no 5 ("35) in font nullfont!
Missing character: There is no , ("2C) in font nullfont!
Missing character: There is no - ("2D) in font nullfont!
Missing character: There is no 0 ("30) in font nullfont!
Missing character: There is no . ("2E) in font nullfont!
Missing character: There is no 4 ("34) in font nullfont!
Missing character: There is no ) ("29) in font nullfont!
Missing character: There is no ; ("3B) in font nullfont!
! Undefined control sequence.
l.130     \node
                at (0.5,4.5) {硬弹簧 Duffing};
The control sequence at the end of the top line
of your error message was never \def'ed. If you have
misspelled it (e.g., `\hobx'), type `I' and the correct
spelling (e.g., `I\hbox'). Otherwise just continue,
and I'll forget about whatever was undefined.

Missing character: There is no a ("61) in font nullfont!
Missing character: There is no t ("74) in font nullfont!
Missing character: There is no ( ("28) in font nullfont!
Missing character: There is no 0 ("30) in font nullfont!
Missing character: There is no . ("2E) in font nullfont!
Missing character: There is no 5 ("35) in font nullfont!
Missing character: There is no , ("2C) in font nullfont!
Missing character: There is no 4 ("34) in font nullfont!
Missing character: There is no . ("2E) in font nullfont!
Missing character: There is no 5 ("35) in font nullfont!
Missing character: There is no ) ("29) in font nullfont!
Missing character: There is no 硬 ("786C) in font nullfont!
Missing character: There is no 弹 ("5F39) in font nullfont!
Missing character: There is no 簧 ("7C27) in font nullfont!
Missing character: There is no D ("44) in font nullfont!
Missing character: There is no u ("75) in font nullfont!
Missing character: There is no f ("66) in font nullfont!
Missing character: There is no f ("66) in font nullfont!
Missing character: There is no i ("69) in font nullfont!
Missing character: There is no n ("6E) in font nullfont!
Missing character: There is no g ("67) in font nullfont!
Missing character: There is no ; ("3B) in font nullfont!
! Undefined control sequence.
l.131     \draw
               [green!50!black,dashed,thick] plot[domain=0.3:8,samples=200] ...
The control sequence at the end of the top line
of your error message was never \def'ed. If you have
misspelled it (e.g., `\hobx'), type `I' and the correct
spelling (e.g., `I\hbox'). Otherwise just continue,
and I'll forget about whatever was undefined.

Missing character: There is no [ ("5B) in font nullfont!
Missing character: There is no g ("67) in font nullfont!
Missing character: There is no r ("72) in font nullfont!
Missing character: There is no e ("65) in font nullfont!
Missing character: There is no e ("65) in font nullfont!
Missing character: There is no n ("6E) in font nullfont!
Missing character: There is no ! ("21) in font nullfont!
Missing character: There is no 5 ("35) in font nullfont!
Missing character: There is no 0 ("30) in font nullfont!
Missing character: There is no ! ("21) in font nullfont!
Missing character: There is no b ("62) in font nullfont!
Missing character: There is no l ("6C) in font nullfont!
Missing character: There is no a ("61) in font nullfont!
Missing character: There is no c ("63) in font nullfont!
Missing character: There is no k ("6B) in font nullfont!
Missing character: There is no , ("2C) in font nullfont!
Missing character: There is no d ("64) in font nullfont!
Missing character: There is no a ("61) in font nullfont!
Missing character: There is no s ("73) in font nullfont!
Missing character: There is no h ("68) in font nullfont!
Missing character: There is no e ("65) in font nullfont!
Missing character: There is no d ("64) in font nullfont!
Missing character: There is no , ("2C) in font nullfont!
Missing character: There is no t ("74) in font nullfont!
Missing character: There is no h ("68) in font nullfont!
Missing character: There is no i ("69) in font nullfont!
Missing character: There is no c ("63) in font nullfont!
Missing character: There is no k ("6B) in font nullfont!
Missing character: There is no ] ("5D) in font nullfont!
Missing character: There is no p ("70) in font nullfont!
Missing character: There is no l ("6C) in font nullfont!
Missing character: There is no o ("6F) in font nullfont!
Missing character: There is no t ("74) in font nullfont!
Missing character: There is no [ ("5B) in font nullfont!
Missing character: There is no d ("64) in font nullfont!
Missing character: There is no o ("6F) in font nullfont!
Missing character: There is no m ("6D) in font nullfont!
Missing character: There is no a ("61) in font nullfont!
Missing character: There is no i ("69) in font nullfont!
Missing character: There is no n ("6E) in font nullfont!
Missing character: There is no = ("3D) in font nullfont!
Missing character: There is no 0 ("30) in font nullfont!
Missing character: There is no . ("2E) in font nullfont!
Missing character: There is no 3 ("33) in font nullfont!
Missing character: There is no : ("3A) in font nullfont!
Missing character: There is no 8 ("38) in font nullfont!
Missing character: There is no , ("2C) in font nullfont!
Missing character: There is no s ("73) in font nullfont!
Missing character: There is no a ("61) in font nullfont!
Missing character: There is no m ("6D) in font nullfont!
Missing character: There is no p ("70) in font nullfont!
Missing character: There is no l ("6C) in font nullfont!
Missing character: There is no e ("65) in font nullfont!
Missing character: There is no s ("73) in font nullfont!
Missing character: There is no = ("3D) in font nullfont!
Missing character: There is no 2 ("32) in font nullfont!
Missing character: There is no 0 ("30) in font nullfont!
Missing character: There is no 0 ("30) in font nullfont!
Missing character: There is no ] ("5D) in font nullfont!
Missing character: There is no ( ("28) in font nullfont!
! Undefined control sequence.
l.131 ...thick] plot[domain=0.3:8,samples=200] (\x
                                                  ,{2.8/(sqrt((1-\x*\x)^2 + ...
The control sequence at the end of the top line
of your error message was never \def'ed. If you have
misspelled it (e.g., `\hobx'), type `I' and the correct
spelling (e.g., `I\hbox'). Otherwise just continue,
and I'll forget about whatever was undefined.

Missing character: There is no , ("2C) in font nullfont!
Missing character: There is no 2 ("32) in font nullfont!
Missing character: There is no . ("2E) in font nullfont!
Missing character: There is no 8 ("38) in font nullfont!
Missing character: There is no / ("2F) in font nullfont!
Missing character: There is no ( ("28) in font nullfont!
Missing character: There is no s ("73) in font nullfont!
Missing character: There is no q ("71) in font nullfont!
Missing character: There is no r ("72) in font nullfont!
Missing character: There is no t ("74) in font nullfont!
Missing character: There is no ( ("28) in font nullfont!
Missing character: There is no ( ("28) in font nullfont!
Missing character: There is no 1 ("31) in font nullfont!
Missing character: There is no - ("2D) in font nullfont!
! Undefined control sequence.
l.131 ...n=0.3:8,samples=200] (\x,{2.8/(sqrt((1-\x
                                                  *\x)^2 + 4*\a*\a*\x*\x))});
The control sequence at the end of the top line
of your error message was never \def'ed. If you have
misspelled it (e.g., `\hobx'), type `I' and the correct
spelling (e.g., `I\hbox'). Otherwise just continue,
and I'll forget about whatever was undefined.

Missing character: There is no * ("2A) in font nullfont!
! Undefined control sequence.
l.131 ....3:8,samples=200] (\x,{2.8/(sqrt((1-\x*\x
                                                  )^2 + 4*\a*\a*\x*\x))});
The control sequence at the end of the top line
of your error message was never \def'ed. If you have
misspelled it (e.g., `\hobx'), type `I' and the correct
spelling (e.g., `I\hbox'). Otherwise just continue,
and I'll forget about whatever was undefined.

Missing character: There is no ) ("29) in font nullfont!
! Missing $ inserted.
<inserted text> 
                $
l.131 ...:8,samples=200] (\x,{2.8/(sqrt((1-\x*\x)^
                                                  2 + 4*\a*\a*\x*\x))});
I've inserted a begin-math/end-math symbol since I think
you left one out. Proceed, with fingers crossed.

! Undefined control sequence.
l.131 ...] (\x,{2.8/(sqrt((1-\x*\x)^2 + 4*\a*\a*\x
                                                  *\x))});
The control sequence at the end of the top line
of your error message was never \def'ed. If you have
misspelled it (e.g., `\hobx'), type `I' and the correct
spelling (e.g., `I\hbox'). Otherwise just continue,
and I'll forget about whatever was undefined.

! Undefined control sequence.
l.131 ...\x,{2.8/(sqrt((1-\x*\x)^2 + 4*\a*\a*\x*\x
                                                  ))});
The control sequence at the end of the top line
of your error message was never \def'ed. If you have
misspelled it (e.g., `\hobx'), type `I' and the correct
spelling (e.g., `I\hbox'). Otherwise just continue,
and I'll forget about whatever was undefined.

! Extra }, or forgotten $.
l.131 ...{2.8/(sqrt((1-\x*\x)^2 + 4*\a*\a*\x*\x))}
                                                  );
I've deleted a group-closing symbol because it seems to be
spurious, as in `$x}$'. But perhaps the } is legitimate and
you forgot something else, as in `\hbox{$x}'. In such cases
the way to recover is to insert both the forgotten and the
deleted material, e.g., by typing `I$}'.

! Undefined control sequence.
l.132     \node
               [green!50!black] at (7.5,1.0) {线性};
The control sequence at the end of the top line
of your error message was never \def'ed. If you have
misspelled it (e.g., `\hobx'), type `I' and the correct
spelling (e.g., `I\hbox'). Otherwise just continue,
and I'll forget about whatever was undefined.


! LaTeX Error: \begin{document} ended by \end{tikzpicture}.

See the LaTeX manual or LaTeX Companion for explanation.
Type  H <return>  for immediate help.
 ...                                              
                                                  
l.133 \end{tikzpicture}
                       
Your command was ignored.
Type  I <command> <return>  to replace it with another command,
or  <return>  to continue without it.

! Missing $ inserted.
<inserted text> 
                $
l.133 \end{tikzpicture}
                       
I've inserted something that you may have forgotten.
(See the <inserted text> above.)
With luck, this will get me unwedged. But if you
really didn't forget anything, try typing `2' now; then
my insertion and my current dilemma will both disappear.

Missing character: There is no 线 ("7EBF) in font cmr10!
Missing character: There is no 性 ("6027) in font cmr10!
! Missing } inserted.
<inserted text> 
                }
l.133 \end{tikzpicture}
                       
I've inserted something that you may have forgotten.
(See the <inserted text> above.)
With luck, this will get me unwedged. But if you
really didn't forget anything, try typing `2' now; then
my insertion and my current dilemma will both disappear.


! LaTeX Error: \caption outside float.

See the LaTeX manual or LaTeX Companion for explanation.
Type  H <return>  for immediate help.
 ...                                              
                                                  
l.134 \caption
              {Duffing 硬弹簧的幅频跳跃现象。频率从低到高扫频时（右侧箭头），振幅在 $\omega_1$ 处向上跳跃;从高到低扫...

You're in trouble here.  Try typing  <return>  to proceed.
If that doesn't work, type  X <return>  to quit.

Missing character: There is no D ("44) in font nullfont!
Missing character: There is no u ("75) in font nullfont!
Missing character: There is no f ("66) in font nullfont!
Missing character: There is no f ("66) in font nullfont!
Missing character: There is no i ("69) in font nullfont!
Missing character: There is no n ("6E) in font nullfont!
Missing character: There is no g ("67) in font nullfont!
Missing character: There is no 硬 ("786C) in font nullfont!
Missing character: There is no 弹 ("5F39) in font nullfont!
Missing character: There is no 簧 ("7C27) in font nullfont!
Missing character: There is no 的 ("7684) in font nullfont!
Missing character: There is no 幅 ("5E45) in font nullfont!
Missing character: There is no 频 ("9891) in font nullfont!
Missing character: There is no 跳 ("8DF3) in font nullfont!
Missing character: There is no 跃 ("8DC3) in font nullfont!
Missing character: There is no 现 ("73B0) in font nullfont!
Missing character: There is no 象 ("8C61) in font nullfont!
Missing character: There is no 。 ("3002) in font nullfont!
Missing character: There is no 频 ("9891) in font nullfont!
Missing character: There is no 率 ("7387) in font nullfont!
Missing character: There is no 从 ("4ECE) in font nullfont!
Missing character: There is no 低 ("4F4E) in font nullfont!
Missing character: There is no 到 ("5230) in font nullfont!
Missing character: There is no 高 ("9AD8) in font nullfont!
Missing character: There is no 扫 ("626B) in font nullfont!
Missing character: There is no 频 ("9891) in font nullfont!
Missing character: There is no 时 ("65F6) in font nullfont!
Missing character: There is no （ ("FF08) in font nullfont!
Missing character: There is no 右 ("53F3) in font nullfont!
Missing character: There is no 侧 ("4FA7) in font nullfont!
Missing character: There is no 箭 ("7BAD) in font nullfont!
Missing character: There is no 头 ("5934) in font nullfont!
Missing character: There is no ） ("FF09) in font nullfont!
Missing character: There is no ， ("FF0C) in font nullfont!
Missing character: There is no 振 ("632F) in font nullfont!
Missing character: There is no 幅 ("5E45) in font nullfont!
Missing character: There is no 在 ("5728) in font nullfont!
Missing character: There is no 处 ("5904) in font nullfont!
Missing character: There is no 向 ("5411) in font nullfont!
Missing character: There is no 上 ("4E0A) in font nullfont!
Missing character: There is no 跳 ("8DF3) in font nullfont!
Missing character: There is no 跃 ("8DC3) in font nullfont!
Missing character: There is no ; ("3B) in font nullfont!
Missing character: There is no 从 ("4ECE) in font nullfont!
Missing character: There is no 高 ("9AD8) in font nullfont!
Missing character: There is no 到 ("5230) in font nullfont!
Missing character: There is no 低 ("4F4E) in font nullfont!
Missing character: There is no 扫 ("626B) in font nullfont!
Missing character: There is no 频 ("9891) in font nullfont!
Missing character: There is no 时 ("65F6) in font nullfont!
Missing character: There is no （ ("FF08) in font nullfont!
Missing character: There is no 左 ("5DE6) in font nullfont!
Missing character: There is no 侧 ("4FA7) in font nullfont!
Missing character: There is no 箭 ("7BAD) in font nullfont!
Missing character: There is no 头 ("5934) in font nullfont!
Missing character: There is no ） ("FF09) in font nullfont!
Missing character: There is no ， ("FF0C) in font nullfont!
Missing character: There is no 振 ("632F) in font nullfont!
Missing character: There is no 幅 ("5E45) in font nullfont!
Missing character: There is no 在 ("5728) in font nullfont!
Missing character: There is no 处 ("5904) in font nullfont!
Missing character: There is no 向 ("5411) in font nullfont!
Missing character: There is no 下 ("4E0B) in font nullfont!
Missing character: There is no 跳 ("8DF3) in font nullfont!
Missing character: There is no 跃 ("8DC3) in font nullfont!
Missing character: There is no 。 ("3002) in font nullfont!
Missing character: There is no 虚 ("865A) in font nullfont!
Missing character: There is no 线 ("7EBF) in font nullfont!
Missing character: There is no 为 ("4E3A) in font nullfont!
Missing character: There is no 对 ("5BF9) in font nullfont!
Missing character: There is no 应 ("5E94) in font nullfont!
Missing character: There is no 的 ("7684) in font nullfont!
Missing character: There is no 线 ("7EBF) in font nullfont!
Missing character: There is no 性 ("6027) in font nullfont!
Missing character: There is no 系 ("7CFB) in font nullfont!
Missing character: There is no 统 ("7EDF) in font nullfont!
Missing character: There is no 响 ("54CD) in font nullfont!
Missing character: There is no 应 ("5E94) in font nullfont!
Missing character: There is no 。 ("3002) in font nullfont!

! LaTeX Error: \begin{document} ended by \end{figure}.

See the LaTeX manual or LaTeX Companion for explanation.
Type  H <return>  for immediate help.
 ...                                              
                                                  
l.136 \end{figure}
                  
Your command was ignored.
Type  I <command> <return>  to replace it with another command,
or  <return>  to continue without it.


Overfull \hbox (21.15285pt too wide) in paragraph at lines 121--137
[][]\/lmr/m/n/10 *[])$[] +
 []


Overfull \hbox (10.00003pt too wide) in paragraph at lines 121--137
\/lmr/m/n/10 4 \OMS/cmsy/m/n/10 ^^C
 []


Overfull \hbox (22.77785pt too wide) in paragraph at lines 121--137
\/lmr/m/n/10 0\OML/cmm/m/it/10 :\/lmr/m/n/10 05 \OMS/cmsy/m/n/10 ^^C
 []


Overfull \hbox (22.77785pt too wide) in paragraph at lines 121--137
\/lmr/m/n/10 0\OML/cmm/m/it/10 :\/lmr/m/n/10 05 \OMS/cmsy/m/n/10 ^^C
 []


Overfull \hbox (292.67334pt too wide) in paragraph at lines 121--137
[]\/lmr/m/n/10 ); [\OML/cmm/m/it/10 red; thick; \OMS/cmsy/m/n/10 ^^@\OML/cmm/m/
it/10 Stealth\/lmr/m/n/10 ](3\OML/cmm/m/it/10 :\/lmr/m/n/10 8\OML/cmm/m/it/10 ;
 \/lmr/m/n/10 3\OML/cmm/m/it/10 :\/lmr/m/n/10 0) \OMS/cmsy/m/n/10 ^^@
 []


Overfull \hbox (187.90948pt too wide) in paragraph at lines 121--137
\OMS/cmsy/m/n/10 ^^@\/lmr/m/n/10 (5\OML/cmm/m/it/10 :\/lmr/m/n/10 5\OML/cmm/m/i
t/10 ; \/lmr/m/n/10 3\OML/cmm/m/it/10 :\/lmr/m/n/10 0); [\OML/cmm/m/it/10 red; 
thick; \OMS/cmsy/m/n/10 ^^@\OML/cmm/m/it/10 Stealth\/lmr/m/n/10 ](5\OML/cmm/m/i
t/10 :\/lmr/m/n/10 8\OML/cmm/m/it/10 ; \/lmr/m/n/10 0\OML/cmm/m/it/10 :\/lmr/m/
n/10 9) \OMS/cmsy/m/n/10 ^^@
 []


Overfull \hbox (314.95943pt too wide) in paragraph at lines 121--137
\OMS/cmsy/m/n/10 ^^@\/lmr/m/n/10 (4\OML/cmm/m/it/10 :\/lmr/m/n/10 2\OML/cmm/m/i
t/10 ; \/lmr/m/n/10 0\OML/cmm/m/it/10 :\/lmr/m/n/10 9); [\OML/cmm/m/it/10 red\/
lmr/m/n/10 ]\OML/cmm/m/it/10 at\/lmr/m/n/10 (7\OML/cmm/m/it/10 :\/lmr/m/n/10 0\
OML/cmm/m/it/10 ; \/lmr/m/n/10 2\OML/cmm/m/it/10 :\/lmr/m/n/10 6)[]; [\OML/cmm/
m/it/10 red\/lmr/m/n/10 ]\OML/cmm/m/it/10 at\/lmr/m/n/10 (3\OML/cmm/m/it/10 :\/
lmr/m/n/10 0\OML/cmm/m/it/10 ; \/lmr/m/n/10 1\OML/cmm/m/it/10 :\/lmr/m/n/10 2)[
]; [\OML/cmm/m/it/10 gray; thin; dashed\/lmr/m/n/10 ](3\OML/cmm/m/it/10 :\/lmr/
m/n/10 5\OML/cmm/m/it/10 ; \/lmr/m/n/10 0) \OMS/cmsy/m/n/10 ^^@
 []


Overfull \hbox (172.30876pt too wide) in paragraph at lines 121--137
\OMS/cmsy/m/n/10 ^^@\/lmr/m/n/10 (3\OML/cmm/m/it/10 :\/lmr/m/n/10 5\OML/cmm/m/i
t/10 ; \/lmr/m/n/10 4\OML/cmm/m/it/10 :\/lmr/m/n/10 5); [\OML/cmm/m/it/10 gray;
 thin; dashed\/lmr/m/n/10 ](5\OML/cmm/m/it/10 :\/lmr/m/n/10 5\OML/cmm/m/it/10 ;
 \/lmr/m/n/10 0) \OMS/cmsy/m/n/10 ^^@
 []


Overfull \hbox (115.16338pt too wide) in paragraph at lines 121--137
\OMS/cmsy/m/n/10 ^^@\/lmr/m/n/10 (5\OML/cmm/m/it/10 :\/lmr/m/n/10 5\OML/cmm/m/i
t/10 ; \/lmr/m/n/10 4\OML/cmm/m/it/10 :\/lmr/m/n/10 5); \OML/cmm/m/it/10 at\/lm
r/m/n/10 (3\OML/cmm/m/it/10 :\/lmr/m/n/10 5\OML/cmm/m/it/10 ; \OMS/cmsy/m/n/10 
^^@\/lmr/m/n/10 0\OML/cmm/m/it/10 :\/lmr/m/n/10 4)[]$$\OML/cmm/m/it/10 ![]$
 []


Overfull \hbox (10.71066pt too wide) in paragraph at lines 121--137
\OML/cmm/m/it/10 ![]$
 []


Overfull \hbox (12.26393pt too wide) in paragraph at lines 121--137
[] \/lmr/m/n/10 +
 []


Overfull \hbox (10.00003pt too wide) in paragraph at lines 121--137
\/lmr/m/n/10 4 \OMS/cmsy/m/n/10 ^^C
 []


Overfull \hbox (22.77785pt too wide) in paragraph at lines 121--137
\/lmr/m/n/10 0\OML/cmm/m/it/10 :\/lmr/m/n/10 05 \OMS/cmsy/m/n/10 ^^C
 []


Overfull \hbox (22.77785pt too wide) in paragraph at lines 121--137
\/lmr/m/n/10 0\OML/cmm/m/it/10 :\/lmr/m/n/10 05 \OMS/cmsy/m/n/10 ^^C
 []


Overfull \hbox (139.51418pt too wide) in paragraph at lines 121--137
\OMS/cmsy/m/n/10 ^^C\/lmr/m/n/10 ))); [\OML/cmm/m/it/10 green\/lmr/m/n/10 !50!\
OML/cmm/m/it/10 black\/lmr/m/n/10 ]\OML/cmm/m/it/10 at\/lmr/m/n/10 (7\OML/cmm/m
/it/10 :\/lmr/m/n/10 5\OML/cmm/m/it/10 ; \/lmr/m/n/10 1\OML/cmm/m/it/10 :\/lmr/
m/n/10 0)[];$
 []


Overfull \hbox (10.71066pt too wide) in paragraph at lines 121--137
\OML/cmm/m/it/10 ![]$
 []


Overfull \hbox (10.71066pt too wide) in paragraph at lines 121--137
\OML/cmm/m/it/10 ![]$
 []

Missing character: There is no 跳 ("8DF3) in font nullfont!
Missing character: There is no 跃 ("8DC3) in font nullfont!
Missing character: There is no 现 ("73B0) in font nullfont!
Missing character: There is no 象 ("8C61) in font nullfont!
Missing character: There is no 的 ("7684) in font nullfont!
Missing character: There is no 发 ("53D1) in font nullfont!
Missing character: There is no 生 ("751F) in font nullfont!
Missing character: There is no 机 ("673A) in font nullfont!
Missing character: There is no 制 ("5236) in font nullfont!
Missing character: There is no ： ("FF1A) in font nullfont!

Overfull \hbox (20.0pt too wide) in paragraph at lines 138--139
[] 
 []

Missing character: There is no 扫 ("626B) in font nullfont!
Missing character: There is no 频 ("9891) in font nullfont!
Missing character: There is no 上 ("4E0A) in font nullfont!
Missing character: There is no 行 ("884C) in font nullfont!
Missing character: There is no ： ("FF1A) in font nullfont!
Missing character: There is no 振 ("632F) in font nullfont!
Missing character: There is no 幅 ("5E45) in font nullfont!
Missing character: There is no 沿 ("6CBF) in font nullfont!
Missing character: There is no 上 ("4E0A) in font nullfont!
Missing character: There is no 部 ("90E8) in font nullfont!
Missing character: There is no 稳 ("7A33) in font nullfont!
Missing character: There is no 定 ("5B9A) in font nullfont!
Missing character: There is no 分 ("5206) in font nullfont!
Missing character: There is no 支 ("652F) in font nullfont!
Missing character: There is no 缓 ("7F13) in font nullfont!
Missing character: There is no 慢 ("6162) in font nullfont!
Missing character: There is no 增 ("589E) in font nullfont!
Missing character: There is no 大 ("5927) in font nullfont!
Missing character: There is no ， ("FF0C) in font nullfont!
Missing character: There is no 到 ("5230) in font nullfont!
Missing character: There is no 达 ("8FBE) in font nullfont!
Missing character: There is no 临 ("4E34) in font nullfont!
Missing character: There is no 界 ("754C) in font nullfont!
Missing character: There is no 频 ("9891) in font nullfont!
Missing character: There is no 率 ("7387) in font nullfont!
Missing character: There is no 附 ("9644) in font nullfont!
Missing character: There is no 近 ("8FD1) in font nullfont!
Missing character: There is no 后 ("540E) in font nullfont!
Missing character: There is no 失 ("5931) in font nullfont!
Missing character: There is no 稳 ("7A33) in font nullfont!
Missing character: There is no ， ("FF0C) in font nullfont!
Missing character: There is no 振 ("632F) in font nullfont!
Missing character: There is no 幅 ("5E45) in font nullfont!
Missing character: There is no 骤 ("9AA4) in font nullfont!
Missing character: There is no 降 ("964D) in font nullfont!
Missing character: There is no 至 ("81F3) in font nullfont!
Missing character: There is no 下 ("4E0B) in font nullfont!
Missing character: There is no 部 ("90E8) in font nullfont!
Missing character: There is no 稳 ("7A33) in font nullfont!
Missing character: There is no 定 ("5B9A) in font nullfont!
Missing character: There is no 分 ("5206) in font nullfont!
Missing character: There is no 支 ("652F) in font nullfont!

Overfull \hbox (10.71066pt too wide) in paragraph at lines 140--141
\OML/cmm/m/it/10 ![]$ 
 []

Missing character: There is no 扫 ("626B) in font nullfont!
Missing character: There is no 频 ("9891) in font nullfont!
Missing character: There is no 下 ("4E0B) in font nullfont!
Missing character: There is no 行 ("884C) in font nullfont!
Missing character: There is no ： ("FF1A) in font nullfont!
Missing character: There is no 振 ("632F) in font nullfont!
Missing character: There is no 幅 ("5E45) in font nullfont!
Missing character: There is no 沿 ("6CBF) in font nullfont!
Missing character: There is no 下 ("4E0B) in font nullfont!
Missing character: There is no 部 ("90E8) in font nullfont!
Missing character: There is no 稳 ("7A33) in font nullfont!
Missing character: There is no 定 ("5B9A) in font nullfont!
Missing character: There is no 分 ("5206) in font nullfont!
Missing character: There is no 支 ("652F) in font nullfont!
Missing character: There is no 增 ("589E) in font nullfont!
Missing character: There is no 大 ("5927) in font nullfont!
Missing character: There is no ， ("FF0C) in font nullfont!
Missing character: There is no 到 ("5230) in font nullfont!
Missing character: There is no 达 ("8FBE) in font nullfont!
Missing character: There is no 时 ("65F6) in font nullfont!
Missing character: There is no 向 ("5411) in font nullfont!
Missing character: There is no 上 ("4E0A) in font nullfont!
Missing character: There is no 跳 ("8DF3) in font nullfont!
Missing character: There is no 跃 ("8DC3) in font nullfont!
Missing character: There is no 到 ("5230) in font nullfont!
Missing character: There is no 上 ("4E0A) in font nullfont!
Missing character: There is no 部 ("90E8) in font nullfont!
Missing character: There is no 稳 ("7A33) in font nullfont!
Missing character: There is no 定 ("5B9A) in font nullfont!
Missing character: There is no 分 ("5206) in font nullfont!
Missing character: There is no 支 ("652F) in font nullfont!

Overfull \hbox (10.71066pt too wide) in paragraph at lines 141--142
\OML/cmm/m/it/10 ![]$ 
 []

Missing character: There is no 为 ("4E3A) in font nullfont!
Missing character: There is no 多 ("591A) in font nullfont!
Missing character: There is no 解 ("89E3) in font nullfont!
Missing character: There is no 区 ("533A) in font nullfont!
Missing character: There is no 间 ("95F4) in font nullfont!
Missing character: There is no ， ("FF0C) in font nullfont!
Missing character: There is no 存 ("5B58) in font nullfont!
Missing character: There is no 在 ("5728) in font nullfont!
Missing character: There is no 三 ("4E09) in font nullfont!
Missing character: There is no 个 ("4E2A) in font nullfont!
Missing character: There is no 可 ("53EF) in font nullfont!
Missing character: There is no 能 ("80FD) in font nullfont!
Missing character: There is no 的 ("7684) in font nullfont!
Missing character: There is no 稳 ("7A33) in font nullfont!
Missing character: There is no 态 ("6001) in font nullfont!
Missing character: There is no 响 ("54CD) in font nullfont!
Missing character: There is no 应 ("5E94) in font nullfont!
Missing character: There is no （ ("FF08) in font nullfont!
Missing character: There is no 两 ("4E24) in font nullfont!
Missing character: There is no 个 ("4E2A) in font nullfont!
Missing character: There is no 稳 ("7A33) in font nullfont!
Missing character: There is no 定 ("5B9A) in font nullfont!
Missing character: There is no 、 ("3001) in font nullfont!
Missing character: There is no 一 ("4E00) in font nullfont!
Missing character: There is no 个 ("4E2A) in font nullfont!
Missing character: There is no 不 ("4E0D) in font nullfont!
Missing character: There is no 稳 ("7A33) in font nullfont!
Missing character: There is no 定 ("5B9A) in font nullfont!
Missing character: There is no ） ("FF09) in font nullfont!

Overfull \hbox (21.26617pt too wide) in paragraph at lines 142--143
\OML/cmm/m/it/10 ![] <
 []


Overfull \hbox (17.13882pt too wide) in paragraph at lines 142--143
\OML/cmm/m/it/10 ! <
 []


Overfull \hbox (10.71066pt too wide) in paragraph at lines 142--143
\OML/cmm/m/it/10 ![]$ 
 []

! Undefined control sequence.
l.145 \subsection
                 {次谐波与超谐波共振}
The control sequence at the end of the top line
of your error message was never \def'ed. If you have
misspelled it (e.g., `\hobx'), type `I' and the correct
spelling (e.g., `I\hbox'). Otherwise just continue,
and I'll forget about whatever was undefined.

Missing character: There is no 次 ("6B21) in font nullfont!
Missing character: There is no 谐 ("8C10) in font nullfont!
Missing character: There is no 波 ("6CE2) in font nullfont!
Missing character: There is no 与 ("4E0E) in font nullfont!
Missing character: There is no 超 ("8D85) in font nullfont!
Missing character: There is no 谐 ("8C10) in font nullfont!
Missing character: There is no 波 ("6CE2) in font nullfont!
Missing character: There is no 共 ("5171) in font nullfont!
Missing character: There is no 振 ("632F) in font nullfont!
Missing character: There is no 非 ("975E) in font nullfont!
Missing character: There is no 线 ("7EBF) in font nullfont!
Missing character: There is no 性 ("6027) in font nullfont!
Missing character: There is no 系 ("7CFB) in font nullfont!
Missing character: There is no 统 ("7EDF) in font nullfont!
Missing character: There is no 可 ("53EF) in font nullfont!
Missing character: There is no 将 ("5C06) in font nullfont!
Missing character: There is no 能 ("80FD) in font nullfont!
Missing character: There is no 量 ("91CF) in font nullfont!
Missing character: There is no 在 ("5728) in font nullfont!
Missing character: There is no 不 ("4E0D) in font nullfont!
Missing character: There is no 同 ("540C) in font nullfont!
Missing character: There is no 频 ("9891) in font nullfont!
Missing character: There is no 率 ("7387) in font nullfont!
Missing character: There is no 成 ("6210) in font nullfont!
Missing character: There is no 分 ("5206) in font nullfont!
Missing character: There is no 间 ("95F4) in font nullfont!
Missing character: There is no 传 ("4F20) in font nullfont!
Missing character: There is no 递 ("9012) in font nullfont!
Missing character: There is no 。 ("3002) in font nullfont!
Missing character: There is no 当 ("5F53) in font nullfont!
Missing character: There is no 激 ("6FC0) in font nullfont!
Missing character: There is no 励 ("52B1) in font nullfont!
Missing character: There is no 频 ("9891) in font nullfont!
Missing character: There is no 率 ("7387) in font nullfont!
Missing character: There is no 接 ("63A5) in font nullfont!
Missing character: There is no 近 ("8FD1) in font nullfont!
Missing character: There is no 固 ("56FA) in font nullfont!
Missing character: There is no 有 ("6709) in font nullfont!
Missing character: There is no 频 ("9891) in font nullfont!
Missing character: There is no 率 ("7387) in font nullfont!
Missing character: There is no 的 ("7684) in font nullfont!
Missing character: There is no 整 ("6574) in font nullfont!
Missing character: There is no 数 ("6570) in font nullfont!
Missing character: There is no 倍 ("500D) in font nullfont!
Missing character: There is no 或 ("6216) in font nullfont!
Missing character: There is no 分 ("5206) in font nullfont!
Missing character: There is no 数 ("6570) in font nullfont!
Missing character: There is no 倍 ("500D) in font nullfont!
Missing character: There is no 时 ("65F6) in font nullfont!
Missing character: There is no ， ("FF0C) in font nullfont!
Missing character: There is no 可 ("53EF) in font nullfont!
Missing character: There is no 激 ("6FC0) in font nullfont!
Missing character: There is no 发 ("53D1) in font nullfont!
Missing character: There is no 共 ("5171) in font nullfont!
Missing character: There is no 振 ("632F) in font nullfont!
Missing character: There is no ： ("FF1A) in font nullfont!

Overfull \hbox (20.0pt too wide) in paragraph at lines 145--147
[]
 []


Overfull \hbox (6.58331pt too wide) in paragraph at lines 145--147
\OML/cmm/m/it/10 !$
 []


Overfull \hbox (11.66786pt too wide) in paragraph at lines 145--147
\OML/cmm/m/it/10 ![]$
 []


Overfull \hbox (20.0pt too wide) in paragraph at lines 148--148
[] 
 []

Missing character: There is no 超 (U+8D85) in font [lmroman10-bold]:mapping=tex-
text;!
Missing character: There is no 谐 (U+8C10) in font [lmroman10-bold]:mapping=tex-
text;!
Missing character: There is no 波 (U+6CE2) in font [lmroman10-bold]:mapping=tex-
text;!
Missing character: There is no 共 (U+5171) in font [lmroman10-bold]:mapping=tex-
text;!
Missing character: There is no 振 (U+632F) in font [lmroman10-bold]:mapping=tex-
text;!
Missing character: There is no （ (U+FF08) in font [lmroman10-bold]:mapping=tex-
text;!
Missing character: There is no ） (U+FF09) in font [lmroman10-bold]:mapping=tex-
text;!
Missing character: There is no ： ("FF1A) in font nullfont!
Missing character: There is no ， ("FF0C) in font nullfont!
Missing character: There is no 激 ("6FC0) in font nullfont!
Missing character: There is no 励 ("52B1) in font nullfont!
Missing character: There is no 频 ("9891) in font nullfont!
Missing character: There is no 率 ("7387) in font nullfont!
Missing character: There is no 为 ("4E3A) in font nullfont!
Missing character: There is no 固 ("56FA) in font nullfont!
Missing character: There is no 有 ("6709) in font nullfont!
Missing character: There is no 频 ("9891) in font nullfont!
Missing character: There is no 率 ("7387) in font nullfont!
Missing character: There is no 的 ("7684) in font nullfont!
Missing character: There is no 分 ("5206) in font nullfont!
Missing character: There is no 数 ("6570) in font nullfont!
Missing character: There is no ， ("FF0C) in font nullfont!
Missing character: There is no 例 ("4F8B) in font nullfont!
Missing character: There is no 如 ("5982) in font nullfont!
Missing character: There is no 时 ("65F6) in font nullfont!
Missing character: There is no 激 ("6FC0) in font nullfont!
Missing character: There is no 发 ("53D1) in font nullfont!
Missing character: There is no 三 ("4E09) in font nullfont!
Missing character: There is no 次 ("6B21) in font nullfont!
Missing character: There is no 超 ("8D85) in font nullfont!
Missing character: There is no 谐 ("8C10) in font nullfont!
Missing character: There is no 波 ("6CE2) in font nullfont!
Missing character: There is no 共 ("5171) in font nullfont!
Missing character: There is no 振 ("632F) in font nullfont!

Overfull \hbox (93.04001pt too wide) in paragraph at lines 149--150
\TU/lmr/bx/n/10 超谐波共振（Superharmonic
 []


Overfull \hbox (18.38pt too wide) in paragraph at lines 149--150
\TU/lmr/bx/n/10 res-
 []


Overfull \hbox (9.58pt too wide) in paragraph at lines 149--150
\TU/lmr/bx/n/10 o-
 []


Overfull \hbox (48.68883pt too wide) in paragraph at lines 149--150
\TU/lmr/bx/n/10 nance）$\OML/cmm/m/it/10 ! \OMS/cmsy/m/n/10 ^^Y
 []


Overfull \hbox (22.67023pt too wide) in paragraph at lines 149--150
\OML/cmm/m/it/10 ![]=n$
 []


Overfull \hbox (17.13882pt too wide) in paragraph at lines 149--150
\OML/cmm/m/it/10 ! \OMS/cmsy/m/n/10 ^^Y
 []


Overfull \hbox (21.6679pt too wide) in paragraph at lines 149--150
\OML/cmm/m/it/10 ![]=\/lmr/m/n/10 3$ 
 []

Missing character: There is no 次 (U+6B21) in font [lmroman10-bold]:mapping=tex-
text;!
Missing character: There is no 谐 (U+8C10) in font [lmroman10-bold]:mapping=tex-
text;!
Missing character: There is no 波 (U+6CE2) in font [lmroman10-bold]:mapping=tex-
text;!
Missing character: There is no 共 (U+5171) in font [lmroman10-bold]:mapping=tex-
text;!
Missing character: There is no 振 (U+632F) in font [lmroman10-bold]:mapping=tex-
text;!
Missing character: There is no （ (U+FF08) in font [lmroman10-bold]:mapping=tex-
text;!
Missing character: There is no ） (U+FF09) in font [lmroman10-bold]:mapping=tex-
text;!
Missing character: There is no ： ("FF1A) in font nullfont!
Missing character: There is no ， ("FF0C) in font nullfont!
Missing character: There is no 激 ("6FC0) in font nullfont!
Missing character: There is no 励 ("52B1) in font nullfont!
Missing character: There is no 频 ("9891) in font nullfont!
Missing character: There is no 率 ("7387) in font nullfont!
Missing character: There is no 为 ("4E3A) in font nullfont!
Missing character: There is no 固 ("56FA) in font nullfont!
Missing character: There is no 有 ("6709) in font nullfont!
Missing character: There is no 频 ("9891) in font nullfont!
Missing character: There is no 率 ("7387) in font nullfont!
Missing character: There is no 的 ("7684) in font nullfont!
Missing character: There is no 整 ("6574) in font nullfont!
Missing character: There is no 数 ("6570) in font nullfont!
Missing character: There is no 倍 ("500D) in font nullfont!
Missing character: There is no ， ("FF0C) in font nullfont!
Missing character: There is no 如 ("5982) in font nullfont!

Overfull \hbox (82.71pt too wide) in paragraph at lines 150--151
\TU/lmr/bx/n/10 次谐波共振（Subharmonic
 []


Overfull \hbox (18.38pt too wide) in paragraph at lines 150--151
\TU/lmr/bx/n/10 res-
 []


Overfull \hbox (9.58pt too wide) in paragraph at lines 150--151
\TU/lmr/bx/n/10 o-
 []


Overfull \hbox (48.68883pt too wide) in paragraph at lines 150--151
\TU/lmr/bx/n/10 nance）$\OML/cmm/m/it/10 ! \OMS/cmsy/m/n/10 ^^Y
 []


Overfull \hbox (20.448pt too wide) in paragraph at lines 150--151
\OML/cmm/m/it/10 m![]$
 []


Overfull \hbox (17.13882pt too wide) in paragraph at lines 150--151
\OML/cmm/m/it/10 ! \OMS/cmsy/m/n/10 ^^Y
 []


Overfull \hbox (16.66788pt too wide) in paragraph at lines 150--151
\/lmr/m/n/10 3\OML/cmm/m/it/10 ![]$ 
 []

Missing character: There is no 组 (U+7EC4) in font [lmroman10-bold]:mapping=tex-
text;!
Missing character: There is no 合 (U+5408) in font [lmroman10-bold]:mapping=tex-
text;!
Missing character: There is no 共 (U+5171) in font [lmroman10-bold]:mapping=tex-
text;!
Missing character: There is no 振 (U+632F) in font [lmroman10-bold]:mapping=tex-
text;!
Missing character: There is no （ (U+FF08) in font [lmroman10-bold]:mapping=tex-
text;!
Missing character: There is no ） (U+FF09) in font [lmroman10-bold]:mapping=tex-
text;!
Missing character: There is no ： ("FF1A) in font nullfont!
Missing character: There is no 多 ("591A) in font nullfont!
Missing character: There is no 频 ("9891) in font nullfont!
Missing character: There is no 激 ("6FC0) in font nullfont!
Missing character: There is no 励 ("52B1) in font nullfont!
Missing character: There is no 时 ("65F6) in font nullfont!
Missing character: There is no ， ("FF0C) in font nullfont!

Overfull \hbox (78.68001pt too wide) in paragraph at lines 151--152
\TU/lmr/bx/n/10 组合共振（Combination
 []


Overfull \hbox (18.38pt too wide) in paragraph at lines 151--152
\TU/lmr/bx/n/10 res-
 []


Overfull \hbox (9.58pt too wide) in paragraph at lines 151--152
\TU/lmr/bx/n/10 o-
 []


Overfull \hbox (50.03847pt too wide) in paragraph at lines 151--152
\TU/lmr/bx/n/10 nance）$\OML/cmm/m/it/10 ![] \OMS/cmsy/m/n/10 ^^F
 []


Overfull \hbox (21.26617pt too wide) in paragraph at lines 151--152
\OML/cmm/m/it/10 ![] \OMS/cmsy/m/n/10 ^^Y
 []


Overfull \hbox (11.66786pt too wide) in paragraph at lines 151--152
\OML/cmm/m/it/10 ![]$ 
 []

! Undefined control sequence.
l.154 \subsection
                 {自激振动与极限环}
The control sequence at the end of the top line
of your error message was never \def'ed. If you have
misspelled it (e.g., `\hobx'), type `I' and the correct
spelling (e.g., `I\hbox'). Otherwise just continue,
and I'll forget about whatever was undefined.

Missing character: There is no 自 ("81EA) in font nullfont!
Missing character: There is no 激 ("6FC0) in font nullfont!
Missing character: There is no 振 ("632F) in font nullfont!
Missing character: There is no 动 ("52A8) in font nullfont!
Missing character: There is no 与 ("4E0E) in font nullfont!
Missing character: There is no 极 ("6781) in font nullfont!
Missing character: There is no 限 ("9650) in font nullfont!
Missing character: There is no 环 ("73AF) in font nullfont!
Missing character: There is no 自 ("81EA) in font nullfont!
Missing character: There is no 激 ("6FC0) in font nullfont!
Missing character: There is no 振 ("632F) in font nullfont!
Missing character: There is no 动 ("52A8) in font nullfont!
Missing character: There is no （ ("FF08) in font nullfont!
Missing character: There is no S ("53) in font nullfont!
Missing character: There is no e ("65) in font nullfont!
Missing character: There is no l ("6C) in font nullfont!
Missing character: There is no f ("66) in font nullfont!
Missing character: There is no - ("2D) in font nullfont!
Missing character: There is no e ("65) in font nullfont!
Missing character: There is no x ("78) in font nullfont!
Missing character: There is no c ("63) in font nullfont!
Missing character: There is no i ("69) in font nullfont!
Missing character: There is no t ("74) in font nullfont!
Missing character: There is no e ("65) in font nullfont!
Missing character: There is no d ("64) in font nullfont!
Missing character: There is no v ("76) in font nullfont!
Missing character: There is no i ("69) in font nullfont!
Missing character: There is no b ("62) in font nullfont!
Missing character: There is no r ("72) in font nullfont!
Missing character: There is no a ("61) in font nullfont!
Missing character: There is no t ("74) in font nullfont!
Missing character: There is no i ("69) in font nullfont!
Missing character: There is no o ("6F) in font nullfont!
Missing character: There is no n ("6E) in font nullfont!
Missing character: There is no ） ("FF09) in font nullfont!
Missing character: There is no 指 ("6307) in font nullfont!
Missing character: There is no 系 ("7CFB) in font nullfont!
Missing character: There is no 统 ("7EDF) in font nullfont!
Missing character: There is no 从 ("4ECE) in font nullfont!
Missing character: There is no 恒 ("6052) in font nullfont!
Missing character: There is no 定 ("5B9A) in font nullfont!
Missing character: There is no 能 ("80FD) in font nullfont!
Missing character: There is no 源 ("6E90) in font nullfont!
Missing character: There is no 中 ("4E2D) in font nullfont!
Missing character: There is no 汲 ("6C72) in font nullfont!
Missing character: There is no 取 ("53D6) in font nullfont!
Missing character: There is no 能 ("80FD) in font nullfont!
Missing character: There is no 量 ("91CF) in font nullfont!
Missing character: There is no 并 ("5E76) in font nullfont!
Missing character: There is no 将 ("5C06) in font nullfont!
Missing character: There is no 其 ("5176) in font nullfont!
Missing character: There is no 转 ("8F6C) in font nullfont!
Missing character: There is no 换 ("6362) in font nullfont!
Missing character: There is no 为 ("4E3A) in font nullfont!
Missing character: There is no 振 ("632F) in font nullfont!
Missing character: There is no 动 ("52A8) in font nullfont!
Missing character: There is no 能 ("80FD) in font nullfont!
Missing character: There is no 量 ("91CF) in font nullfont!
Missing character: There is no ， ("FF0C) in font nullfont!
Missing character: There is no 维 ("7EF4) in font nullfont!
Missing character: There is no 持 ("6301) in font nullfont!
Missing character: There is no 稳 ("7A33) in font nullfont!
Missing character: There is no 态 ("6001) in font nullfont!
Missing character: There is no 周 ("5468) in font nullfont!
Missing character: There is no 期 ("671F) in font nullfont!
Missing character: There is no 运 ("8FD0) in font nullfont!
Missing character: There is no 动 ("52A8) in font nullfont!
Missing character: There is no ： ("FF1A) in font nullfont!

Overfull \hbox (20.0pt too wide) in paragraph at lines 154--156
[]
 []

Missing character: There is no 颤 ("98A4) in font nullfont!
Missing character: There is no 振 ("632F) in font nullfont!
Missing character: There is no （ ("FF08) in font nullfont!
Missing character: There is no f ("66) in font nullfont!
Missing character: There is no l ("6C) in font nullfont!
Missing character: There is no u ("75) in font nullfont!
Missing character: There is no t ("74) in font nullfont!
Missing character: There is no t ("74) in font nullfont!
Missing character: There is no e ("65) in font nullfont!
Missing character: There is no r ("72) in font nullfont!
Missing character: There is no ） ("FF09) in font nullfont!
Missing character: There is no ： ("FF1A) in font nullfont!
Missing character: There is no 风 ("98CE) in font nullfont!
Missing character: There is no 速 ("901F) in font nullfont!
Missing character: There is no 超 ("8D85) in font nullfont!
Missing character: There is no 过 ("8FC7) in font nullfont!
Missing character: There is no 临 ("4E34) in font nullfont!
Missing character: There is no 界 ("754C) in font nullfont!
Missing character: There is no 速 ("901F) in font nullfont!
Missing character: There is no 度 ("5EA6) in font nullfont!
Missing character: There is no 时 ("65F6) in font nullfont!
Missing character: There is no 薄 ("8584) in font nullfont!
Missing character: There is no 翼 ("7FFC) in font nullfont!
Missing character: There is no 的 ("7684) in font nullfont!
Missing character: There is no 弯 ("5F2F) in font nullfont!
Missing character: There is no 曲 ("66F2) in font nullfont!
Missing character: There is no - ("2D) in font nullfont!
Missing character: There is no 扭 ("626D) in font nullfont!
Missing character: There is no 转 ("8F6C) in font nullfont!
Missing character: There is no 耦 ("8026) in font nullfont!
Missing character: There is no 合 ("5408) in font nullfont!
Missing character: There is no 振 ("632F) in font nullfont!
Missing character: There is no 荡 ("8361) in font nullfont!
Missing character: There is no 干 ("5E72) in font nullfont!
Missing character: There is no 摩 ("6469) in font nullfont!
Missing character: There is no 擦 ("64E6) in font nullfont!
Missing character: There is no 引 ("5F15) in font nullfont!
Missing character: There is no 起 ("8D77) in font nullfont!
Missing character: There is no 的 ("7684) in font nullfont!
Missing character: There is no 黏 ("9ECF) in font nullfont!
Missing character: There is no 滑 ("6ED1) in font nullfont!
Missing character: There is no 振 ("632F) in font nullfont!
Missing character: There is no 动 ("52A8) in font nullfont!
Missing character: There is no ： ("FF1A) in font nullfont!
Missing character: There is no 机 ("673A) in font nullfont!
Missing character: There is no 床 ("5E8A) in font nullfont!
Missing character: There is no 导 ("5BFC) in font nullfont!
Missing character: There is no 轨 ("8F68) in font nullfont!
Missing character: There is no 爬 ("722C) in font nullfont!
Missing character: There is no 行 ("884C) in font nullfont!
Missing character: There is no 、 ("3001) in font nullfont!
Missing character: There is no 制 ("5236) in font nullfont!
Missing character: There is no 动 ("52A8) in font nullfont!
Missing character: There is no 噪 ("566A) in font nullfont!
Missing character: There is no 声 ("58F0) in font nullfont!
Missing character: There is no 车 ("8F66) in font nullfont!
Missing character: There is no 削 ("524A) in font nullfont!
Missing character: There is no 颤 ("98A4) in font nullfont!
Missing character: There is no 振 ("632F) in font nullfont!
Missing character: There is no ： ("FF1A) in font nullfont!
Missing character: There is no 刀 ("5200) in font nullfont!
Missing character: There is no 具 ("5177) in font nullfont!
Missing character: There is no - ("2D) in font nullfont!
Missing character: There is no 工 ("5DE5) in font nullfont!
Missing character: There is no 件 ("4EF6) in font nullfont!
Missing character: There is no 系 ("7CFB) in font nullfont!
Missing character: There is no 统 ("7EDF) in font nullfont!
Missing character: There is no 的 ("7684) in font nullfont!
Missing character: There is no 再 ("518D) in font nullfont!
Missing character: There is no 生 ("751F) in font nullfont!
Missing character: There is no 颤 ("98A4) in font nullfont!
Missing character: There is no 振 ("632F) in font nullfont!

! LaTeX Error: Environment definition undefined.

See the LaTeX manual or LaTeX Companion for explanation.
Type  H <return>  for immediate help.
 ...                                              
                                                  
l.162 \begin{definition}
                        [极限环]
Your command was ignored.
Type  I <command> <return>  to replace it with another command,
or  <return>  to continue without it.

Missing character: There is no [ ("5B) in font nullfont!
Missing character: There is no 极 ("6781) in font nullfont!
Missing character: There is no 限 ("9650) in font nullfont!
Missing character: There is no 环 ("73AF) in font nullfont!
Missing character: There is no ] ("5D) in font nullfont!
Missing character: There is no 极 ("6781) in font nullfont!
Missing character: There is no 限 ("9650) in font nullfont!
Missing character: There is no 环 ("73AF) in font nullfont!
Missing character: There is no 是 ("662F) in font nullfont!
Missing character: There is no 相 ("76F8) in font nullfont!
Missing character: There is no 平 ("5E73) in font nullfont!
Missing character: There is no 面 ("9762) in font nullfont!
Missing character: There is no 上 ("4E0A) in font nullfont!
Missing character: There is no 的 ("7684) in font nullfont!
Missing character: There is no 孤 ("5B64) in font nullfont!
Missing character: There is no 立 ("7ACB) in font nullfont!
Missing character: There is no 闭 ("95ED) in font nullfont!
Missing character: There is no 轨 ("8F68) in font nullfont!
Missing character: There is no ， ("FF0C) in font nullfont!
Missing character: There is no 相 ("76F8) in font nullfont!
Missing character: There is no 邻 ("90BB) in font nullfont!
Missing character: There is no 轨 ("8F68) in font nullfont!
Missing character: There is no 线 ("7EBF) in font nullfont!
Missing character: There is no 均 ("5747) in font nullfont!
Missing character: There is no 渐 ("6E10) in font nullfont!
Missing character: There is no 近 ("8FD1) in font nullfont!
Missing character: There is no 趋 ("8D8B) in font nullfont!
Missing character: There is no 近 ("8FD1) in font nullfont!
Missing character: There is no （ ("FF08) in font nullfont!
Missing character: There is no 稳 ("7A33) in font nullfont!
Missing character: There is no 定 ("5B9A) in font nullfont!
Missing character: There is no 极 ("6781) in font nullfont!
Missing character: There is no 限 ("9650) in font nullfont!
Missing character: There is no 环 ("73AF) in font nullfont!
Missing character: There is no ） ("FF09) in font nullfont!
Missing character: There is no 或 ("6216) in font nullfont!
Missing character: There is no 远 ("8FDC) in font nullfont!
Missing character: There is no 离 ("79BB) in font nullfont!
Missing character: There is no （ ("FF08) in font nullfont!
Missing character: There is no 不 ("4E0D) in font nullfont!
Missing character: There is no 稳 ("7A33) in font nullfont!
Missing character: There is no 定 ("5B9A) in font nullfont!
Missing character: There is no 极 ("6781) in font nullfont!
Missing character: There is no 限 ("9650) in font nullfont!
Missing character: There is no 环 ("73AF) in font nullfont!
Missing character: There is no ） ("FF09) in font nullfont!
Missing character: There is no 该 ("8BE5) in font nullfont!
Missing character: There is no 闭 ("95ED) in font nullfont!
Missing character: There is no 轨 ("8F68) in font nullfont!
Missing character: There is no 。 ("3002) in font nullfont!
Missing character: There is no 极 ("6781) in font nullfont!
Missing character: There is no 限 ("9650) in font nullfont!
Missing character: There is no 环 ("73AF) in font nullfont!
Missing character: There is no 对 ("5BF9) in font nullfont!
Missing character: There is no 应 ("5E94) in font nullfont!
Missing character: There is no 系 ("7CFB) in font nullfont!
Missing character: There is no 统 ("7EDF) in font nullfont!
Missing character: There is no 在 ("5728) in font nullfont!
Missing character: There is no 时 ("65F6) in font nullfont!
Missing character: There is no 域 ("57DF) in font nullfont!
Missing character: There is no 中 ("4E2D) in font nullfont!
Missing character: There is no 的 ("7684) in font nullfont!
Missing character: There is no 自 ("81EA) in font nullfont!
Missing character: There is no 激 ("6FC0) in font nullfont!
Missing character: There is no 稳 ("7A33) in font nullfont!
Missing character: There is no 态 ("6001) in font nullfont!
Missing character: There is no 周 ("5468) in font nullfont!
Missing character: There is no 期 ("671F) in font nullfont!
Missing character: There is no 运 ("8FD0) in font nullfont!
Missing character: There is no 动 ("52A8) in font nullfont!
Missing character: There is no ， ("FF0C) in font nullfont!
Missing character: There is no 其 ("5176) in font nullfont!
Missing character: There is no 振 ("632F) in font nullfont!
Missing character: There is no 幅 ("5E45) in font nullfont!
Missing character: There is no 和 ("548C) in font nullfont!
Missing character: There is no 周 ("5468) in font nullfont!
Missing character: There is no 期 ("671F) in font nullfont!
Missing character: There is no 由 ("7531) in font nullfont!
Missing character: There is no 系 ("7CFB) in font nullfont!
Missing character: There is no 统 ("7EDF) in font nullfont!
Missing character: There is no 参 ("53C2) in font nullfont!
Missing character: There is no 数 ("6570) in font nullfont!
Missing character: There is no 决 ("51B3) in font nullfont!
Missing character: There is no 定 ("5B9A) in font nullfont!
Missing character: There is no ， ("FF0C) in font nullfont!
Missing character: There is no 与 ("4E0E) in font nullfont!
Missing character: There is no 初 ("521D) in font nullfont!
Missing character: There is no 始 ("59CB) in font nullfont!
Missing character: There is no 条 ("6761) in font nullfont!
Missing character: There is no 件 ("4EF6) in font nullfont!
Missing character: There is no 无 ("65E0) in font nullfont!
Missing character: There is no 关 ("5173) in font nullfont!
Missing character: There is no 。 ("3002) in font nullfont!

! LaTeX Error: \begin{document} ended by \end{definition}.

See the LaTeX manual or LaTeX Companion for explanation.
Type  H <return>  for immediate help.
 ...                                              
                                                  
l.164 \end{definition}
                      
Your command was ignored.
Type  I <command> <return>  to replace it with another command,
or  <return>  to continue without it.


Overfull \hbox (20.0pt too wide) in paragraph at lines 162--165
[]
 []

! Undefined control sequence.
l.166 \section
              {相平面分析}
The control sequence at the end of the top line
of your error message was never \def'ed. If you have
misspelled it (e.g., `\hobx'), type `I' and the correct
spelling (e.g., `I\hbox'). Otherwise just continue,
and I'll forget about whatever was undefined.

Missing character: There is no 相 ("76F8) in font nullfont!
Missing character: There is no 平 ("5E73) in font nullfont!
Missing character: There is no 面 ("9762) in font nullfont!
Missing character: There is no 分 ("5206) in font nullfont!
Missing character: There is no 析 ("6790) in font nullfont!
! Undefined control sequence.
l.167 \subsection
                 {相平面概念}
The control sequence at the end of the top line
of your error message was never \def'ed. If you have
misspelled it (e.g., `\hobx'), type `I' and the correct
spelling (e.g., `I\hbox'). Otherwise just continue,
and I'll forget about whatever was undefined.

Missing character: There is no 相 ("76F8) in font nullfont!
Missing character: There is no 平 ("5E73) in font nullfont!
Missing character: There is no 面 ("9762) in font nullfont!
Missing character: There is no 概 ("6982) in font nullfont!
Missing character: There is no 念 ("5FF5) in font nullfont!
Missing character: There is no 对 ("5BF9) in font nullfont!
Missing character: There is no 于 ("4E8E) in font nullfont!
Missing character: There is no 二 ("4E8C) in font nullfont!
Missing character: There is no 阶 ("9636) in font nullfont!
Missing character: There is no 自 ("81EA) in font nullfont!
Missing character: There is no 治 ("6CBB) in font nullfont!
Missing character: There is no 系 ("7CFB) in font nullfont!
Missing character: There is no 统 ("7EDF) in font nullfont!
Missing character: There is no ： ("FF1A) in font nullfont!

Overfull \hbox (20.0pt too wide) in paragraph at lines 166--169
[]
 []


Overfull \hbox (61.45132pt too wide) detected at line 171
[] \/lmr/m/n/10 + \OML/cmm/m/it/10 f\/lmr/m/n/10 (\OML/cmm/m/it/10 x; []\/lmr/m
/n/10 ) = 0
 []

Missing character: There is no 定 ("5B9A) in font nullfont!
Missing character: There is no 义 ("4E49) in font nullfont!
Missing character: There is no 状 ("72B6) in font nullfont!
Missing character: There is no 态 ("6001) in font nullfont!
Missing character: There is no 变 ("53D8) in font nullfont!
Missing character: There is no 量 ("91CF) in font nullfont!
Missing character: There is no ， ("FF0C) in font nullfont!
Missing character: There is no 将 ("5C06) in font nullfont!
Missing character: There is no 二 ("4E8C) in font nullfont!
Missing character: There is no 阶 ("9636) in font nullfont!
Missing character: There is no 方 ("65B9) in font nullfont!
Missing character: There is no 程 ("7A0B) in font nullfont!
Missing character: There is no 化 ("5316) in font nullfont!
Missing character: There is no 为 ("4E3A) in font nullfont!
Missing character: There is no 一 ("4E00) in font nullfont!
Missing character: There is no 阶 ("9636) in font nullfont!
Missing character: There is no 微 ("5FAE) in font nullfont!
Missing character: There is no 分 ("5206) in font nullfont!
Missing character: There is no 方 ("65B9) in font nullfont!
Missing character: There is no 程 ("7A0B) in font nullfont!
Missing character: There is no 组 ("7EC4) in font nullfont!
Missing character: There is no ： ("FF1A) in font nullfont!

Overfull \hbox (15.81711pt too wide) in paragraph at lines 171--173
 $\OML/cmm/m/it/10 y \/lmr/m/n/10 =
 []


Overfull \hbox (5.71527pt too wide) in paragraph at lines 171--173
[]$ 
 []

! Missing { inserted.
<to be read again> 
                   \hfil 
l.175 \dot
          {x} = y \\
A left brace was mandatory here, so I've put one in.
You might want to delete and/or insert some corrections
so that I will find a matching right brace soon.
(If you're confused by all this, try typing `I}' now.)

! Missing } inserted.
<inserted text> 
                }
l.175 \dot
          {x} = y \\
I've inserted something that you may have forgotten.
(See the <inserted text> above.)
With luck, this will get me unwedged. But if you
really didn't forget anything, try typing `2' now; then
my insertion and my current dilemma will both disappear.


Overfull \hbox (89.38731pt too wide) detected at line 178
[] \OML/cmm/m/it/10 x \/lmr/m/n/10 = \OML/cmm/m/it/10 y[] [] \/lmr/m/n/10 = \OM
S/cmsy/m/n/10 ^^@\OML/cmm/m/it/10 f\/lmr/m/n/10 (\OML/cmm/m/it/10 x; y\/lmr/m/n
/10 )
 []

Missing character: There is no 以 ("4EE5) in font nullfont!
Missing character: There is no 为 ("4E3A) in font nullfont!
Missing character: There is no 横 ("6A2A) in font nullfont!
Missing character: There is no 轴 ("8F74) in font nullfont!
Missing character: There is no 、 ("3001) in font nullfont!
Missing character: There is no 为 ("4E3A) in font nullfont!
Missing character: There is no 纵 ("7EB5) in font nullfont!
Missing character: There is no 轴 ("8F74) in font nullfont!
Missing character: There is no 的 ("7684) in font nullfont!
Missing character: There is no 平 ("5E73) in font nullfont!
Missing character: There is no 面 ("9762) in font nullfont!
Missing character: There is no 称 ("79F0) in font nullfont!
Missing character: There is no 为 ("4E3A) in font nullfont!
Missing character: There is no 相 (U+76F8) in font [lmroman10-bold]:mapping=tex-
text;!
Missing character: There is no 平 (U+5E73) in font [lmroman10-bold]:mapping=tex-
text;!
Missing character: There is no 面 (U+9762) in font [lmroman10-bold]:mapping=tex-
text;!
Missing character: There is no （ ("FF08) in font nullfont!
Missing character: There is no P ("50) in font nullfont!
Missing character: There is no h ("68) in font nullfont!
Missing character: There is no a ("61) in font nullfont!
Missing character: There is no s ("73) in font nullfont!
Missing character: There is no e ("65) in font nullfont!
Missing character: There is no P ("50) in font nullfont!
Missing character: There is no l ("6C) in font nullfont!
Missing character: There is no a ("61) in font nullfont!
Missing character: There is no n ("6E) in font nullfont!
Missing character: There is no e ("65) in font nullfont!
Missing character: There is no ） ("FF09) in font nullfont!
Missing character: There is no 。 ("3002) in font nullfont!
Missing character: There is no 系 ("7CFB) in font nullfont!
Missing character: There is no 统 ("7EDF) in font nullfont!
Missing character: There is no 的 ("7684) in font nullfont!
Missing character: There is no 解 ("89E3) in font nullfont!
Missing character: There is no 在 ("5728) in font nullfont!
Missing character: There is no 相 ("76F8) in font nullfont!
Missing character: There is no 平 ("5E73) in font nullfont!
Missing character: There is no 面 ("9762) in font nullfont!
Missing character: There is no 上 ("4E0A) in font nullfont!
Missing character: There is no 形 ("5F62) in font nullfont!
Missing character: There is no 成 ("6210) in font nullfont!
Missing character: There is no 的 ("7684) in font nullfont!
Missing character: There is no 曲 ("66F2) in font nullfont!
Missing character: There is no 线 ("7EBF) in font nullfont!
Missing character: There is no 称 ("79F0) in font nullfont!
Missing character: There is no 为 ("4E3A) in font nullfont!
Missing character: There is no 相 (U+76F8) in font [lmroman10-bold]:mapping=tex-
text;!
Missing character: There is no 轨 (U+8F68) in font [lmroman10-bold]:mapping=tex-
text;!
Missing character: There is no 迹 (U+8FF9) in font [lmroman10-bold]:mapping=tex-
text;!
Missing character: There is no 。 ("3002) in font nullfont!

Overfull \hbox (5.71527pt too wide) in paragraph at lines 178--180
 $\OML/cmm/m/it/10 x$
 []


Overfull \hbox (15.81711pt too wide) in paragraph at lines 178--180
\OML/cmm/m/it/10 y \/lmr/m/n/10 =
 []


Overfull \hbox (5.71527pt too wide) in paragraph at lines 178--180
[]$
 []


Overfull \hbox (8.4pt too wide) in paragraph at lines 178--180
\TU/lmr/bx/n/10 相平面
 []


Overfull \hbox (8.4pt too wide) in paragraph at lines 178--180
\TU/lmr/bx/n/10 相轨迹 
 []


! LaTeX Error: Environment myformula undefined.

See the LaTeX manual or LaTeX Companion for explanation.
Type  H <return>  for immediate help.
 ...                                              
                                                  
l.181 \begin{myformula}
                       
Your command was ignored.
Type  I <command> <return>  to replace it with another command,
or  <return>  to continue without it.

Missing character: There is no 相 ("76F8) in font nullfont!
Missing character: There is no 轨 ("8F68) in font nullfont!
Missing character: There is no 迹 ("8FF9) in font nullfont!
Missing character: There is no 的 ("7684) in font nullfont!
Missing character: There is no 切 ("5207) in font nullfont!
Missing character: There is no 线 ("7EBF) in font nullfont!
Missing character: There is no 方 ("65B9) in font nullfont!
Missing character: There is no 向 ("5411) in font nullfont!
Missing character: There is no 由 ("7531) in font nullfont!
Missing character: There is no 速 ("901F) in font nullfont!
Missing character: There is no 度 ("5EA6) in font nullfont!
Missing character: There is no 场 ("573A) in font nullfont!
Missing character: There is no 决 ("51B3) in font nullfont!
Missing character: There is no 定 ("5B9A) in font nullfont!
Missing character: There is no ： ("FF1A) in font nullfont!

Overfull \hbox (20.0pt too wide) in paragraph at lines 182--183
[] 
 []


Overfull \hbox (87.45097pt too wide) detected at line 185
[] \/lmr/m/n/10 = [] = \OMS/cmsy/m/n/10 ^^@[]
 []

Missing character: There is no 相 ("76F8) in font nullfont!
Missing character: There is no 轨 ("8F68) in font nullfont!
Missing character: There is no 迹 ("8FF9) in font nullfont!
Missing character: There is no 不 ("4E0D) in font nullfont!
Missing character: There is no 可 ("53EF) in font nullfont!
Missing character: There is no 相 ("76F8) in font nullfont!
Missing character: There is no 交 ("4EA4) in font nullfont!
Missing character: There is no （ ("FF08) in font nullfont!
Missing character: There is no 除 ("9664) in font nullfont!
Missing character: There is no 奇 ("5947) in font nullfont!
Missing character: There is no 点 ("70B9) in font nullfont!
Missing character: There is no 外 ("5916) in font nullfont!
Missing character: There is no ） ("FF09) in font nullfont!
Missing character: There is no ， ("FF0C) in font nullfont!
Missing character: There is no 且 ("4E14) in font nullfont!
Missing character: There is no 满 ("6EE1) in font nullfont!
Missing character: There is no 足 ("8DB3) in font nullfont!
Missing character: There is no 唯 ("552F) in font nullfont!
Missing character: There is no 一 ("4E00) in font nullfont!
Missing character: There is no 性 ("6027) in font nullfont!
Missing character: There is no （ ("FF08) in font nullfont!
Missing character: There is no 由 ("7531) in font nullfont!
Missing character: There is no P ("50) in font nullfont!
Missing character: There is no i ("69) in font nullfont!
Missing character: There is no c ("63) in font nullfont!
Missing character: There is no a ("61) in font nullfont!
Missing character: There is no r ("72) in font nullfont!
Missing character: There is no d ("64) in font nullfont!
Missing character: There is no - ("2D) in font nullfont!
Missing character: There is no L ("4C) in font nullfont!
Missing character: There is no i ("69) in font nullfont!
Missing character: There is no n ("6E) in font nullfont!
Missing character: There is no d ("64) in font nullfont!
Missing character: There is no e ("65) in font nullfont!
Missing character: There is no l ("6C) in font nullfont!
Missing character: There is no f ("66) in font nullfont!
Missing character: There is no 定 ("5B9A) in font nullfont!
Missing character: There is no 理 ("7406) in font nullfont!
Missing character: There is no 保 ("4FDD) in font nullfont!
Missing character: There is no 证 ("8BC1) in font nullfont!
Missing character: There is no ） ("FF09) in font nullfont!
Missing character: There is no 。 ("3002) in font nullfont!

! LaTeX Error: \begin{document} ended by \end{myformula}.

See the LaTeX manual or LaTeX Companion for explanation.
Type  H <return>  for immediate help.
 ...                                              
                                                  
l.187 \end{myformula}
                     
Your command was ignored.
Type  I <command> <return>  to replace it with another command,
or  <return>  to continue without it.


Overfull \hbox (5.00002pt too wide) in paragraph at lines 185--188
 []\/lmr/m/n/10 o
 []


Overfull \hbox (20.0pt too wide) in paragraph at lines 189--189
[] 
 []

Missing character: There is no 相 ("76F8) in font nullfont!
Missing character: There is no 轨 ("8F68) in font nullfont!
Missing character: There is no 迹 ("8FF9) in font nullfont!
Missing character: There is no 顺 ("987A) in font nullfont!
Missing character: There is no 时 ("65F6) in font nullfont!
Missing character: There is no 针 ("9488) in font nullfont!
Missing character: There is no 环 ("73AF) in font nullfont!
Missing character: There is no 绕 ("7ED5) in font nullfont!
Missing character: There is no （ ("FF08) in font nullfont!
Missing character: There is no 若 ("82E5) in font nullfont!
Missing character: There is no 则 ("5219) in font nullfont!
Missing character: There is no 增 ("589E) in font nullfont!
Missing character: There is no 加 ("52A0) in font nullfont!
Missing character: There is no ， ("FF0C) in font nullfont!
Missing character: There is no 若 ("82E5) in font nullfont!
Missing character: There is no 则 ("5219) in font nullfont!
Missing character: There is no 减 ("51CF) in font nullfont!
Missing character: There is no 少 ("5C11) in font nullfont!
Missing character: There is no ） ("FF09) in font nullfont!

Overfull \hbox (15.81711pt too wide) in paragraph at lines 190--191
\OML/cmm/m/it/10 y >
 []


Overfull \hbox (5.00002pt too wide) in paragraph at lines 190--191
\/lmr/m/n/10 0$
 []


Overfull \hbox (5.71527pt too wide) in paragraph at lines 190--191
\OML/cmm/m/it/10 x$
 []


Overfull \hbox (15.81711pt too wide) in paragraph at lines 190--191
\OML/cmm/m/it/10 y <
 []


Overfull \hbox (5.00002pt too wide) in paragraph at lines 190--191
\/lmr/m/n/10 0$
 []


Overfull \hbox (5.71527pt too wide) in paragraph at lines 190--191
\OML/cmm/m/it/10 x$ 
 []

Missing character: There is no 闭 ("95ED) in font nullfont!
Missing character: There is no 轨 ("8F68) in font nullfont!
Missing character: There is no 对 ("5BF9) in font nullfont!
Missing character: There is no 应 ("5E94) in font nullfont!
Missing character: There is no 周 ("5468) in font nullfont!
Missing character: There is no 期 ("671F) in font nullfont!
Missing character: There is no 运 ("8FD0) in font nullfont!
Missing character: There is no 动 ("52A8) in font nullfont!
Missing character: There is no ; ("3B) in font nullfont!
Missing character: There is no 螺 ("87BA) in font nullfont!
Missing character: There is no 旋 ("65CB) in font nullfont!
Missing character: There is no 线 ("7EBF) in font nullfont!
Missing character: There is no 对 ("5BF9) in font nullfont!
Missing character: There is no 应 ("5E94) in font nullfont!
Missing character: There is no 阻 ("963B) in font nullfont!
Missing character: There is no 尼 ("5C3C) in font nullfont!
Missing character: There is no 振 ("632F) in font nullfont!
Missing character: There is no 动 ("52A8) in font nullfont!
Missing character: There is no 奇 ("5947) in font nullfont!
Missing character: There is no 点 ("70B9) in font nullfont!
Missing character: There is no 对 ("5BF9) in font nullfont!
Missing character: There is no 应 ("5E94) in font nullfont!
Missing character: There is no 平 ("5E73) in font nullfont!
Missing character: There is no 衡 ("8861) in font nullfont!
Missing character: There is no 位 ("4F4D) in font nullfont!
Missing character: There is no 置 ("7F6E) in font nullfont!
Missing character: There is no （ ("FF08) in font nullfont!
Missing character: There is no , ("2C) in font nullfont!
Missing character: There is no ） ("FF09) in font nullfont!

Overfull \hbox (16.27078pt too wide) in paragraph at lines 192--193
[] \/lmr/m/n/10 =
 []


Overfull \hbox (5.00002pt too wide) in paragraph at lines 192--193
\/lmr/m/n/10 0$
 []


Overfull \hbox (15.81711pt too wide) in paragraph at lines 192--193
[] \/lmr/m/n/10 =
 []


Overfull \hbox (5.00002pt too wide) in paragraph at lines 192--193
\/lmr/m/n/10 0$ 
 []




! LaTeX Error: The font size command \normalsize is not defined:
               there is probably something wrong with the class file.

See the LaTeX manual or LaTeX Companion for explanation.
Type  H <return>  for immediate help.
 ...                                              
                                                  
l.193 \end{itemize}
                   
Your command was ignored.
Type  I <command> <return>  to replace it with another command,
or  <return>  to continue without it.

[1
! Undefined control sequence.
<write> ...bel{fig:ch10_spring_force}{{}{\thepage 
                                                  }{}{}{}}
l.193 \end{itemize}
                   
The control sequence at the end of the top line
of your error message was never \def'ed. If you have
misspelled it (e.g., `\hobx'), type `I' and the correct
spelling (e.g., `I\hbox'). Otherwise just continue,
and I'll forget about whatever was undefined.

\newlabel{fig:ch10_spring_force}{{}{}{}{}{}}
! Undefined control sequence.
<write> \newlabel{fig:ch10_jump}{{}{\thepage 
                                             }{}{}{}}
l.193 \end{itemize}
                   
The control sequence at the end of the top line
of your error message was never \def'ed. If you have
misspelled it (e.g., `\hobx'), type `I' and the correct
spelling (e.g., `I\hbox'). Otherwise just continue,
and I'll forget about whatever was undefined.

\newlabel{fig:ch10_jump}{{}{}{}{}{}}
]
! Undefined control sequence.
l.195 \subsection
                 {奇点分类与线性化分析}
The control sequence at the end of the top line
of your error message was never \def'ed. If you have
misspelled it (e.g., `\hobx'), type `I' and the correct
spelling (e.g., `I\hbox'). Otherwise just continue,
and I'll forget about whatever was undefined.

Missing character: There is no 奇 ("5947) in font nullfont!
Missing character: There is no 点 ("70B9) in font nullfont!
Missing character: There is no 分 ("5206) in font nullfont!
Missing character: There is no 类 ("7C7B) in font nullfont!
Missing character: There is no 与 ("4E0E) in font nullfont!
Missing character: There is no 线 ("7EBF) in font nullfont!
Missing character: There is no 性 ("6027) in font nullfont!
Missing character: There is no 化 ("5316) in font nullfont!
Missing character: There is no 分 ("5206) in font nullfont!
Missing character: There is no 析 ("6790) in font nullfont!
Missing character: There is no 在 ("5728) in font nullfont!
Missing character: There is no 平 ("5E73) in font nullfont!
Missing character: There is no 衡 ("8861) in font nullfont!
Missing character: There is no 点 ("70B9) in font nullfont!
Missing character: There is no 附 ("9644) in font nullfont!
Missing character: There is no 近 ("8FD1) in font nullfont!
Missing character: There is no ， ("FF0C) in font nullfont!
Missing character: There is no 将 ("5C06) in font nullfont!
Missing character: There is no 非 ("975E) in font nullfont!
Missing character: There is no 线 ("7EBF) in font nullfont!
Missing character: There is no 性 ("6027) in font nullfont!
Missing character: There is no 函 ("51FD) in font nullfont!
Missing character: There is no 数 ("6570) in font nullfont!
Missing character: There is no 线 ("7EBF) in font nullfont!
Missing character: There is no 性 ("6027) in font nullfont!
Missing character: There is no 化 ("5316) in font nullfont!
Missing character: There is no ： ("FF1A) in font nullfont!

Overfull \hbox (20.0pt too wide) in paragraph at lines 195--197
[]
 []


Overfull \hbox (27.23161pt too wide) in paragraph at lines 195--197
\/lmr/m/n/10 (\OML/cmm/m/it/10 x[]; \/lmr/m/n/10 0)$
 []


Overfull \hbox (29.17134pt too wide) in paragraph at lines 195--197
\OML/cmm/m/it/10 f\/lmr/m/n/10 (\OML/cmm/m/it/10 x; y\/lmr/m/n/10 )$
 []


Overfull \hbox (245.40428pt too wide) detected at line 199
\OML/cmm/m/it/10 f\/lmr/m/n/10 (\OML/cmm/m/it/10 x; y\/lmr/m/n/10 ) \OMS/cmsy/m
/n/10 ^^Y \OML/cmm/m/it/10 f\/lmr/m/n/10 (\OML/cmm/m/it/10 x[]; \/lmr/m/n/10 0)
 + [][][](\OML/cmm/m/it/10 x \OMS/cmsy/m/n/10 ^^@ \OML/cmm/m/it/10 x[]\/lmr/m/n
/10 ) + [][][]\OML/cmm/m/it/10 y \/lmr/m/n/10 = \OML/cmm/m/it/10 ![]\/lmr/m/n/1
0 ^^A\OML/cmm/m/it/10 x \/lmr/m/n/10 + 2\OML/cmm/m/it/10 ^^P![]y
 []

Missing character: There is no 线 ("7EBF) in font nullfont!
Missing character: There is no 性 ("6027) in font nullfont!
Missing character: There is no 化 ("5316) in font nullfont!
Missing character: There is no 方 ("65B9) in font nullfont!
Missing character: There is no 程 ("7A0B) in font nullfont!
Missing character: There is no 组 ("7EC4) in font nullfont!
Missing character: There is no 为 ("4E3A) in font nullfont!
Missing character: There is no ： ("FF1A) in font nullfont!
! Misplaced alignment tab character &.
l.202 ... \\ y \end{pmatrix} = \begin{pmatrix} 0 &
                                                   1 \\ -\omega_n^{2} & -2\z...
I can't figure out why you would want to use a tab mark
here. If you just want an ampersand, the remedy is
simple: Just type `I\&' now. But if some right brace
up above has ended a previous alignment prematurely,
you're probably due for more error messages, and you
might try typing `S' now just to see what is salvageable.

! Misplaced alignment tab character &.
l.202 ... \begin{pmatrix} 0 & 1 \\ -\omega_n^{2} &
                                                   -2\zeta\omega_n \end{pmat...
I can't figure out why you would want to use a tab mark
here. If you just want an ampersand, the remedy is
simple: Just type `I\&' now. But if some right brace
up above has ended a previous alignment prematurely,
you're probably due for more error messages, and you
might try typing `S' now just to see what is salvageable.


Overfull \hbox (163.84016pt too wide) detected at line 203
[] [] \OML/cmm/m/it/10 x[] y \/lmr/m/n/10 = [] 1[]  \OMS/cmsy/m/n/10 ^^@ \OML/c
mm/m/it/10 ![] \OMS/cmsy/m/n/10 ^^@ \/lmr/m/n/10 2\OML/cmm/m/it/10 ^^P![] [] x[
] y
 []

Missing character: There is no 由 ("7531) in font nullfont!
Missing character: There is no J ("4A) in font nullfont!
Missing character: There is no a ("61) in font nullfont!
Missing character: There is no c ("63) in font nullfont!
Missing character: There is no o ("6F) in font nullfont!
Missing character: There is no b ("62) in font nullfont!
Missing character: There is no i ("69) in font nullfont!
Missing character: There is no 矩 ("77E9) in font nullfont!
Missing character: There is no 阵 ("9635) in font nullfont!
Missing character: There is no 的 ("7684) in font nullfont!
Missing character: There is no 特 ("7279) in font nullfont!
Missing character: There is no 征 ("5F81) in font nullfont!
Missing character: There is no 值 ("503C) in font nullfont!
Missing character: There is no 判 ("5224) in font nullfont!
Missing character: There is no 断 ("65AD) in font nullfont!
Missing character: There is no 奇 ("5947) in font nullfont!
Missing character: There is no 点 ("70B9) in font nullfont!
Missing character: There is no 类 ("7C7B) in font nullfont!
Missing character: There is no 型 ("578B) in font nullfont!
Missing character: There is no ： ("FF1A) in font nullfont!

Overfull \hbox (27.23613pt too wide) in paragraph at lines 203--205
   $\OML/cmm/m/it/10 ^^U[] \/lmr/m/n/10 =
 []


Overfull \hbox (32.33632pt too wide) in paragraph at lines 203--205
\OMS/cmsy/m/n/10 ^^@\OML/cmm/m/it/10 ^^P![] \OMS/cmsy/m/n/10 ^^F
 []


Overfull \hbox (48.48901pt too wide) in paragraph at lines 203--205
\OML/cmm/m/it/10 ![][]$
 []


! LaTeX Error: Environment table undefined.

See the LaTeX manual or LaTeX Companion for explanation.
Type  H <return>  for immediate help.
 ...                                              
                                                  
l.206 \begin{table}
                   [H]
Your command was ignored.
Type  I <command> <return>  to replace it with another command,
or  <return>  to continue without it.

Missing character: There is no [ ("5B) in font nullfont!
Missing character: There is no H ("48) in font nullfont!
Missing character: There is no ] ("5D) in font nullfont!

! LaTeX Error: \caption outside float.

See the LaTeX manual or LaTeX Companion for explanation.
Type  H <return>  for immediate help.
 ...                                              
                                                  
l.208 \caption
              {奇点类型判据}
You're in trouble here.  Try typing  <return>  to proceed.
If that doesn't work, type  X <return>  to quit.

Missing character: There is no 奇 ("5947) in font nullfont!
Missing character: There is no 点 ("70B9) in font nullfont!
Missing character: There is no 类 ("7C7B) in font nullfont!
Missing character: There is no 型 ("578B) in font nullfont!
Missing character: There is no 判 ("5224) in font nullfont!
Missing character: There is no 据 ("636E) in font nullfont!
! Undefined control sequence.
l.210 \toprule
              
The control sequence at the end of the top line
of your error message was never \def'ed. If you have
misspelled it (e.g., `\hobx'), type `I' and the correct
spelling (e.g., `I\hbox'). Otherwise just continue,
and I'll forget about whatever was undefined.

Missing character: There is no 阻 ("963B) in font nullfont!
Missing character: There is no 尼 ("5C3C) in font nullfont!
Missing character: There is no 比 ("6BD4) in font nullfont!
Missing character: There is no 特 ("7279) in font nullfont!
Missing character: There is no 征 ("5F81) in font nullfont!
Missing character: There is no 值 ("503C) in font nullfont!
Missing character: There is no 性 ("6027) in font nullfont!
Missing character: There is no 质 ("8D28) in font nullfont!
Missing character: There is no 奇 ("5947) in font nullfont!
Missing character: There is no 点 ("70B9) in font nullfont!
Missing character: There is no 类 ("7C7B) in font nullfont!
Missing character: There is no 型 ("578B) in font nullfont!
! Undefined control sequence.
<recently read> \midrule 
                         
l.212 \midrule
              
The control sequence at the end of the top line
of your error message was never \def'ed. If you have
misspelled it (e.g., `\hobx'), type `I' and the correct
spelling (e.g., `I\hbox'). Otherwise just continue,
and I'll forget about whatever was undefined.

Missing character: There is no 纯 ("7EAF) in font nullfont!
Missing character: There is no 虚 ("865A) in font nullfont!
Missing character: There is no 数 ("6570) in font nullfont!
Missing character: There is no 中 (U+4E2D) in font [lmroman10-bold]:mapping=tex-
text;!
Missing character: There is no 心 (U+5FC3) in font [lmroman10-bold]:mapping=tex-
text;!
Missing character: There is no 共 ("5171) in font nullfont!
Missing character: There is no 轭 ("8F6D) in font nullfont!
Missing character: There is no 复 ("590D) in font nullfont!
Missing character: There is no 数 ("6570) in font nullfont!
Missing character: There is no ， ("FF0C) in font nullfont!
Missing character: There is no 实 ("5B9E) in font nullfont!
Missing character: There is no 部 ("90E8) in font nullfont!
Missing character: There is no 负 ("8D1F) in font nullfont!
Missing character: There is no 稳 (U+7A33) in font [lmroman10-bold]:mapping=tex-
text;!
Missing character: There is no 定 (U+5B9A) in font [lmroman10-bold]:mapping=tex-
text;!
Missing character: There is no 焦 (U+7126) in font [lmroman10-bold]:mapping=tex-
text;!
Missing character: There is no 点 (U+70B9) in font [lmroman10-bold]:mapping=tex-
text;!
Missing character: There is no 共 ("5171) in font nullfont!
Missing character: There is no 轭 ("8F6D) in font nullfont!
Missing character: There is no 复 ("590D) in font nullfont!
Missing character: There is no 数 ("6570) in font nullfont!
Missing character: There is no ， ("FF0C) in font nullfont!
Missing character: There is no 实 ("5B9E) in font nullfont!
Missing character: There is no 部 ("90E8) in font nullfont!
Missing character: There is no 正 ("6B63) in font nullfont!
Missing character: There is no 不 (U+4E0D) in font [lmroman10-bold]:mapping=tex-
text;!
Missing character: There is no 稳 (U+7A33) in font [lmroman10-bold]:mapping=tex-
text;!
Missing character: There is no 定 (U+5B9A) in font [lmroman10-bold]:mapping=tex-
text;!
Missing character: There is no 焦 (U+7126) in font [lmroman10-bold]:mapping=tex-
text;!
Missing character: There is no 点 (U+70B9) in font [lmroman10-bold]:mapping=tex-
text;!
Missing character: There is no 相 ("76F8) in font nullfont!
Missing character: There is no 异 ("5F02) in font nullfont!
Missing character: There is no 负 ("8D1F) in font nullfont!
Missing character: There is no 实 ("5B9E) in font nullfont!
Missing character: There is no 根 ("6839) in font nullfont!
Missing character: There is no 稳 (U+7A33) in font [lmroman10-bold]:mapping=tex-
text;!
Missing character: There is no 定 (U+5B9A) in font [lmroman10-bold]:mapping=tex-
text;!
Missing character: There is no 结 (U+7ED3) in font [lmroman10-bold]:mapping=tex-
text;!
Missing character: There is no 点 (U+70B9) in font [lmroman10-bold]:mapping=tex-
text;!
Missing character: There is no 相 ("76F8) in font nullfont!
Missing character: There is no 异 ("5F02) in font nullfont!
Missing character: There is no 正 ("6B63) in font nullfont!
Missing character: There is no 实 ("5B9E) in font nullfont!
Missing character: There is no 根 ("6839) in font nullfont!
Missing character: There is no 不 (U+4E0D) in font [lmroman10-bold]:mapping=tex-
text;!
Missing character: There is no 稳 (U+7A33) in font [lmroman10-bold]:mapping=tex-
text;!
Missing character: There is no 定 (U+5B9A) in font [lmroman10-bold]:mapping=tex-
text;!
Missing character: There is no 结 (U+7ED3) in font [lmroman10-bold]:mapping=tex-
text;!
Missing character: There is no 点 (U+70B9) in font [lmroman10-bold]:mapping=tex-
text;!
Missing character: There is no 鞍 ("978D) in font nullfont!
Missing character: There is no 点 ("70B9) in font nullfont!
Missing character: There is no 工 ("5DE5) in font nullfont!
Missing character: There is no 况 ("51B5) in font nullfont!
Missing character: There is no 一 ("4E00) in font nullfont!
Missing character: There is no 正 ("6B63) in font nullfont!
Missing character: There is no 一 ("4E00) in font nullfont!
Missing character: There is no 负 ("8D1F) in font nullfont!
Missing character: There is no 实 ("5B9E) in font nullfont!
Missing character: There is no 根 ("6839) in font nullfont!
Missing character: There is no 鞍 (U+978D) in font [lmroman10-bold]:mapping=tex-
text;!
Missing character: There is no 点 (U+70B9) in font [lmroman10-bold]:mapping=tex-
text;!
! Undefined control sequence.
<recently read> \bottomrule 
                            
l.219 \bottomrule
                 
The control sequence at the end of the top line
of your error message was never \def'ed. If you have
misspelled it (e.g., `\hobx'), type `I' and the correct
spelling (e.g., `I\hbox'). Otherwise just continue,
and I'll forget about whatever was undefined.


! LaTeX Error: \begin{document} ended by \end{table}.

See the LaTeX manual or LaTeX Companion for explanation.
Type  H <return>  for immediate help.
 ...                                              
                                                  
l.222 \end{table}
                 
Your command was ignored.
Type  I <command> <return>  to replace it with another command,
or  <return>  to continue without it.


Overfull \hbox (20.0pt too wide) in paragraph at lines 206--223
[]
 []


Overfull \hbox (86.44797pt too wide) in paragraph at lines 206--223
[]
 []


! LaTeX Error: Environment definition undefined.

See the LaTeX manual or LaTeX Companion for explanation.
Type  H <return>  for immediate help.
 ...                                              
                                                  
l.224 \begin{definition}
                        [中心 vs 焦点]
Your command was ignored.
Type  I <command> <return>  to replace it with another command,
or  <return>  to continue without it.

Missing character: There is no [ ("5B) in font nullfont!
Missing character: There is no 中 ("4E2D) in font nullfont!
Missing character: There is no 心 ("5FC3) in font nullfont!
Missing character: There is no v ("76) in font nullfont!
Missing character: There is no s ("73) in font nullfont!
Missing character: There is no 焦 ("7126) in font nullfont!
Missing character: There is no 点 ("70B9) in font nullfont!
Missing character: There is no ] ("5D) in font nullfont!
Missing character: There is no 中 (U+4E2D) in font [lmroman10-bold]:mapping=tex-
text;!
Missing character: There is no 心 (U+5FC3) in font [lmroman10-bold]:mapping=tex-
text;!
Missing character: There is no ： ("FF1A) in font nullfont!
Missing character: There is no 特 ("7279) in font nullfont!
Missing character: There is no 征 ("5F81) in font nullfont!
Missing character: There is no 值 ("503C) in font nullfont!
Missing character: There is no 为 ("4E3A) in font nullfont!
Missing character: There is no 纯 ("7EAF) in font nullfont!
Missing character: There is no 虚 ("865A) in font nullfont!
Missing character: There is no 数 ("6570) in font nullfont!
Missing character: There is no 对 ("5BF9) in font nullfont!
Missing character: There is no ， ("FF0C) in font nullfont!
Missing character: There is no 相 ("76F8) in font nullfont!
Missing character: There is no 轨 ("8F68) in font nullfont!
Missing character: There is no 迹 ("8FF9) in font nullfont!
Missing character: There is no 为 ("4E3A) in font nullfont!
Missing character: There is no 同 ("540C) in font nullfont!
Missing character: There is no 心 ("5FC3) in font nullfont!
Missing character: There is no 椭 ("692D) in font nullfont!
Missing character: There is no 圆 ("5706) in font nullfont!
Missing character: There is no 族 ("65CF) in font nullfont!
Missing character: There is no ， ("FF0C) in font nullfont!
Missing character: There is no L ("4C) in font nullfont!
Missing character: There is no y ("79) in font nullfont!
Missing character: There is no a ("61) in font nullfont!
Missing character: There is no p ("70) in font nullfont!
Missing character: There is no u ("75) in font nullfont!
Missing character: There is no n ("6E) in font nullfont!
Missing character: There is no o ("6F) in font nullfont!
Missing character: There is no v ("76) in font nullfont!
Missing character: There is no 稳 ("7A33) in font nullfont!
Missing character: There is no 定 ("5B9A) in font nullfont!
Missing character: There is no 但 ("4F46) in font nullfont!
Missing character: There is no 非 ("975E) in font nullfont!
Missing character: There is no 渐 ("6E10) in font nullfont!
Missing character: There is no 近 ("8FD1) in font nullfont!
Missing character: There is no 稳 ("7A33) in font nullfont!
Missing character: There is no 定 ("5B9A) in font nullfont!
Missing character: There is no 。 ("3002) in font nullfont!
Missing character: There is no 焦 (U+7126) in font [lmroman10-bold]:mapping=tex-
text;!
Missing character: There is no 点 (U+70B9) in font [lmroman10-bold]:mapping=tex-
text;!
Missing character: There is no ： ("FF1A) in font nullfont!
Missing character: There is no 特 ("7279) in font nullfont!
Missing character: There is no 征 ("5F81) in font nullfont!
Missing character: There is no 值 ("503C) in font nullfont!
Missing character: There is no 为 ("4E3A) in font nullfont!
Missing character: There is no 实 ("5B9E) in font nullfont!
Missing character: There is no 部 ("90E8) in font nullfont!
Missing character: There is no 非 ("975E) in font nullfont!
Missing character: There is no 零 ("96F6) in font nullfont!
Missing character: There is no 的 ("7684) in font nullfont!
Missing character: There is no 共 ("5171) in font nullfont!
Missing character: There is no 轭 ("8F6D) in font nullfont!
Missing character: There is no 复 ("590D) in font nullfont!
Missing character: There is no 数 ("6570) in font nullfont!
Missing character: There is no 对 ("5BF9) in font nullfont!
Missing character: There is no ， ("FF0C) in font nullfont!
Missing character: There is no 相 ("76F8) in font nullfont!
Missing character: There is no 轨 ("8F68) in font nullfont!
Missing character: There is no 迹 ("8FF9) in font nullfont!
Missing character: There is no 为 ("4E3A) in font nullfont!
Missing character: There is no 向 ("5411) in font nullfont!
Missing character: There is no 奇 ("5947) in font nullfont!
Missing character: There is no 点 ("70B9) in font nullfont!
Missing character: There is no 汇 ("6C47) in font nullfont!
Missing character: There is no 聚 ("805A) in font nullfont!
Missing character: There is no 或 ("6216) in font nullfont!
Missing character: There is no 发 ("53D1) in font nullfont!
Missing character: There is no 散 ("6563) in font nullfont!
Missing character: There is no 的 ("7684) in font nullfont!
Missing character: There is no 螺 ("87BA) in font nullfont!
Missing character: There is no 旋 ("65CB) in font nullfont!
Missing character: There is no 线 ("7EBF) in font nullfont!
Missing character: There is no 。 ("3002) in font nullfont!

! LaTeX Error: \begin{document} ended by \end{definition}.

See the LaTeX manual or LaTeX Companion for explanation.
Type  H <return>  for immediate help.
 ...                                              
                                                  
l.227 \end{definition}
                      
Your command was ignored.
Type  I <command> <return>  to replace it with another command,
or  <return>  to continue without it.


Overfull \hbox (20.0pt too wide) in paragraph at lines 224--228
[]
 []


Overfull \hbox (5.6pt too wide) in paragraph at lines 224--228
\TU/lmr/bx/n/10 中心 
 []


Overfull \hbox (5.6pt too wide) in paragraph at lines 224--228
\TU/lmr/bx/n/10 焦点
 []


! LaTeX Error: Environment definition undefined.

See the LaTeX manual or LaTeX Companion for explanation.
Type  H <return>  for immediate help.
 ...                                              
                                                  
l.229 \begin{definition}
                        [鞍点]
Your command was ignored.
Type  I <command> <return>  to replace it with another command,
or  <return>  to continue without it.

Missing character: There is no [ ("5B) in font nullfont!
Missing character: There is no 鞍 ("978D) in font nullfont!
Missing character: There is no 点 ("70B9) in font nullfont!
Missing character: There is no ] ("5D) in font nullfont!
Missing character: There is no 鞍 ("978D) in font nullfont!
Missing character: There is no 点 ("70B9) in font nullfont!
Missing character: There is no 具 ("5177) in font nullfont!
Missing character: There is no 有 ("6709) in font nullfont!
Missing character: There is no 一 ("4E00) in font nullfont!
Missing character: There is no 维 ("7EF4) in font nullfont!
Missing character: There is no 稳 ("7A33) in font nullfont!
Missing character: There is no 定 ("5B9A) in font nullfont!
Missing character: There is no 流 ("6D41) in font nullfont!
Missing character: There is no 形 ("5F62) in font nullfont!
Missing character: There is no （ ("FF08) in font nullfont!
Missing character: There is no 特 ("7279) in font nullfont!
Missing character: There is no 征 ("5F81) in font nullfont!
Missing character: There is no 方 ("65B9) in font nullfont!
Missing character: There is no 向 ("5411) in font nullfont!
Missing character: There is no 上 ("4E0A) in font nullfont!
Missing character: There is no 的 ("7684) in font nullfont!
Missing character: There is no 稳 ("7A33) in font nullfont!
Missing character: There is no 定 ("5B9A) in font nullfont!
Missing character: There is no 子 ("5B50) in font nullfont!
Missing character: There is no 空 ("7A7A) in font nullfont!
Missing character: There is no 间 ("95F4) in font nullfont!
Missing character: There is no ） ("FF09) in font nullfont!
Missing character: There is no 和 ("548C) in font nullfont!
Missing character: There is no 一 ("4E00) in font nullfont!
Missing character: There is no 维 ("7EF4) in font nullfont!
Missing character: There is no 不 ("4E0D) in font nullfont!
Missing character: There is no 稳 ("7A33) in font nullfont!
Missing character: There is no 定 ("5B9A) in font nullfont!
Missing character: There is no 流 ("6D41) in font nullfont!
Missing character: There is no 形 ("5F62) in font nullfont!
Missing character: There is no 。 ("3002) in font nullfont!
Missing character: There is no 相 ("76F8) in font nullfont!
Missing character: There is no 轨 ("8F68) in font nullfont!
Missing character: There is no 迹 ("8FF9) in font nullfont!
Missing character: There is no 沿 ("6CBF) in font nullfont!
Missing character: There is no 稳 ("7A33) in font nullfont!
Missing character: There is no 定 ("5B9A) in font nullfont!
Missing character: There is no 流 ("6D41) in font nullfont!
Missing character: There is no 形 ("5F62) in font nullfont!
Missing character: There is no 方 ("65B9) in font nullfont!
Missing character: There is no 向 ("5411) in font nullfont!
Missing character: There is no 趋 ("8D8B) in font nullfont!
Missing character: There is no 近 ("8FD1) in font nullfont!
Missing character: There is no 鞍 ("978D) in font nullfont!
Missing character: There is no 点 ("70B9) in font nullfont!
Missing character: There is no ， ("FF0C) in font nullfont!
Missing character: There is no 沿 ("6CBF) in font nullfont!
Missing character: There is no 不 ("4E0D) in font nullfont!
Missing character: There is no 稳 ("7A33) in font nullfont!
Missing character: There is no 定 ("5B9A) in font nullfont!
Missing character: There is no 流 ("6D41) in font nullfont!
Missing character: There is no 形 ("5F62) in font nullfont!
Missing character: There is no 方 ("65B9) in font nullfont!
Missing character: There is no 向 ("5411) in font nullfont!
Missing character: There is no 远 ("8FDC) in font nullfont!
Missing character: There is no 离 ("79BB) in font nullfont!
Missing character: There is no 鞍 ("978D) in font nullfont!
Missing character: There is no 点 ("70B9) in font nullfont!
Missing character: There is no 。 ("3002) in font nullfont!
Missing character: There is no 在 ("5728) in font nullfont!
Missing character: There is no 非 ("975E) in font nullfont!
Missing character: There is no 线 ("7EBF) in font nullfont!
Missing character: There is no 性 ("6027) in font nullfont!
Missing character: There is no 系 ("7CFB) in font nullfont!
Missing character: There is no 统 ("7EDF) in font nullfont!
Missing character: There is no 中 ("4E2D) in font nullfont!
Missing character: There is no ， ("FF0C) in font nullfont!
Missing character: There is no 稳 ("7A33) in font nullfont!
Missing character: There is no 定 ("5B9A) in font nullfont!
Missing character: There is no 流 ("6D41) in font nullfont!
Missing character: There is no 形 ("5F62) in font nullfont!
Missing character: There is no 与 ("4E0E) in font nullfont!
Missing character: There is no 不 ("4E0D) in font nullfont!
Missing character: There is no 稳 ("7A33) in font nullfont!
Missing character: There is no 定 ("5B9A) in font nullfont!
Missing character: There is no 流 ("6D41) in font nullfont!
Missing character: There is no 形 ("5F62) in font nullfont!
Missing character: There is no 可 ("53EF) in font nullfont!
Missing character: There is no 能 ("80FD) in font nullfont!
Missing character: There is no 相 ("76F8) in font nullfont!
Missing character: There is no 交 ("4EA4) in font nullfont!
Missing character: There is no 形 ("5F62) in font nullfont!
Missing character: There is no 成 ("6210) in font nullfont!
Missing character: There is no 同 ("540C) in font nullfont!
Missing character: There is no 宿 ("5BBF) in font nullfont!
Missing character: There is no 轨 ("8F68) in font nullfont!
Missing character: There is no 道 ("9053) in font nullfont!
Missing character: There is no 或 ("6216) in font nullfont!
Missing character: There is no 异 ("5F02) in font nullfont!
Missing character: There is no 宿 ("5BBF) in font nullfont!
Missing character: There is no 轨 ("8F68) in font nullfont!
Missing character: There is no 道 ("9053) in font nullfont!
Missing character: There is no 。 ("3002) in font nullfont!

! LaTeX Error: \begin{document} ended by \end{definition}.

See the LaTeX manual or LaTeX Companion for explanation.
Type  H <return>  for immediate help.
 ...                                              
                                                  
l.231 \end{definition}
                      
Your command was ignored.
Type  I <command> <return>  to replace it with another command,
or  <return>  to continue without it.


Overfull \hbox (20.0pt too wide) in paragraph at lines 229--232
[]
 []


! LaTeX Error: Environment figure undefined.

See the LaTeX manual or LaTeX Companion for explanation.
Type  H <return>  for immediate help.
 ...                                              
                                                  
l.233 \begin{figure}
                    [H]
Your command was ignored.
Type  I <command> <return>  to replace it with another command,
or  <return>  to continue without it.

Missing character: There is no [ ("5B) in font nullfont!
Missing character: There is no H ("48) in font nullfont!
Missing character: There is no ] ("5D) in font nullfont!

! LaTeX Error: Environment tikzpicture undefined.

See the LaTeX manual or LaTeX Companion for explanation.
Type  H <return>  for immediate help.
 ...                                              
                                                  
l.235 \begin{tikzpicture}
                         [scale=1.0]
Your command was ignored.
Type  I <command> <return>  to replace it with another command,
or  <return>  to continue without it.

Missing character: There is no [ ("5B) in font nullfont!
Missing character: There is no s ("73) in font nullfont!
Missing character: There is no c ("63) in font nullfont!
Missing character: There is no a ("61) in font nullfont!
Missing character: There is no l ("6C) in font nullfont!
Missing character: There is no e ("65) in font nullfont!
Missing character: There is no = ("3D) in font nullfont!
Missing character: There is no 1 ("31) in font nullfont!
Missing character: There is no . ("2E) in font nullfont!
Missing character: There is no 0 ("30) in font nullfont!
Missing character: There is no ] ("5D) in font nullfont!

Overfull \hbox (20.0pt too wide) in paragraph at lines 233--240
 [] 
 []


! LaTeX Error: Environment scope undefined.

See the LaTeX manual or LaTeX Companion for explanation.
Type  H <return>  for immediate help.
 ...                                              
                                                  
l.241     \begin{scope}
                       
Your command was ignored.
Type  I <command> <return>  to replace it with another command,
or  <return>  to continue without it.

! Undefined control sequence.
l.242         \draw
                   [-Stealth] (-1.8,0) -- (1.8,0);
The control sequence at the end of the top line
of your error message was never \def'ed. If you have
misspelled it (e.g., `\hobx'), type `I' and the correct
spelling (e.g., `I\hbox'). Otherwise just continue,
and I'll forget about whatever was undefined.

Missing character: There is no [ ("5B) in font nullfont!
Missing character: There is no - ("2D) in font nullfont!
Missing character: There is no S ("53) in font nullfont!
Missing character: There is no t ("74) in font nullfont!
Missing character: There is no e ("65) in font nullfont!
Missing character: There is no a ("61) in font nullfont!
Missing character: There is no l ("6C) in font nullfont!
Missing character: There is no t ("74) in font nullfont!
Missing character: There is no h ("68) in font nullfont!
Missing character: There is no ] ("5D) in font nullfont!
Missing character: There is no ( ("28) in font nullfont!
Missing character: There is no - ("2D) in font nullfont!
Missing character: There is no 1 ("31) in font nullfont!
Missing character: There is no . ("2E) in font nullfont!
Missing character: There is no 8 ("38) in font nullfont!
Missing character: There is no , ("2C) in font nullfont!
Missing character: There is no 0 ("30) in font nullfont!
Missing character: There is no ) ("29) in font nullfont!
Missing character: There is no - ("2D) in font nullfont!
Missing character: There is no - ("2D) in font nullfont!
Missing character: There is no ( ("28) in font nullfont!
Missing character: There is no 1 ("31) in font nullfont!
Missing character: There is no . ("2E) in font nullfont!
Missing character: There is no 8 ("38) in font nullfont!
Missing character: There is no , ("2C) in font nullfont!
Missing character: There is no 0 ("30) in font nullfont!
Missing character: There is no ) ("29) in font nullfont!
Missing character: There is no ; ("3B) in font nullfont!
! Undefined control sequence.
l.243         \draw
                   [-Stealth] (0,-1.8) -- (0,1.8);
The control sequence at the end of the top line
of your error message was never \def'ed. If you have
misspelled it (e.g., `\hobx'), type `I' and the correct
spelling (e.g., `I\hbox'). Otherwise just continue,
and I'll forget about whatever was undefined.

Missing character: There is no [ ("5B) in font nullfont!
Missing character: There is no - ("2D) in font nullfont!
Missing character: There is no S ("53) in font nullfont!
Missing character: There is no t ("74) in font nullfont!
Missing character: There is no e ("65) in font nullfont!
Missing character: There is no a ("61) in font nullfont!
Missing character: There is no l ("6C) in font nullfont!
Missing character: There is no t ("74) in font nullfont!
Missing character: There is no h ("68) in font nullfont!
Missing character: There is no ] ("5D) in font nullfont!
Missing character: There is no ( ("28) in font nullfont!
Missing character: There is no 0 ("30) in font nullfont!
Missing character: There is no , ("2C) in font nullfont!
Missing character: There is no - ("2D) in font nullfont!
Missing character: There is no 1 ("31) in font nullfont!
Missing character: There is no . ("2E) in font nullfont!
Missing character: There is no 8 ("38) in font nullfont!
Missing character: There is no ) ("29) in font nullfont!
Missing character: There is no - ("2D) in font nullfont!
Missing character: There is no - ("2D) in font nullfont!
Missing character: There is no ( ("28) in font nullfont!
Missing character: There is no 0 ("30) in font nullfont!
Missing character: There is no , ("2C) in font nullfont!
Missing character: There is no 1 ("31) in font nullfont!
Missing character: There is no . ("2E) in font nullfont!
Missing character: There is no 8 ("38) in font nullfont!
Missing character: There is no ) ("29) in font nullfont!
Missing character: There is no ; ("3B) in font nullfont!
! Undefined control sequence.
l.244         \foreach
                       \r in {0.3,0.7,1.1,1.5} {
The control sequence at the end of the top line
of your error message was never \def'ed. If you have
misspelled it (e.g., `\hobx'), type `I' and the correct
spelling (e.g., `I\hbox'). Otherwise just continue,
and I'll forget about whatever was undefined.

Missing character: There is no n ("6E) in font nullfont!
Missing character: There is no 0 ("30) in font nullfont!
Missing character: There is no . ("2E) in font nullfont!
Missing character: There is no 3 ("33) in font nullfont!
Missing character: There is no , ("2C) in font nullfont!
Missing character: There is no 0 ("30) in font nullfont!
Missing character: There is no . ("2E) in font nullfont!
Missing character: There is no 7 ("37) in font nullfont!
Missing character: There is no , ("2C) in font nullfont!
Missing character: There is no 1 ("31) in font nullfont!
Missing character: There is no . ("2E) in font nullfont!
Missing character: There is no 1 ("31) in font nullfont!
Missing character: There is no , ("2C) in font nullfont!
Missing character: There is no 1 ("31) in font nullfont!
Missing character: There is no . ("2E) in font nullfont!
Missing character: There is no 5 ("35) in font nullfont!
! Undefined control sequence.
l.245             \draw
                       [blue,thick] (0,0) ellipse ({\r} and {0.7*\r});
The control sequence at the end of the top line
of your error message was never \def'ed. If you have
misspelled it (e.g., `\hobx'), type `I' and the correct
spelling (e.g., `I\hbox'). Otherwise just continue,
and I'll forget about whatever was undefined.

Missing character: There is no [ ("5B) in font nullfont!
Missing character: There is no b ("62) in font nullfont!
Missing character: There is no l ("6C) in font nullfont!
Missing character: There is no u ("75) in font nullfont!
Missing character: There is no e ("65) in font nullfont!
Missing character: There is no , ("2C) in font nullfont!
Missing character: There is no t ("74) in font nullfont!
Missing character: There is no h ("68) in font nullfont!
Missing character: There is no i ("69) in font nullfont!
Missing character: There is no c ("63) in font nullfont!
Missing character: There is no k ("6B) in font nullfont!
Missing character: There is no ] ("5D) in font nullfont!
Missing character: There is no ( ("28) in font nullfont!
Missing character: There is no 0 ("30) in font nullfont!
Missing character: There is no , ("2C) in font nullfont!
Missing character: There is no 0 ("30) in font nullfont!
Missing character: There is no ) ("29) in font nullfont!
Missing character: There is no e ("65) in font nullfont!
Missing character: There is no l ("6C) in font nullfont!
Missing character: There is no l ("6C) in font nullfont!
Missing character: There is no i ("69) in font nullfont!
Missing character: There is no p ("70) in font nullfont!
Missing character: There is no s ("73) in font nullfont!
Missing character: There is no e ("65) in font nullfont!
Missing character: There is no ( ("28) in font nullfont!
! Argument of \UseTextAccent  has an extra }.
<inserted text> 
                \par 
l.245 ...    \draw[blue,thick] (0,0) ellipse ({\r}
                                                   and {0.7*\r});
I've run across a `}' that doesn't seem to match anything.
For example, `\def\a#1{...}' and `\a}' would produce
this error. If you simply proceed now, the `\par' that
I've just inserted will cause me to report a runaway
argument that might be the root of the problem. But if
your `}' was spurious, just type `2' and it will go away.

Runaway argument?
! Paragraph ended before \UseTextAccent  was complete.
<to be read again> 
                   \par 
l.245 ...    \draw[blue,thick] (0,0) ellipse ({\r}
                                                   and {0.7*\r});
I suspect you've forgotten a `}', causing me to apply this
control sequence to too much text. How can we recover?
My plan is to forget the whole thing and hope for the best.


Overfull \hbox (2.77779pt too wide) in paragraph at lines 242--245
 []\/lmr/m/n/10 i 
 []

Missing character: There is no a ("61) in font nullfont!
Missing character: There is no n ("6E) in font nullfont!
Missing character: There is no d ("64) in font nullfont!
Missing character: There is no 0 ("30) in font nullfont!
Missing character: There is no . ("2E) in font nullfont!
Missing character: There is no 7 ("37) in font nullfont!
Missing character: There is no * ("2A) in font nullfont!
! Argument of \UseTextAccent  has an extra }.
<inserted text> 
                \par 
l.245 ...e,thick] (0,0) ellipse ({\r} and {0.7*\r}
                                                  );
I've run across a `}' that doesn't seem to match anything.
For example, `\def\a#1{...}' and `\a}' would produce
this error. If you simply proceed now, the `\par' that
I've just inserted will cause me to report a runaway
argument that might be the root of the problem. But if
your `}' was spurious, just type `2' and it will go away.

Runaway argument?
! Paragraph ended before \UseTextAccent  was complete.
<to be read again> 
                   \par 
l.245 ...e,thick] (0,0) ellipse ({\r} and {0.7*\r}
                                                  );
I suspect you've forgotten a `}', causing me to apply this
control sequence to too much text. How can we recover?
My plan is to forget the whole thing and hope for the best.

Missing character: There is no ) ("29) in font nullfont!
Missing character: There is no ; ("3B) in font nullfont!
! Undefined control sequence.
l.247         \node
                    at (0,-2.2) {\titleA};
The control sequence at the end of the top line
of your error message was never \def'ed. If you have
misspelled it (e.g., `\hobx'), type `I' and the correct
spelling (e.g., `I\hbox'). Otherwise just continue,
and I'll forget about whatever was undefined.

Missing character: There is no a ("61) in font nullfont!
Missing character: There is no t ("74) in font nullfont!
Missing character: There is no ( ("28) in font nullfont!
Missing character: There is no 0 ("30) in font nullfont!
Missing character: There is no , ("2C) in font nullfont!
Missing character: There is no - ("2D) in font nullfont!
Missing character: There is no 2 ("32) in font nullfont!
Missing character: There is no . ("2E) in font nullfont!
Missing character: There is no 2 ("32) in font nullfont!
Missing character: There is no ) ("29) in font nullfont!
Missing character: There is no 中 ("4E2D) in font nullfont!
Missing character: There is no 心 ("5FC3) in font nullfont!
Missing character: There is no ( ("28) in font nullfont!
Missing character: There is no C ("43) in font nullfont!
Missing character: There is no e ("65) in font nullfont!
Missing character: There is no n ("6E) in font nullfont!
Missing character: There is no t ("74) in font nullfont!
Missing character: There is no e ("65) in font nullfont!
Missing character: There is no r ("72) in font nullfont!
Missing character: There is no ) ("29) in font nullfont!
Missing character: There is no ; ("3B) in font nullfont!

! LaTeX Error: \begin{document} ended by \end{scope}.

See the LaTeX manual or LaTeX Companion for explanation.
Type  H <return>  for immediate help.
 ...                                              
                                                  
l.248     \end{scope}
                     
Your command was ignored.
Type  I <command> <return>  to replace it with another command,
or  <return>  to continue without it.


! LaTeX Error: Environment scope undefined.

See the LaTeX manual or LaTeX Companion for explanation.
Type  H <return>  for immediate help.
 ...                                              
                                                  
l.250     \begin{scope}
                       [xshift=4.5cm]
Your command was ignored.
Type  I <command> <return>  to replace it with another command,
or  <return>  to continue without it.

Missing character: There is no [ ("5B) in font nullfont!
Missing character: There is no x ("78) in font nullfont!
Missing character: There is no s ("73) in font nullfont!
Missing character: There is no h ("68) in font nullfont!
Missing character: There is no i ("69) in font nullfont!
Missing character: There is no f ("66) in font nullfont!
Missing character: There is no t ("74) in font nullfont!
Missing character: There is no = ("3D) in font nullfont!
Missing character: There is no 4 ("34) in font nullfont!
Missing character: There is no . ("2E) in font nullfont!
Missing character: There is no 5 ("35) in font nullfont!
Missing character: There is no c ("63) in font nullfont!
Missing character: There is no m ("6D) in font nullfont!
Missing character: There is no ] ("5D) in font nullfont!
! Undefined control sequence.
l.251         \draw
                   [-Stealth] (-1.8,0) -- (1.8,0);
The control sequence at the end of the top line
of your error message was never \def'ed. If you have
misspelled it (e.g., `\hobx'), type `I' and the correct
spelling (e.g., `I\hbox'). Otherwise just continue,
and I'll forget about whatever was undefined.

Missing character: There is no [ ("5B) in font nullfont!
Missing character: There is no - ("2D) in font nullfont!
Missing character: There is no S ("53) in font nullfont!
Missing character: There is no t ("74) in font nullfont!
Missing character: There is no e ("65) in font nullfont!
Missing character: There is no a ("61) in font nullfont!
Missing character: There is no l ("6C) in font nullfont!
Missing character: There is no t ("74) in font nullfont!
Missing character: There is no h ("68) in font nullfont!
Missing character: There is no ] ("5D) in font nullfont!
Missing character: There is no ( ("28) in font nullfont!
Missing character: There is no - ("2D) in font nullfont!
Missing character: There is no 1 ("31) in font nullfont!
Missing character: There is no . ("2E) in font nullfont!
Missing character: There is no 8 ("38) in font nullfont!
Missing character: There is no , ("2C) in font nullfont!
Missing character: There is no 0 ("30) in font nullfont!
Missing character: There is no ) ("29) in font nullfont!
Missing character: There is no - ("2D) in font nullfont!
Missing character: There is no - ("2D) in font nullfont!
Missing character: There is no ( ("28) in font nullfont!
Missing character: There is no 1 ("31) in font nullfont!
Missing character: There is no . ("2E) in font nullfont!
Missing character: There is no 8 ("38) in font nullfont!
Missing character: There is no , ("2C) in font nullfont!
Missing character: There is no 0 ("30) in font nullfont!
Missing character: There is no ) ("29) in font nullfont!
Missing character: There is no ; ("3B) in font nullfont!
! Undefined control sequence.
l.252         \draw
                   [-Stealth] (0,-1.8) -- (0,1.8);
The control sequence at the end of the top line
of your error message was never \def'ed. If you have
misspelled it (e.g., `\hobx'), type `I' and the correct
spelling (e.g., `I\hbox'). Otherwise just continue,
and I'll forget about whatever was undefined.

Missing character: There is no [ ("5B) in font nullfont!
Missing character: There is no - ("2D) in font nullfont!
Missing character: There is no S ("53) in font nullfont!
Missing character: There is no t ("74) in font nullfont!
Missing character: There is no e ("65) in font nullfont!
Missing character: There is no a ("61) in font nullfont!
Missing character: There is no l ("6C) in font nullfont!
Missing character: There is no t ("74) in font nullfont!
Missing character: There is no h ("68) in font nullfont!
Missing character: There is no ] ("5D) in font nullfont!
Missing character: There is no ( ("28) in font nullfont!
Missing character: There is no 0 ("30) in font nullfont!
Missing character: There is no , ("2C) in font nullfont!
Missing character: There is no - ("2D) in font nullfont!
Missing character: There is no 1 ("31) in font nullfont!
Missing character: There is no . ("2E) in font nullfont!
Missing character: There is no 8 ("38) in font nullfont!
Missing character: There is no ) ("29) in font nullfont!
Missing character: There is no - ("2D) in font nullfont!
Missing character: There is no - ("2D) in font nullfont!
Missing character: There is no ( ("28) in font nullfont!
Missing character: There is no 0 ("30) in font nullfont!
Missing character: There is no , ("2C) in font nullfont!
Missing character: There is no 1 ("31) in font nullfont!
Missing character: There is no . ("2E) in font nullfont!
Missing character: There is no 8 ("38) in font nullfont!
Missing character: There is no ) ("29) in font nullfont!
Missing character: There is no ; ("3B) in font nullfont!
! Undefined control sequence.
l.253         \foreach
                       \r in {0.3,0.7,1.1,1.5} {
The control sequence at the end of the top line
of your error message was never \def'ed. If you have
misspelled it (e.g., `\hobx'), type `I' and the correct
spelling (e.g., `I\hbox'). Otherwise just continue,
and I'll forget about whatever was undefined.

Missing character: There is no n ("6E) in font nullfont!
Missing character: There is no 0 ("30) in font nullfont!
Missing character: There is no . ("2E) in font nullfont!
Missing character: There is no 3 ("33) in font nullfont!
Missing character: There is no , ("2C) in font nullfont!
Missing character: There is no 0 ("30) in font nullfont!
Missing character: There is no . ("2E) in font nullfont!
Missing character: There is no 7 ("37) in font nullfont!
Missing character: There is no , ("2C) in font nullfont!
Missing character: There is no 1 ("31) in font nullfont!
Missing character: There is no . ("2E) in font nullfont!
Missing character: There is no 1 ("31) in font nullfont!
Missing character: There is no , ("2C) in font nullfont!
Missing character: There is no 1 ("31) in font nullfont!
Missing character: There is no . ("2E) in font nullfont!
Missing character: There is no 5 ("35) in font nullfont!
! Undefined control sequence.
l.254             \draw
                       [red,thick,domain=0:360,samples=80,variable=\t]
The control sequence at the end of the top line
of your error message was never \def'ed. If you have
misspelled it (e.g., `\hobx'), type `I' and the correct
spelling (e.g., `I\hbox'). Otherwise just continue,
and I'll forget about whatever was undefined.

Missing character: There is no [ ("5B) in font nullfont!
Missing character: There is no r ("72) in font nullfont!
Missing character: There is no e ("65) in font nullfont!
Missing character: There is no d ("64) in font nullfont!
Missing character: There is no , ("2C) in font nullfont!
Missing character: There is no t ("74) in font nullfont!
Missing character: There is no h ("68) in font nullfont!
Missing character: There is no i ("69) in font nullfont!
Missing character: There is no c ("63) in font nullfont!
Missing character: There is no k ("6B) in font nullfont!
Missing character: There is no , ("2C) in font nullfont!
Missing character: There is no d ("64) in font nullfont!
Missing character: There is no o ("6F) in font nullfont!
Missing character: There is no m ("6D) in font nullfont!
Missing character: There is no a ("61) in font nullfont!
Missing character: There is no i ("69) in font nullfont!
Missing character: There is no n ("6E) in font nullfont!
Missing character: There is no = ("3D) in font nullfont!
Missing character: There is no 0 ("30) in font nullfont!
Missing character: There is no : ("3A) in font nullfont!
Missing character: There is no 3 ("33) in font nullfont!
Missing character: There is no 6 ("36) in font nullfont!
Missing character: There is no 0 ("30) in font nullfont!
Missing character: There is no , ("2C) in font nullfont!
Missing character: There is no s ("73) in font nullfont!
Missing character: There is no a ("61) in font nullfont!
Missing character: There is no m ("6D) in font nullfont!
Missing character: There is no p ("70) in font nullfont!
Missing character: There is no l ("6C) in font nullfont!
Missing character: There is no e ("65) in font nullfont!
Missing character: There is no s ("73) in font nullfont!
Missing character: There is no = ("3D) in font nullfont!
Missing character: There is no 8 ("38) in font nullfont!
Missing character: There is no 0 ("30) in font nullfont!
Missing character: There is no , ("2C) in font nullfont!
Missing character: There is no v ("76) in font nullfont!
Missing character: There is no a ("61) in font nullfont!
Missing character: There is no r ("72) in font nullfont!
Missing character: There is no i ("69) in font nullfont!
Missing character: There is no a ("61) in font nullfont!
Missing character: There is no b ("62) in font nullfont!
Missing character: There is no l ("6C) in font nullfont!
Missing character: There is no e ("65) in font nullfont!
Missing character: There is no = ("3D) in font nullfont!
Missing character: There is no p ("70) in font nullfont!
Missing character: There is no l ("6C) in font nullfont!
Missing character: There is no o ("6F) in font nullfont!
Missing character: There is no t ("74) in font nullfont!
Missing character: There is no ( ("28) in font nullfont!
Missing character: There is no 0 ("30) in font nullfont!
Missing character: There is no . ("2E) in font nullfont!
Missing character: There is no 6 ("36) in font nullfont!
Missing character: There is no * ("2A) in font nullfont!
Missing character: There is no e ("65) in font nullfont!
Missing character: There is no x ("78) in font nullfont!
Missing character: There is no p ("70) in font nullfont!
Missing character: There is no ( ("28) in font nullfont!
Missing character: There is no - ("2D) in font nullfont!
Missing character: There is no 0 ("30) in font nullfont!
Missing character: There is no . ("2E) in font nullfont!
Missing character: There is no 4 ("34) in font nullfont!
Missing character: There is no * ("2A) in font nullfont!
Missing character: There is no 3 ("33) in font nullfont!
Missing character: There is no 6 ("36) in font nullfont!
Missing character: There is no 0 ("30) in font nullfont!
Missing character: There is no ) ("29) in font nullfont!
Missing character: There is no * ("2A) in font nullfont!
Missing character: There is no c ("63) in font nullfont!
Missing character: There is no o ("6F) in font nullfont!
Missing character: There is no s ("73) in font nullfont!
Missing character: There is no ( ("28) in font nullfont!
Missing character: There is no 5 ("35) in font nullfont!
Missing character: There is no 0 ("30) in font nullfont!
Missing character: There is no ) ("29) in font nullfont!
Missing character: There is no , ("2C) in font nullfont!
Missing character: There is no 0 ("30) in font nullfont!
Missing character: There is no . ("2E) in font nullfont!
Missing character: There is no 6 ("36) in font nullfont!
Missing character: There is no * ("2A) in font nullfont!
Missing character: There is no e ("65) in font nullfont!
Missing character: There is no x ("78) in font nullfont!
Missing character: There is no p ("70) in font nullfont!
Missing character: There is no ( ("28) in font nullfont!
Missing character: There is no - ("2D) in font nullfont!
Missing character: There is no 0 ("30) in font nullfont!
Missing character: There is no . ("2E) in font nullfont!
Missing character: There is no 4 ("34) in font nullfont!
Missing character: There is no * ("2A) in font nullfont!
Missing character: There is no 3 ("33) in font nullfont!
Missing character: There is no 6 ("36) in font nullfont!
Missing character: There is no 0 ("30) in font nullfont!
Missing character: There is no ) ("29) in font nullfont!
Missing character: There is no * ("2A) in font nullfont!
Missing character: There is no s ("73) in font nullfont!
Missing character: There is no i ("69) in font nullfont!
Missing character: There is no n ("6E) in font nullfont!
Missing character: There is no ( ("28) in font nullfont!
Missing character: There is no 5 ("35) in font nullfont!
Missing character: There is no 0 ("30) in font nullfont!
Missing character: There is no ) ("29) in font nullfont!
Missing character: There is no ) ("29) in font nullfont!
Missing character: There is no ; ("3B) in font nullfont!
! Undefined control sequence.
l.257         \node
                    at (0,-2.2) {\titleB};
The control sequence at the end of the top line
of your error message was never \def'ed. If you have
misspelled it (e.g., `\hobx'), type `I' and the correct
spelling (e.g., `I\hbox'). Otherwise just continue,
and I'll forget about whatever was undefined.

Missing character: There is no a ("61) in font nullfont!
Missing character: There is no t ("74) in font nullfont!
Missing character: There is no ( ("28) in font nullfont!
Missing character: There is no 0 ("30) in font nullfont!
Missing character: There is no , ("2C) in font nullfont!
Missing character: There is no - ("2D) in font nullfont!
Missing character: There is no 2 ("32) in font nullfont!
Missing character: There is no . ("2E) in font nullfont!
Missing character: There is no 2 ("32) in font nullfont!
Missing character: There is no ) ("29) in font nullfont!
Missing character: There is no 稳 ("7A33) in font nullfont!
Missing character: There is no 定 ("5B9A) in font nullfont!
Missing character: There is no 焦 ("7126) in font nullfont!
Missing character: There is no 点 ("70B9) in font nullfont!
Missing character: There is no ( ("28) in font nullfont!
Missing character: There is no S ("53) in font nullfont!
Missing character: There is no t ("74) in font nullfont!
Missing character: There is no a ("61) in font nullfont!
Missing character: There is no b ("62) in font nullfont!
Missing character: There is no l ("6C) in font nullfont!
Missing character: There is no e ("65) in font nullfont!
Missing character: There is no F ("46) in font nullfont!
Missing character: There is no o ("6F) in font nullfont!
Missing character: There is no c ("63) in font nullfont!
Missing character: There is no u ("75) in font nullfont!
Missing character: There is no s ("73) in font nullfont!
Missing character: There is no ) ("29) in font nullfont!
Missing character: There is no ; ("3B) in font nullfont!

! LaTeX Error: \begin{document} ended by \end{scope}.

See the LaTeX manual or LaTeX Companion for explanation.
Type  H <return>  for immediate help.
 ...                                              
                                                  
l.258     \end{scope}
                     
Your command was ignored.
Type  I <command> <return>  to replace it with another command,
or  <return>  to continue without it.


Overfull \hbox (2.77779pt too wide) in paragraph at lines 250--259
 []\/lmr/m/n/10 i 
 []


Overfull \hbox (2.77779pt too wide) in paragraph at lines 250--259
 []\/lmr/m/n/10 ] 
 []


Overfull \hbox (35.55566pt too wide) in paragraph at lines 250--259
 []\/lmr/m/n/10 /[]*[]+[]/[]*[]+ 
 []


! LaTeX Error: Environment scope undefined.

See the LaTeX manual or LaTeX Companion for explanation.
Type  H <return>  for immediate help.
 ...                                              
                                                  
l.260     \begin{scope}
                       [xshift=9.0cm]
Your command was ignored.
Type  I <command> <return>  to replace it with another command,
or  <return>  to continue without it.

Missing character: There is no [ ("5B) in font nullfont!
Missing character: There is no x ("78) in font nullfont!
Missing character: There is no s ("73) in font nullfont!
Missing character: There is no h ("68) in font nullfont!
Missing character: There is no i ("69) in font nullfont!
Missing character: There is no f ("66) in font nullfont!
Missing character: There is no t ("74) in font nullfont!
Missing character: There is no = ("3D) in font nullfont!
Missing character: There is no 9 ("39) in font nullfont!
Missing character: There is no . ("2E) in font nullfont!
Missing character: There is no 0 ("30) in font nullfont!
Missing character: There is no c ("63) in font nullfont!
Missing character: There is no m ("6D) in font nullfont!
Missing character: There is no ] ("5D) in font nullfont!
! Undefined control sequence.
l.261         \draw
                   [-Stealth] (-1.8,0) -- (1.8,0);
The control sequence at the end of the top line
of your error message was never \def'ed. If you have
misspelled it (e.g., `\hobx'), type `I' and the correct
spelling (e.g., `I\hbox'). Otherwise just continue,
and I'll forget about whatever was undefined.

Missing character: There is no [ ("5B) in font nullfont!
Missing character: There is no - ("2D) in font nullfont!
Missing character: There is no S ("53) in font nullfont!
Missing character: There is no t ("74) in font nullfont!
Missing character: There is no e ("65) in font nullfont!
Missing character: There is no a ("61) in font nullfont!
Missing character: There is no l ("6C) in font nullfont!
Missing character: There is no t ("74) in font nullfont!
Missing character: There is no h ("68) in font nullfont!
Missing character: There is no ] ("5D) in font nullfont!
Missing character: There is no ( ("28) in font nullfont!
Missing character: There is no - ("2D) in font nullfont!
Missing character: There is no 1 ("31) in font nullfont!
Missing character: There is no . ("2E) in font nullfont!
Missing character: There is no 8 ("38) in font nullfont!
Missing character: There is no , ("2C) in font nullfont!
Missing character: There is no 0 ("30) in font nullfont!
Missing character: There is no ) ("29) in font nullfont!
Missing character: There is no - ("2D) in font nullfont!
Missing character: There is no - ("2D) in font nullfont!
Missing character: There is no ( ("28) in font nullfont!
Missing character: There is no 1 ("31) in font nullfont!
Missing character: There is no . ("2E) in font nullfont!
Missing character: There is no 8 ("38) in font nullfont!
Missing character: There is no , ("2C) in font nullfont!
Missing character: There is no 0 ("30) in font nullfont!
Missing character: There is no ) ("29) in font nullfont!
Missing character: There is no ; ("3B) in font nullfont!
! Undefined control sequence.
l.262         \draw
                   [-Stealth] (0,-1.8) -- (0,1.8);
The control sequence at the end of the top line
of your error message was never \def'ed. If you have
misspelled it (e.g., `\hobx'), type `I' and the correct
spelling (e.g., `I\hbox'). Otherwise just continue,
and I'll forget about whatever was undefined.

Missing character: There is no [ ("5B) in font nullfont!
Missing character: There is no - ("2D) in font nullfont!
Missing character: There is no S ("53) in font nullfont!
Missing character: There is no t ("74) in font nullfont!
Missing character: There is no e ("65) in font nullfont!
Missing character: There is no a ("61) in font nullfont!
Missing character: There is no l ("6C) in font nullfont!
Missing character: There is no t ("74) in font nullfont!
Missing character: There is no h ("68) in font nullfont!
Missing character: There is no ] ("5D) in font nullfont!
Missing character: There is no ( ("28) in font nullfont!
Missing character: There is no 0 ("30) in font nullfont!
Missing character: There is no , ("2C) in font nullfont!
Missing character: There is no - ("2D) in font nullfont!
Missing character: There is no 1 ("31) in font nullfont!
Missing character: There is no . ("2E) in font nullfont!
Missing character: There is no 8 ("38) in font nullfont!
Missing character: There is no ) ("29) in font nullfont!
Missing character: There is no - ("2D) in font nullfont!
Missing character: There is no - ("2D) in font nullfont!
Missing character: There is no ( ("28) in font nullfont!
Missing character: There is no 0 ("30) in font nullfont!
Missing character: There is no , ("2C) in font nullfont!
Missing character: There is no 1 ("31) in font nullfont!
Missing character: There is no . ("2E) in font nullfont!
Missing character: There is no 8 ("38) in font nullfont!
Missing character: There is no ) ("29) in font nullfont!
Missing character: There is no ; ("3B) in font nullfont!
! Undefined control sequence.
l.263         \draw
                   [green!50!black,thick] plot[domain=-1.5:1.5,samples=50] (...
The control sequence at the end of the top line
of your error message was never \def'ed. If you have
misspelled it (e.g., `\hobx'), type `I' and the correct
spelling (e.g., `I\hbox'). Otherwise just continue,
and I'll forget about whatever was undefined.

Missing character: There is no [ ("5B) in font nullfont!
Missing character: There is no g ("67) in font nullfont!
Missing character: There is no r ("72) in font nullfont!
Missing character: There is no e ("65) in font nullfont!
Missing character: There is no e ("65) in font nullfont!
Missing character: There is no n ("6E) in font nullfont!
Missing character: There is no ! ("21) in font nullfont!
Missing character: There is no 5 ("35) in font nullfont!
Missing character: There is no 0 ("30) in font nullfont!
Missing character: There is no ! ("21) in font nullfont!
Missing character: There is no b ("62) in font nullfont!
Missing character: There is no l ("6C) in font nullfont!
Missing character: There is no a ("61) in font nullfont!
Missing character: There is no c ("63) in font nullfont!
Missing character: There is no k ("6B) in font nullfont!
Missing character: There is no , ("2C) in font nullfont!
Missing character: There is no t ("74) in font nullfont!
Missing character: There is no h ("68) in font nullfont!
Missing character: There is no i ("69) in font nullfont!
Missing character: There is no c ("63) in font nullfont!
Missing character: There is no k ("6B) in font nullfont!
Missing character: There is no ] ("5D) in font nullfont!
Missing character: There is no p ("70) in font nullfont!
Missing character: There is no l ("6C) in font nullfont!
Missing character: There is no o ("6F) in font nullfont!
Missing character: There is no t ("74) in font nullfont!
Missing character: There is no [ ("5B) in font nullfont!
Missing character: There is no d ("64) in font nullfont!
Missing character: There is no o ("6F) in font nullfont!
Missing character: There is no m ("6D) in font nullfont!
Missing character: There is no a ("61) in font nullfont!
Missing character: There is no i ("69) in font nullfont!
Missing character: There is no n ("6E) in font nullfont!
Missing character: There is no = ("3D) in font nullfont!
Missing character: There is no - ("2D) in font nullfont!
Missing character: There is no 1 ("31) in font nullfont!
Missing character: There is no . ("2E) in font nullfont!
Missing character: There is no 5 ("35) in font nullfont!
Missing character: There is no : ("3A) in font nullfont!
Missing character: There is no 1 ("31) in font nullfont!
Missing character: There is no . ("2E) in font nullfont!
Missing character: There is no 5 ("35) in font nullfont!
Missing character: There is no , ("2C) in font nullfont!
Missing character: There is no s ("73) in font nullfont!
Missing character: There is no a ("61) in font nullfont!
Missing character: There is no m ("6D) in font nullfont!
Missing character: There is no p ("70) in font nullfont!
Missing character: There is no l ("6C) in font nullfont!
Missing character: There is no e ("65) in font nullfont!
Missing character: There is no s ("73) in font nullfont!
Missing character: There is no = ("3D) in font nullfont!
Missing character: There is no 5 ("35) in font nullfont!
Missing character: There is no 0 ("30) in font nullfont!
Missing character: There is no ] ("5D) in font nullfont!
Missing character: There is no ( ("28) in font nullfont!
! Undefined control sequence.
l.263 ...ick] plot[domain=-1.5:1.5,samples=50] (\x
                                                  ,{0.7*\x/(1+abs(\x))});
The control sequence at the end of the top line
of your error message was never \def'ed. If you have
misspelled it (e.g., `\hobx'), type `I' and the correct
spelling (e.g., `I\hbox'). Otherwise just continue,
and I'll forget about whatever was undefined.

Missing character: There is no , ("2C) in font nullfont!
Missing character: There is no 0 ("30) in font nullfont!
Missing character: There is no . ("2E) in font nullfont!
Missing character: There is no 7 ("37) in font nullfont!
Missing character: There is no * ("2A) in font nullfont!
! Undefined control sequence.
l.263 ...t[domain=-1.5:1.5,samples=50] (\x,{0.7*\x
                                                  /(1+abs(\x))});
The control sequence at the end of the top line
of your error message was never \def'ed. If you have
misspelled it (e.g., `\hobx'), type `I' and the correct
spelling (e.g., `I\hbox'). Otherwise just continue,
and I'll forget about whatever was undefined.

Missing character: There is no / ("2F) in font nullfont!
Missing character: There is no ( ("28) in font nullfont!
Missing character: There is no 1 ("31) in font nullfont!
Missing character: There is no + ("2B) in font nullfont!
Missing character: There is no a ("61) in font nullfont!
Missing character: There is no b ("62) in font nullfont!
Missing character: There is no s ("73) in font nullfont!
Missing character: There is no ( ("28) in font nullfont!
! Undefined control sequence.
l.263 ...1.5:1.5,samples=50] (\x,{0.7*\x/(1+abs(\x
                                                  ))});
The control sequence at the end of the top line
of your error message was never \def'ed. If you have
misspelled it (e.g., `\hobx'), type `I' and the correct
spelling (e.g., `I\hbox'). Otherwise just continue,
and I'll forget about whatever was undefined.

Missing character: There is no ) ("29) in font nullfont!
Missing character: There is no ) ("29) in font nullfont!
Missing character: There is no ) ("29) in font nullfont!
Missing character: There is no ; ("3B) in font nullfont!
! Undefined control sequence.
l.264         \draw
                   [green!50!black,thick] plot[domain=-1.5:1.5,samples=50] (...
The control sequence at the end of the top line
of your error message was never \def'ed. If you have
misspelled it (e.g., `\hobx'), type `I' and the correct
spelling (e.g., `I\hbox'). Otherwise just continue,
and I'll forget about whatever was undefined.

Missing character: There is no [ ("5B) in font nullfont!
Missing character: There is no g ("67) in font nullfont!
Missing character: There is no r ("72) in font nullfont!
Missing character: There is no e ("65) in font nullfont!
Missing character: There is no e ("65) in font nullfont!
Missing character: There is no n ("6E) in font nullfont!
Missing character: There is no ! ("21) in font nullfont!
Missing character: There is no 5 ("35) in font nullfont!
Missing character: There is no 0 ("30) in font nullfont!
Missing character: There is no ! ("21) in font nullfont!
Missing character: There is no b ("62) in font nullfont!
Missing character: There is no l ("6C) in font nullfont!
Missing character: There is no a ("61) in font nullfont!
Missing character: There is no c ("63) in font nullfont!
Missing character: There is no k ("6B) in font nullfont!
Missing character: There is no , ("2C) in font nullfont!
Missing character: There is no t ("74) in font nullfont!
Missing character: There is no h ("68) in font nullfont!
Missing character: There is no i ("69) in font nullfont!
Missing character: There is no c ("63) in font nullfont!
Missing character: There is no k ("6B) in font nullfont!
Missing character: There is no ] ("5D) in font nullfont!
Missing character: There is no p ("70) in font nullfont!
Missing character: There is no l ("6C) in font nullfont!
Missing character: There is no o ("6F) in font nullfont!
Missing character: There is no t ("74) in font nullfont!
Missing character: There is no [ ("5B) in font nullfont!
Missing character: There is no d ("64) in font nullfont!
Missing character: There is no o ("6F) in font nullfont!
Missing character: There is no m ("6D) in font nullfont!
Missing character: There is no a ("61) in font nullfont!
Missing character: There is no i ("69) in font nullfont!
Missing character: There is no n ("6E) in font nullfont!
Missing character: There is no = ("3D) in font nullfont!
Missing character: There is no - ("2D) in font nullfont!
Missing character: There is no 1 ("31) in font nullfont!
Missing character: There is no . ("2E) in font nullfont!
Missing character: There is no 5 ("35) in font nullfont!
Missing character: There is no : ("3A) in font nullfont!
Missing character: There is no 1 ("31) in font nullfont!
Missing character: There is no . ("2E) in font nullfont!
Missing character: There is no 5 ("35) in font nullfont!
Missing character: There is no , ("2C) in font nullfont!
Missing character: There is no s ("73) in font nullfont!
Missing character: There is no a ("61) in font nullfont!
Missing character: There is no m ("6D) in font nullfont!
Missing character: There is no p ("70) in font nullfont!
Missing character: There is no l ("6C) in font nullfont!
Missing character: There is no e ("65) in font nullfont!
Missing character: There is no s ("73) in font nullfont!
Missing character: There is no = ("3D) in font nullfont!
Missing character: There is no 5 ("35) in font nullfont!
Missing character: There is no 0 ("30) in font nullfont!
Missing character: There is no ] ("5D) in font nullfont!
Missing character: There is no ( ("28) in font nullfont!
! Undefined control sequence.
l.264 ...ick] plot[domain=-1.5:1.5,samples=50] (\x
                                                  ,{-0.7*\x/(1+abs(\x))});
The control sequence at the end of the top line
of your error message was never \def'ed. If you have
misspelled it (e.g., `\hobx'), type `I' and the correct
spelling (e.g., `I\hbox'). Otherwise just continue,
and I'll forget about whatever was undefined.

Missing character: There is no , ("2C) in font nullfont!
Missing character: There is no - ("2D) in font nullfont!
Missing character: There is no 0 ("30) in font nullfont!
Missing character: There is no . ("2E) in font nullfont!
Missing character: There is no 7 ("37) in font nullfont!
Missing character: There is no * ("2A) in font nullfont!
! Undefined control sequence.
l.264 ...[domain=-1.5:1.5,samples=50] (\x,{-0.7*\x
                                                  /(1+abs(\x))});
The control sequence at the end of the top line
of your error message was never \def'ed. If you have
misspelled it (e.g., `\hobx'), type `I' and the correct
spelling (e.g., `I\hbox'). Otherwise just continue,
and I'll forget about whatever was undefined.

Missing character: There is no / ("2F) in font nullfont!
Missing character: There is no ( ("28) in font nullfont!
Missing character: There is no 1 ("31) in font nullfont!
Missing character: There is no + ("2B) in font nullfont!
Missing character: There is no a ("61) in font nullfont!
Missing character: There is no b ("62) in font nullfont!
Missing character: There is no s ("73) in font nullfont!
Missing character: There is no ( ("28) in font nullfont!
! Undefined control sequence.
l.264 ....5:1.5,samples=50] (\x,{-0.7*\x/(1+abs(\x
                                                  ))});
The control sequence at the end of the top line
of your error message was never \def'ed. If you have
misspelled it (e.g., `\hobx'), type `I' and the correct
spelling (e.g., `I\hbox'). Otherwise just continue,
and I'll forget about whatever was undefined.

Missing character: There is no ) ("29) in font nullfont!
Missing character: There is no ) ("29) in font nullfont!
Missing character: There is no ) ("29) in font nullfont!
Missing character: There is no ; ("3B) in font nullfont!
! Undefined control sequence.
l.265         \draw
                   [green!50!black,thick] plot[domain=0.2:1.8,samples=50] (\...
The control sequence at the end of the top line
of your error message was never \def'ed. If you have
misspelled it (e.g., `\hobx'), type `I' and the correct
spelling (e.g., `I\hbox'). Otherwise just continue,
and I'll forget about whatever was undefined.

Missing character: There is no [ ("5B) in font nullfont!
Missing character: There is no g ("67) in font nullfont!
Missing character: There is no r ("72) in font nullfont!
Missing character: There is no e ("65) in font nullfont!
Missing character: There is no e ("65) in font nullfont!
Missing character: There is no n ("6E) in font nullfont!
Missing character: There is no ! ("21) in font nullfont!
Missing character: There is no 5 ("35) in font nullfont!
Missing character: There is no 0 ("30) in font nullfont!
Missing character: There is no ! ("21) in font nullfont!
Missing character: There is no b ("62) in font nullfont!
Missing character: There is no l ("6C) in font nullfont!
Missing character: There is no a ("61) in font nullfont!
Missing character: There is no c ("63) in font nullfont!
Missing character: There is no k ("6B) in font nullfont!
Missing character: There is no , ("2C) in font nullfont!
Missing character: There is no t ("74) in font nullfont!
Missing character: There is no h ("68) in font nullfont!
Missing character: There is no i ("69) in font nullfont!
Missing character: There is no c ("63) in font nullfont!
Missing character: There is no k ("6B) in font nullfont!
Missing character: There is no ] ("5D) in font nullfont!
Missing character: There is no p ("70) in font nullfont!
Missing character: There is no l ("6C) in font nullfont!
Missing character: There is no o ("6F) in font nullfont!
Missing character: There is no t ("74) in font nullfont!
Missing character: There is no [ ("5B) in font nullfont!
Missing character: There is no d ("64) in font nullfont!
Missing character: There is no o ("6F) in font nullfont!
Missing character: There is no m ("6D) in font nullfont!
Missing character: There is no a ("61) in font nullfont!
Missing character: There is no i ("69) in font nullfont!
Missing character: There is no n ("6E) in font nullfont!
Missing character: There is no = ("3D) in font nullfont!
Missing character: There is no 0 ("30) in font nullfont!
Missing character: There is no . ("2E) in font nullfont!
Missing character: There is no 2 ("32) in font nullfont!
Missing character: There is no : ("3A) in font nullfont!
Missing character: There is no 1 ("31) in font nullfont!
Missing character: There is no . ("2E) in font nullfont!
Missing character: There is no 8 ("38) in font nullfont!
Missing character: There is no , ("2C) in font nullfont!
Missing character: There is no s ("73) in font nullfont!
Missing character: There is no a ("61) in font nullfont!
Missing character: There is no m ("6D) in font nullfont!
Missing character: There is no p ("70) in font nullfont!
Missing character: There is no l ("6C) in font nullfont!
Missing character: There is no e ("65) in font nullfont!
Missing character: There is no s ("73) in font nullfont!
Missing character: There is no = ("3D) in font nullfont!
Missing character: There is no 5 ("35) in font nullfont!
Missing character: There is no 0 ("30) in font nullfont!
Missing character: There is no ] ("5D) in font nullfont!
Missing character: There is no ( ("28) in font nullfont!
! Undefined control sequence.
l.265 ...hick] plot[domain=0.2:1.8,samples=50] (\x
                                                  ,{sqrt(\x*\x-0.04)});
The control sequence at the end of the top line
of your error message was never \def'ed. If you have
misspelled it (e.g., `\hobx'), type `I' and the correct
spelling (e.g., `I\hbox'). Otherwise just continue,
and I'll forget about whatever was undefined.

Missing character: There is no , ("2C) in font nullfont!
Missing character: There is no s ("73) in font nullfont!
Missing character: There is no q ("71) in font nullfont!
Missing character: There is no r ("72) in font nullfont!
Missing character: There is no t ("74) in font nullfont!
Missing character: There is no ( ("28) in font nullfont!
! Undefined control sequence.
l.265 ...t[domain=0.2:1.8,samples=50] (\x,{sqrt(\x
                                                  *\x-0.04)});
The control sequence at the end of the top line
of your error message was never \def'ed. If you have
misspelled it (e.g., `\hobx'), type `I' and the correct
spelling (e.g., `I\hbox'). Otherwise just continue,
and I'll forget about whatever was undefined.

Missing character: There is no * ("2A) in font nullfont!
! Undefined control sequence.
l.265 ...omain=0.2:1.8,samples=50] (\x,{sqrt(\x*\x
                                                  -0.04)});
The control sequence at the end of the top line
of your error message was never \def'ed. If you have
misspelled it (e.g., `\hobx'), type `I' and the correct
spelling (e.g., `I\hbox'). Otherwise just continue,
and I'll forget about whatever was undefined.

Missing character: There is no - ("2D) in font nullfont!
Missing character: There is no 0 ("30) in font nullfont!
Missing character: There is no . ("2E) in font nullfont!
Missing character: There is no 0 ("30) in font nullfont!
Missing character: There is no 4 ("34) in font nullfont!
Missing character: There is no ) ("29) in font nullfont!
Missing character: There is no ) ("29) in font nullfont!
Missing character: There is no ; ("3B) in font nullfont!
! Undefined control sequence.
l.266         \draw
                   [green!50!black,thick] plot[domain=0.2:1.8,samples=50] (\...
The control sequence at the end of the top line
of your error message was never \def'ed. If you have
misspelled it (e.g., `\hobx'), type `I' and the correct
spelling (e.g., `I\hbox'). Otherwise just continue,
and I'll forget about whatever was undefined.

Missing character: There is no [ ("5B) in font nullfont!
Missing character: There is no g ("67) in font nullfont!
Missing character: There is no r ("72) in font nullfont!
Missing character: There is no e ("65) in font nullfont!
Missing character: There is no e ("65) in font nullfont!
Missing character: There is no n ("6E) in font nullfont!
Missing character: There is no ! ("21) in font nullfont!
Missing character: There is no 5 ("35) in font nullfont!
Missing character: There is no 0 ("30) in font nullfont!
Missing character: There is no ! ("21) in font nullfont!
Missing character: There is no b ("62) in font nullfont!
Missing character: There is no l ("6C) in font nullfont!
Missing character: There is no a ("61) in font nullfont!
Missing character: There is no c ("63) in font nullfont!
Missing character: There is no k ("6B) in font nullfont!
Missing character: There is no , ("2C) in font nullfont!
Missing character: There is no t ("74) in font nullfont!
Missing character: There is no h ("68) in font nullfont!
Missing character: There is no i ("69) in font nullfont!
Missing character: There is no c ("63) in font nullfont!
Missing character: There is no k ("6B) in font nullfont!
Missing character: There is no ] ("5D) in font nullfont!
Missing character: There is no p ("70) in font nullfont!
Missing character: There is no l ("6C) in font nullfont!
Missing character: There is no o ("6F) in font nullfont!
Missing character: There is no t ("74) in font nullfont!
Missing character: There is no [ ("5B) in font nullfont!
Missing character: There is no d ("64) in font nullfont!
Missing character: There is no o ("6F) in font nullfont!
Missing character: There is no m ("6D) in font nullfont!
Missing character: There is no a ("61) in font nullfont!
Missing character: There is no i ("69) in font nullfont!
Missing character: There is no n ("6E) in font nullfont!
Missing character: There is no = ("3D) in font nullfont!
Missing character: There is no 0 ("30) in font nullfont!
Missing character: There is no . ("2E) in font nullfont!
Missing character: There is no 2 ("32) in font nullfont!
Missing character: There is no : ("3A) in font nullfont!
Missing character: There is no 1 ("31) in font nullfont!
Missing character: There is no . ("2E) in font nullfont!
Missing character: There is no 8 ("38) in font nullfont!
Missing character: There is no , ("2C) in font nullfont!
Missing character: There is no s ("73) in font nullfont!
Missing character: There is no a ("61) in font nullfont!
Missing character: There is no m ("6D) in font nullfont!
Missing character: There is no p ("70) in font nullfont!
Missing character: There is no l ("6C) in font nullfont!
Missing character: There is no e ("65) in font nullfont!
Missing character: There is no s ("73) in font nullfont!
Missing character: There is no = ("3D) in font nullfont!
Missing character: There is no 5 ("35) in font nullfont!
Missing character: There is no 0 ("30) in font nullfont!
Missing character: There is no ] ("5D) in font nullfont!
Missing character: There is no ( ("28) in font nullfont!
! Undefined control sequence.
l.266 ...hick] plot[domain=0.2:1.8,samples=50] (\x
                                                  ,{-sqrt(\x*\x-0.04)});
The control sequence at the end of the top line
of your error message was never \def'ed. If you have
misspelled it (e.g., `\hobx'), type `I' and the correct
spelling (e.g., `I\hbox'). Otherwise just continue,
and I'll forget about whatever was undefined.

Missing character: There is no , ("2C) in font nullfont!
Missing character: There is no - ("2D) in font nullfont!
Missing character: There is no s ("73) in font nullfont!
Missing character: There is no q ("71) in font nullfont!
Missing character: There is no r ("72) in font nullfont!
Missing character: There is no t ("74) in font nullfont!
Missing character: There is no ( ("28) in font nullfont!
! Undefined control sequence.
l.266 ...[domain=0.2:1.8,samples=50] (\x,{-sqrt(\x
                                                  *\x-0.04)});
The control sequence at the end of the top line
of your error message was never \def'ed. If you have
misspelled it (e.g., `\hobx'), type `I' and the correct
spelling (e.g., `I\hbox'). Otherwise just continue,
and I'll forget about whatever was undefined.

Missing character: There is no * ("2A) in font nullfont!
! Undefined control sequence.
l.266 ...main=0.2:1.8,samples=50] (\x,{-sqrt(\x*\x
                                                  -0.04)});
The control sequence at the end of the top line
of your error message was never \def'ed. If you have
misspelled it (e.g., `\hobx'), type `I' and the correct
spelling (e.g., `I\hbox'). Otherwise just continue,
and I'll forget about whatever was undefined.

Missing character: There is no - ("2D) in font nullfont!
Missing character: There is no 0 ("30) in font nullfont!
Missing character: There is no . ("2E) in font nullfont!
Missing character: There is no 0 ("30) in font nullfont!
Missing character: There is no 4 ("34) in font nullfont!
Missing character: There is no ) ("29) in font nullfont!
Missing character: There is no ) ("29) in font nullfont!
Missing character: There is no ; ("3B) in font nullfont!
! Undefined control sequence.
l.267         \draw
                   [green!50!black,thick] plot[domain=0.2:1.8,samples=50] ({...
The control sequence at the end of the top line
of your error message was never \def'ed. If you have
misspelled it (e.g., `\hobx'), type `I' and the correct
spelling (e.g., `I\hbox'). Otherwise just continue,
and I'll forget about whatever was undefined.

Missing character: There is no [ ("5B) in font nullfont!
Missing character: There is no g ("67) in font nullfont!
Missing character: There is no r ("72) in font nullfont!
Missing character: There is no e ("65) in font nullfont!
Missing character: There is no e ("65) in font nullfont!
Missing character: There is no n ("6E) in font nullfont!
Missing character: There is no ! ("21) in font nullfont!
Missing character: There is no 5 ("35) in font nullfont!
Missing character: There is no 0 ("30) in font nullfont!
Missing character: There is no ! ("21) in font nullfont!
Missing character: There is no b ("62) in font nullfont!
Missing character: There is no l ("6C) in font nullfont!
Missing character: There is no a ("61) in font nullfont!
Missing character: There is no c ("63) in font nullfont!
Missing character: There is no k ("6B) in font nullfont!
Missing character: There is no , ("2C) in font nullfont!
Missing character: There is no t ("74) in font nullfont!
Missing character: There is no h ("68) in font nullfont!
Missing character: There is no i ("69) in font nullfont!
Missing character: There is no c ("63) in font nullfont!
Missing character: There is no k ("6B) in font nullfont!
Missing character: There is no ] ("5D) in font nullfont!
Missing character: There is no p ("70) in font nullfont!
Missing character: There is no l ("6C) in font nullfont!
Missing character: There is no o ("6F) in font nullfont!
Missing character: There is no t ("74) in font nullfont!
Missing character: There is no [ ("5B) in font nullfont!
Missing character: There is no d ("64) in font nullfont!
Missing character: There is no o ("6F) in font nullfont!
Missing character: There is no m ("6D) in font nullfont!
Missing character: There is no a ("61) in font nullfont!
Missing character: There is no i ("69) in font nullfont!
Missing character: There is no n ("6E) in font nullfont!
Missing character: There is no = ("3D) in font nullfont!
Missing character: There is no 0 ("30) in font nullfont!
Missing character: There is no . ("2E) in font nullfont!
Missing character: There is no 2 ("32) in font nullfont!
Missing character: There is no : ("3A) in font nullfont!
Missing character: There is no 1 ("31) in font nullfont!
Missing character: There is no . ("2E) in font nullfont!
Missing character: There is no 8 ("38) in font nullfont!
Missing character: There is no , ("2C) in font nullfont!
Missing character: There is no s ("73) in font nullfont!
Missing character: There is no a ("61) in font nullfont!
Missing character: There is no m ("6D) in font nullfont!
Missing character: There is no p ("70) in font nullfont!
Missing character: There is no l ("6C) in font nullfont!
Missing character: There is no e ("65) in font nullfont!
Missing character: There is no s ("73) in font nullfont!
Missing character: There is no = ("3D) in font nullfont!
Missing character: There is no 5 ("35) in font nullfont!
Missing character: There is no 0 ("30) in font nullfont!
Missing character: There is no ] ("5D) in font nullfont!
Missing character: There is no ( ("28) in font nullfont!
Missing character: There is no - ("2D) in font nullfont!
! Undefined control sequence.
l.267 ...ck] plot[domain=0.2:1.8,samples=50] ({-\x
                                                  },{sqrt(\x*\x-0.04)});
The control sequence at the end of the top line
of your error message was never \def'ed. If you have
misspelled it (e.g., `\hobx'), type `I' and the correct
spelling (e.g., `I\hbox'). Otherwise just continue,
and I'll forget about whatever was undefined.

Missing character: There is no , ("2C) in font nullfont!
Missing character: There is no s ("73) in font nullfont!
Missing character: There is no q ("71) in font nullfont!
Missing character: There is no r ("72) in font nullfont!
Missing character: There is no t ("74) in font nullfont!
Missing character: There is no ( ("28) in font nullfont!
! Undefined control sequence.
l.267 ...omain=0.2:1.8,samples=50] ({-\x},{sqrt(\x
                                                  *\x-0.04)});
The control sequence at the end of the top line
of your error message was never \def'ed. If you have
misspelled it (e.g., `\hobx'), type `I' and the correct
spelling (e.g., `I\hbox'). Otherwise just continue,
and I'll forget about whatever was undefined.

Missing character: There is no * ("2A) in font nullfont!
! Undefined control sequence.
l.267 ...in=0.2:1.8,samples=50] ({-\x},{sqrt(\x*\x
                                                  -0.04)});
The control sequence at the end of the top line
of your error message was never \def'ed. If you have
misspelled it (e.g., `\hobx'), type `I' and the correct
spelling (e.g., `I\hbox'). Otherwise just continue,
and I'll forget about whatever was undefined.

Missing character: There is no - ("2D) in font nullfont!
Missing character: There is no 0 ("30) in font nullfont!
Missing character: There is no . ("2E) in font nullfont!
Missing character: There is no 0 ("30) in font nullfont!
Missing character: There is no 4 ("34) in font nullfont!
Missing character: There is no ) ("29) in font nullfont!
Missing character: There is no ) ("29) in font nullfont!
Missing character: There is no ; ("3B) in font nullfont!
! Undefined control sequence.
l.268         \draw
                   [green!50!black,thick] plot[domain=0.2:1.8,samples=50] ({...
The control sequence at the end of the top line
of your error message was never \def'ed. If you have
misspelled it (e.g., `\hobx'), type `I' and the correct
spelling (e.g., `I\hbox'). Otherwise just continue,
and I'll forget about whatever was undefined.

Missing character: There is no [ ("5B) in font nullfont!
Missing character: There is no g ("67) in font nullfont!
Missing character: There is no r ("72) in font nullfont!
Missing character: There is no e ("65) in font nullfont!
Missing character: There is no e ("65) in font nullfont!
Missing character: There is no n ("6E) in font nullfont!
Missing character: There is no ! ("21) in font nullfont!
Missing character: There is no 5 ("35) in font nullfont!
Missing character: There is no 0 ("30) in font nullfont!
Missing character: There is no ! ("21) in font nullfont!
Missing character: There is no b ("62) in font nullfont!
Missing character: There is no l ("6C) in font nullfont!
Missing character: There is no a ("61) in font nullfont!
Missing character: There is no c ("63) in font nullfont!
Missing character: There is no k ("6B) in font nullfont!
Missing character: There is no , ("2C) in font nullfont!
Missing character: There is no t ("74) in font nullfont!
Missing character: There is no h ("68) in font nullfont!
Missing character: There is no i ("69) in font nullfont!
Missing character: There is no c ("63) in font nullfont!
Missing character: There is no k ("6B) in font nullfont!
Missing character: There is no ] ("5D) in font nullfont!
Missing character: There is no p ("70) in font nullfont!
Missing character: There is no l ("6C) in font nullfont!
Missing character: There is no o ("6F) in font nullfont!
Missing character: There is no t ("74) in font nullfont!
Missing character: There is no [ ("5B) in font nullfont!
Missing character: There is no d ("64) in font nullfont!
Missing character: There is no o ("6F) in font nullfont!
Missing character: There is no m ("6D) in font nullfont!
Missing character: There is no a ("61) in font nullfont!
Missing character: There is no i ("69) in font nullfont!
Missing character: There is no n ("6E) in font nullfont!
Missing character: There is no = ("3D) in font nullfont!
Missing character: There is no 0 ("30) in font nullfont!
Missing character: There is no . ("2E) in font nullfont!
Missing character: There is no 2 ("32) in font nullfont!
Missing character: There is no : ("3A) in font nullfont!
Missing character: There is no 1 ("31) in font nullfont!
Missing character: There is no . ("2E) in font nullfont!
Missing character: There is no 8 ("38) in font nullfont!
Missing character: There is no , ("2C) in font nullfont!
Missing character: There is no s ("73) in font nullfont!
Missing character: There is no a ("61) in font nullfont!
Missing character: There is no m ("6D) in font nullfont!
Missing character: There is no p ("70) in font nullfont!
Missing character: There is no l ("6C) in font nullfont!
Missing character: There is no e ("65) in font nullfont!
Missing character: There is no s ("73) in font nullfont!
Missing character: There is no = ("3D) in font nullfont!
Missing character: There is no 5 ("35) in font nullfont!
Missing character: There is no 0 ("30) in font nullfont!
Missing character: There is no ] ("5D) in font nullfont!
Missing character: There is no ( ("28) in font nullfont!
Missing character: There is no - ("2D) in font nullfont!
! Undefined control sequence.
l.268 ...ck] plot[domain=0.2:1.8,samples=50] ({-\x
                                                  },{-sqrt(\x*\x-0.04)});
The control sequence at the end of the top line
of your error message was never \def'ed. If you have
misspelled it (e.g., `\hobx'), type `I' and the correct
spelling (e.g., `I\hbox'). Otherwise just continue,
and I'll forget about whatever was undefined.

Missing character: There is no , ("2C) in font nullfont!
Missing character: There is no - ("2D) in font nullfont!
Missing character: There is no s ("73) in font nullfont!
Missing character: There is no q ("71) in font nullfont!
Missing character: There is no r ("72) in font nullfont!
Missing character: There is no t ("74) in font nullfont!
Missing character: There is no ( ("28) in font nullfont!
! Undefined control sequence.
l.268 ...main=0.2:1.8,samples=50] ({-\x},{-sqrt(\x
                                                  *\x-0.04)});
The control sequence at the end of the top line
of your error message was never \def'ed. If you have
misspelled it (e.g., `\hobx'), type `I' and the correct
spelling (e.g., `I\hbox'). Otherwise just continue,
and I'll forget about whatever was undefined.

Missing character: There is no * ("2A) in font nullfont!
! Undefined control sequence.
l.268 ...n=0.2:1.8,samples=50] ({-\x},{-sqrt(\x*\x
                                                  -0.04)});
The control sequence at the end of the top line
of your error message was never \def'ed. If you have
misspelled it (e.g., `\hobx'), type `I' and the correct
spelling (e.g., `I\hbox'). Otherwise just continue,
and I'll forget about whatever was undefined.

Missing character: There is no - ("2D) in font nullfont!
Missing character: There is no 0 ("30) in font nullfont!
Missing character: There is no . ("2E) in font nullfont!
Missing character: There is no 0 ("30) in font nullfont!
Missing character: There is no 4 ("34) in font nullfont!
Missing character: There is no ) ("29) in font nullfont!
Missing character: There is no ) ("29) in font nullfont!
Missing character: There is no ; ("3B) in font nullfont!
! Undefined control sequence.
l.269         \node
                    at (0,-2.2) {\titleC};
The control sequence at the end of the top line
of your error message was never \def'ed. If you have
misspelled it (e.g., `\hobx'), type `I' and the correct
spelling (e.g., `I\hbox'). Otherwise just continue,
and I'll forget about whatever was undefined.

Missing character: There is no a ("61) in font nullfont!
Missing character: There is no t ("74) in font nullfont!
Missing character: There is no ( ("28) in font nullfont!
Missing character: There is no 0 ("30) in font nullfont!
Missing character: There is no , ("2C) in font nullfont!
Missing character: There is no - ("2D) in font nullfont!
Missing character: There is no 2 ("32) in font nullfont!
Missing character: There is no . ("2E) in font nullfont!
Missing character: There is no 2 ("32) in font nullfont!
Missing character: There is no ) ("29) in font nullfont!
Missing character: There is no 鞍 ("978D) in font nullfont!
Missing character: There is no 点 ("70B9) in font nullfont!
Missing character: There is no ( ("28) in font nullfont!
Missing character: There is no S ("53) in font nullfont!
Missing character: There is no a ("61) in font nullfont!
Missing character: There is no d ("64) in font nullfont!
Missing character: There is no d ("64) in font nullfont!
Missing character: There is no l ("6C) in font nullfont!
Missing character: There is no e ("65) in font nullfont!
Missing character: There is no ) ("29) in font nullfont!
Missing character: There is no ; ("3B) in font nullfont!

! LaTeX Error: \begin{document} ended by \end{scope}.

See the LaTeX manual or LaTeX Companion for explanation.
Type  H <return>  for immediate help.
 ...                                              
                                                  
l.270     \end{scope}
                     
Your command was ignored.
Type  I <command> <return>  to replace it with another command,
or  <return>  to continue without it.


! LaTeX Error: Environment scope undefined.

See the LaTeX manual or LaTeX Companion for explanation.
Type  H <return>  for immediate help.
 ...                                              
                                                  
l.272     \begin{scope}
                       [xshift=13.5cm]
Your command was ignored.
Type  I <command> <return>  to replace it with another command,
or  <return>  to continue without it.

Missing character: There is no [ ("5B) in font nullfont!
Missing character: There is no x ("78) in font nullfont!
Missing character: There is no s ("73) in font nullfont!
Missing character: There is no h ("68) in font nullfont!
Missing character: There is no i ("69) in font nullfont!
Missing character: There is no f ("66) in font nullfont!
Missing character: There is no t ("74) in font nullfont!
Missing character: There is no = ("3D) in font nullfont!
Missing character: There is no 1 ("31) in font nullfont!
Missing character: There is no 3 ("33) in font nullfont!
Missing character: There is no . ("2E) in font nullfont!
Missing character: There is no 5 ("35) in font nullfont!
Missing character: There is no c ("63) in font nullfont!
Missing character: There is no m ("6D) in font nullfont!
Missing character: There is no ] ("5D) in font nullfont!
! Undefined control sequence.
l.273         \draw
                   [-Stealth] (-1.8,0) -- (1.8,0);
The control sequence at the end of the top line
of your error message was never \def'ed. If you have
misspelled it (e.g., `\hobx'), type `I' and the correct
spelling (e.g., `I\hbox'). Otherwise just continue,
and I'll forget about whatever was undefined.

Missing character: There is no [ ("5B) in font nullfont!
Missing character: There is no - ("2D) in font nullfont!
Missing character: There is no S ("53) in font nullfont!
Missing character: There is no t ("74) in font nullfont!
Missing character: There is no e ("65) in font nullfont!
Missing character: There is no a ("61) in font nullfont!
Missing character: There is no l ("6C) in font nullfont!
Missing character: There is no t ("74) in font nullfont!
Missing character: There is no h ("68) in font nullfont!
Missing character: There is no ] ("5D) in font nullfont!
Missing character: There is no ( ("28) in font nullfont!
Missing character: There is no - ("2D) in font nullfont!
Missing character: There is no 1 ("31) in font nullfont!
Missing character: There is no . ("2E) in font nullfont!
Missing character: There is no 8 ("38) in font nullfont!
Missing character: There is no , ("2C) in font nullfont!
Missing character: There is no 0 ("30) in font nullfont!
Missing character: There is no ) ("29) in font nullfont!
Missing character: There is no - ("2D) in font nullfont!
Missing character: There is no - ("2D) in font nullfont!
Missing character: There is no ( ("28) in font nullfont!
Missing character: There is no 1 ("31) in font nullfont!
Missing character: There is no . ("2E) in font nullfont!
Missing character: There is no 8 ("38) in font nullfont!
Missing character: There is no , ("2C) in font nullfont!
Missing character: There is no 0 ("30) in font nullfont!
Missing character: There is no ) ("29) in font nullfont!
Missing character: There is no ; ("3B) in font nullfont!
! Undefined control sequence.
l.274         \draw
                   [-Stealth] (0,-1.8) -- (0,1.8);
The control sequence at the end of the top line
of your error message was never \def'ed. If you have
misspelled it (e.g., `\hobx'), type `I' and the correct
spelling (e.g., `I\hbox'). Otherwise just continue,
and I'll forget about whatever was undefined.

Missing character: There is no [ ("5B) in font nullfont!
Missing character: There is no - ("2D) in font nullfont!
Missing character: There is no S ("53) in font nullfont!
Missing character: There is no t ("74) in font nullfont!
Missing character: There is no e ("65) in font nullfont!
Missing character: There is no a ("61) in font nullfont!
Missing character: There is no l ("6C) in font nullfont!
Missing character: There is no t ("74) in font nullfont!
Missing character: There is no h ("68) in font nullfont!
Missing character: There is no ] ("5D) in font nullfont!
Missing character: There is no ( ("28) in font nullfont!
Missing character: There is no 0 ("30) in font nullfont!
Missing character: There is no , ("2C) in font nullfont!
Missing character: There is no - ("2D) in font nullfont!
Missing character: There is no 1 ("31) in font nullfont!
Missing character: There is no . ("2E) in font nullfont!
Missing character: There is no 8 ("38) in font nullfont!
Missing character: There is no ) ("29) in font nullfont!
Missing character: There is no - ("2D) in font nullfont!
Missing character: There is no - ("2D) in font nullfont!
Missing character: There is no ( ("28) in font nullfont!
Missing character: There is no 0 ("30) in font nullfont!
Missing character: There is no , ("2C) in font nullfont!
Missing character: There is no 1 ("31) in font nullfont!
Missing character: There is no . ("2E) in font nullfont!
Missing character: There is no 8 ("38) in font nullfont!
Missing character: There is no ) ("29) in font nullfont!
Missing character: There is no ; ("3B) in font nullfont!
! Undefined control sequence.
l.275         \draw
                   [orange,thick] (-1.5,-1.5) -- (0,0) -- (1.5,1.5);
The control sequence at the end of the top line
of your error message was never \def'ed. If you have
misspelled it (e.g., `\hobx'), type `I' and the correct
spelling (e.g., `I\hbox'). Otherwise just continue,
and I'll forget about whatever was undefined.

Missing character: There is no [ ("5B) in font nullfont!
Missing character: There is no o ("6F) in font nullfont!
Missing character: There is no r ("72) in font nullfont!
Missing character: There is no a ("61) in font nullfont!
Missing character: There is no n ("6E) in font nullfont!
Missing character: There is no g ("67) in font nullfont!
Missing character: There is no e ("65) in font nullfont!
Missing character: There is no , ("2C) in font nullfont!
Missing character: There is no t ("74) in font nullfont!
Missing character: There is no h ("68) in font nullfont!
Missing character: There is no i ("69) in font nullfont!
Missing character: There is no c ("63) in font nullfont!
Missing character: There is no k ("6B) in font nullfont!
Missing character: There is no ] ("5D) in font nullfont!
Missing character: There is no ( ("28) in font nullfont!
Missing character: There is no - ("2D) in font nullfont!
Missing character: There is no 1 ("31) in font nullfont!
Missing character: There is no . ("2E) in font nullfont!
Missing character: There is no 5 ("35) in font nullfont!
Missing character: There is no , ("2C) in font nullfont!
Missing character: There is no - ("2D) in font nullfont!
Missing character: There is no 1 ("31) in font nullfont!
Missing character: There is no . ("2E) in font nullfont!
Missing character: There is no 5 ("35) in font nullfont!
Missing character: There is no ) ("29) in font nullfont!
Missing character: There is no - ("2D) in font nullfont!
Missing character: There is no - ("2D) in font nullfont!
Missing character: There is no ( ("28) in font nullfont!
Missing character: There is no 0 ("30) in font nullfont!
Missing character: There is no , ("2C) in font nullfont!
Missing character: There is no 0 ("30) in font nullfont!
Missing character: There is no ) ("29) in font nullfont!
Missing character: There is no - ("2D) in font nullfont!
Missing character: There is no - ("2D) in font nullfont!
Missing character: There is no ( ("28) in font nullfont!
Missing character: There is no 1 ("31) in font nullfont!
Missing character: There is no . ("2E) in font nullfont!
Missing character: There is no 5 ("35) in font nullfont!
Missing character: There is no , ("2C) in font nullfont!
Missing character: There is no 1 ("31) in font nullfont!
Missing character: There is no . ("2E) in font nullfont!
Missing character: There is no 5 ("35) in font nullfont!
Missing character: There is no ) ("29) in font nullfont!
Missing character: There is no ; ("3B) in font nullfont!
! Undefined control sequence.
l.276         \draw
                   [orange,thick] (-1.5,1.5) -- (0,0) -- (1.5,-1.5);
The control sequence at the end of the top line
of your error message was never \def'ed. If you have
misspelled it (e.g., `\hobx'), type `I' and the correct
spelling (e.g., `I\hbox'). Otherwise just continue,
and I'll forget about whatever was undefined.

Missing character: There is no [ ("5B) in font nullfont!
Missing character: There is no o ("6F) in font nullfont!
Missing character: There is no r ("72) in font nullfont!
Missing character: There is no a ("61) in font nullfont!
Missing character: There is no n ("6E) in font nullfont!
Missing character: There is no g ("67) in font nullfont!
Missing character: There is no e ("65) in font nullfont!
Missing character: There is no , ("2C) in font nullfont!
Missing character: There is no t ("74) in font nullfont!
Missing character: There is no h ("68) in font nullfont!
Missing character: There is no i ("69) in font nullfont!
Missing character: There is no c ("63) in font nullfont!
Missing character: There is no k ("6B) in font nullfont!
Missing character: There is no ] ("5D) in font nullfont!
Missing character: There is no ( ("28) in font nullfont!
Missing character: There is no - ("2D) in font nullfont!
Missing character: There is no 1 ("31) in font nullfont!
Missing character: There is no . ("2E) in font nullfont!
Missing character: There is no 5 ("35) in font nullfont!
Missing character: There is no , ("2C) in font nullfont!
Missing character: There is no 1 ("31) in font nullfont!
Missing character: There is no . ("2E) in font nullfont!
Missing character: There is no 5 ("35) in font nullfont!
Missing character: There is no ) ("29) in font nullfont!
Missing character: There is no - ("2D) in font nullfont!
Missing character: There is no - ("2D) in font nullfont!
Missing character: There is no ( ("28) in font nullfont!
Missing character: There is no 0 ("30) in font nullfont!
Missing character: There is no , ("2C) in font nullfont!
Missing character: There is no 0 ("30) in font nullfont!
Missing character: There is no ) ("29) in font nullfont!
Missing character: There is no - ("2D) in font nullfont!
Missing character: There is no - ("2D) in font nullfont!
Missing character: There is no ( ("28) in font nullfont!
Missing character: There is no 1 ("31) in font nullfont!
Missing character: There is no . ("2E) in font nullfont!
Missing character: There is no 5 ("35) in font nullfont!
Missing character: There is no , ("2C) in font nullfont!
Missing character: There is no - ("2D) in font nullfont!
Missing character: There is no 1 ("31) in font nullfont!
Missing character: There is no . ("2E) in font nullfont!
Missing character: There is no 5 ("35) in font nullfont!
Missing character: There is no ) ("29) in font nullfont!
Missing character: There is no ; ("3B) in font nullfont!
! Undefined control sequence.
l.277         \draw
                   [orange,thick] (-1.0,-1.5) .. controls (-0.3,-0.8) and (0...
The control sequence at the end of the top line
of your error message was never \def'ed. If you have
misspelled it (e.g., `\hobx'), type `I' and the correct
spelling (e.g., `I\hbox'). Otherwise just continue,
and I'll forget about whatever was undefined.

Missing character: There is no [ ("5B) in font nullfont!
Missing character: There is no o ("6F) in font nullfont!
Missing character: There is no r ("72) in font nullfont!
Missing character: There is no a ("61) in font nullfont!
Missing character: There is no n ("6E) in font nullfont!
Missing character: There is no g ("67) in font nullfont!
Missing character: There is no e ("65) in font nullfont!
Missing character: There is no , ("2C) in font nullfont!
Missing character: There is no t ("74) in font nullfont!
Missing character: There is no h ("68) in font nullfont!
Missing character: There is no i ("69) in font nullfont!
Missing character: There is no c ("63) in font nullfont!
Missing character: There is no k ("6B) in font nullfont!
Missing character: There is no ] ("5D) in font nullfont!
Missing character: There is no ( ("28) in font nullfont!
Missing character: There is no - ("2D) in font nullfont!
Missing character: There is no 1 ("31) in font nullfont!
Missing character: There is no . ("2E) in font nullfont!
Missing character: There is no 0 ("30) in font nullfont!
Missing character: There is no , ("2C) in font nullfont!
Missing character: There is no - ("2D) in font nullfont!
Missing character: There is no 1 ("31) in font nullfont!
Missing character: There is no . ("2E) in font nullfont!
Missing character: There is no 5 ("35) in font nullfont!
Missing character: There is no ) ("29) in font nullfont!
Missing character: There is no . ("2E) in font nullfont!
Missing character: There is no . ("2E) in font nullfont!
Missing character: There is no c ("63) in font nullfont!
Missing character: There is no o ("6F) in font nullfont!
Missing character: There is no n ("6E) in font nullfont!
Missing character: There is no t ("74) in font nullfont!
Missing character: There is no r ("72) in font nullfont!
Missing character: There is no o ("6F) in font nullfont!
Missing character: There is no l ("6C) in font nullfont!
Missing character: There is no s ("73) in font nullfont!
Missing character: There is no ( ("28) in font nullfont!
Missing character: There is no - ("2D) in font nullfont!
Missing character: There is no 0 ("30) in font nullfont!
Missing character: There is no . ("2E) in font nullfont!
Missing character: There is no 3 ("33) in font nullfont!
Missing character: There is no , ("2C) in font nullfont!
Missing character: There is no - ("2D) in font nullfont!
Missing character: There is no 0 ("30) in font nullfont!
Missing character: There is no . ("2E) in font nullfont!
Missing character: There is no 8 ("38) in font nullfont!
Missing character: There is no ) ("29) in font nullfont!
Missing character: There is no a ("61) in font nullfont!
Missing character: There is no n ("6E) in font nullfont!
Missing character: There is no d ("64) in font nullfont!
Missing character: There is no ( ("28) in font nullfont!
Missing character: There is no 0 ("30) in font nullfont!
Missing character: There is no . ("2E) in font nullfont!
Missing character: There is no 3 ("33) in font nullfont!
Missing character: There is no , ("2C) in font nullfont!
Missing character: There is no - ("2D) in font nullfont!
Missing character: There is no 0 ("30) in font nullfont!
Missing character: There is no . ("2E) in font nullfont!
Missing character: There is no 8 ("38) in font nullfont!
Missing character: There is no ) ("29) in font nullfont!
Missing character: There is no . ("2E) in font nullfont!
Missing character: There is no . ("2E) in font nullfont!
Missing character: There is no ( ("28) in font nullfont!
Missing character: There is no 1 ("31) in font nullfont!
Missing character: There is no . ("2E) in font nullfont!
Missing character: There is no 0 ("30) in font nullfont!
Missing character: There is no , ("2C) in font nullfont!
Missing character: There is no - ("2D) in font nullfont!
Missing character: There is no 0 ("30) in font nullfont!
Missing character: There is no . ("2E) in font nullfont!
Missing character: There is no 3 ("33) in font nullfont!
Missing character: There is no ) ("29) in font nullfont!
Missing character: There is no ; ("3B) in font nullfont!
! Undefined control sequence.
l.278         \draw
                   [orange,thick] (-1.5,1.0) .. controls (-0.8,0.3) and (-0....
The control sequence at the end of the top line
of your error message was never \def'ed. If you have
misspelled it (e.g., `\hobx'), type `I' and the correct
spelling (e.g., `I\hbox'). Otherwise just continue,
and I'll forget about whatever was undefined.

Missing character: There is no [ ("5B) in font nullfont!
Missing character: There is no o ("6F) in font nullfont!
Missing character: There is no r ("72) in font nullfont!
Missing character: There is no a ("61) in font nullfont!
Missing character: There is no n ("6E) in font nullfont!
Missing character: There is no g ("67) in font nullfont!
Missing character: There is no e ("65) in font nullfont!
Missing character: There is no , ("2C) in font nullfont!
Missing character: There is no t ("74) in font nullfont!
Missing character: There is no h ("68) in font nullfont!
Missing character: There is no i ("69) in font nullfont!
Missing character: There is no c ("63) in font nullfont!
Missing character: There is no k ("6B) in font nullfont!
Missing character: There is no ] ("5D) in font nullfont!
Missing character: There is no ( ("28) in font nullfont!
Missing character: There is no - ("2D) in font nullfont!
Missing character: There is no 1 ("31) in font nullfont!
Missing character: There is no . ("2E) in font nullfont!
Missing character: There is no 5 ("35) in font nullfont!
Missing character: There is no , ("2C) in font nullfont!
Missing character: There is no 1 ("31) in font nullfont!
Missing character: There is no . ("2E) in font nullfont!
Missing character: There is no 0 ("30) in font nullfont!
Missing character: There is no ) ("29) in font nullfont!
Missing character: There is no . ("2E) in font nullfont!
Missing character: There is no . ("2E) in font nullfont!
Missing character: There is no c ("63) in font nullfont!
Missing character: There is no o ("6F) in font nullfont!
Missing character: There is no n ("6E) in font nullfont!
Missing character: There is no t ("74) in font nullfont!
Missing character: There is no r ("72) in font nullfont!
Missing character: There is no o ("6F) in font nullfont!
Missing character: There is no l ("6C) in font nullfont!
Missing character: There is no s ("73) in font nullfont!
Missing character: There is no ( ("28) in font nullfont!
Missing character: There is no - ("2D) in font nullfont!
Missing character: There is no 0 ("30) in font nullfont!
Missing character: There is no . ("2E) in font nullfont!
Missing character: There is no 8 ("38) in font nullfont!
Missing character: There is no , ("2C) in font nullfont!
Missing character: There is no 0 ("30) in font nullfont!
Missing character: There is no . ("2E) in font nullfont!
Missing character: There is no 3 ("33) in font nullfont!
Missing character: There is no ) ("29) in font nullfont!
Missing character: There is no a ("61) in font nullfont!
Missing character: There is no n ("6E) in font nullfont!
Missing character: There is no d ("64) in font nullfont!
Missing character: There is no ( ("28) in font nullfont!
Missing character: There is no - ("2D) in font nullfont!
Missing character: There is no 0 ("30) in font nullfont!
Missing character: There is no . ("2E) in font nullfont!
Missing character: There is no 8 ("38) in font nullfont!
Missing character: There is no , ("2C) in font nullfont!
Missing character: There is no - ("2D) in font nullfont!
Missing character: There is no 0 ("30) in font nullfont!
Missing character: There is no . ("2E) in font nullfont!
Missing character: There is no 3 ("33) in font nullfont!
Missing character: There is no ) ("29) in font nullfont!
Missing character: There is no . ("2E) in font nullfont!
Missing character: There is no . ("2E) in font nullfont!
Missing character: There is no ( ("28) in font nullfont!
Missing character: There is no - ("2D) in font nullfont!
Missing character: There is no 0 ("30) in font nullfont!
Missing character: There is no . ("2E) in font nullfont!
Missing character: There is no 3 ("33) in font nullfont!
Missing character: There is no , ("2C) in font nullfont!
Missing character: There is no - ("2D) in font nullfont!
Missing character: There is no 1 ("31) in font nullfont!
Missing character: There is no . ("2E) in font nullfont!
Missing character: There is no 0 ("30) in font nullfont!
Missing character: There is no ) ("29) in font nullfont!
Missing character: There is no ; ("3B) in font nullfont!
! Undefined control sequence.
l.279         \node
                    at (0,-2.2) {\titleD};
The control sequence at the end of the top line
of your error message was never \def'ed. If you have
misspelled it (e.g., `\hobx'), type `I' and the correct
spelling (e.g., `I\hbox'). Otherwise just continue,
and I'll forget about whatever was undefined.

Missing character: There is no a ("61) in font nullfont!
Missing character: There is no t ("74) in font nullfont!
Missing character: There is no ( ("28) in font nullfont!
Missing character: There is no 0 ("30) in font nullfont!
Missing character: There is no , ("2C) in font nullfont!
Missing character: There is no - ("2D) in font nullfont!
Missing character: There is no 2 ("32) in font nullfont!
Missing character: There is no . ("2E) in font nullfont!
Missing character: There is no 2 ("32) in font nullfont!
Missing character: There is no ) ("29) in font nullfont!
Missing character: There is no 稳 ("7A33) in font nullfont!
Missing character: There is no 定 ("5B9A) in font nullfont!
Missing character: There is no 结 ("7ED3) in font nullfont!
Missing character: There is no 点 ("70B9) in font nullfont!
Missing character: There is no ( ("28) in font nullfont!
Missing character: There is no S ("53) in font nullfont!
Missing character: There is no t ("74) in font nullfont!
Missing character: There is no a ("61) in font nullfont!
Missing character: There is no b ("62) in font nullfont!
Missing character: There is no l ("6C) in font nullfont!
Missing character: There is no e ("65) in font nullfont!
Missing character: There is no N ("4E) in font nullfont!
Missing character: There is no o ("6F) in font nullfont!
Missing character: There is no d ("64) in font nullfont!
Missing character: There is no e ("65) in font nullfont!
Missing character: There is no ) ("29) in font nullfont!
Missing character: There is no ; ("3B) in font nullfont!

! LaTeX Error: \begin{document} ended by \end{scope}.

See the LaTeX manual or LaTeX Companion for explanation.
Type  H <return>  for immediate help.
 ...                                              
                                                  
l.280     \end{scope}
                     
Your command was ignored.
Type  I <command> <return>  to replace it with another command,
or  <return>  to continue without it.


! LaTeX Error: \begin{document} ended by \end{tikzpicture}.

See the LaTeX manual or LaTeX Companion for explanation.
Type  H <return>  for immediate help.
 ...                                              
                                                  
l.281 \end{tikzpicture}
                       
Your command was ignored.
Type  I <command> <return>  to replace it with another command,
or  <return>  to continue without it.


! LaTeX Error: \caption outside float.

See the LaTeX manual or LaTeX Companion for explanation.
Type  H <return>  for immediate help.
 ...                                              
                                                  
l.282 \caption
              {奇点类型的相平面图：中心（闭合椭圆轨道）、稳定焦点（渐近螺旋收敛）、鞍点（双曲线型）、稳定结点（直接收敛）。}
You're in trouble here.  Try typing  <return>  to proceed.
If that doesn't work, type  X <return>  to quit.

Missing character: There is no 奇 ("5947) in font nullfont!
Missing character: There is no 点 ("70B9) in font nullfont!
Missing character: There is no 类 ("7C7B) in font nullfont!
Missing character: There is no 型 ("578B) in font nullfont!
Missing character: There is no 的 ("7684) in font nullfont!
Missing character: There is no 相 ("76F8) in font nullfont!
Missing character: There is no 平 ("5E73) in font nullfont!
Missing character: There is no 面 ("9762) in font nullfont!
Missing character: There is no 图 ("56FE) in font nullfont!
Missing character: There is no ： ("FF1A) in font nullfont!
Missing character: There is no 中 ("4E2D) in font nullfont!
Missing character: There is no 心 ("5FC3) in font nullfont!
Missing character: There is no （ ("FF08) in font nullfont!
Missing character: There is no 闭 ("95ED) in font nullfont!
Missing character: There is no 合 ("5408) in font nullfont!
Missing character: There is no 椭 ("692D) in font nullfont!
Missing character: There is no 圆 ("5706) in font nullfont!
Missing character: There is no 轨 ("8F68) in font nullfont!
Missing character: There is no 道 ("9053) in font nullfont!
Missing character: There is no ） ("FF09) in font nullfont!
Missing character: There is no 、 ("3001) in font nullfont!
Missing character: There is no 稳 ("7A33) in font nullfont!
Missing character: There is no 定 ("5B9A) in font nullfont!
Missing character: There is no 焦 ("7126) in font nullfont!
Missing character: There is no 点 ("70B9) in font nullfont!
Missing character: There is no （ ("FF08) in font nullfont!
Missing character: There is no 渐 ("6E10) in font nullfont!
Missing character: There is no 近 ("8FD1) in font nullfont!
Missing character: There is no 螺 ("87BA) in font nullfont!
Missing character: There is no 旋 ("65CB) in font nullfont!
Missing character: There is no 收 ("6536) in font nullfont!
Missing character: There is no 敛 ("655B) in font nullfont!
Missing character: There is no ） ("FF09) in font nullfont!
Missing character: There is no 、 ("3001) in font nullfont!
Missing character: There is no 鞍 ("978D) in font nullfont!
Missing character: There is no 点 ("70B9) in font nullfont!
Missing character: There is no （ ("FF08) in font nullfont!
Missing character: There is no 双 ("53CC) in font nullfont!
Missing character: There is no 曲 ("66F2) in font nullfont!
Missing character: There is no 线 ("7EBF) in font nullfont!
Missing character: There is no 型 ("578B) in font nullfont!
Missing character: There is no ） ("FF09) in font nullfont!
Missing character: There is no 、 ("3001) in font nullfont!
Missing character: There is no 稳 ("7A33) in font nullfont!
Missing character: There is no 定 ("5B9A) in font nullfont!
Missing character: There is no 结 ("7ED3) in font nullfont!
Missing character: There is no 点 ("70B9) in font nullfont!
Missing character: There is no （ ("FF08) in font nullfont!
Missing character: There is no 直 ("76F4) in font nullfont!
Missing character: There is no 接 ("63A5) in font nullfont!
Missing character: There is no 收 ("6536) in font nullfont!
Missing character: There is no 敛 ("655B) in font nullfont!
Missing character: There is no ） ("FF09) in font nullfont!
Missing character: There is no 。 ("3002) in font nullfont!

! LaTeX Error: \begin{document} ended by \end{figure}.

See the LaTeX manual or LaTeX Companion for explanation.
Type  H <return>  for immediate help.
 ...                                              
                                                  
l.284 \end{figure}
                  
Your command was ignored.
Type  I <command> <return>  to replace it with another command,
or  <return>  to continue without it.

! Undefined control sequence.
l.286 \subsection
                 {极限环理论}
The control sequence at the end of the top line
of your error message was never \def'ed. If you have
misspelled it (e.g., `\hobx'), type `I' and the correct
spelling (e.g., `I\hbox'). Otherwise just continue,
and I'll forget about whatever was undefined.

Missing character: There is no 极 ("6781) in font nullfont!
Missing character: There is no 限 ("9650) in font nullfont!
Missing character: There is no 环 ("73AF) in font nullfont!
Missing character: There is no 理 ("7406) in font nullfont!
Missing character: There is no 论 ("8BBA) in font nullfont!
Missing character: There is no 极 ("6781) in font nullfont!
Missing character: There is no 限 ("9650) in font nullfont!
Missing character: There is no 环 ("73AF) in font nullfont!
Missing character: There is no 是 ("662F) in font nullfont!
Missing character: There is no 自 ("81EA) in font nullfont!
Missing character: There is no 激 ("6FC0) in font nullfont!
Missing character: There is no 振 ("632F) in font nullfont!
Missing character: There is no 动 ("52A8) in font nullfont!
Missing character: There is no 在 ("5728) in font nullfont!
Missing character: There is no 相 ("76F8) in font nullfont!
Missing character: There is no 平 ("5E73) in font nullfont!
Missing character: There is no 面 ("9762) in font nullfont!
Missing character: There is no 上 ("4E0A) in font nullfont!
Missing character: There is no 的 ("7684) in font nullfont!
Missing character: There is no 几 ("51E0) in font nullfont!
Missing character: There is no 何 ("4F55) in font nullfont!
Missing character: There is no 表 ("8868) in font nullfont!
Missing character: There is no 征 ("5F81) in font nullfont!
Missing character: There is no 。 ("3002) in font nullfont!
Missing character: There is no 考 ("8003) in font nullfont!
Missing character: There is no 虑 ("8651) in font nullfont!
Missing character: There is no 更 ("66F4) in font nullfont!
Missing character: There is no 一 ("4E00) in font nullfont!
Missing character: There is no 般 ("822C) in font nullfont!
Missing character: There is no 的 ("7684) in font nullfont!
Missing character: There is no 平 ("5E73) in font nullfont!
Missing character: There is no 面 ("9762) in font nullfont!
Missing character: There is no 自 ("81EA) in font nullfont!
Missing character: There is no 治 ("6CBB) in font nullfont!
Missing character: There is no 系 ("7CFB) in font nullfont!
Missing character: There is no 统 ("7EDF) in font nullfont!
Missing character: There is no ： ("FF1A) in font nullfont!

Overfull \hbox (20.0pt too wide) in paragraph at lines 286--288
[]
 []

! Undefined control sequence.
l.289 ...f{F}(\mathbf{x}), \quad \mathbf{x} \in \R
                                                  ^{2}
The control sequence at the end of the top line
of your error message was never \def'ed. If you have
misspelled it (e.g., `\hobx'), type `I' and the correct
spelling (e.g., `I\hbox'). Otherwise just continue,
and I'll forget about whatever was undefined.


Overfull \hbox (64.93027pt too wide) detected at line 290
[] \/lmr/m/n/10 = \OT1/cmr/bx/n/10 F\/lmr/m/n/10 (\OT1/cmr/bx/n/10 x\/lmr/m/n/1
0 )\OML/cmm/m/it/10 ;  \OT1/cmr/bx/n/10 x \OMS/cmsy/m/n/10 2[]
 []


! LaTeX Error: Environment theorem undefined.

See the LaTeX manual or LaTeX Companion for explanation.
Type  H <return>  for immediate help.
 ...                                              
                                                  
l.292 \begin{theorem}
                     [Poincar\'e-Bendixson 定理]
Your command was ignored.
Type  I <command> <return>  to replace it with another command,
or  <return>  to continue without it.

Missing character: There is no [ ("5B) in font nullfont!
Missing character: There is no P ("50) in font nullfont!
Missing character: There is no o ("6F) in font nullfont!
Missing character: There is no i ("69) in font nullfont!
Missing character: There is no n ("6E) in font nullfont!
Missing character: There is no c ("63) in font nullfont!
Missing character: There is no a ("61) in font nullfont!
Missing character: There is no r ("72) in font nullfont!
Missing character: There is no - ("2D) in font nullfont!
Missing character: There is no B ("42) in font nullfont!
Missing character: There is no e ("65) in font nullfont!
Missing character: There is no n ("6E) in font nullfont!
Missing character: There is no d ("64) in font nullfont!
Missing character: There is no i ("69) in font nullfont!
Missing character: There is no x ("78) in font nullfont!
Missing character: There is no s ("73) in font nullfont!
Missing character: There is no o ("6F) in font nullfont!
Missing character: There is no n ("6E) in font nullfont!
Missing character: There is no 定 ("5B9A) in font nullfont!
Missing character: There is no 理 ("7406) in font nullfont!
Missing character: There is no ] ("5D) in font nullfont!
Missing character: There is no 设 ("8BBE) in font nullfont!
Missing character: There is no 为 ("4E3A) in font nullfont!
Missing character: There is no 平 ("5E73) in font nullfont!
Missing character: There is no 面 ("9762) in font nullfont!
Missing character: There is no 内 ("5185) in font nullfont!
Missing character: There is no 的 ("7684) in font nullfont!
Missing character: There is no 有 ("6709) in font nullfont!
Missing character: There is no 限 ("9650) in font nullfont!
Missing character: There is no 区 ("533A) in font nullfont!
Missing character: There is no 域 ("57DF) in font nullfont!
Missing character: There is no ， ("FF0C) in font nullfont!
Missing character: There is no 其 ("5176) in font nullfont!
Missing character: There is no 内 ("5185) in font nullfont!
Missing character: There is no 无 ("65E0) in font nullfont!
Missing character: There is no 奇 ("5947) in font nullfont!
Missing character: There is no 点 ("70B9) in font nullfont!
Missing character: There is no 。 ("3002) in font nullfont!
Missing character: There is no 若 ("82E5) in font nullfont!
Missing character: There is no 轨 ("8F68) in font nullfont!
Missing character: There is no 线 ("7EBF) in font nullfont!
Missing character: There is no 恒 ("6052) in font nullfont!
Missing character: There is no 在 ("5728) in font nullfont!
Missing character: There is no 内 ("5185) in font nullfont!
Missing character: There is no 而 ("800C) in font nullfont!
Missing character: There is no 不 ("4E0D) in font nullfont!
Missing character: There is no 离 ("79BB) in font nullfont!
Missing character: There is no 开 ("5F00) in font nullfont!
Missing character: There is no ， ("FF0C) in font nullfont!
Missing character: There is no 则 ("5219) in font nullfont!
Missing character: There is no 极 ("6781) in font nullfont!
Missing character: There is no 限 ("9650) in font nullfont!
Missing character: There is no 集 ("96C6) in font nullfont!
Missing character: There is no 必 ("5FC5) in font nullfont!
Missing character: There is no 为 ("4E3A) in font nullfont!
Missing character: There is no 下 ("4E0B) in font nullfont!
Missing character: There is no 列 ("5217) in font nullfont!
Missing character: There is no 三 ("4E09) in font nullfont!
Missing character: There is no 者 ("8005) in font nullfont!
Missing character: There is no 之 ("4E4B) in font nullfont!
Missing character: There is no 一 ("4E00) in font nullfont!
Missing character: There is no ： ("FF1A) in font nullfont!

Overfull \hbox (24.44444pt too wide) in paragraph at lines 292--294
[][]\/lmr/m/n/10 e
 []


Overfull \hbox (8.55695pt too wide) in paragraph at lines 292--294
\OML/cmm/m/it/10 D$
 []


Overfull \hbox (8.55695pt too wide) in paragraph at lines 292--294
\OML/cmm/m/it/10 D$
 []


Overfull \hbox (6.58331pt too wide) in paragraph at lines 292--294
\OML/cmm/m/it/10 !$ 
 []

Missing character: There is no 奇 ("5947) in font nullfont!
Missing character: There is no 点 ("70B9) in font nullfont!
Missing character: There is no 闭 ("95ED) in font nullfont!
Missing character: There is no 轨 ("8F68) in font nullfont!
Missing character: There is no （ ("FF08) in font nullfont!
Missing character: There is no 周 ("5468) in font nullfont!
Missing character: There is no 期 ("671F) in font nullfont!
Missing character: There is no 解 ("89E3) in font nullfont!
Missing character: There is no ） ("FF09) in font nullfont!
Missing character: There is no 奇 ("5947) in font nullfont!
Missing character: There is no 点 ("70B9) in font nullfont!
Missing character: There is no 与 ("4E0E) in font nullfont!
Missing character: There is no 联 ("8054) in font nullfont!
Missing character: There is no 结 ("7ED3) in font nullfont!
Missing character: There is no 它 ("5B83) in font nullfont!
Missing character: There is no 们 ("4EEC) in font nullfont!
Missing character: There is no 的 ("7684) in font nullfont!
Missing character: There is no 轨 ("8F68) in font nullfont!
Missing character: There is no 线 ("7EBF) in font nullfont!
Missing character: There is no 构 ("6784) in font nullfont!
Missing character: There is no 成 ("6210) in font nullfont!
Missing character: There is no 的 ("7684) in font nullfont!
Missing character: There is no 连 ("8FDE) in font nullfont!
Missing character: There is no 通 ("901A) in font nullfont!
Missing character: There is no 集 ("96C6) in font nullfont!
Missing character: There is no 该 ("8BE5) in font nullfont!
Missing character: There is no 定 ("5B9A) in font nullfont!
Missing character: There is no 理 ("7406) in font nullfont!
Missing character: There is no 是 ("662F) in font nullfont!
Missing character: There is no 证 ("8BC1) in font nullfont!
Missing character: There is no 明 ("660E) in font nullfont!
Missing character: There is no 极 ("6781) in font nullfont!
Missing character: There is no 限 ("9650) in font nullfont!
Missing character: There is no 环 ("73AF) in font nullfont!
Missing character: There is no 存 ("5B58) in font nullfont!
Missing character: There is no 在 ("5728) in font nullfont!
Missing character: There is no 性 ("6027) in font nullfont!
Missing character: There is no 的 ("7684) in font nullfont!
Missing character: There is no 核 ("6838) in font nullfont!
Missing character: There is no 心 ("5FC3) in font nullfont!
Missing character: There is no 工 ("5DE5) in font nullfont!
Missing character: There is no 具 ("5177) in font nullfont!
Missing character: There is no 。 ("3002) in font nullfont!

! LaTeX Error: \begin{document} ended by \end{theorem}.

See the LaTeX manual or LaTeX Companion for explanation.
Type  H <return>  for immediate help.
 ...                                              
                                                  
l.300 \end{theorem}
                   
Your command was ignored.
Type  I <command> <return>  to replace it with another command,
or  <return>  to continue without it.


! LaTeX Error: Environment proposition undefined.

See the LaTeX manual or LaTeX Companion for explanation.
Type  H <return>  for immediate help.
 ...                                              
                                                  
l.302 \begin{proposition}
                         [极限环的稳定性判据]
Your command was ignored.
Type  I <command> <return>  to replace it with another command,
or  <return>  to continue without it.

Missing character: There is no [ ("5B) in font nullfont!
Missing character: There is no 极 ("6781) in font nullfont!
Missing character: There is no 限 ("9650) in font nullfont!
Missing character: There is no 环 ("73AF) in font nullfont!
Missing character: There is no 的 ("7684) in font nullfont!
Missing character: There is no 稳 ("7A33) in font nullfont!
Missing character: There is no 定 ("5B9A) in font nullfont!
Missing character: There is no 性 ("6027) in font nullfont!
Missing character: There is no 判 ("5224) in font nullfont!
Missing character: There is no 据 ("636E) in font nullfont!
Missing character: There is no ] ("5D) in font nullfont!
Missing character: There is no 设 ("8BBE) in font nullfont!
Missing character: There is no 极 ("6781) in font nullfont!
Missing character: There is no 限 ("9650) in font nullfont!
Missing character: There is no 环 ("73AF) in font nullfont!
Missing character: There is no 的 ("7684) in font nullfont!
Missing character: There is no 参 ("53C2) in font nullfont!
Missing character: There is no 数 ("6570) in font nullfont!
Missing character: There is no 方 ("65B9) in font nullfont!
Missing character: There is no 程 ("7A0B) in font nullfont!
Missing character: There is no 为 ("4E3A) in font nullfont!
Missing character: There is no ， ("FF0C) in font nullfont!
Missing character: There is no 周 ("5468) in font nullfont!
Missing character: There is no 期 ("671F) in font nullfont!
Missing character: There is no 为 ("4E3A) in font nullfont!
Missing character: There is no 。 ("3002) in font nullfont!
Missing character: There is no 则 ("5219) in font nullfont!
Missing character: There is no 极 ("6781) in font nullfont!
Missing character: There is no 限 ("9650) in font nullfont!
Missing character: There is no 环 ("73AF) in font nullfont!
Missing character: There is no 的 ("7684) in font nullfont!
Missing character: There is no 稳 ("7A33) in font nullfont!
Missing character: There is no 定 ("5B9A) in font nullfont!
Missing character: There is no 性 ("6027) in font nullfont!
Missing character: There is no 由 ("7531) in font nullfont!
Missing character: There is no F ("46) in font nullfont!
Missing character: There is no l ("6C) in font nullfont!
Missing character: There is no o ("6F) in font nullfont!
Missing character: There is no q ("71) in font nullfont!
Missing character: There is no u ("75) in font nullfont!
Missing character: There is no e ("65) in font nullfont!
Missing character: There is no t ("74) in font nullfont!
Missing character: There is no 乘 ("4E58) in font nullfont!
Missing character: There is no 子 ("5B50) in font nullfont!
Missing character: There is no 决 ("51B3) in font nullfont!
Missing character: There is no 定 ("5B9A) in font nullfont!
Missing character: There is no 。 ("3002) in font nullfont!
Missing character: There is no 对 ("5BF9) in font nullfont!
Missing character: There is no 于 ("4E8E) in font nullfont!
Missing character: There is no 平 ("5E73) in font nullfont!
Missing character: There is no 面 ("9762) in font nullfont!
Missing character: There is no 系 ("7CFB) in font nullfont!
Missing character: There is no 统 ("7EDF) in font nullfont!
Missing character: There is no ， ("FF0C) in font nullfont!
Missing character: There is no 可 ("53EF) in font nullfont!
Missing character: There is no 通 ("901A) in font nullfont!
Missing character: There is no 过 ("8FC7) in font nullfont!
Missing character: There is no 计 ("8BA1) in font nullfont!
Missing character: There is no 算 ("7B97) in font nullfont!
Missing character: There is no 变 ("53D8) in font nullfont!
Missing character: There is no 分 ("5206) in font nullfont!
Missing character: There is no 方 ("65B9) in font nullfont!
Missing character: There is no 程 ("7A0B) in font nullfont!
Missing character: There is no 的 ("7684) in font nullfont!
Missing character: There is no 单 ("5355) in font nullfont!
Missing character: There is no 值 ("503C) in font nullfont!
Missing character: There is no 矩 ("77E9) in font nullfont!
Missing character: There is no 阵 ("9635) in font nullfont!
Missing character: There is no 判 ("5224) in font nullfont!
Missing character: There is no 断 ("65AD) in font nullfont!
Missing character: There is no ： ("FF1A) in font nullfont!

Overfull \hbox (20.0pt too wide) in paragraph at lines 302--304
[]
 []


Overfull \hbox (6.25002pt too wide) in paragraph at lines 302--304
\/lmr/m/n/10 ^^@$
 []


Overfull \hbox (16.62492pt too wide) in paragraph at lines 302--304
\OT1/cmr/bx/n/10 x \/lmr/m/n/10 =
 []


Overfull \hbox (17.77777pt too wide) in paragraph at lines 302--304
\OT1/cmr/bx/n/10 p\/lmr/m/n/10 (\OML/cmm/m/it/10 t\/lmr/m/n/10 )$
 []


Overfull \hbox (7.23265pt too wide) in paragraph at lines 302--304
\OML/cmm/m/it/10 T$
 []

Missing character: There is no 若 ("82E5) in font nullfont!
Missing character: There is no 特 ("7279) in font nullfont!
Missing character: There is no 征 ("5F81) in font nullfont!
Missing character: There is no 乘 ("4E58) in font nullfont!
Missing character: There is no 子 ("5B50) in font nullfont!
Missing character: There is no （ ("FF08) in font nullfont!
Missing character: There is no 另 ("53E6) in font nullfont!
Missing character: There is no 一 ("4E00) in font nullfont!
Missing character: There is no 个 ("4E2A) in font nullfont!
Missing character: There is no ） ("FF09) in font nullfont!
Missing character: There is no ， ("FF0C) in font nullfont!
Missing character: There is no 极 ("6781) in font nullfont!
Missing character: There is no 限 ("9650) in font nullfont!
Missing character: There is no 环 ("73AF) in font nullfont!
Missing character: There is no 渐 ("6E10) in font nullfont!
Missing character: There is no 近 ("8FD1) in font nullfont!
Missing character: There is no 稳 ("7A33) in font nullfont!
Missing character: There is no 定 ("5B9A) in font nullfont!

Overfull \hbox (25.76736pt too wide) in paragraph at lines 305--306
\OMS/cmsy/m/n/10 j\OML/cmm/m/it/10 ^^Z[]\OMS/cmsy/m/n/10 j \OML/cmm/m/it/10 <
 []


Overfull \hbox (5.00002pt too wide) in paragraph at lines 305--306
\/lmr/m/n/10 1$
 []


Overfull \hbox (25.76736pt too wide) in paragraph at lines 305--306
\OMS/cmsy/m/n/10 j\OML/cmm/m/it/10 ^^Z[]\OMS/cmsy/m/n/10 j \/lmr/m/n/10 =
 []


Overfull \hbox (5.00002pt too wide) in paragraph at lines 305--306
\/lmr/m/n/10 1$ 
 []

Missing character: There is no 若 ("82E5) in font nullfont!
Missing character: There is no 任 ("4EFB) in font nullfont!
Missing character: There is no 一 ("4E00) in font nullfont!
Missing character: There is no 特 ("7279) in font nullfont!
Missing character: There is no 征 ("5F81) in font nullfont!
Missing character: There is no 乘 ("4E58) in font nullfont!
Missing character: There is no 子 ("5B50) in font nullfont!
Missing character: There is no ， ("FF0C) in font nullfont!
Missing character: There is no 极 ("6781) in font nullfont!
Missing character: There is no 限 ("9650) in font nullfont!
Missing character: There is no 环 ("73AF) in font nullfont!
Missing character: There is no 不 ("4E0D) in font nullfont!
Missing character: There is no 稳 ("7A33) in font nullfont!
Missing character: There is no 定 ("5B9A) in font nullfont!

Overfull \hbox (21.28123pt too wide) in paragraph at lines 306--307
\OMS/cmsy/m/n/10 j\OML/cmm/m/it/10 ^^Z\OMS/cmsy/m/n/10 j \OML/cmm/m/it/10 >
 []


Overfull \hbox (5.00002pt too wide) in paragraph at lines 306--307
\/lmr/m/n/10 1$ 
 []

Missing character: There is no 等 ("7B49) in font nullfont!
Missing character: There is no 价 ("4EF7) in font nullfont!
Missing character: There is no 的 ("7684) in font nullfont!
Missing character: There is no 判 ("5224) in font nullfont!
Missing character: There is no 据 ("636E) in font nullfont!
Missing character: There is no 是 ("662F) in font nullfont!
Missing character: There is no 二 ("4E8C) in font nullfont!
Missing character: There is no 维 ("7EF4) in font nullfont!
Missing character: There is no 系 ("7CFB) in font nullfont!
Missing character: There is no 统 ("7EDF) in font nullfont!
Missing character: There is no 沿 ("6CBF) in font nullfont!
Missing character: There is no 闭 ("95ED) in font nullfont!
Missing character: There is no 轨 ("8F68) in font nullfont!
Missing character: There is no 的 ("7684) in font nullfont!
Missing character: There is no 积 ("79EF) in font nullfont!
Missing character: There is no 分 ("5206) in font nullfont!
Missing character: There is no （ ("FF08) in font nullfont!
Missing character: There is no P ("50) in font nullfont!
Missing character: There is no o ("6F) in font nullfont!
Missing character: There is no i ("69) in font nullfont!
Missing character: There is no n ("6E) in font nullfont!
Missing character: There is no c ("63) in font nullfont!
Missing character: There is no a ("61) in font nullfont!
Missing character: There is no r ("72) in font nullfont!
Missing character: There is no 指 ("6307) in font nullfont!
Missing character: There is no 标 ("6807) in font nullfont!
Missing character: There is no 法 ("6CD5) in font nullfont!
Missing character: There is no ） ("FF09) in font nullfont!
Missing character: There is no 。 ("3002) in font nullfont!

! LaTeX Error: \begin{document} ended by \end{proposition}.

See the LaTeX manual or LaTeX Companion for explanation.
Type  H <return>  for immediate help.
 ...                                              
                                                  
l.309 \end{proposition}
                       
Your command was ignored.
Type  I <command> <return>  to replace it with another command,
or  <return>  to continue without it.


Overfull \hbox (4.44444pt too wide) in paragraph at lines 308--310
[]\/lmr/m/n/10 e
 []


! LaTeX Error: Environment figure undefined.

See the LaTeX manual or LaTeX Companion for explanation.
Type  H <return>  for immediate help.
 ...                                              
                                                  
l.311 \begin{figure}
                    [H]
Your command was ignored.
Type  I <command> <return>  to replace it with another command,
or  <return>  to continue without it.

Missing character: There is no [ ("5B) in font nullfont!
Missing character: There is no H ("48) in font nullfont!
Missing character: There is no ] ("5D) in font nullfont!

! LaTeX Error: Environment tikzpicture undefined.

See the LaTeX manual or LaTeX Companion for explanation.
Type  H <return>  for immediate help.
 ...                                              
                                                  
l.313 \begin{tikzpicture}
                         [scale=1.2]
Your command was ignored.
Type  I <command> <return>  to replace it with another command,
or  <return>  to continue without it.

Missing character: There is no [ ("5B) in font nullfont!
Missing character: There is no s ("73) in font nullfont!
Missing character: There is no c ("63) in font nullfont!
Missing character: There is no a ("61) in font nullfont!
Missing character: There is no l ("6C) in font nullfont!
Missing character: There is no e ("65) in font nullfont!
Missing character: There is no = ("3D) in font nullfont!
Missing character: There is no 1 ("31) in font nullfont!
Missing character: There is no . ("2E) in font nullfont!
Missing character: There is no 2 ("32) in font nullfont!
Missing character: There is no ] ("5D) in font nullfont!
! Undefined control sequence.
l.314     \draw
               [-Stealth] (-2.5,0) -- (2.5,0) node[right] {$x$};
The control sequence at the end of the top line
of your error message was never \def'ed. If you have
misspelled it (e.g., `\hobx'), type `I' and the correct
spelling (e.g., `I\hbox'). Otherwise just continue,
and I'll forget about whatever was undefined.

Missing character: There is no [ ("5B) in font nullfont!
Missing character: There is no - ("2D) in font nullfont!
Missing character: There is no S ("53) in font nullfont!
Missing character: There is no t ("74) in font nullfont!
Missing character: There is no e ("65) in font nullfont!
Missing character: There is no a ("61) in font nullfont!
Missing character: There is no l ("6C) in font nullfont!
Missing character: There is no t ("74) in font nullfont!
Missing character: There is no h ("68) in font nullfont!
Missing character: There is no ] ("5D) in font nullfont!
Missing character: There is no ( ("28) in font nullfont!
Missing character: There is no - ("2D) in font nullfont!
Missing character: There is no 2 ("32) in font nullfont!
Missing character: There is no . ("2E) in font nullfont!
Missing character: There is no 5 ("35) in font nullfont!
Missing character: There is no , ("2C) in font nullfont!
Missing character: There is no 0 ("30) in font nullfont!
Missing character: There is no ) ("29) in font nullfont!
Missing character: There is no - ("2D) in font nullfont!
Missing character: There is no - ("2D) in font nullfont!
Missing character: There is no ( ("28) in font nullfont!
Missing character: There is no 2 ("32) in font nullfont!
Missing character: There is no . ("2E) in font nullfont!
Missing character: There is no 5 ("35) in font nullfont!
Missing character: There is no , ("2C) in font nullfont!
Missing character: There is no 0 ("30) in font nullfont!
Missing character: There is no ) ("29) in font nullfont!
Missing character: There is no n ("6E) in font nullfont!
Missing character: There is no o ("6F) in font nullfont!
Missing character: There is no d ("64) in font nullfont!
Missing character: There is no e ("65) in font nullfont!
Missing character: There is no [ ("5B) in font nullfont!
Missing character: There is no r ("72) in font nullfont!
Missing character: There is no i ("69) in font nullfont!
Missing character: There is no g ("67) in font nullfont!
Missing character: There is no h ("68) in font nullfont!
Missing character: There is no t ("74) in font nullfont!
Missing character: There is no ] ("5D) in font nullfont!
Missing character: There is no ; ("3B) in font nullfont!
! Undefined control sequence.
l.315     \draw
               [-Stealth] (0,-2.5) -- (0,2.5) node[above] {$\dot{x}$};
The control sequence at the end of the top line
of your error message was never \def'ed. If you have
misspelled it (e.g., `\hobx'), type `I' and the correct
spelling (e.g., `I\hbox'). Otherwise just continue,
and I'll forget about whatever was undefined.

Missing character: There is no [ ("5B) in font nullfont!
Missing character: There is no - ("2D) in font nullfont!
Missing character: There is no S ("53) in font nullfont!
Missing character: There is no t ("74) in font nullfont!
Missing character: There is no e ("65) in font nullfont!
Missing character: There is no a ("61) in font nullfont!
Missing character: There is no l ("6C) in font nullfont!
Missing character: There is no t ("74) in font nullfont!
Missing character: There is no h ("68) in font nullfont!
Missing character: There is no ] ("5D) in font nullfont!
Missing character: There is no ( ("28) in font nullfont!
Missing character: There is no 0 ("30) in font nullfont!
Missing character: There is no , ("2C) in font nullfont!
Missing character: There is no - ("2D) in font nullfont!
Missing character: There is no 2 ("32) in font nullfont!
Missing character: There is no . ("2E) in font nullfont!
Missing character: There is no 5 ("35) in font nullfont!
Missing character: There is no ) ("29) in font nullfont!
Missing character: There is no - ("2D) in font nullfont!
Missing character: There is no - ("2D) in font nullfont!
Missing character: There is no ( ("28) in font nullfont!
Missing character: There is no 0 ("30) in font nullfont!
Missing character: There is no , ("2C) in font nullfont!
Missing character: There is no 2 ("32) in font nullfont!
Missing character: There is no . ("2E) in font nullfont!
Missing character: There is no 5 ("35) in font nullfont!
Missing character: There is no ) ("29) in font nullfont!
Missing character: There is no n ("6E) in font nullfont!
Missing character: There is no o ("6F) in font nullfont!
Missing character: There is no d ("64) in font nullfont!
Missing character: There is no e ("65) in font nullfont!
Missing character: There is no [ ("5B) in font nullfont!
Missing character: There is no a ("61) in font nullfont!
Missing character: There is no b ("62) in font nullfont!
Missing character: There is no o ("6F) in font nullfont!
Missing character: There is no v ("76) in font nullfont!
Missing character: There is no e ("65) in font nullfont!
Missing character: There is no ] ("5D) in font nullfont!
Missing character: There is no ; ("3B) in font nullfont!

Overfull \hbox (20.0pt too wide) in paragraph at lines 311--316
 [] 
 []


Overfull \hbox (5.71527pt too wide) in paragraph at lines 311--316
 \OML/cmm/m/it/10 x$ 
 []


Overfull \hbox (5.71527pt too wide) in paragraph at lines 311--316
 []$ 
 []

! Undefined control sequence.
l.317     \draw
               [red,very thick] (0,0) circle (1.5);
The control sequence at the end of the top line
of your error message was never \def'ed. If you have
misspelled it (e.g., `\hobx'), type `I' and the correct
spelling (e.g., `I\hbox'). Otherwise just continue,
and I'll forget about whatever was undefined.

Missing character: There is no [ ("5B) in font nullfont!
Missing character: There is no r ("72) in font nullfont!
Missing character: There is no e ("65) in font nullfont!
Missing character: There is no d ("64) in font nullfont!
Missing character: There is no , ("2C) in font nullfont!
Missing character: There is no v ("76) in font nullfont!
Missing character: There is no e ("65) in font nullfont!
Missing character: There is no r ("72) in font nullfont!
Missing character: There is no y ("79) in font nullfont!
Missing character: There is no t ("74) in font nullfont!
Missing character: There is no h ("68) in font nullfont!
Missing character: There is no i ("69) in font nullfont!
Missing character: There is no c ("63) in font nullfont!
Missing character: There is no k ("6B) in font nullfont!
Missing character: There is no ] ("5D) in font nullfont!
Missing character: There is no ( ("28) in font nullfont!
Missing character: There is no 0 ("30) in font nullfont!
Missing character: There is no , ("2C) in font nullfont!
Missing character: There is no 0 ("30) in font nullfont!
Missing character: There is no ) ("29) in font nullfont!
Missing character: There is no c ("63) in font nullfont!
Missing character: There is no i ("69) in font nullfont!
Missing character: There is no r ("72) in font nullfont!
Missing character: There is no c ("63) in font nullfont!
Missing character: There is no l ("6C) in font nullfont!
Missing character: There is no e ("65) in font nullfont!
Missing character: There is no ( ("28) in font nullfont!
Missing character: There is no 1 ("31) in font nullfont!
Missing character: There is no . ("2E) in font nullfont!
Missing character: There is no 5 ("35) in font nullfont!
Missing character: There is no ) ("29) in font nullfont!
Missing character: There is no ; ("3B) in font nullfont!
! Undefined control sequence.
l.318     \node
               [red] at (1.05,1.35) {$\Gamma$};
The control sequence at the end of the top line
of your error message was never \def'ed. If you have
misspelled it (e.g., `\hobx'), type `I' and the correct
spelling (e.g., `I\hbox'). Otherwise just continue,
and I'll forget about whatever was undefined.

Missing character: There is no [ ("5B) in font nullfont!
Missing character: There is no r ("72) in font nullfont!
Missing character: There is no e ("65) in font nullfont!
Missing character: There is no d ("64) in font nullfont!
Missing character: There is no ] ("5D) in font nullfont!
Missing character: There is no a ("61) in font nullfont!
Missing character: There is no t ("74) in font nullfont!
Missing character: There is no ( ("28) in font nullfont!
Missing character: There is no 1 ("31) in font nullfont!
Missing character: There is no . ("2E) in font nullfont!
Missing character: There is no 0 ("30) in font nullfont!
Missing character: There is no 5 ("35) in font nullfont!
Missing character: There is no , ("2C) in font nullfont!
Missing character: There is no 1 ("31) in font nullfont!
Missing character: There is no . ("2E) in font nullfont!
Missing character: There is no 3 ("33) in font nullfont!
Missing character: There is no 5 ("35) in font nullfont!
Missing character: There is no ) ("29) in font nullfont!
Missing character: There is no ; ("3B) in font nullfont!

Overfull \hbox (6.25002pt too wide) in paragraph at lines 317--319
 \/lmr/m/n/10 ^^@$ 
 []

! Undefined control sequence.
l.320     \draw
               [blue,thick,-Stealth] (0.5,0) .. controls (1.2,0.6) and (1.2,...
The control sequence at the end of the top line
of your error message was never \def'ed. If you have
misspelled it (e.g., `\hobx'), type `I' and the correct
spelling (e.g., `I\hbox'). Otherwise just continue,
and I'll forget about whatever was undefined.

Missing character: There is no [ ("5B) in font nullfont!
Missing character: There is no b ("62) in font nullfont!
Missing character: There is no l ("6C) in font nullfont!
Missing character: There is no u ("75) in font nullfont!
Missing character: There is no e ("65) in font nullfont!
Missing character: There is no , ("2C) in font nullfont!
Missing character: There is no t ("74) in font nullfont!
Missing character: There is no h ("68) in font nullfont!
Missing character: There is no i ("69) in font nullfont!
Missing character: There is no c ("63) in font nullfont!
Missing character: There is no k ("6B) in font nullfont!
Missing character: There is no , ("2C) in font nullfont!
Missing character: There is no - ("2D) in font nullfont!
Missing character: There is no S ("53) in font nullfont!
Missing character: There is no t ("74) in font nullfont!
Missing character: There is no e ("65) in font nullfont!
Missing character: There is no a ("61) in font nullfont!
Missing character: There is no l ("6C) in font nullfont!
Missing character: There is no t ("74) in font nullfont!
Missing character: There is no h ("68) in font nullfont!
Missing character: There is no ] ("5D) in font nullfont!
Missing character: There is no ( ("28) in font nullfont!
Missing character: There is no 0 ("30) in font nullfont!
Missing character: There is no . ("2E) in font nullfont!
Missing character: There is no 5 ("35) in font nullfont!
Missing character: There is no , ("2C) in font nullfont!
Missing character: There is no 0 ("30) in font nullfont!
Missing character: There is no ) ("29) in font nullfont!
Missing character: There is no . ("2E) in font nullfont!
Missing character: There is no . ("2E) in font nullfont!
Missing character: There is no c ("63) in font nullfont!
Missing character: There is no o ("6F) in font nullfont!
Missing character: There is no n ("6E) in font nullfont!
Missing character: There is no t ("74) in font nullfont!
Missing character: There is no r ("72) in font nullfont!
Missing character: There is no o ("6F) in font nullfont!
Missing character: There is no l ("6C) in font nullfont!
Missing character: There is no s ("73) in font nullfont!
Missing character: There is no ( ("28) in font nullfont!
Missing character: There is no 1 ("31) in font nullfont!
Missing character: There is no . ("2E) in font nullfont!
Missing character: There is no 2 ("32) in font nullfont!
Missing character: There is no , ("2C) in font nullfont!
Missing character: There is no 0 ("30) in font nullfont!
Missing character: There is no . ("2E) in font nullfont!
Missing character: There is no 6 ("36) in font nullfont!
Missing character: There is no ) ("29) in font nullfont!
Missing character: There is no a ("61) in font nullfont!
Missing character: There is no n ("6E) in font nullfont!
Missing character: There is no d ("64) in font nullfont!
Missing character: There is no ( ("28) in font nullfont!
Missing character: There is no 1 ("31) in font nullfont!
Missing character: There is no . ("2E) in font nullfont!
Missing character: There is no 2 ("32) in font nullfont!
Missing character: There is no , ("2C) in font nullfont!
Missing character: There is no 1 ("31) in font nullfont!
Missing character: There is no . ("2E) in font nullfont!
Missing character: There is no 4 ("34) in font nullfont!
Missing character: There is no ) ("29) in font nullfont!
Missing character: There is no . ("2E) in font nullfont!
Missing character: There is no . ("2E) in font nullfont!
Missing character: There is no ( ("28) in font nullfont!
Missing character: There is no 0 ("30) in font nullfont!
Missing character: There is no . ("2E) in font nullfont!
Missing character: There is no 3 ("33) in font nullfont!
Missing character: There is no , ("2C) in font nullfont!
Missing character: There is no 1 ("31) in font nullfont!
Missing character: There is no . ("2E) in font nullfont!
Missing character: There is no 8 ("38) in font nullfont!
Missing character: There is no ) ("29) in font nullfont!
Missing character: There is no ; ("3B) in font nullfont!
! Undefined control sequence.
l.321     \draw
               [blue,thick,-Stealth] (0.8,0) .. controls (1.5,0.8) and (1.6,...
The control sequence at the end of the top line
of your error message was never \def'ed. If you have
misspelled it (e.g., `\hobx'), type `I' and the correct
spelling (e.g., `I\hbox'). Otherwise just continue,
and I'll forget about whatever was undefined.

Missing character: There is no [ ("5B) in font nullfont!
Missing character: There is no b ("62) in font nullfont!
Missing character: There is no l ("6C) in font nullfont!
Missing character: There is no u ("75) in font nullfont!
Missing character: There is no e ("65) in font nullfont!
Missing character: There is no , ("2C) in font nullfont!
Missing character: There is no t ("74) in font nullfont!
Missing character: There is no h ("68) in font nullfont!
Missing character: There is no i ("69) in font nullfont!
Missing character: There is no c ("63) in font nullfont!
Missing character: There is no k ("6B) in font nullfont!
Missing character: There is no , ("2C) in font nullfont!
Missing character: There is no - ("2D) in font nullfont!
Missing character: There is no S ("53) in font nullfont!
Missing character: There is no t ("74) in font nullfont!
Missing character: There is no e ("65) in font nullfont!
Missing character: There is no a ("61) in font nullfont!
Missing character: There is no l ("6C) in font nullfont!
Missing character: There is no t ("74) in font nullfont!
Missing character: There is no h ("68) in font nullfont!
Missing character: There is no ] ("5D) in font nullfont!
Missing character: There is no ( ("28) in font nullfont!
Missing character: There is no 0 ("30) in font nullfont!
Missing character: There is no . ("2E) in font nullfont!
Missing character: There is no 8 ("38) in font nullfont!
Missing character: There is no , ("2C) in font nullfont!
Missing character: There is no 0 ("30) in font nullfont!
Missing character: There is no ) ("29) in font nullfont!
Missing character: There is no . ("2E) in font nullfont!
Missing character: There is no . ("2E) in font nullfont!
Missing character: There is no c ("63) in font nullfont!
Missing character: There is no o ("6F) in font nullfont!
Missing character: There is no n ("6E) in font nullfont!
Missing character: There is no t ("74) in font nullfont!
Missing character: There is no r ("72) in font nullfont!
Missing character: There is no o ("6F) in font nullfont!
Missing character: There is no l ("6C) in font nullfont!
Missing character: There is no s ("73) in font nullfont!
Missing character: There is no ( ("28) in font nullfont!
Missing character: There is no 1 ("31) in font nullfont!
Missing character: There is no . ("2E) in font nullfont!
Missing character: There is no 5 ("35) in font nullfont!
Missing character: There is no , ("2C) in font nullfont!
Missing character: There is no 0 ("30) in font nullfont!
Missing character: There is no . ("2E) in font nullfont!
Missing character: There is no 8 ("38) in font nullfont!
Missing character: There is no ) ("29) in font nullfont!
Missing character: There is no a ("61) in font nullfont!
Missing character: There is no n ("6E) in font nullfont!
Missing character: There is no d ("64) in font nullfont!
Missing character: There is no ( ("28) in font nullfont!
Missing character: There is no 1 ("31) in font nullfont!
Missing character: There is no . ("2E) in font nullfont!
Missing character: There is no 6 ("36) in font nullfont!
Missing character: There is no , ("2C) in font nullfont!
Missing character: There is no 1 ("31) in font nullfont!
Missing character: There is no . ("2E) in font nullfont!
Missing character: There is no 5 ("35) in font nullfont!
Missing character: There is no ) ("29) in font nullfont!
Missing character: There is no . ("2E) in font nullfont!
Missing character: There is no . ("2E) in font nullfont!
Missing character: There is no ( ("28) in font nullfont!
Missing character: There is no 0 ("30) in font nullfont!
Missing character: There is no . ("2E) in font nullfont!
Missing character: There is no 2 ("32) in font nullfont!
Missing character: There is no , ("2C) in font nullfont!
Missing character: There is no 2 ("32) in font nullfont!
Missing character: There is no . ("2E) in font nullfont!
Missing character: There is no 0 ("30) in font nullfont!
Missing character: There is no ) ("29) in font nullfont!
Missing character: There is no ; ("3B) in font nullfont!
! Undefined control sequence.
l.322     \draw
               [blue,thick,-Stealth] (2.0,0.4) .. controls (1.8,1.8) and (0....
The control sequence at the end of the top line
of your error message was never \def'ed. If you have
misspelled it (e.g., `\hobx'), type `I' and the correct
spelling (e.g., `I\hbox'). Otherwise just continue,
and I'll forget about whatever was undefined.

Missing character: There is no [ ("5B) in font nullfont!
Missing character: There is no b ("62) in font nullfont!
Missing character: There is no l ("6C) in font nullfont!
Missing character: There is no u ("75) in font nullfont!
Missing character: There is no e ("65) in font nullfont!
Missing character: There is no , ("2C) in font nullfont!
Missing character: There is no t ("74) in font nullfont!
Missing character: There is no h ("68) in font nullfont!
Missing character: There is no i ("69) in font nullfont!
Missing character: There is no c ("63) in font nullfont!
Missing character: There is no k ("6B) in font nullfont!
Missing character: There is no , ("2C) in font nullfont!
Missing character: There is no - ("2D) in font nullfont!
Missing character: There is no S ("53) in font nullfont!
Missing character: There is no t ("74) in font nullfont!
Missing character: There is no e ("65) in font nullfont!
Missing character: There is no a ("61) in font nullfont!
Missing character: There is no l ("6C) in font nullfont!
Missing character: There is no t ("74) in font nullfont!
Missing character: There is no h ("68) in font nullfont!
Missing character: There is no ] ("5D) in font nullfont!
Missing character: There is no ( ("28) in font nullfont!
Missing character: There is no 2 ("32) in font nullfont!
Missing character: There is no . ("2E) in font nullfont!
Missing character: There is no 0 ("30) in font nullfont!
Missing character: There is no , ("2C) in font nullfont!
Missing character: There is no 0 ("30) in font nullfont!
Missing character: There is no . ("2E) in font nullfont!
Missing character: There is no 4 ("34) in font nullfont!
Missing character: There is no ) ("29) in font nullfont!
Missing character: There is no . ("2E) in font nullfont!
Missing character: There is no . ("2E) in font nullfont!
Missing character: There is no c ("63) in font nullfont!
Missing character: There is no o ("6F) in font nullfont!
Missing character: There is no n ("6E) in font nullfont!
Missing character: There is no t ("74) in font nullfont!
Missing character: There is no r ("72) in font nullfont!
Missing character: There is no o ("6F) in font nullfont!
Missing character: There is no l ("6C) in font nullfont!
Missing character: There is no s ("73) in font nullfont!
Missing character: There is no ( ("28) in font nullfont!
Missing character: There is no 1 ("31) in font nullfont!
Missing character: There is no . ("2E) in font nullfont!
Missing character: There is no 8 ("38) in font nullfont!
Missing character: There is no , ("2C) in font nullfont!
Missing character: There is no 1 ("31) in font nullfont!
Missing character: There is no . ("2E) in font nullfont!
Missing character: There is no 8 ("38) in font nullfont!
Missing character: There is no ) ("29) in font nullfont!
Missing character: There is no a ("61) in font nullfont!
Missing character: There is no n ("6E) in font nullfont!
Missing character: There is no d ("64) in font nullfont!
Missing character: There is no ( ("28) in font nullfont!
Missing character: There is no 0 ("30) in font nullfont!
Missing character: There is no . ("2E) in font nullfont!
Missing character: There is no 8 ("38) in font nullfont!
Missing character: There is no , ("2C) in font nullfont!
Missing character: There is no 1 ("31) in font nullfont!
Missing character: There is no . ("2E) in font nullfont!
Missing character: There is no 8 ("38) in font nullfont!
Missing character: There is no ) ("29) in font nullfont!
Missing character: There is no . ("2E) in font nullfont!
Missing character: There is no . ("2E) in font nullfont!
Missing character: There is no ( ("28) in font nullfont!
Missing character: There is no - ("2D) in font nullfont!
Missing character: There is no 0 ("30) in font nullfont!
Missing character: There is no . ("2E) in font nullfont!
Missing character: There is no 8 ("38) in font nullfont!
Missing character: There is no , ("2C) in font nullfont!
Missing character: There is no 1 ("31) in font nullfont!
Missing character: There is no . ("2E) in font nullfont!
Missing character: There is no 8 ("38) in font nullfont!
Missing character: There is no ) ("29) in font nullfont!
Missing character: There is no ; ("3B) in font nullfont!
! Undefined control sequence.
l.323     \draw
               [blue,thick,-Stealth] (0.3,0) .. controls (0.8,0.4) and (1.0,...
The control sequence at the end of the top line
of your error message was never \def'ed. If you have
misspelled it (e.g., `\hobx'), type `I' and the correct
spelling (e.g., `I\hbox'). Otherwise just continue,
and I'll forget about whatever was undefined.

Missing character: There is no [ ("5B) in font nullfont!
Missing character: There is no b ("62) in font nullfont!
Missing character: There is no l ("6C) in font nullfont!
Missing character: There is no u ("75) in font nullfont!
Missing character: There is no e ("65) in font nullfont!
Missing character: There is no , ("2C) in font nullfont!
Missing character: There is no t ("74) in font nullfont!
Missing character: There is no h ("68) in font nullfont!
Missing character: There is no i ("69) in font nullfont!
Missing character: There is no c ("63) in font nullfont!
Missing character: There is no k ("6B) in font nullfont!
Missing character: There is no , ("2C) in font nullfont!
Missing character: There is no - ("2D) in font nullfont!
Missing character: There is no S ("53) in font nullfont!
Missing character: There is no t ("74) in font nullfont!
Missing character: There is no e ("65) in font nullfont!
Missing character: There is no a ("61) in font nullfont!
Missing character: There is no l ("6C) in font nullfont!
Missing character: There is no t ("74) in font nullfont!
Missing character: There is no h ("68) in font nullfont!
Missing character: There is no ] ("5D) in font nullfont!
Missing character: There is no ( ("28) in font nullfont!
Missing character: There is no 0 ("30) in font nullfont!
Missing character: There is no . ("2E) in font nullfont!
Missing character: There is no 3 ("33) in font nullfont!
Missing character: There is no , ("2C) in font nullfont!
Missing character: There is no 0 ("30) in font nullfont!
Missing character: There is no ) ("29) in font nullfont!
Missing character: There is no . ("2E) in font nullfont!
Missing character: There is no . ("2E) in font nullfont!
Missing character: There is no c ("63) in font nullfont!
Missing character: There is no o ("6F) in font nullfont!
Missing character: There is no n ("6E) in font nullfont!
Missing character: There is no t ("74) in font nullfont!
Missing character: There is no r ("72) in font nullfont!
Missing character: There is no o ("6F) in font nullfont!
Missing character: There is no l ("6C) in font nullfont!
Missing character: There is no s ("73) in font nullfont!
Missing character: There is no ( ("28) in font nullfont!
Missing character: There is no 0 ("30) in font nullfont!
Missing character: There is no . ("2E) in font nullfont!
Missing character: There is no 8 ("38) in font nullfont!
Missing character: There is no , ("2C) in font nullfont!
Missing character: There is no 0 ("30) in font nullfont!
Missing character: There is no . ("2E) in font nullfont!
Missing character: There is no 4 ("34) in font nullfont!
Missing character: There is no ) ("29) in font nullfont!
Missing character: There is no a ("61) in font nullfont!
Missing character: There is no n ("6E) in font nullfont!
Missing character: There is no d ("64) in font nullfont!
Missing character: There is no ( ("28) in font nullfont!
Missing character: There is no 1 ("31) in font nullfont!
Missing character: There is no . ("2E) in font nullfont!
Missing character: There is no 0 ("30) in font nullfont!
Missing character: There is no , ("2C) in font nullfont!
Missing character: There is no 1 ("31) in font nullfont!
Missing character: There is no . ("2E) in font nullfont!
Missing character: There is no 0 ("30) in font nullfont!
Missing character: There is no ) ("29) in font nullfont!
Missing character: There is no . ("2E) in font nullfont!
Missing character: There is no . ("2E) in font nullfont!
Missing character: There is no ( ("28) in font nullfont!
Missing character: There is no 0 ("30) in font nullfont!
Missing character: There is no . ("2E) in font nullfont!
Missing character: There is no 5 ("35) in font nullfont!
Missing character: There is no , ("2C) in font nullfont!
Missing character: There is no 1 ("31) in font nullfont!
Missing character: There is no . ("2E) in font nullfont!
Missing character: There is no 5 ("35) in font nullfont!
Missing character: There is no ) ("29) in font nullfont!
Missing character: There is no ; ("3B) in font nullfont!
! Undefined control sequence.
l.325     \draw
               [green!50!black,thick,-Stealth] (-0.3,-0.8) .. controls (-1.2...
The control sequence at the end of the top line
of your error message was never \def'ed. If you have
misspelled it (e.g., `\hobx'), type `I' and the correct
spelling (e.g., `I\hbox'). Otherwise just continue,
and I'll forget about whatever was undefined.

Missing character: There is no [ ("5B) in font nullfont!
Missing character: There is no g ("67) in font nullfont!
Missing character: There is no r ("72) in font nullfont!
Missing character: There is no e ("65) in font nullfont!
Missing character: There is no e ("65) in font nullfont!
Missing character: There is no n ("6E) in font nullfont!
Missing character: There is no ! ("21) in font nullfont!
Missing character: There is no 5 ("35) in font nullfont!
Missing character: There is no 0 ("30) in font nullfont!
Missing character: There is no ! ("21) in font nullfont!
Missing character: There is no b ("62) in font nullfont!
Missing character: There is no l ("6C) in font nullfont!
Missing character: There is no a ("61) in font nullfont!
Missing character: There is no c ("63) in font nullfont!
Missing character: There is no k ("6B) in font nullfont!
Missing character: There is no , ("2C) in font nullfont!
Missing character: There is no t ("74) in font nullfont!
Missing character: There is no h ("68) in font nullfont!
Missing character: There is no i ("69) in font nullfont!
Missing character: There is no c ("63) in font nullfont!
Missing character: There is no k ("6B) in font nullfont!
Missing character: There is no , ("2C) in font nullfont!
Missing character: There is no - ("2D) in font nullfont!
Missing character: There is no S ("53) in font nullfont!
Missing character: There is no t ("74) in font nullfont!
Missing character: There is no e ("65) in font nullfont!
Missing character: There is no a ("61) in font nullfont!
Missing character: There is no l ("6C) in font nullfont!
Missing character: There is no t ("74) in font nullfont!
Missing character: There is no h ("68) in font nullfont!
Missing character: There is no ] ("5D) in font nullfont!
Missing character: There is no ( ("28) in font nullfont!
Missing character: There is no - ("2D) in font nullfont!
Missing character: There is no 0 ("30) in font nullfont!
Missing character: There is no . ("2E) in font nullfont!
Missing character: There is no 3 ("33) in font nullfont!
Missing character: There is no , ("2C) in font nullfont!
Missing character: There is no - ("2D) in font nullfont!
Missing character: There is no 0 ("30) in font nullfont!
Missing character: There is no . ("2E) in font nullfont!
Missing character: There is no 8 ("38) in font nullfont!
Missing character: There is no ) ("29) in font nullfont!
Missing character: There is no . ("2E) in font nullfont!
Missing character: There is no . ("2E) in font nullfont!
Missing character: There is no c ("63) in font nullfont!
Missing character: There is no o ("6F) in font nullfont!
Missing character: There is no n ("6E) in font nullfont!
Missing character: There is no t ("74) in font nullfont!
Missing character: There is no r ("72) in font nullfont!
Missing character: There is no o ("6F) in font nullfont!
Missing character: There is no l ("6C) in font nullfont!
Missing character: There is no s ("73) in font nullfont!
Missing character: There is no ( ("28) in font nullfont!
Missing character: There is no - ("2D) in font nullfont!
Missing character: There is no 1 ("31) in font nullfont!
Missing character: There is no . ("2E) in font nullfont!
Missing character: There is no 2 ("32) in font nullfont!
Missing character: There is no , ("2C) in font nullfont!
Missing character: There is no - ("2D) in font nullfont!
Missing character: There is no 0 ("30) in font nullfont!
Missing character: There is no . ("2E) in font nullfont!
Missing character: There is no 4 ("34) in font nullfont!
Missing character: There is no ) ("29) in font nullfont!
Missing character: There is no a ("61) in font nullfont!
Missing character: There is no n ("6E) in font nullfont!
Missing character: There is no d ("64) in font nullfont!
Missing character: There is no ( ("28) in font nullfont!
Missing character: There is no - ("2D) in font nullfont!
Missing character: There is no 1 ("31) in font nullfont!
Missing character: There is no . ("2E) in font nullfont!
Missing character: There is no 5 ("35) in font nullfont!
Missing character: There is no , ("2C) in font nullfont!
Missing character: There is no 0 ("30) in font nullfont!
Missing character: There is no ) ("29) in font nullfont!
Missing character: There is no . ("2E) in font nullfont!
Missing character: There is no . ("2E) in font nullfont!
Missing character: There is no ( ("28) in font nullfont!
Missing character: There is no - ("2D) in font nullfont!
Missing character: There is no 1 ("31) in font nullfont!
Missing character: There is no . ("2E) in font nullfont!
Missing character: There is no 2 ("32) in font nullfont!
Missing character: There is no , ("2C) in font nullfont!
Missing character: There is no 0 ("30) in font nullfont!
Missing character: There is no . ("2E) in font nullfont!
Missing character: There is no 8 ("38) in font nullfont!
Missing character: There is no ) ("29) in font nullfont!
Missing character: There is no ; ("3B) in font nullfont!
! Undefined control sequence.
l.326     \draw
               [green!50!black,thick,-Stealth] (0.8,0.8) .. controls (2.0,0....
The control sequence at the end of the top line
of your error message was never \def'ed. If you have
misspelled it (e.g., `\hobx'), type `I' and the correct
spelling (e.g., `I\hbox'). Otherwise just continue,
and I'll forget about whatever was undefined.

Missing character: There is no [ ("5B) in font nullfont!
Missing character: There is no g ("67) in font nullfont!
Missing character: There is no r ("72) in font nullfont!
Missing character: There is no e ("65) in font nullfont!
Missing character: There is no e ("65) in font nullfont!
Missing character: There is no n ("6E) in font nullfont!
Missing character: There is no ! ("21) in font nullfont!
Missing character: There is no 5 ("35) in font nullfont!
Missing character: There is no 0 ("30) in font nullfont!
Missing character: There is no ! ("21) in font nullfont!
Missing character: There is no b ("62) in font nullfont!
Missing character: There is no l ("6C) in font nullfont!
Missing character: There is no a ("61) in font nullfont!
Missing character: There is no c ("63) in font nullfont!
Missing character: There is no k ("6B) in font nullfont!
Missing character: There is no , ("2C) in font nullfont!
Missing character: There is no t ("74) in font nullfont!
Missing character: There is no h ("68) in font nullfont!
Missing character: There is no i ("69) in font nullfont!
Missing character: There is no c ("63) in font nullfont!
Missing character: There is no k ("6B) in font nullfont!
Missing character: There is no , ("2C) in font nullfont!
Missing character: There is no - ("2D) in font nullfont!
Missing character: There is no S ("53) in font nullfont!
Missing character: There is no t ("74) in font nullfont!
Missing character: There is no e ("65) in font nullfont!
Missing character: There is no a ("61) in font nullfont!
Missing character: There is no l ("6C) in font nullfont!
Missing character: There is no t ("74) in font nullfont!
Missing character: There is no h ("68) in font nullfont!
Missing character: There is no ] ("5D) in font nullfont!
Missing character: There is no ( ("28) in font nullfont!
Missing character: There is no 0 ("30) in font nullfont!
Missing character: There is no . ("2E) in font nullfont!
Missing character: There is no 8 ("38) in font nullfont!
Missing character: There is no , ("2C) in font nullfont!
Missing character: There is no 0 ("30) in font nullfont!
Missing character: There is no . ("2E) in font nullfont!
Missing character: There is no 8 ("38) in font nullfont!
Missing character: There is no ) ("29) in font nullfont!
Missing character: There is no . ("2E) in font nullfont!
Missing character: There is no . ("2E) in font nullfont!
Missing character: There is no c ("63) in font nullfont!
Missing character: There is no o ("6F) in font nullfont!
Missing character: There is no n ("6E) in font nullfont!
Missing character: There is no t ("74) in font nullfont!
Missing character: There is no r ("72) in font nullfont!
Missing character: There is no o ("6F) in font nullfont!
Missing character: There is no l ("6C) in font nullfont!
Missing character: There is no s ("73) in font nullfont!
Missing character: There is no ( ("28) in font nullfont!
Missing character: There is no 2 ("32) in font nullfont!
Missing character: There is no . ("2E) in font nullfont!
Missing character: There is no 0 ("30) in font nullfont!
Missing character: There is no , ("2C) in font nullfont!
Missing character: There is no 0 ("30) in font nullfont!
Missing character: There is no . ("2E) in font nullfont!
Missing character: There is no 4 ("34) in font nullfont!
Missing character: There is no ) ("29) in font nullfont!
Missing character: There is no a ("61) in font nullfont!
Missing character: There is no n ("6E) in font nullfont!
Missing character: There is no d ("64) in font nullfont!
Missing character: There is no ( ("28) in font nullfont!
Missing character: There is no 2 ("32) in font nullfont!
Missing character: There is no . ("2E) in font nullfont!
Missing character: There is no 5 ("35) in font nullfont!
Missing character: There is no , ("2C) in font nullfont!
Missing character: There is no 0 ("30) in font nullfont!
Missing character: There is no ) ("29) in font nullfont!
Missing character: There is no . ("2E) in font nullfont!
Missing character: There is no . ("2E) in font nullfont!
Missing character: There is no ( ("28) in font nullfont!
Missing character: There is no 2 ("32) in font nullfont!
Missing character: There is no . ("2E) in font nullfont!
Missing character: There is no 2 ("32) in font nullfont!
Missing character: There is no , ("2C) in font nullfont!
Missing character: There is no - ("2D) in font nullfont!
Missing character: There is no 0 ("30) in font nullfont!
Missing character: There is no . ("2E) in font nullfont!
Missing character: There is no 6 ("36) in font nullfont!
Missing character: There is no ) ("29) in font nullfont!
Missing character: There is no ; ("3B) in font nullfont!
! Undefined control sequence.
l.328     \node
               [blue] at (2.8,1.8) {内部收敛};
The control sequence at the end of the top line
of your error message was never \def'ed. If you have
misspelled it (e.g., `\hobx'), type `I' and the correct
spelling (e.g., `I\hbox'). Otherwise just continue,
and I'll forget about whatever was undefined.

Missing character: There is no [ ("5B) in font nullfont!
Missing character: There is no b ("62) in font nullfont!
Missing character: There is no l ("6C) in font nullfont!
Missing character: There is no u ("75) in font nullfont!
Missing character: There is no e ("65) in font nullfont!
Missing character: There is no ] ("5D) in font nullfont!
Missing character: There is no a ("61) in font nullfont!
Missing character: There is no t ("74) in font nullfont!
Missing character: There is no ( ("28) in font nullfont!
Missing character: There is no 2 ("32) in font nullfont!
Missing character: There is no . ("2E) in font nullfont!
Missing character: There is no 8 ("38) in font nullfont!
Missing character: There is no , ("2C) in font nullfont!
Missing character: There is no 1 ("31) in font nullfont!
Missing character: There is no . ("2E) in font nullfont!
Missing character: There is no 8 ("38) in font nullfont!
Missing character: There is no ) ("29) in font nullfont!
Missing character: There is no 内 ("5185) in font nullfont!
Missing character: There is no 部 ("90E8) in font nullfont!
Missing character: There is no 收 ("6536) in font nullfont!
Missing character: There is no 敛 ("655B) in font nullfont!
Missing character: There is no ; ("3B) in font nullfont!
! Undefined control sequence.
l.329     \node
               [green!50!black] at (2.8,-0.8) {外部收敛};
The control sequence at the end of the top line
of your error message was never \def'ed. If you have
misspelled it (e.g., `\hobx'), type `I' and the correct
spelling (e.g., `I\hbox'). Otherwise just continue,
and I'll forget about whatever was undefined.

Missing character: There is no [ ("5B) in font nullfont!
Missing character: There is no g ("67) in font nullfont!
Missing character: There is no r ("72) in font nullfont!
Missing character: There is no e ("65) in font nullfont!
Missing character: There is no e ("65) in font nullfont!
Missing character: There is no n ("6E) in font nullfont!
Missing character: There is no ! ("21) in font nullfont!
Missing character: There is no 5 ("35) in font nullfont!
Missing character: There is no 0 ("30) in font nullfont!
Missing character: There is no ! ("21) in font nullfont!
Missing character: There is no b ("62) in font nullfont!
Missing character: There is no l ("6C) in font nullfont!
Missing character: There is no a ("61) in font nullfont!
Missing character: There is no c ("63) in font nullfont!
Missing character: There is no k ("6B) in font nullfont!
Missing character: There is no ] ("5D) in font nullfont!
Missing character: There is no a ("61) in font nullfont!
Missing character: There is no t ("74) in font nullfont!
Missing character: There is no ( ("28) in font nullfont!
Missing character: There is no 2 ("32) in font nullfont!
Missing character: There is no . ("2E) in font nullfont!
Missing character: There is no 8 ("38) in font nullfont!
Missing character: There is no , ("2C) in font nullfont!
Missing character: There is no - ("2D) in font nullfont!
Missing character: There is no 0 ("30) in font nullfont!
Missing character: There is no . ("2E) in font nullfont!
Missing character: There is no 8 ("38) in font nullfont!
Missing character: There is no ) ("29) in font nullfont!
Missing character: There is no 外 ("5916) in font nullfont!
Missing character: There is no 部 ("90E8) in font nullfont!
Missing character: There is no 收 ("6536) in font nullfont!
Missing character: There is no 敛 ("655B) in font nullfont!
Missing character: There is no ; ("3B) in font nullfont!
! Undefined control sequence.
l.330     \node
               [red] at (2.8,1.0) {稳定极限环};
The control sequence at the end of the top line
of your error message was never \def'ed. If you have
misspelled it (e.g., `\hobx'), type `I' and the correct
spelling (e.g., `I\hbox'). Otherwise just continue,
and I'll forget about whatever was undefined.

Missing character: There is no [ ("5B) in font nullfont!
Missing character: There is no r ("72) in font nullfont!
Missing character: There is no e ("65) in font nullfont!
Missing character: There is no d ("64) in font nullfont!
Missing character: There is no ] ("5D) in font nullfont!
Missing character: There is no a ("61) in font nullfont!
Missing character: There is no t ("74) in font nullfont!
Missing character: There is no ( ("28) in font nullfont!
Missing character: There is no 2 ("32) in font nullfont!
Missing character: There is no . ("2E) in font nullfont!
Missing character: There is no 8 ("38) in font nullfont!
Missing character: There is no , ("2C) in font nullfont!
Missing character: There is no 1 ("31) in font nullfont!
Missing character: There is no . ("2E) in font nullfont!
Missing character: There is no 0 ("30) in font nullfont!
Missing character: There is no ) ("29) in font nullfont!
Missing character: There is no 稳 ("7A33) in font nullfont!
Missing character: There is no 定 ("5B9A) in font nullfont!
Missing character: There is no 极 ("6781) in font nullfont!
Missing character: There is no 限 ("9650) in font nullfont!
Missing character: There is no 环 ("73AF) in font nullfont!
Missing character: There is no ; ("3B) in font nullfont!

! LaTeX Error: \begin{document} ended by \end{tikzpicture}.

See the LaTeX manual or LaTeX Companion for explanation.
Type  H <return>  for immediate help.
 ...                                              
                                                  
l.331 \end{tikzpicture}
                       
Your command was ignored.
Type  I <command> <return>  to replace it with another command,
or  <return>  to continue without it.


! LaTeX Error: \caption outside float.

See the LaTeX manual or LaTeX Companion for explanation.
Type  H <return>  for immediate help.
 ...                                              
                                                  
l.332 \caption
              {稳定极限环：内外部轨线均向环线趋近。Van der Pol 振子即为典型的有稳定极限环的系统。}
You're in trouble here.  Try typing  <return>  to proceed.
If that doesn't work, type  X <return>  to quit.

Missing character: There is no 稳 ("7A33) in font nullfont!
Missing character: There is no 定 ("5B9A) in font nullfont!
Missing character: There is no 极 ("6781) in font nullfont!
Missing character: There is no 限 ("9650) in font nullfont!
Missing character: There is no 环 ("73AF) in font nullfont!
Missing character: There is no ： ("FF1A) in font nullfont!
Missing character: There is no 内 ("5185) in font nullfont!
Missing character: There is no 外 ("5916) in font nullfont!
Missing character: There is no 部 ("90E8) in font nullfont!
Missing character: There is no 轨 ("8F68) in font nullfont!
Missing character: There is no 线 ("7EBF) in font nullfont!
Missing character: There is no 均 ("5747) in font nullfont!
Missing character: There is no 向 ("5411) in font nullfont!
Missing character: There is no 环 ("73AF) in font nullfont!
Missing character: There is no 线 ("7EBF) in font nullfont!
Missing character: There is no 趋 ("8D8B) in font nullfont!
Missing character: There is no 近 ("8FD1) in font nullfont!
Missing character: There is no 。 ("3002) in font nullfont!
Missing character: There is no V ("56) in font nullfont!
Missing character: There is no a ("61) in font nullfont!
Missing character: There is no n ("6E) in font nullfont!
Missing character: There is no d ("64) in font nullfont!
Missing character: There is no e ("65) in font nullfont!
Missing character: There is no r ("72) in font nullfont!
Missing character: There is no P ("50) in font nullfont!
Missing character: There is no o ("6F) in font nullfont!
Missing character: There is no l ("6C) in font nullfont!
Missing character: There is no 振 ("632F) in font nullfont!
Missing character: There is no 子 ("5B50) in font nullfont!
Missing character: There is no 即 ("5373) in font nullfont!
Missing character: There is no 为 ("4E3A) in font nullfont!
Missing character: There is no 典 ("5178) in font nullfont!
Missing character: There is no 型 ("578B) in font nullfont!
Missing character: There is no 的 ("7684) in font nullfont!
Missing character: There is no 有 ("6709) in font nullfont!
Missing character: There is no 稳 ("7A33) in font nullfont!
Missing character: There is no 定 ("5B9A) in font nullfont!
Missing character: There is no 极 ("6781) in font nullfont!
Missing character: There is no 限 ("9650) in font nullfont!
Missing character: There is no 环 ("73AF) in font nullfont!
Missing character: There is no 的 ("7684) in font nullfont!
Missing character: There is no 系 ("7CFB) in font nullfont!
Missing character: There is no 统 ("7EDF) in font nullfont!
Missing character: There is no 。 ("3002) in font nullfont!

! LaTeX Error: \begin{document} ended by \end{figure}.

See the LaTeX manual or LaTeX Companion for explanation.
Type  H <return>  for immediate help.
 ...                                              
                                                  
l.334 \end{figure}
                  
Your command was ignored.
Type  I <command> <return>  to replace it with another command,
or  <return>  to continue without it.

! Undefined control sequence.
l.336 \subsection
                 {等倾线法}
The control sequence at the end of the top line
of your error message was never \def'ed. If you have
misspelled it (e.g., `\hobx'), type `I' and the correct
spelling (e.g., `I\hbox'). Otherwise just continue,
and I'll forget about whatever was undefined.

Missing character: There is no 等 ("7B49) in font nullfont!
Missing character: There is no 倾 ("503E) in font nullfont!
Missing character: There is no 线 ("7EBF) in font nullfont!
Missing character: There is no 法 ("6CD5) in font nullfont!
Missing character: There is no 等 ("7B49) in font nullfont!
Missing character: There is no 倾 ("503E) in font nullfont!
Missing character: There is no 线 ("7EBF) in font nullfont!
Missing character: There is no 是 ("662F) in font nullfont!
Missing character: There is no 相 ("76F8) in font nullfont!
Missing character: There is no 平 ("5E73) in font nullfont!
Missing character: There is no 面 ("9762) in font nullfont!
Missing character: There is no 上 ("4E0A) in font nullfont!
Missing character: There is no 斜 ("659C) in font nullfont!
Missing character: There is no 率 ("7387) in font nullfont!
Missing character: There is no 为 ("4E3A) in font nullfont!
Missing character: There is no 常 ("5E38) in font nullfont!
Missing character: There is no 数 ("6570) in font nullfont!
Missing character: There is no 的 ("7684) in font nullfont!
Missing character: There is no 点 ("70B9) in font nullfont!
Missing character: There is no 的 ("7684) in font nullfont!
Missing character: There is no 轨 ("8F68) in font nullfont!
Missing character: There is no 迹 ("8FF9) in font nullfont!
Missing character: There is no ， ("FF0C) in font nullfont!
Missing character: There is no 提 ("63D0) in font nullfont!
Missing character: There is no 供 ("4F9B) in font nullfont!
Missing character: There is no 了 ("4E86) in font nullfont!
Missing character: There is no 一 ("4E00) in font nullfont!
Missing character: There is no 种 ("79CD) in font nullfont!
Missing character: There is no 手 ("624B) in font nullfont!
Missing character: There is no 绘 ("7ED8) in font nullfont!
Missing character: There is no 相 ("76F8) in font nullfont!
Missing character: There is no 轨 ("8F68) in font nullfont!
Missing character: There is no 迹 ("8FF9) in font nullfont!
Missing character: There is no 的 ("7684) in font nullfont!
Missing character: There is no 几 ("51E0) in font nullfont!
Missing character: There is no 何 ("4F55) in font nullfont!
Missing character: There is no 方 ("65B9) in font nullfont!
Missing character: There is no 法 ("6CD5) in font nullfont!
Missing character: There is no 。 ("3002) in font nullfont!
Missing character: There is no 平 ("5E73) in font nullfont!
Missing character: There is no 衡 ("8861) in font nullfont!
Missing character: There is no 点 ("70B9) in font nullfont!
Missing character: There is no 的 ("7684) in font nullfont!
Missing character: There is no 类 ("7C7B) in font nullfont!
Missing character: There is no 型 ("578B) in font nullfont!
Missing character: There is no 决 ("51B3) in font nullfont!
Missing character: There is no 定 ("5B9A) in font nullfont!
Missing character: There is no 了 ("4E86) in font nullfont!
Missing character: There is no 全 ("5168) in font nullfont!
Missing character: There is no 局 ("5C40) in font nullfont!
Missing character: There is no 相 ("76F8) in font nullfont!
Missing character: There is no 图 ("56FE) in font nullfont!
Missing character: There is no 结 ("7ED3) in font nullfont!
Missing character: There is no 构 ("6784) in font nullfont!
Missing character: There is no 。 ("3002) in font nullfont!

Overfull \hbox (20.0pt too wide) in paragraph at lines 336--338
[]
 []

! Undefined control sequence.
l.339 \section
              {经典非线性方程}
The control sequence at the end of the top line
of your error message was never \def'ed. If you have
misspelled it (e.g., `\hobx'), type `I' and the correct
spelling (e.g., `I\hbox'). Otherwise just continue,
and I'll forget about whatever was undefined.

Missing character: There is no 经 ("7ECF) in font nullfont!
Missing character: There is no 典 ("5178) in font nullfont!
Missing character: There is no 非 ("975E) in font nullfont!
Missing character: There is no 线 ("7EBF) in font nullfont!
Missing character: There is no 性 ("6027) in font nullfont!
Missing character: There is no 方 ("65B9) in font nullfont!
Missing character: There is no 程 ("7A0B) in font nullfont!
! Undefined control sequence.
l.340 \subsection
                 {Duffing 方程}
The control sequence at the end of the top line
of your error message was never \def'ed. If you have
misspelled it (e.g., `\hobx'), type `I' and the correct
spelling (e.g., `I\hbox'). Otherwise just continue,
and I'll forget about whatever was undefined.

Missing character: There is no D ("44) in font nullfont!
Missing character: There is no u ("75) in font nullfont!
Missing character: There is no f ("66) in font nullfont!
Missing character: There is no f ("66) in font nullfont!
Missing character: There is no i ("69) in font nullfont!
Missing character: There is no n ("6E) in font nullfont!
Missing character: There is no g ("67) in font nullfont!
Missing character: There is no 方 ("65B9) in font nullfont!
Missing character: There is no 程 ("7A0B) in font nullfont!
Missing character: There is no D ("44) in font nullfont!
Missing character: There is no u ("75) in font nullfont!
Missing character: There is no f ("66) in font nullfont!
Missing character: There is no f ("66) in font nullfont!
Missing character: There is no i ("69) in font nullfont!
Missing character: There is no n ("6E) in font nullfont!
Missing character: There is no g ("67) in font nullfont!
Missing character: There is no 方 ("65B9) in font nullfont!
Missing character: There is no 程 ("7A0B) in font nullfont!
Missing character: There is no 是 ("662F) in font nullfont!
Missing character: There is no 描 ("63CF) in font nullfont!
Missing character: There is no 述 ("8FF0) in font nullfont!
Missing character: There is no 具 ("5177) in font nullfont!
Missing character: There is no 有 ("6709) in font nullfont!
Missing character: There is no 非 ("975E) in font nullfont!
Missing character: There is no 线 ("7EBF) in font nullfont!
Missing character: There is no 性 ("6027) in font nullfont!
Missing character: There is no 恢 ("6062) in font nullfont!
Missing character: There is no 复 ("590D) in font nullfont!
Missing character: There is no 力 ("529B) in font nullfont!
Missing character: There is no 的 ("7684) in font nullfont!
Missing character: There is no 受 ("53D7) in font nullfont!
Missing character: There is no 迫 ("8FEB) in font nullfont!
Missing character: There is no 振 ("632F) in font nullfont!
Missing character: There is no 子 ("5B50) in font nullfont!
Missing character: There is no 的 ("7684) in font nullfont!
Missing character: There is no 经 ("7ECF) in font nullfont!
Missing character: There is no 典 ("5178) in font nullfont!
Missing character: There is no 模 ("6A21) in font nullfont!
Missing character: There is no 型 ("578B) in font nullfont!
Missing character: There is no ： ("FF1A) in font nullfont!

Overfull \hbox (20.0pt too wide) in paragraph at lines 339--342
[]
 []


Overfull \hbox (121.4808pt too wide) detected at line 344
[] \/lmr/m/n/10 + 2\OML/cmm/m/it/10 ^^P[] \/lmr/m/n/10 + \OML/cmm/m/it/10 ^^Kx 
\/lmr/m/n/10 + \OML/cmm/m/it/10 ^^Lx[] \/lmr/m/n/10 = \OML/cmm/m/it/10 F [] !t
 []

Missing character: There is no 其 ("5176) in font nullfont!
Missing character: There is no 中 ("4E2D) in font nullfont!
Missing character: There is no 为 ("4E3A) in font nullfont!
Missing character: There is no 硬 ("786C) in font nullfont!
Missing character: There is no 弹 ("5F39) in font nullfont!
Missing character: There is no 簧 ("7C27) in font nullfont!
Missing character: There is no ， ("FF0C) in font nullfont!
Missing character: There is no 为 ("4E3A) in font nullfont!
Missing character: There is no 软 ("8F6F) in font nullfont!
Missing character: There is no 弹 ("5F39) in font nullfont!
Missing character: There is no 簧 ("7C27) in font nullfont!
Missing character: There is no ， ("FF0C) in font nullfont!
Missing character: There is no 为 ("4E3A) in font nullfont!
Missing character: There is no 激 ("6FC0) in font nullfont!
Missing character: There is no 励 ("52B1) in font nullfont!
Missing character: There is no 幅 ("5E45) in font nullfont!
Missing character: There is no 值 ("503C) in font nullfont!
Missing character: There is no ， ("FF0C) in font nullfont!
Missing character: There is no 为 ("4E3A) in font nullfont!
Missing character: There is no 激 ("6FC0) in font nullfont!
Missing character: There is no 励 ("52B1) in font nullfont!
Missing character: There is no 频 ("9891) in font nullfont!
Missing character: There is no 率 ("7387) in font nullfont!
Missing character: There is no 。 ("3002) in font nullfont!

Overfull \hbox (16.73953pt too wide) in paragraph at lines 344--346
 $\OML/cmm/m/it/10 ^^L >
 []


Overfull \hbox (5.00002pt too wide) in paragraph at lines 344--346
\/lmr/m/n/10 0$
 []


Overfull \hbox (16.73953pt too wide) in paragraph at lines 344--346
\OML/cmm/m/it/10 ^^L <
 []


Overfull \hbox (5.00002pt too wide) in paragraph at lines 344--346
\/lmr/m/n/10 0$
 []


Overfull \hbox (7.81946pt too wide) in paragraph at lines 344--346
\OML/cmm/m/it/10 F$
 []


Overfull \hbox (6.58331pt too wide) in paragraph at lines 344--346
\OML/cmm/m/it/10 !$
 []


! LaTeX Error: Environment myformula undefined.

See the LaTeX manual or LaTeX Companion for explanation.
Type  H <return>  for immediate help.
 ...                                              
                                                  
l.347 \begin{myformula}
                       
Your command was ignored.
Type  I <command> <return>  to replace it with another command,
or  <return>  to continue without it.

Missing character: There is no D ("44) in font nullfont!
Missing character: There is no u ("75) in font nullfont!
Missing character: There is no f ("66) in font nullfont!
Missing character: There is no f ("66) in font nullfont!
Missing character: There is no i ("69) in font nullfont!
Missing character: There is no n ("6E) in font nullfont!
Missing character: There is no g ("67) in font nullfont!
Missing character: There is no 方 ("65B9) in font nullfont!
Missing character: There is no 程 ("7A0B) in font nullfont!
Missing character: There is no 的 ("7684) in font nullfont!
Missing character: There is no 一 ("4E00) in font nullfont!
Missing character: There is no 阶 ("9636) in font nullfont!
Missing character: There is no H ("48) in font nullfont!
Missing character: There is no a ("61) in font nullfont!
Missing character: There is no m ("6D) in font nullfont!
Missing character: There is no i ("69) in font nullfont!
Missing character: There is no l ("6C) in font nullfont!
Missing character: There is no t ("74) in font nullfont!
Missing character: There is no o ("6F) in font nullfont!
Missing character: There is no n ("6E) in font nullfont!
Missing character: There is no 形 ("5F62) in font nullfont!
Missing character: There is no 式 ("5F0F) in font nullfont!
Missing character: There is no （ ("FF08) in font nullfont!
Missing character: There is no 无 ("65E0) in font nullfont!
Missing character: There is no 阻 ("963B) in font nullfont!
Missing character: There is no 尼 ("5C3C) in font nullfont!
Missing character: There is no 自 ("81EA) in font nullfont!
Missing character: There is no 由 ("7531) in font nullfont!
Missing character: There is no 振 ("632F) in font nullfont!
Missing character: There is no 动 ("52A8) in font nullfont!
Missing character: There is no , ("2C) in font nullfont!
Missing character: There is no ） ("FF09) in font nullfont!
Missing character: There is no ： ("FF1A) in font nullfont!

Overfull \hbox (20.0pt too wide) in paragraph at lines 348--349
[]
 []


Overfull \hbox (15.66837pt too wide) in paragraph at lines 348--349
\OML/cmm/m/it/10 ^^P \/lmr/m/n/10 =
 []


Overfull \hbox (5.00002pt too wide) in paragraph at lines 348--349
\/lmr/m/n/10 0$
 []


Overfull \hbox (18.37497pt too wide) in paragraph at lines 348--349
\OML/cmm/m/it/10 F \/lmr/m/n/10 =
 []


Overfull \hbox (5.00002pt too wide) in paragraph at lines 348--349
\/lmr/m/n/10 0$ 
 []


Overfull \hbox (91.43965pt too wide) detected at line 351
[] \/lmr/m/n/10 = \OML/cmm/m/it/10 y;  [] \/lmr/m/n/10 = \OMS/cmsy/m/n/10 ^^@\O
ML/cmm/m/it/10 ^^Kx \OMS/cmsy/m/n/10 ^^@ \OML/cmm/m/it/10 ^^Lx[]
 []

Missing character: There is no H ("48) in font nullfont!
Missing character: There is no a ("61) in font nullfont!
Missing character: There is no m ("6D) in font nullfont!
Missing character: There is no i ("69) in font nullfont!
Missing character: There is no l ("6C) in font nullfont!
Missing character: There is no t ("74) in font nullfont!
Missing character: There is no o ("6F) in font nullfont!
Missing character: There is no n ("6E) in font nullfont!
Missing character: There is no 函 ("51FD) in font nullfont!
Missing character: There is no 数 ("6570) in font nullfont!
Missing character: There is no （ ("FF08) in font nullfont!
Missing character: There is no 总 ("603B) in font nullfont!
Missing character: There is no 能 ("80FD) in font nullfont!
Missing character: There is no 量 ("91CF) in font nullfont!
Missing character: There is no ） ("FF09) in font nullfont!
Missing character: There is no 为 ("4E3A) in font nullfont!
Missing character: There is no ： ("FF1A) in font nullfont!

Overfull \hbox (126.18149pt too wide) detected at line 355
\OML/cmm/m/it/10 H\/lmr/m/n/10 (\OML/cmm/m/it/10 x; y\/lmr/m/n/10 ) = []\OML/cm
m/m/it/10 y[] \/lmr/m/n/10 + []\OML/cmm/m/it/10 ^^Kx[] \/lmr/m/n/10 + []\OML/cm
m/m/it/10 ^^Lx[]
 []

Missing character: There is no 当 ("5F53) in font nullfont!
Missing character: There is no 时 ("65F6) in font nullfont!
Missing character: There is no ， ("FF0C) in font nullfont!
Missing character: There is no 正 ("6B63) in font nullfont!
Missing character: There is no 定 ("5B9A) in font nullfont!
Missing character: There is no ， ("FF0C) in font nullfont!
Missing character: There is no 唯 ("552F) in font nullfont!
Missing character: There is no 一 ("4E00) in font nullfont!
Missing character: There is no 平 ("5E73) in font nullfont!
Missing character: There is no 衡 ("8861) in font nullfont!
Missing character: There is no 点 ("70B9) in font nullfont!
Missing character: There is no 为 ("4E3A) in font nullfont!
Missing character: There is no 原 ("539F) in font nullfont!
Missing character: There is no 点 ("70B9) in font nullfont!
Missing character: There is no （ ("FF08) in font nullfont!
Missing character: There is no 中 ("4E2D) in font nullfont!
Missing character: There is no 心 ("5FC3) in font nullfont!
Missing character: There is no ） ("FF09) in font nullfont!
Missing character: There is no ; ("3B) in font nullfont!
Missing character: There is no 当 ("5F53) in font nullfont!
Missing character: There is no 且 ("4E14) in font nullfont!
Missing character: There is no 时 ("65F6) in font nullfont!
Missing character: There is no 出 ("51FA) in font nullfont!
Missing character: There is no 现 ("73B0) in font nullfont!
Missing character: There is no 双 ("53CC) in font nullfont!
Missing character: There is no 稳 ("7A33) in font nullfont!
Missing character: There is no 态 ("6001) in font nullfont!
Missing character: There is no 。 ("3002) in font nullfont!

! LaTeX Error: \begin{document} ended by \end{myformula}.

See the LaTeX manual or LaTeX Companion for explanation.
Type  H <return>  for immediate help.
 ...                                              
                                                  
l.357 \end{myformula}
                     
Your command was ignored.
Type  I <command> <return>  to replace it with another command,
or  <return>  to continue without it.


Overfull \hbox (16.73953pt too wide) in paragraph at lines 355--358
 $\OML/cmm/m/it/10 ^^L >
 []


Overfull \hbox (5.00002pt too wide) in paragraph at lines 355--358
\/lmr/m/n/10 0$
 []


Overfull \hbox (9.12497pt too wide) in paragraph at lines 355--358
\OML/cmm/m/it/10 H$
 []


Overfull \hbox (16.73953pt too wide) in paragraph at lines 355--358
\OML/cmm/m/it/10 ^^L <
 []


Overfull \hbox (5.00002pt too wide) in paragraph at lines 355--358
\/lmr/m/n/10 0$
 []


Overfull \hbox (16.98955pt too wide) in paragraph at lines 355--358
\OML/cmm/m/it/10 ^^K <
 []


Overfull \hbox (5.00002pt too wide) in paragraph at lines 355--358
\/lmr/m/n/10 0$
 []

Missing character: There is no D ("44) in font nullfont!
Missing character: There is no u ("75) in font nullfont!
Missing character: There is no f ("66) in font nullfont!
Missing character: There is no f ("66) in font nullfont!
Missing character: There is no i ("69) in font nullfont!
Missing character: There is no n ("6E) in font nullfont!
Missing character: There is no g ("67) in font nullfont!
Missing character: There is no 方 ("65B9) in font nullfont!
Missing character: There is no 程 ("7A0B) in font nullfont!
Missing character: There is no 的 ("7684) in font nullfont!
Missing character: There is no 核 ("6838) in font nullfont!
Missing character: There is no 心 ("5FC3) in font nullfont!
Missing character: There is no 特 ("7279) in font nullfont!
Missing character: There is no 性 ("6027) in font nullfont!
Missing character: There is no ： ("FF1A) in font nullfont!

Overfull \hbox (20.0pt too wide) in paragraph at lines 359--360
[] 
 []

Missing character: There is no 主 (U+4E3B) in font [lmroman10-bold]:mapping=tex-
text;!
Missing character: There is no 共 (U+5171) in font [lmroman10-bold]:mapping=tex-
text;!
Missing character: There is no 振 (U+632F) in font [lmroman10-bold]:mapping=tex-
text;!
Missing character: There is no （ ("FF08) in font nullfont!
Missing character: There is no ） ("FF09) in font nullfont!
Missing character: There is no ： ("FF1A) in font nullfont!
Missing character: There is no 幅 ("5E45) in font nullfont!
Missing character: There is no 频 ("9891) in font nullfont!
Missing character: There is no 曲 ("66F2) in font nullfont!
Missing character: There is no 线 ("7EBF) in font nullfont!
Missing character: There is no 弯 ("5F2F) in font nullfont!
Missing character: There is no 曲 ("66F2) in font nullfont!
Missing character: There is no ， ("FF0C) in font nullfont!
Missing character: There is no 出 ("51FA) in font nullfont!
Missing character: There is no 现 ("73B0) in font nullfont!
Missing character: There is no 跳 ("8DF3) in font nullfont!
Missing character: There is no 跃 ("8DC3) in font nullfont!
Missing character: There is no 现 ("73B0) in font nullfont!
Missing character: There is no 象 ("8C61) in font nullfont!

Overfull \hbox (25.53882pt too wide) in paragraph at lines 361--362
\TU/lmr/bx/n/10 主共振$\OML/cmm/m/it/10 ! \OMS/cmsy/m/n/10 ^^Y
 []


Overfull \hbox (11.66786pt too wide) in paragraph at lines 361--362
\OML/cmm/m/it/10 ![]$ 
 []

Missing character: There is no 次 (U+6B21) in font [lmroman10-bold]:mapping=tex-
text;!
Missing character: There is no 谐 (U+8C10) in font [lmroman10-bold]:mapping=tex-
text;!
Missing character: There is no 波 (U+6CE2) in font [lmroman10-bold]:mapping=tex-
text;!
Missing character: There is no 共 (U+5171) in font [lmroman10-bold]:mapping=tex-
text;!
Missing character: There is no 振 (U+632F) in font [lmroman10-bold]:mapping=tex-
text;!
Missing character: There is no ： ("FF1A) in font nullfont!
Missing character: There is no 当 ("5F53) in font nullfont!
Missing character: There is no 时 ("65F6) in font nullfont!
Missing character: There is no 激 ("6FC0) in font nullfont!
Missing character: There is no 发 ("53D1) in font nullfont!
Missing character: There is no 阶 ("9636) in font nullfont!
Missing character: There is no 次 ("6B21) in font nullfont!
Missing character: There is no 谐 ("8C10) in font nullfont!
Missing character: There is no 波 ("6CE2) in font nullfont!

Overfull \hbox (14.0pt too wide) in paragraph at lines 362--363
\TU/lmr/bx/n/10 次谐波共振
 []


Overfull \hbox (17.13882pt too wide) in paragraph at lines 362--363
\OML/cmm/m/it/10 ! \OMS/cmsy/m/n/10 ^^Y
 []


Overfull \hbox (16.66788pt too wide) in paragraph at lines 362--363
\/lmr/m/n/10 3\OML/cmm/m/it/10 ![]$
 []


Overfull \hbox (15.00005pt too wide) in paragraph at lines 362--363
\/lmr/m/n/10 1\OML/cmm/m/it/10 =\/lmr/m/n/10 3$ 
 []

Missing character: There is no 混 (U+6DF7) in font [lmroman10-bold]:mapping=tex-
text;!
Missing character: There is no 沌 (U+6C8C) in font [lmroman10-bold]:mapping=tex-
text;!
Missing character: There is no 运 (U+8FD0) in font [lmroman10-bold]:mapping=tex-
text;!
Missing character: There is no 动 (U+52A8) in font [lmroman10-bold]:mapping=tex-
text;!
Missing character: There is no ： ("FF1A) in font nullfont!
Missing character: There is no 在 ("5728) in font nullfont!
Missing character: There is no 特 ("7279) in font nullfont!
Missing character: There is no 定 ("5B9A) in font nullfont!
Missing character: There is no 参 ("53C2) in font nullfont!
Missing character: There is no 数 ("6570) in font nullfont!
Missing character: There is no 范 ("8303) in font nullfont!
Missing character: There is no 围 ("56F4) in font nullfont!
Missing character: There is no 内 ("5185) in font nullfont!
Missing character: There is no ， ("FF0C) in font nullfont!
Missing character: There is no 方 ("65B9) in font nullfont!
Missing character: There is no 程 ("7A0B) in font nullfont!
Missing character: There is no 呈 ("5448) in font nullfont!
Missing character: There is no 现 ("73B0) in font nullfont!
Missing character: There is no 确 ("786E) in font nullfont!
Missing character: There is no 定 ("5B9A) in font nullfont!
Missing character: There is no 性 ("6027) in font nullfont!
Missing character: There is no 混 ("6DF7) in font nullfont!
Missing character: There is no 沌 ("6C8C) in font nullfont!

Overfull \hbox (11.2pt too wide) in paragraph at lines 363--364
\TU/lmr/bx/n/10 混沌运动 
 []

! Undefined control sequence.
l.366 \subsection
                 {Van der Pol 方程}
The control sequence at the end of the top line
of your error message was never \def'ed. If you have
misspelled it (e.g., `\hobx'), type `I' and the correct
spelling (e.g., `I\hbox'). Otherwise just continue,
and I'll forget about whatever was undefined.

Missing character: There is no V ("56) in font nullfont!
Missing character: There is no a ("61) in font nullfont!
Missing character: There is no n ("6E) in font nullfont!
Missing character: There is no d ("64) in font nullfont!
Missing character: There is no e ("65) in font nullfont!
Missing character: There is no r ("72) in font nullfont!
Missing character: There is no P ("50) in font nullfont!
Missing character: There is no o ("6F) in font nullfont!
Missing character: There is no l ("6C) in font nullfont!
Missing character: There is no 方 ("65B9) in font nullfont!
Missing character: There is no 程 ("7A0B) in font nullfont!
Missing character: There is no V ("56) in font nullfont!
Missing character: There is no a ("61) in font nullfont!
Missing character: There is no n ("6E) in font nullfont!
Missing character: There is no d ("64) in font nullfont!
Missing character: There is no e ("65) in font nullfont!
Missing character: There is no r ("72) in font nullfont!
Missing character: There is no P ("50) in font nullfont!
Missing character: There is no o ("6F) in font nullfont!
Missing character: There is no l ("6C) in font nullfont!
Missing character: There is no 方 ("65B9) in font nullfont!
Missing character: There is no 程 ("7A0B) in font nullfont!
Missing character: There is no 是 ("662F) in font nullfont!
Missing character: There is no 自 ("81EA) in font nullfont!
Missing character: There is no 激 ("6FC0) in font nullfont!
Missing character: There is no 振 ("632F) in font nullfont!
Missing character: There is no 动 ("52A8) in font nullfont!
Missing character: There is no 的 ("7684) in font nullfont!
Missing character: There is no 经 ("7ECF) in font nullfont!
Missing character: There is no 典 ("5178) in font nullfont!
Missing character: There is no 模 ("6A21) in font nullfont!
Missing character: There is no 型 ("578B) in font nullfont!
Missing character: There is no ， ("FF0C) in font nullfont!
Missing character: There is no 由 ("7531) in font nullfont!
Missing character: There is no B ("42) in font nullfont!
Missing character: There is no a ("61) in font nullfont!
Missing character: There is no l ("6C) in font nullfont!
Missing character: There is no t ("74) in font nullfont!
Missing character: There is no h ("68) in font nullfont!
Missing character: There is no a ("61) in font nullfont!
Missing character: There is no s ("73) in font nullfont!
Missing character: There is no a ("61) in font nullfont!
Missing character: There is no r ("72) in font nullfont!
Missing character: There is no v ("76) in font nullfont!
Missing character: There is no a ("61) in font nullfont!
Missing character: There is no n ("6E) in font nullfont!
Missing character: There is no d ("64) in font nullfont!
Missing character: There is no e ("65) in font nullfont!
Missing character: There is no r ("72) in font nullfont!
Missing character: There is no P ("50) in font nullfont!
Missing character: There is no o ("6F) in font nullfont!
Missing character: There is no l ("6C) in font nullfont!
Missing character: There is no 在 ("5728) in font nullfont!
Missing character: There is no 1 ("31) in font nullfont!
Missing character: There is no 9 ("39) in font nullfont!
Missing character: There is no 2 ("32) in font nullfont!
Missing character: There is no 0 ("30) in font nullfont!
Missing character: There is no 年 ("5E74) in font nullfont!
Missing character: There is no 代 ("4EE3) in font nullfont!
Missing character: There is no 提 ("63D0) in font nullfont!
Missing character: There is no 出 ("51FA) in font nullfont!
Missing character: There is no 以 ("4EE5) in font nullfont!
Missing character: There is no 描 ("63CF) in font nullfont!
Missing character: There is no 述 ("8FF0) in font nullfont!
Missing character: There is no 电 ("7535) in font nullfont!
Missing character: There is no 子 ("5B50) in font nullfont!
Missing character: There is no 管 ("7BA1) in font nullfont!
Missing character: There is no 振 ("632F) in font nullfont!
Missing character: There is no 荡 ("8361) in font nullfont!
Missing character: There is no 器 ("5668) in font nullfont!
Missing character: There is no ： ("FF1A) in font nullfont!

Overfull \hbox (20.0pt too wide) in paragraph at lines 366--368
[]
 []


Overfull \hbox (116.62029pt too wide) detected at line 370
[] \OMS/cmsy/m/n/10 ^^@ \OML/cmm/m/it/10 ^^V\/lmr/m/n/10 (1 \OMS/cmsy/m/n/10 ^^
@ \OML/cmm/m/it/10 x[]\/lmr/m/n/10 )[] + \OML/cmm/m/it/10 x \/lmr/m/n/10 = 0\OM
L/cmm/m/it/10 ;  ^^V > \/lmr/m/n/10 0
 []


! LaTeX Error: Environment definition undefined.

See the LaTeX manual or LaTeX Companion for explanation.
Type  H <return>  for immediate help.
 ...                                              
                                                  
l.372 \begin{definition}
                        [Van der Pol 振子的阻尼特征]
Your command was ignored.
Type  I <command> <return>  to replace it with another command,
or  <return>  to continue without it.

Missing character: There is no [ ("5B) in font nullfont!
Missing character: There is no V ("56) in font nullfont!
Missing character: There is no a ("61) in font nullfont!
Missing character: There is no n ("6E) in font nullfont!
Missing character: There is no d ("64) in font nullfont!
Missing character: There is no e ("65) in font nullfont!
Missing character: There is no r ("72) in font nullfont!
Missing character: There is no P ("50) in font nullfont!
Missing character: There is no o ("6F) in font nullfont!
Missing character: There is no l ("6C) in font nullfont!
Missing character: There is no 振 ("632F) in font nullfont!
Missing character: There is no 子 ("5B50) in font nullfont!
Missing character: There is no 的 ("7684) in font nullfont!
Missing character: There is no 阻 ("963B) in font nullfont!
Missing character: There is no 尼 ("5C3C) in font nullfont!
Missing character: There is no 特 ("7279) in font nullfont!
Missing character: There is no 征 ("5F81) in font nullfont!
Missing character: There is no ] ("5D) in font nullfont!
Missing character: There is no 非 ("975E) in font nullfont!
Missing character: There is no 线 ("7EBF) in font nullfont!
Missing character: There is no 性 ("6027) in font nullfont!
Missing character: There is no 阻 ("963B) in font nullfont!
Missing character: There is no 尼 ("5C3C) in font nullfont!
Missing character: There is no 项 ("9879) in font nullfont!
Missing character: There is no 具 ("5177) in font nullfont!
Missing character: There is no 有 ("6709) in font nullfont!
Missing character: There is no 特 ("7279) in font nullfont!
Missing character: There is no 殊 ("6B8A) in font nullfont!
Missing character: There is no 的 ("7684) in font nullfont!
Missing character: There is no 振 ("632F) in font nullfont!
Missing character: There is no 幅 ("5E45) in font nullfont!
Missing character: There is no 依 ("4F9D) in font nullfont!
Missing character: There is no 赖 ("8D56) in font nullfont!
Missing character: There is no 性 ("6027) in font nullfont!
Missing character: There is no 质 ("8D28) in font nullfont!
Missing character: There is no ： ("FF1A) in font nullfont!

Overfull \hbox (20.0pt too wide) in paragraph at lines 372--374
[]
 []


Overfull \hbox (30.47pt too wide) in paragraph at lines 372--374
\OMS/cmsy/m/n/10 ^^@\OML/cmm/m/it/10 ^^V\/lmr/m/n/10 (1 \OMS/cmsy/m/n/10 ^^@
 []


Overfull \hbox (19.80557pt too wide) in paragraph at lines 372--374
\OML/cmm/m/it/10 x[]\/lmr/m/n/10 )[]$ 
 []

Missing character: There is no 当 ("5F53) in font nullfont!
Missing character: There is no 时 ("65F6) in font nullfont!
Missing character: There is no ， ("FF0C) in font nullfont!
Missing character: There is no ， ("FF0C) in font nullfont!
Missing character: There is no 阻 ("963B) in font nullfont!
Missing character: There is no 尼 ("5C3C) in font nullfont!
Missing character: There is no 为 ("4E3A) in font nullfont!
Missing character: There is no 负 ("8D1F) in font nullfont!
Missing character: There is no （ ("FF08) in font nullfont!
Missing character: There is no 注 ("6CE8) in font nullfont!
Missing character: There is no 入 ("5165) in font nullfont!
Missing character: There is no 能 ("80FD) in font nullfont!
Missing character: There is no 量 ("91CF) in font nullfont!
Missing character: There is no ） ("FF09) in font nullfont!

Overfull \hbox (21.82635pt too wide) in paragraph at lines 375--376
\OMS/cmsy/m/n/10 j\OML/cmm/m/it/10 x\OMS/cmsy/m/n/10 j \OML/cmm/m/it/10 <
 []


Overfull \hbox (5.00002pt too wide) in paragraph at lines 375--376
\/lmr/m/n/10 1$
 []


Overfull \hbox (12.77782pt too wide) in paragraph at lines 375--376
\/lmr/m/n/10 1 \OMS/cmsy/m/n/10 ^^@
 []


Overfull \hbox (20.75691pt too wide) in paragraph at lines 375--376
\OML/cmm/m/it/10 x[] >
 []


Overfull \hbox (5.00002pt too wide) in paragraph at lines 375--376
\/lmr/m/n/10 0$ 
 []

Missing character: There is no 当 ("5F53) in font nullfont!
Missing character: There is no 时 ("65F6) in font nullfont!
Missing character: There is no ， ("FF0C) in font nullfont!
Missing character: There is no ， ("FF0C) in font nullfont!
Missing character: There is no 阻 ("963B) in font nullfont!
Missing character: There is no 尼 ("5C3C) in font nullfont!
Missing character: There is no 为 ("4E3A) in font nullfont!
Missing character: There is no 正 ("6B63) in font nullfont!
Missing character: There is no （ ("FF08) in font nullfont!
Missing character: There is no 耗 ("8017) in font nullfont!
Missing character: There is no 散 ("6563) in font nullfont!
Missing character: There is no 能 ("80FD) in font nullfont!
Missing character: There is no 量 ("91CF) in font nullfont!
Missing character: There is no ） ("FF09) in font nullfont!

Overfull \hbox (21.82635pt too wide) in paragraph at lines 376--377
\OMS/cmsy/m/n/10 j\OML/cmm/m/it/10 x\OMS/cmsy/m/n/10 j \OML/cmm/m/it/10 >
 []


Overfull \hbox (5.00002pt too wide) in paragraph at lines 376--377
\/lmr/m/n/10 1$
 []


Overfull \hbox (12.77782pt too wide) in paragraph at lines 376--377
\/lmr/m/n/10 1 \OMS/cmsy/m/n/10 ^^@
 []


Overfull \hbox (20.75691pt too wide) in paragraph at lines 376--377
\OML/cmm/m/it/10 x[] <
 []


Overfull \hbox (5.00002pt too wide) in paragraph at lines 376--377
\/lmr/m/n/10 0$ 
 []

Missing character: There is no 系 ("7CFB) in font nullfont!
Missing character: There is no 统 ("7EDF) in font nullfont!
Missing character: There is no 在 ("5728) in font nullfont!
Missing character: There is no 附 ("9644) in font nullfont!
Missing character: There is no 近 ("8FD1) in font nullfont!
Missing character: There is no 达 ("8FBE) in font nullfont!
Missing character: There is no 到 ("5230) in font nullfont!
Missing character: There is no 能 ("80FD) in font nullfont!
Missing character: There is no 量 ("91CF) in font nullfont!
Missing character: There is no 平 ("5E73) in font nullfont!
Missing character: There is no 衡 ("8861) in font nullfont!
Missing character: There is no ， ("FF0C) in font nullfont!
Missing character: There is no 形 ("5F62) in font nullfont!
Missing character: There is no 成 ("6210) in font nullfont!
Missing character: There is no 稳 ("7A33) in font nullfont!
Missing character: There is no 定 ("5B9A) in font nullfont!
Missing character: There is no 的 ("7684) in font nullfont!
Missing character: There is no 极 ("6781) in font nullfont!
Missing character: There is no 限 ("9650) in font nullfont!
Missing character: There is no 环 ("73AF) in font nullfont!
Missing character: There is no 。 ("3002) in font nullfont!

! LaTeX Error: \begin{document} ended by \end{definition}.

See the LaTeX manual or LaTeX Companion for explanation.
Type  H <return>  for immediate help.
 ...                                              
                                                  
l.379 \end{definition}
                      
Your command was ignored.
Type  I <command> <return>  to replace it with another command,
or  <return>  to continue without it.


Overfull \hbox (21.82635pt too wide) in paragraph at lines 378--380
 $\OMS/cmsy/m/n/10 j\OML/cmm/m/it/10 x\OMS/cmsy/m/n/10 j \/lmr/m/n/10 =
 []


Overfull \hbox (5.00002pt too wide) in paragraph at lines 378--380
\/lmr/m/n/10 1$
 []


! LaTeX Error: Environment myformula undefined.

See the LaTeX manual or LaTeX Companion for explanation.
Type  H <return>  for immediate help.
 ...                                              
                                                  
l.381 \begin{myformula}
                       
Your command was ignored.
Type  I <command> <return>  to replace it with another command,
or  <return>  to continue without it.

Missing character: There is no 对 ("5BF9) in font nullfont!
Missing character: There is no 于 ("4E8E) in font nullfont!
Missing character: There is no 小 ("5C0F) in font nullfont!
Missing character: There is no 参 ("53C2) in font nullfont!
Missing character: There is no 数 ("6570) in font nullfont!
Missing character: There is no ， ("FF0C) in font nullfont!
Missing character: There is no V ("56) in font nullfont!
Missing character: There is no a ("61) in font nullfont!
Missing character: There is no n ("6E) in font nullfont!
Missing character: There is no d ("64) in font nullfont!
Missing character: There is no e ("65) in font nullfont!
Missing character: There is no r ("72) in font nullfont!
Missing character: There is no P ("50) in font nullfont!
Missing character: There is no o ("6F) in font nullfont!
Missing character: There is no l ("6C) in font nullfont!
Missing character: There is no 方 ("65B9) in font nullfont!
Missing character: There is no 程 ("7A0B) in font nullfont!
Missing character: There is no 的 ("7684) in font nullfont!
Missing character: There is no 近 ("8FD1) in font nullfont!
Missing character: There is no 似 ("4F3C) in font nullfont!
Missing character: There is no 解 ("89E3) in font nullfont!
Missing character: There is no 为 ("4E3A) in font nullfont!
Missing character: There is no ： ("FF1A) in font nullfont!

Overfull \hbox (20.0pt too wide) in paragraph at lines 382--383
[]
 []


Overfull \hbox (18.8032pt too wide) in paragraph at lines 382--383
\OML/cmm/m/it/10 ^^V \OMS/cmsy/m/n/10 ^^\
 []


Overfull \hbox (5.00002pt too wide) in paragraph at lines 382--383
\/lmr/m/n/10 1$
 []


Overfull \hbox (122.6525pt too wide) detected at line 385
\OML/cmm/m/it/10 x\/lmr/m/n/10 (\OML/cmm/m/it/10 t\/lmr/m/n/10 ) \OMS/cmsy/m/n/
10 ^^Y \/lmr/m/n/10 2 [] \OML/cmm/m/it/10 t;  []\/lmr/m/n/10 (\OML/cmm/m/it/10 
t\/lmr/m/n/10 ) \OMS/cmsy/m/n/10 ^^Y ^^@\/lmr/m/n/10 2 [] \OML/cmm/m/it/10 t
 []

Missing character: There is no 极 ("6781) in font nullfont!
Missing character: There is no 限 ("9650) in font nullfont!
Missing character: There is no 环 ("73AF) in font nullfont!
Missing character: There is no 近 ("8FD1) in font nullfont!
Missing character: There is no 似 ("4F3C) in font nullfont!
Missing character: There is no 为 ("4E3A) in font nullfont!
Missing character: There is no 半 ("534A) in font nullfont!
Missing character: There is no 径 ("5F84) in font nullfont!
Missing character: There is no 为 ("4E3A) in font nullfont!
Missing character: There is no 的 ("7684) in font nullfont!
Missing character: There is no 圆 ("5706) in font nullfont!
Missing character: There is no 周 ("5468) in font nullfont!
Missing character: There is no 。 ("3002) in font nullfont!
Missing character: There is no 当 ("5F53) in font nullfont!
Missing character: There is no 很 ("5F88) in font nullfont!
Missing character: There is no 大 ("5927) in font nullfont!
Missing character: There is no 时 ("65F6) in font nullfont!
Missing character: There is no ， ("FF0C) in font nullfont!
Missing character: There is no 极 ("6781) in font nullfont!
Missing character: There is no 限 ("9650) in font nullfont!
Missing character: There is no 环 ("73AF) in font nullfont!
Missing character: There is no 变 ("53D8) in font nullfont!
Missing character: There is no 为 ("4E3A) in font nullfont!
Missing character: There is no 弛 ("5F1B) in font nullfont!
Missing character: There is no 豫 ("8C6B) in font nullfont!
Missing character: There is no 振 ("632F) in font nullfont!
Missing character: There is no 荡 ("8361) in font nullfont!
Missing character: There is no （ ("FF08) in font nullfont!
Missing character: There is no r ("72) in font nullfont!
Missing character: There is no e ("65) in font nullfont!
Missing character: There is no l ("6C) in font nullfont!
Missing character: There is no a ("61) in font nullfont!
Missing character: There is no x ("78) in font nullfont!
Missing character: There is no a ("61) in font nullfont!
Missing character: There is no t ("74) in font nullfont!
Missing character: There is no i ("69) in font nullfont!
Missing character: There is no o ("6F) in font nullfont!
Missing character: There is no n ("6E) in font nullfont!
Missing character: There is no o ("6F) in font nullfont!
Missing character: There is no s ("73) in font nullfont!
Missing character: There is no c ("63) in font nullfont!
Missing character: There is no i ("69) in font nullfont!
Missing character: There is no l ("6C) in font nullfont!
Missing character: There is no l ("6C) in font nullfont!
Missing character: There is no a ("61) in font nullfont!
Missing character: There is no t ("74) in font nullfont!
Missing character: There is no i ("69) in font nullfont!
Missing character: There is no o ("6F) in font nullfont!
Missing character: There is no n ("6E) in font nullfont!
Missing character: There is no ） ("FF09) in font nullfont!
Missing character: There is no ， ("FF0C) in font nullfont!
Missing character: There is no 由 ("7531) in font nullfont!
Missing character: There is no 慢 ("6162) in font nullfont!
Missing character: There is no 变 ("53D8) in font nullfont!
Missing character: There is no 段 ("6BB5) in font nullfont!
Missing character: There is no 和 ("548C) in font nullfont!
Missing character: There is no 快 ("5FEB) in font nullfont!
Missing character: There is no 速 ("901F) in font nullfont!
Missing character: There is no 跳 ("8DF3) in font nullfont!
Missing character: There is no 跃 ("8DC3) in font nullfont!
Missing character: There is no 段 ("6BB5) in font nullfont!
Missing character: There is no 交 ("4EA4) in font nullfont!
Missing character: There is no 替 ("66FF) in font nullfont!
Missing character: There is no 构 ("6784) in font nullfont!
Missing character: There is no 成 ("6210) in font nullfont!
Missing character: There is no 。 ("3002) in font nullfont!

! LaTeX Error: \begin{document} ended by \end{myformula}.

See the LaTeX manual or LaTeX Companion for explanation.
Type  H <return>  for immediate help.
 ...                                              
                                                  
l.387 \end{myformula}
                     
Your command was ignored.
Type  I <command> <return>  to replace it with another command,
or  <return>  to continue without it.


Overfull \hbox (5.00002pt too wide) in paragraph at lines 385--388
 $\/lmr/m/n/10 2$
 []


Overfull \hbox (6.02548pt too wide) in paragraph at lines 385--388
\OML/cmm/m/it/10 ^^V$
 []


! LaTeX Error: Environment remark undefined.

See the LaTeX manual or LaTeX Companion for explanation.
Type  H <return>  for immediate help.
 ...                                              
                                                  
l.389 \begin{remark}
                    
Your command was ignored.
Type  I <command> <return>  to replace it with another command,
or  <return>  to continue without it.

Missing character: There is no V ("56) in font nullfont!
Missing character: There is no a ("61) in font nullfont!
Missing character: There is no n ("6E) in font nullfont!
Missing character: There is no d ("64) in font nullfont!
Missing character: There is no e ("65) in font nullfont!
Missing character: There is no r ("72) in font nullfont!
Missing character: There is no P ("50) in font nullfont!
Missing character: There is no o ("6F) in font nullfont!
Missing character: There is no l ("6C) in font nullfont!
Missing character: There is no 方 ("65B9) in font nullfont!
Missing character: There is no 程 ("7A0B) in font nullfont!
Missing character: There is no 与 ("4E0E) in font nullfont!
Missing character: There is no 心 ("5FC3) in font nullfont!
Missing character: There is no 脏 ("810F) in font nullfont!
Missing character: There is no 跳 ("8DF3) in font nullfont!
Missing character: There is no 动 ("52A8) in font nullfont!
Missing character: There is no 、 ("3001) in font nullfont!
Missing character: There is no 神 ("795E) in font nullfont!
Missing character: There is no 经 ("7ECF) in font nullfont!
Missing character: There is no 元 ("5143) in font nullfont!
Missing character: There is no 放 ("653E) in font nullfont!
Missing character: There is no 电 ("7535) in font nullfont!
Missing character: There is no 、 ("3001) in font nullfont!
Missing character: There is no 电 ("7535) in font nullfont!
Missing character: There is no 子 ("5B50) in font nullfont!
Missing character: There is no 振 ("632F) in font nullfont!
Missing character: There is no 荡 ("8361) in font nullfont!
Missing character: There is no 器 ("5668) in font nullfont!
Missing character: There is no 等 ("7B49) in font nullfont!
Missing character: There is no 自 ("81EA) in font nullfont!
Missing character: There is no 激 ("6FC0) in font nullfont!
Missing character: There is no 振 ("632F) in font nullfont!
Missing character: There is no 荡 ("8361) in font nullfont!
Missing character: There is no 现 ("73B0) in font nullfont!
Missing character: There is no 象 ("8C61) in font nullfont!
Missing character: There is no 密 ("5BC6) in font nullfont!
Missing character: There is no 切 ("5207) in font nullfont!
Missing character: There is no 相 ("76F8) in font nullfont!
Missing character: There is no 关 ("5173) in font nullfont!
Missing character: There is no 。 ("3002) in font nullfont!
Missing character: There is no 该 ("8BE5) in font nullfont!
Missing character: There is no 方 ("65B9) in font nullfont!
Missing character: There is no 程 ("7A0B) in font nullfont!
Missing character: There is no 是 ("662F) in font nullfont!
Missing character: There is no 非 ("975E) in font nullfont!
Missing character: There is no 线 ("7EBF) in font nullfont!
Missing character: There is no 性 ("6027) in font nullfont!
Missing character: There is no 动 ("52A8) in font nullfont!
Missing character: There is no 力 ("529B) in font nullfont!
Missing character: There is no 学 ("5B66) in font nullfont!
Missing character: There is no 中 ("4E2D) in font nullfont!
Missing character: There is no 研 ("7814) in font nullfont!
Missing character: There is no 究 ("7A76) in font nullfont!
Missing character: There is no 最 ("6700) in font nullfont!
Missing character: There is no 为 ("4E3A) in font nullfont!
Missing character: There is no 深 ("6DF1) in font nullfont!
Missing character: There is no 入 ("5165) in font nullfont!
Missing character: There is no 的 ("7684) in font nullfont!
Missing character: There is no 系 ("7CFB) in font nullfont!
Missing character: There is no 统 ("7EDF) in font nullfont!
Missing character: There is no 之 ("4E4B) in font nullfont!
Missing character: There is no 一 ("4E00) in font nullfont!
Missing character: There is no ， ("FF0C) in font nullfont!
Missing character: There is no 其 ("5176) in font nullfont!
Missing character: There is no 数 ("6570) in font nullfont!
Missing character: There is no 学 ("5B66) in font nullfont!
Missing character: There is no 性 ("6027) in font nullfont!
Missing character: There is no 质 ("8D28) in font nullfont!
Missing character: There is no 对 ("5BF9) in font nullfont!
Missing character: There is no 整 ("6574) in font nullfont!
Missing character: There is no 个 ("4E2A) in font nullfont!
Missing character: There is no 自 ("81EA) in font nullfont!
Missing character: There is no 激 ("6FC0) in font nullfont!
Missing character: There is no 振 ("632F) in font nullfont!
Missing character: There is no 动 ("52A8) in font nullfont!
Missing character: There is no 理 ("7406) in font nullfont!
Missing character: There is no 论 ("8BBA) in font nullfont!
Missing character: There is no 具 ("5177) in font nullfont!
Missing character: There is no 有 ("6709) in font nullfont!
Missing character: There is no 示 ("793A) in font nullfont!
Missing character: There is no 范 ("8303) in font nullfont!
Missing character: There is no 意 ("610F) in font nullfont!
Missing character: There is no 义 ("4E49) in font nullfont!
Missing character: There is no 。 ("3002) in font nullfont!

! LaTeX Error: \begin{document} ended by \end{remark}.

See the LaTeX manual or LaTeX Companion for explanation.
Type  H <return>  for immediate help.
 ...                                              
                                                  
l.391 \end{remark}
                  
Your command was ignored.
Type  I <command> <return>  to replace it with another command,
or  <return>  to continue without it.


Overfull \hbox (20.0pt too wide) in paragraph at lines 390--392
[]
 []

! Undefined control sequence.
l.393 \subsection
                 {单摆的大振幅振动}
The control sequence at the end of the top line
of your error message was never \def'ed. If you have
misspelled it (e.g., `\hobx'), type `I' and the correct
spelling (e.g., `I\hbox'). Otherwise just continue,
and I'll forget about whatever was undefined.

Missing character: There is no 单 ("5355) in font nullfont!
Missing character: There is no 摆 ("6446) in font nullfont!
Missing character: There is no 的 ("7684) in font nullfont!
Missing character: There is no 大 ("5927) in font nullfont!
Missing character: There is no 振 ("632F) in font nullfont!
Missing character: There is no 幅 ("5E45) in font nullfont!
Missing character: There is no 振 ("632F) in font nullfont!
Missing character: There is no 动 ("52A8) in font nullfont!
Missing character: There is no 单 ("5355) in font nullfont!
Missing character: There is no 摆 ("6446) in font nullfont!
Missing character: There is no 的 ("7684) in font nullfont!
Missing character: There is no 运 ("8FD0) in font nullfont!
Missing character: There is no 动 ("52A8) in font nullfont!
Missing character: There is no 方 ("65B9) in font nullfont!
Missing character: There is no 程 ("7A0B) in font nullfont!
Missing character: There is no ： ("FF1A) in font nullfont!

Overfull \hbox (20.0pt too wide) in paragraph at lines 393--395
[]
 []


Overfull \hbox (60.87212pt too wide) detected at line 397
[] \/lmr/m/n/10 + [] [] \OML/cmm/m/it/10 ^^R \/lmr/m/n/10 = 0
 []

Missing character: There is no 令 ("4EE4) in font nullfont!
Missing character: There is no 。 ("3002) in font nullfont!
Missing character: There is no 当 ("5F53) in font nullfont!
Missing character: There is no 不 ("4E0D) in font nullfont!
Missing character: There is no 满 ("6EE1) in font nullfont!
Missing character: There is no 足 ("8DB3) in font nullfont!
Missing character: There is no 小 ("5C0F) in font nullfont!
Missing character: There is no 角 ("89D2) in font nullfont!
Missing character: There is no 度 ("5EA6) in font nullfont!
Missing character: There is no 假 ("5047) in font nullfont!
Missing character: There is no 设 ("8BBE) in font nullfont!
Missing character: There is no 时 ("65F6) in font nullfont!
Missing character: There is no ， ("FF0C) in font nullfont!
Missing character: There is no 精 ("7CBE) in font nullfont!
Missing character: There is no 确 ("786E) in font nullfont!
Missing character: There is no 方 ("65B9) in font nullfont!
Missing character: There is no 程 ("7A0B) in font nullfont!
Missing character: There is no 含 ("542B) in font nullfont!
Missing character: There is no 的 ("7684) in font nullfont!
Missing character: There is no 高 ("9AD8) in font nullfont!
Missing character: There is no 阶 ("9636) in font nullfont!
Missing character: There is no 非 ("975E) in font nullfont!
Missing character: There is no 线 ("7EBF) in font nullfont!
Missing character: There is no 性 ("6027) in font nullfont!
Missing character: There is no 项 ("9879) in font nullfont!
Missing character: There is no 。 ("3002) in font nullfont!

Overfull \hbox (21.26617pt too wide) in paragraph at lines 397--399
 $\OML/cmm/m/it/10 ![] \/lmr/m/n/10 =
 []


Overfull \hbox (26.93407pt too wide) in paragraph at lines 397--399
[]$
 []


Overfull \hbox (4.97223pt too wide) in paragraph at lines 397--399
\OML/cmm/m/it/10 ^^R$
 []


Overfull \hbox (29.47217pt too wide) in paragraph at lines 397--399
[] \OML/cmm/m/it/10 ^^R \OMS/cmsy/m/n/10 ^^Y
 []


Overfull \hbox (12.75003pt too wide) in paragraph at lines 397--399
\OML/cmm/m/it/10 ^^R \OMS/cmsy/m/n/10 ^^@
 []


Overfull \hbox (27.23619pt too wide) in paragraph at lines 397--399
\OML/cmm/m/it/10 ^^R[]=\/lmr/m/n/10 6 +
 []


Overfull \hbox (11.66661pt too wide) in paragraph at lines 397--399
[]$
 []


! LaTeX Error: Environment myformula undefined.

See the LaTeX manual or LaTeX Companion for explanation.
Type  H <return>  for immediate help.
 ...                                              
                                                  
l.400 \begin{myformula}
                       
Your command was ignored.
Type  I <command> <return>  to replace it with another command,
or  <return>  to continue without it.

Missing character: There is no 单 ("5355) in font nullfont!
Missing character: There is no 摆 ("6446) in font nullfont!
Missing character: There is no 的 ("7684) in font nullfont!
Missing character: There is no 精 ("7CBE) in font nullfont!
Missing character: There is no 确 ("786E) in font nullfont!
Missing character: There is no 周 ("5468) in font nullfont!
Missing character: There is no 期 ("671F) in font nullfont!
Missing character: There is no （ ("FF08) in font nullfont!
Missing character: There is no 第 ("7B2C) in font nullfont!
Missing character: There is no 一 ("4E00) in font nullfont!
Missing character: There is no 类 ("7C7B) in font nullfont!
Missing character: There is no 椭 ("692D) in font nullfont!
Missing character: There is no 圆 ("5706) in font nullfont!
Missing character: There is no 积 ("79EF) in font nullfont!
Missing character: There is no 分 ("5206) in font nullfont!
Missing character: There is no ） ("FF09) in font nullfont!
Missing character: There is no ： ("FF1A) in font nullfont!

Overfull \hbox (20.0pt too wide) in paragraph at lines 401--402
[] 
 []


Overfull \hbox (128.53943pt too wide) detected at line 404
\OML/cmm/m/it/10 T \/lmr/m/n/10 = 4[] \OML/cmm/m/it/10 K\/lmr/m/n/10 (\OML/cmm/
m/it/10 k\/lmr/m/n/10 )\OML/cmm/m/it/10 ;  k \/lmr/m/n/10 = [] []
 []

Missing character: There is no 其 ("5176) in font nullfont!
Missing character: There is no 中 ("4E2D) in font nullfont!
Missing character: There is no 为 ("4E3A) in font nullfont!
Missing character: There is no 第 ("7B2C) in font nullfont!
Missing character: There is no 一 ("4E00) in font nullfont!
Missing character: There is no 类 ("7C7B) in font nullfont!
Missing character: There is no 完 ("5B8C) in font nullfont!
Missing character: There is no 全 ("5168) in font nullfont!
Missing character: There is no 椭 ("692D) in font nullfont!
Missing character: There is no 圆 ("5706) in font nullfont!
Missing character: There is no 积 ("79EF) in font nullfont!
Missing character: There is no 分 ("5206) in font nullfont!
Missing character: There is no 。 ("3002) in font nullfont!
Missing character: There is no 级 ("7EA7) in font nullfont!
Missing character: There is no 数 ("6570) in font nullfont!
Missing character: There is no 展 ("5C55) in font nullfont!
Missing character: There is no 开 ("5F00) in font nullfont!
Missing character: There is no ： ("FF1A) in font nullfont!

Overfull \hbox (33.06248pt too wide) in paragraph at lines 404--407
 $\OML/cmm/m/it/10 K\/lmr/m/n/10 (\OML/cmm/m/it/10 k\/lmr/m/n/10 ) =
 []


Overfull \hbox (72.42793pt too wide) in paragraph at lines 404--407
[][] []$
 []


Overfull \hbox (261.18712pt too wide) detected at line 409
\OML/cmm/m/it/10 T \/lmr/m/n/10 = \OML/cmm/m/it/10 T[] [] ;  T[] \/lmr/m/n/10 =
 2\OML/cmm/m/it/10 ^^Y[]
 []


! LaTeX Error: \begin{document} ended by \end{myformula}.

See the LaTeX manual or LaTeX Companion for explanation.
Type  H <return>  for immediate help.
 ...                                              
                                                  
l.410 \end{myformula}
                     
Your command was ignored.
Type  I <command> <return>  to replace it with another command,
or  <return>  to continue without it.


! LaTeX Error: Environment figure undefined.

See the LaTeX manual or LaTeX Companion for explanation.
Type  H <return>  for immediate help.
 ...                                              
                                                  
l.412 \begin{figure}
                    [H]
Your command was ignored.
Type  I <command> <return>  to replace it with another command,
or  <return>  to continue without it.

Missing character: There is no [ ("5B) in font nullfont!
Missing character: There is no H ("48) in font nullfont!
Missing character: There is no ] ("5D) in font nullfont!

! LaTeX Error: Environment tikzpicture undefined.

See the LaTeX manual or LaTeX Companion for explanation.
Type  H <return>  for immediate help.
 ...                                              
                                                  
l.414 \begin{tikzpicture}
                         [scale=1.1]
Your command was ignored.
Type  I <command> <return>  to replace it with another command,
or  <return>  to continue without it.

Missing character: There is no [ ("5B) in font nullfont!
Missing character: There is no s ("73) in font nullfont!
Missing character: There is no c ("63) in font nullfont!
Missing character: There is no a ("61) in font nullfont!
Missing character: There is no l ("6C) in font nullfont!
Missing character: There is no e ("65) in font nullfont!
Missing character: There is no = ("3D) in font nullfont!
Missing character: There is no 1 ("31) in font nullfont!
Missing character: There is no . ("2E) in font nullfont!
Missing character: There is no 1 ("31) in font nullfont!
Missing character: There is no ] ("5D) in font nullfont!
! Undefined control sequence.
l.415     \draw
               [-Stealth] (-3.5,0) -- (3.5,0) node[right] {$\theta$};
The control sequence at the end of the top line
of your error message was never \def'ed. If you have
misspelled it (e.g., `\hobx'), type `I' and the correct
spelling (e.g., `I\hbox'). Otherwise just continue,
and I'll forget about whatever was undefined.

Missing character: There is no [ ("5B) in font nullfont!
Missing character: There is no - ("2D) in font nullfont!
Missing character: There is no S ("53) in font nullfont!
Missing character: There is no t ("74) in font nullfont!
Missing character: There is no e ("65) in font nullfont!
Missing character: There is no a ("61) in font nullfont!
Missing character: There is no l ("6C) in font nullfont!
Missing character: There is no t ("74) in font nullfont!
Missing character: There is no h ("68) in font nullfont!
Missing character: There is no ] ("5D) in font nullfont!
Missing character: There is no ( ("28) in font nullfont!
Missing character: There is no - ("2D) in font nullfont!
Missing character: There is no 3 ("33) in font nullfont!
Missing character: There is no . ("2E) in font nullfont!
Missing character: There is no 5 ("35) in font nullfont!
Missing character: There is no , ("2C) in font nullfont!
Missing character: There is no 0 ("30) in font nullfont!
Missing character: There is no ) ("29) in font nullfont!
Missing character: There is no - ("2D) in font nullfont!
Missing character: There is no - ("2D) in font nullfont!
Missing character: There is no ( ("28) in font nullfont!
Missing character: There is no 3 ("33) in font nullfont!
Missing character: There is no . ("2E) in font nullfont!
Missing character: There is no 5 ("35) in font nullfont!
Missing character: There is no , ("2C) in font nullfont!
Missing character: There is no 0 ("30) in font nullfont!
Missing character: There is no ) ("29) in font nullfont!
Missing character: There is no n ("6E) in font nullfont!
Missing character: There is no o ("6F) in font nullfont!
Missing character: There is no d ("64) in font nullfont!
Missing character: There is no e ("65) in font nullfont!
Missing character: There is no [ ("5B) in font nullfont!
Missing character: There is no r ("72) in font nullfont!
Missing character: There is no i ("69) in font nullfont!
Missing character: There is no g ("67) in font nullfont!
Missing character: There is no h ("68) in font nullfont!
Missing character: There is no t ("74) in font nullfont!
Missing character: There is no ] ("5D) in font nullfont!
Missing character: There is no ; ("3B) in font nullfont!
! Undefined control sequence.
l.416     \draw
               [-Stealth] (0,-2.5) -- (0,2.5) node[above] {$\dot{\theta}$};
The control sequence at the end of the top line
of your error message was never \def'ed. If you have
misspelled it (e.g., `\hobx'), type `I' and the correct
spelling (e.g., `I\hbox'). Otherwise just continue,
and I'll forget about whatever was undefined.

Missing character: There is no [ ("5B) in font nullfont!
Missing character: There is no - ("2D) in font nullfont!
Missing character: There is no S ("53) in font nullfont!
Missing character: There is no t ("74) in font nullfont!
Missing character: There is no e ("65) in font nullfont!
Missing character: There is no a ("61) in font nullfont!
Missing character: There is no l ("6C) in font nullfont!
Missing character: There is no t ("74) in font nullfont!
Missing character: There is no h ("68) in font nullfont!
Missing character: There is no ] ("5D) in font nullfont!
Missing character: There is no ( ("28) in font nullfont!
Missing character: There is no 0 ("30) in font nullfont!
Missing character: There is no , ("2C) in font nullfont!
Missing character: There is no - ("2D) in font nullfont!
Missing character: There is no 2 ("32) in font nullfont!
Missing character: There is no . ("2E) in font nullfont!
Missing character: There is no 5 ("35) in font nullfont!
Missing character: There is no ) ("29) in font nullfont!
Missing character: There is no - ("2D) in font nullfont!
Missing character: There is no - ("2D) in font nullfont!
Missing character: There is no ( ("28) in font nullfont!
Missing character: There is no 0 ("30) in font nullfont!
Missing character: There is no , ("2C) in font nullfont!
Missing character: There is no 2 ("32) in font nullfont!
Missing character: There is no . ("2E) in font nullfont!
Missing character: There is no 5 ("35) in font nullfont!
Missing character: There is no ) ("29) in font nullfont!
Missing character: There is no n ("6E) in font nullfont!
Missing character: There is no o ("6F) in font nullfont!
Missing character: There is no d ("64) in font nullfont!
Missing character: There is no e ("65) in font nullfont!
Missing character: There is no [ ("5B) in font nullfont!
Missing character: There is no a ("61) in font nullfont!
Missing character: There is no b ("62) in font nullfont!
Missing character: There is no o ("6F) in font nullfont!
Missing character: There is no v ("76) in font nullfont!
Missing character: There is no e ("65) in font nullfont!
Missing character: There is no ] ("5D) in font nullfont!
Missing character: There is no ; ("3B) in font nullfont!

Overfull \hbox (20.0pt too wide) in paragraph at lines 412--417
 [] 
 []


Overfull \hbox (4.97223pt too wide) in paragraph at lines 412--417
 \OML/cmm/m/it/10 ^^R$ 
 []


Overfull \hbox (4.97223pt too wide) in paragraph at lines 412--417
 []$ 
 []

! Undefined control sequence.
l.418     \draw
               [gray,thin] (-3.14,-2.5) -- (-3.14,2.5);
The control sequence at the end of the top line
of your error message was never \def'ed. If you have
misspelled it (e.g., `\hobx'), type `I' and the correct
spelling (e.g., `I\hbox'). Otherwise just continue,
and I'll forget about whatever was undefined.

Missing character: There is no [ ("5B) in font nullfont!
Missing character: There is no g ("67) in font nullfont!
Missing character: There is no r ("72) in font nullfont!
Missing character: There is no a ("61) in font nullfont!
Missing character: There is no y ("79) in font nullfont!
Missing character: There is no , ("2C) in font nullfont!
Missing character: There is no t ("74) in font nullfont!
Missing character: There is no h ("68) in font nullfont!
Missing character: There is no i ("69) in font nullfont!
Missing character: There is no n ("6E) in font nullfont!
Missing character: There is no ] ("5D) in font nullfont!
Missing character: There is no ( ("28) in font nullfont!
Missing character: There is no - ("2D) in font nullfont!
Missing character: There is no 3 ("33) in font nullfont!
Missing character: There is no . ("2E) in font nullfont!
Missing character: There is no 1 ("31) in font nullfont!
Missing character: There is no 4 ("34) in font nullfont!
Missing character: There is no , ("2C) in font nullfont!
Missing character: There is no - ("2D) in font nullfont!
Missing character: There is no 2 ("32) in font nullfont!
Missing character: There is no . ("2E) in font nullfont!
Missing character: There is no 5 ("35) in font nullfont!
Missing character: There is no ) ("29) in font nullfont!
Missing character: There is no - ("2D) in font nullfont!
Missing character: There is no - ("2D) in font nullfont!
Missing character: There is no ( ("28) in font nullfont!
Missing character: There is no - ("2D) in font nullfont!
Missing character: There is no 3 ("33) in font nullfont!
Missing character: There is no . ("2E) in font nullfont!
Missing character: There is no 1 ("31) in font nullfont!
Missing character: There is no 4 ("34) in font nullfont!
Missing character: There is no , ("2C) in font nullfont!
Missing character: There is no 2 ("32) in font nullfont!
Missing character: There is no . ("2E) in font nullfont!
Missing character: There is no 5 ("35) in font nullfont!
Missing character: There is no ) ("29) in font nullfont!
Missing character: There is no ; ("3B) in font nullfont!
! Undefined control sequence.
l.419     \draw
               [gray,thin] (3.14,-2.5) -- (3.14,2.5);
The control sequence at the end of the top line
of your error message was never \def'ed. If you have
misspelled it (e.g., `\hobx'), type `I' and the correct
spelling (e.g., `I\hbox'). Otherwise just continue,
and I'll forget about whatever was undefined.

Missing character: There is no [ ("5B) in font nullfont!
Missing character: There is no g ("67) in font nullfont!
Missing character: There is no r ("72) in font nullfont!
Missing character: There is no a ("61) in font nullfont!
Missing character: There is no y ("79) in font nullfont!
Missing character: There is no , ("2C) in font nullfont!
Missing character: There is no t ("74) in font nullfont!
Missing character: There is no h ("68) in font nullfont!
Missing character: There is no i ("69) in font nullfont!
Missing character: There is no n ("6E) in font nullfont!
Missing character: There is no ] ("5D) in font nullfont!
Missing character: There is no ( ("28) in font nullfont!
Missing character: There is no 3 ("33) in font nullfont!
Missing character: There is no . ("2E) in font nullfont!
Missing character: There is no 1 ("31) in font nullfont!
Missing character: There is no 4 ("34) in font nullfont!
Missing character: There is no , ("2C) in font nullfont!
Missing character: There is no - ("2D) in font nullfont!
Missing character: There is no 2 ("32) in font nullfont!
Missing character: There is no . ("2E) in font nullfont!
Missing character: There is no 5 ("35) in font nullfont!
Missing character: There is no ) ("29) in font nullfont!
Missing character: There is no - ("2D) in font nullfont!
Missing character: There is no - ("2D) in font nullfont!
Missing character: There is no ( ("28) in font nullfont!
Missing character: There is no 3 ("33) in font nullfont!
Missing character: There is no . ("2E) in font nullfont!
Missing character: There is no 1 ("31) in font nullfont!
Missing character: There is no 4 ("34) in font nullfont!
Missing character: There is no , ("2C) in font nullfont!
Missing character: There is no 2 ("32) in font nullfont!
Missing character: There is no . ("2E) in font nullfont!
Missing character: There is no 5 ("35) in font nullfont!
Missing character: There is no ) ("29) in font nullfont!
Missing character: There is no ; ("3B) in font nullfont!
! Undefined control sequence.
l.421     \foreach
                   \E in {0.3,0.6,0.9,1.2,1.5,1.8,2.1} {
The control sequence at the end of the top line
of your error message was never \def'ed. If you have
misspelled it (e.g., `\hobx'), type `I' and the correct
spelling (e.g., `I\hbox'). Otherwise just continue,
and I'll forget about whatever was undefined.

! Undefined control sequence.
l.421     \foreach \E
                      in {0.3,0.6,0.9,1.2,1.5,1.8,2.1} {
The control sequence at the end of the top line
of your error message was never \def'ed. If you have
misspelled it (e.g., `\hobx'), type `I' and the correct
spelling (e.g., `I\hbox'). Otherwise just continue,
and I'll forget about whatever was undefined.

Missing character: There is no i ("69) in font nullfont!
Missing character: There is no n ("6E) in font nullfont!
Missing character: There is no 0 ("30) in font nullfont!
Missing character: There is no . ("2E) in font nullfont!
Missing character: There is no 3 ("33) in font nullfont!
Missing character: There is no , ("2C) in font nullfont!
Missing character: There is no 0 ("30) in font nullfont!
Missing character: There is no . ("2E) in font nullfont!
Missing character: There is no 6 ("36) in font nullfont!
Missing character: There is no , ("2C) in font nullfont!
Missing character: There is no 0 ("30) in font nullfont!
Missing character: There is no . ("2E) in font nullfont!
Missing character: There is no 9 ("39) in font nullfont!
Missing character: There is no , ("2C) in font nullfont!
Missing character: There is no 1 ("31) in font nullfont!
Missing character: There is no . ("2E) in font nullfont!
Missing character: There is no 2 ("32) in font nullfont!
Missing character: There is no , ("2C) in font nullfont!
Missing character: There is no 1 ("31) in font nullfont!
Missing character: There is no . ("2E) in font nullfont!
Missing character: There is no 5 ("35) in font nullfont!
Missing character: There is no , ("2C) in font nullfont!
Missing character: There is no 1 ("31) in font nullfont!
Missing character: There is no . ("2E) in font nullfont!
Missing character: There is no 8 ("38) in font nullfont!
Missing character: There is no , ("2C) in font nullfont!
Missing character: There is no 2 ("32) in font nullfont!
Missing character: There is no . ("2E) in font nullfont!
Missing character: There is no 1 ("31) in font nullfont!
! Undefined control sequence.
l.422         \pgfmathsetmacro
                              \halfDomain{acos(max(-1,-\E))/57.2958}
The control sequence at the end of the top line
of your error message was never \def'ed. If you have
misspelled it (e.g., `\hobx'), type `I' and the correct
spelling (e.g., `I\hbox'). Otherwise just continue,
and I'll forget about whatever was undefined.

! Undefined control sequence.
l.422         \pgfmathsetmacro\halfDomain
                                         {acos(max(-1,-\E))/57.2958}
The control sequence at the end of the top line
of your error message was never \def'ed. If you have
misspelled it (e.g., `\hobx'), type `I' and the correct
spelling (e.g., `I\hbox'). Otherwise just continue,
and I'll forget about whatever was undefined.

Missing character: There is no a ("61) in font nullfont!
Missing character: There is no c ("63) in font nullfont!
Missing character: There is no o ("6F) in font nullfont!
Missing character: There is no s ("73) in font nullfont!
Missing character: There is no ( ("28) in font nullfont!
Missing character: There is no m ("6D) in font nullfont!
Missing character: There is no a ("61) in font nullfont!
Missing character: There is no x ("78) in font nullfont!
Missing character: There is no ( ("28) in font nullfont!
Missing character: There is no - ("2D) in font nullfont!
Missing character: There is no 1 ("31) in font nullfont!
Missing character: There is no , ("2C) in font nullfont!
Missing character: There is no - ("2D) in font nullfont!
! Undefined control sequence.
l.422 ...gfmathsetmacro\halfDomain{acos(max(-1,-\E
                                                  ))/57.2958}
The control sequence at the end of the top line
of your error message was never \def'ed. If you have
misspelled it (e.g., `\hobx'), type `I' and the correct
spelling (e.g., `I\hbox'). Otherwise just continue,
and I'll forget about whatever was undefined.

Missing character: There is no ) ("29) in font nullfont!
Missing character: There is no ) ("29) in font nullfont!
Missing character: There is no / ("2F) in font nullfont!
Missing character: There is no 5 ("35) in font nullfont!
Missing character: There is no 7 ("37) in font nullfont!
Missing character: There is no . ("2E) in font nullfont!
Missing character: There is no 2 ("32) in font nullfont!
Missing character: There is no 9 ("39) in font nullfont!
Missing character: There is no 5 ("35) in font nullfont!
Missing character: There is no 8 ("38) in font nullfont!
! Undefined control sequence.
l.423         \draw
                   [blue,thick,smooth,variable=\t,domain=-\halfDomain:\halfD...
The control sequence at the end of the top line
of your error message was never \def'ed. If you have
misspelled it (e.g., `\hobx'), type `I' and the correct
spelling (e.g., `I\hbox'). Otherwise just continue,
and I'll forget about whatever was undefined.

Missing character: There is no [ ("5B) in font nullfont!
Missing character: There is no b ("62) in font nullfont!
Missing character: There is no l ("6C) in font nullfont!
Missing character: There is no u ("75) in font nullfont!
Missing character: There is no e ("65) in font nullfont!
Missing character: There is no , ("2C) in font nullfont!
Missing character: There is no t ("74) in font nullfont!
Missing character: There is no h ("68) in font nullfont!
Missing character: There is no i ("69) in font nullfont!
Missing character: There is no c ("63) in font nullfont!
Missing character: There is no k ("6B) in font nullfont!
Missing character: There is no , ("2C) in font nullfont!
Missing character: There is no s ("73) in font nullfont!
Missing character: There is no m ("6D) in font nullfont!
Missing character: There is no o ("6F) in font nullfont!
Missing character: There is no o ("6F) in font nullfont!
Missing character: There is no t ("74) in font nullfont!
Missing character: There is no h ("68) in font nullfont!
Missing character: There is no , ("2C) in font nullfont!
Missing character: There is no v ("76) in font nullfont!
Missing character: There is no a ("61) in font nullfont!
Missing character: There is no r ("72) in font nullfont!
Missing character: There is no i ("69) in font nullfont!
Missing character: There is no a ("61) in font nullfont!
Missing character: There is no b ("62) in font nullfont!
Missing character: There is no l ("6C) in font nullfont!
Missing character: There is no e ("65) in font nullfont!
Missing character: There is no = ("3D) in font nullfont!
Missing character: There is no d ("64) in font nullfont!
Missing character: There is no o ("6F) in font nullfont!
Missing character: There is no m ("6D) in font nullfont!
Missing character: There is no a ("61) in font nullfont!
Missing character: There is no i ("69) in font nullfont!
Missing character: There is no n ("6E) in font nullfont!
Missing character: There is no = ("3D) in font nullfont!
Missing character: There is no - ("2D) in font nullfont!
! Undefined control sequence.
l.423 ...ck,smooth,variable=\t,domain=-\halfDomain
                                                  :\halfDomain,samples=100]
The control sequence at the end of the top line
of your error message was never \def'ed. If you have
misspelled it (e.g., `\hobx'), type `I' and the correct
spelling (e.g., `I\hbox'). Otherwise just continue,
and I'll forget about whatever was undefined.

Missing character: There is no : ("3A) in font nullfont!
! Undefined control sequence.
l.423 ...riable=\t,domain=-\halfDomain:\halfDomain
                                                  ,samples=100]
The control sequence at the end of the top line
of your error message was never \def'ed. If you have
misspelled it (e.g., `\hobx'), type `I' and the correct
spelling (e.g., `I\hbox'). Otherwise just continue,
and I'll forget about whatever was undefined.

Missing character: There is no , ("2C) in font nullfont!
Missing character: There is no s ("73) in font nullfont!
Missing character: There is no a ("61) in font nullfont!
Missing character: There is no m ("6D) in font nullfont!
Missing character: There is no p ("70) in font nullfont!
Missing character: There is no l ("6C) in font nullfont!
Missing character: There is no e ("65) in font nullfont!
Missing character: There is no s ("73) in font nullfont!
Missing character: There is no = ("3D) in font nullfont!
Missing character: There is no 1 ("31) in font nullfont!
Missing character: There is no 0 ("30) in font nullfont!
Missing character: There is no 0 ("30) in font nullfont!
Missing character: There is no ] ("5D) in font nullfont!
Missing character: There is no p ("70) in font nullfont!
Missing character: There is no l ("6C) in font nullfont!
Missing character: There is no o ("6F) in font nullfont!
Missing character: There is no t ("74) in font nullfont!
Missing character: There is no ( ("28) in font nullfont!
Missing character: There is no d ("64) in font nullfont!
Missing character: There is no e ("65) in font nullfont!
Missing character: There is no g ("67) in font nullfont!
Missing character: There is no ( ("28) in font nullfont!
Missing character: There is no / ("2F) in font nullfont!
Missing character: There is no 5 ("35) in font nullfont!
Missing character: There is no 7 ("37) in font nullfont!
Missing character: There is no . ("2E) in font nullfont!
Missing character: There is no 3 ("33) in font nullfont!
Missing character: There is no , ("2C) in font nullfont!
Missing character: There is no s ("73) in font nullfont!
Missing character: There is no q ("71) in font nullfont!
Missing character: There is no r ("72) in font nullfont!
Missing character: There is no t ("74) in font nullfont!
Missing character: There is no ( ("28) in font nullfont!
Missing character: There is no 2 ("32) in font nullfont!
Missing character: There is no * ("2A) in font nullfont!
! Undefined control sequence.
l.424             plot({deg(\t)/57.3},{sqrt(2*\E
                                                 + 2*cos(deg(\t)))});
The control sequence at the end of the top line
of your error message was never \def'ed. If you have
misspelled it (e.g., `\hobx'), type `I' and the correct
spelling (e.g., `I\hbox'). Otherwise just continue,
and I'll forget about whatever was undefined.

Missing character: There is no + ("2B) in font nullfont!
Missing character: There is no 2 ("32) in font nullfont!
Missing character: There is no * ("2A) in font nullfont!
Missing character: There is no c ("63) in font nullfont!
Missing character: There is no o ("6F) in font nullfont!
Missing character: There is no s ("73) in font nullfont!
Missing character: There is no ( ("28) in font nullfont!
Missing character: There is no d ("64) in font nullfont!
Missing character: There is no e ("65) in font nullfont!
Missing character: There is no g ("67) in font nullfont!
Missing character: There is no ( ("28) in font nullfont!
Missing character: There is no ) ("29) in font nullfont!
Missing character: There is no ) ("29) in font nullfont!
Missing character: There is no ) ("29) in font nullfont!
Missing character: There is no ; ("3B) in font nullfont!
! Undefined control sequence.
l.425         \draw
                   [blue,thick,smooth,variable=\t,domain=-\halfDomain:\halfD...
The control sequence at the end of the top line
of your error message was never \def'ed. If you have
misspelled it (e.g., `\hobx'), type `I' and the correct
spelling (e.g., `I\hbox'). Otherwise just continue,
and I'll forget about whatever was undefined.

Missing character: There is no [ ("5B) in font nullfont!
Missing character: There is no b ("62) in font nullfont!
Missing character: There is no l ("6C) in font nullfont!
Missing character: There is no u ("75) in font nullfont!
Missing character: There is no e ("65) in font nullfont!
Missing character: There is no , ("2C) in font nullfont!
Missing character: There is no t ("74) in font nullfont!
Missing character: There is no h ("68) in font nullfont!
Missing character: There is no i ("69) in font nullfont!
Missing character: There is no c ("63) in font nullfont!
Missing character: There is no k ("6B) in font nullfont!
Missing character: There is no , ("2C) in font nullfont!
Missing character: There is no s ("73) in font nullfont!
Missing character: There is no m ("6D) in font nullfont!
Missing character: There is no o ("6F) in font nullfont!
Missing character: There is no o ("6F) in font nullfont!
Missing character: There is no t ("74) in font nullfont!
Missing character: There is no h ("68) in font nullfont!
Missing character: There is no , ("2C) in font nullfont!
Missing character: There is no v ("76) in font nullfont!
Missing character: There is no a ("61) in font nullfont!
Missing character: There is no r ("72) in font nullfont!
Missing character: There is no i ("69) in font nullfont!
Missing character: There is no a ("61) in font nullfont!
Missing character: There is no b ("62) in font nullfont!
Missing character: There is no l ("6C) in font nullfont!
Missing character: There is no e ("65) in font nullfont!
Missing character: There is no = ("3D) in font nullfont!
Missing character: There is no d ("64) in font nullfont!
Missing character: There is no o ("6F) in font nullfont!
Missing character: There is no m ("6D) in font nullfont!
Missing character: There is no a ("61) in font nullfont!
Missing character: There is no i ("69) in font nullfont!
Missing character: There is no n ("6E) in font nullfont!
Missing character: There is no = ("3D) in font nullfont!
Missing character: There is no - ("2D) in font nullfont!
! Undefined control sequence.
l.425 ...ck,smooth,variable=\t,domain=-\halfDomain
                                                  :\halfDomain,samples=100]
The control sequence at the end of the top line
of your error message was never \def'ed. If you have
misspelled it (e.g., `\hobx'), type `I' and the correct
spelling (e.g., `I\hbox'). Otherwise just continue,
and I'll forget about whatever was undefined.

Missing character: There is no : ("3A) in font nullfont!
! Undefined control sequence.
l.425 ...riable=\t,domain=-\halfDomain:\halfDomain
                                                  ,samples=100]
The control sequence at the end of the top line
of your error message was never \def'ed. If you have
misspelled it (e.g., `\hobx'), type `I' and the correct
spelling (e.g., `I\hbox'). Otherwise just continue,
and I'll forget about whatever was undefined.

Missing character: There is no , ("2C) in font nullfont!
Missing character: There is no s ("73) in font nullfont!
Missing character: There is no a ("61) in font nullfont!
Missing character: There is no m ("6D) in font nullfont!
Missing character: There is no p ("70) in font nullfont!
Missing character: There is no l ("6C) in font nullfont!
Missing character: There is no e ("65) in font nullfont!
Missing character: There is no s ("73) in font nullfont!
Missing character: There is no = ("3D) in font nullfont!
Missing character: There is no 1 ("31) in font nullfont!
Missing character: There is no 0 ("30) in font nullfont!
Missing character: There is no 0 ("30) in font nullfont!
Missing character: There is no ] ("5D) in font nullfont!
Missing character: There is no p ("70) in font nullfont!
Missing character: There is no l ("6C) in font nullfont!
Missing character: There is no o ("6F) in font nullfont!
Missing character: There is no t ("74) in font nullfont!
Missing character: There is no ( ("28) in font nullfont!
Missing character: There is no d ("64) in font nullfont!
Missing character: There is no e ("65) in font nullfont!
Missing character: There is no g ("67) in font nullfont!
Missing character: There is no ( ("28) in font nullfont!
Missing character: There is no / ("2F) in font nullfont!
Missing character: There is no 5 ("35) in font nullfont!
Missing character: There is no 7 ("37) in font nullfont!
Missing character: There is no . ("2E) in font nullfont!
Missing character: There is no 3 ("33) in font nullfont!
Missing character: There is no , ("2C) in font nullfont!
Missing character: There is no - ("2D) in font nullfont!
Missing character: There is no s ("73) in font nullfont!
Missing character: There is no q ("71) in font nullfont!
Missing character: There is no r ("72) in font nullfont!
Missing character: There is no t ("74) in font nullfont!
Missing character: There is no ( ("28) in font nullfont!
Missing character: There is no 2 ("32) in font nullfont!
Missing character: There is no * ("2A) in font nullfont!
! Undefined control sequence.
l.426             plot({deg(\t)/57.3},{-sqrt(2*\E
                                                  + 2*cos(deg(\t)))});
The control sequence at the end of the top line
of your error message was never \def'ed. If you have
misspelled it (e.g., `\hobx'), type `I' and the correct
spelling (e.g., `I\hbox'). Otherwise just continue,
and I'll forget about whatever was undefined.

Missing character: There is no + ("2B) in font nullfont!
Missing character: There is no 2 ("32) in font nullfont!
Missing character: There is no * ("2A) in font nullfont!
Missing character: There is no c ("63) in font nullfont!
Missing character: There is no o ("6F) in font nullfont!
Missing character: There is no s ("73) in font nullfont!
Missing character: There is no ( ("28) in font nullfont!
Missing character: There is no d ("64) in font nullfont!
Missing character: There is no e ("65) in font nullfont!
Missing character: There is no g ("67) in font nullfont!
Missing character: There is no ( ("28) in font nullfont!
Missing character: There is no ) ("29) in font nullfont!
Missing character: There is no ) ("29) in font nullfont!
Missing character: There is no ) ("29) in font nullfont!
Missing character: There is no ; ("3B) in font nullfont!

Overfull \hbox (2.77779pt too wide) in paragraph at lines 421--428
 []\/lmr/m/n/10 , 
 []


Overfull \hbox (3.8889pt too wide) in paragraph at lines 421--428
 []\/lmr/m/n/10 ) 
 []


Overfull \hbox (3.8889pt too wide) in paragraph at lines 421--428
 []\/lmr/m/n/10 ) 
 []


Overfull \hbox (2.77779pt too wide) in paragraph at lines 421--428
 []\/lmr/m/n/10 , 
 []


Overfull \hbox (3.8889pt too wide) in paragraph at lines 421--428
 []\/lmr/m/n/10 ) 
 []


Overfull \hbox (3.8889pt too wide) in paragraph at lines 421--428
 []\/lmr/m/n/10 ) 
 []

! Undefined control sequence.
l.429     \foreach
                   \E in {2.2,2.6,3.0,3.5} {
The control sequence at the end of the top line
of your error message was never \def'ed. If you have
misspelled it (e.g., `\hobx'), type `I' and the correct
spelling (e.g., `I\hbox'). Otherwise just continue,
and I'll forget about whatever was undefined.

! Undefined control sequence.
l.429     \foreach \E
                      in {2.2,2.6,3.0,3.5} {
The control sequence at the end of the top line
of your error message was never \def'ed. If you have
misspelled it (e.g., `\hobx'), type `I' and the correct
spelling (e.g., `I\hbox'). Otherwise just continue,
and I'll forget about whatever was undefined.

Missing character: There is no i ("69) in font nullfont!
Missing character: There is no n ("6E) in font nullfont!
Missing character: There is no 2 ("32) in font nullfont!
Missing character: There is no . ("2E) in font nullfont!
Missing character: There is no 2 ("32) in font nullfont!
Missing character: There is no , ("2C) in font nullfont!
Missing character: There is no 2 ("32) in font nullfont!
Missing character: There is no . ("2E) in font nullfont!
Missing character: There is no 6 ("36) in font nullfont!
Missing character: There is no , ("2C) in font nullfont!
Missing character: There is no 3 ("33) in font nullfont!
Missing character: There is no . ("2E) in font nullfont!
Missing character: There is no 0 ("30) in font nullfont!
Missing character: There is no , ("2C) in font nullfont!
Missing character: There is no 3 ("33) in font nullfont!
Missing character: There is no . ("2E) in font nullfont!
Missing character: There is no 5 ("35) in font nullfont!
! Undefined control sequence.
l.430         \draw
                   [red,thick,smooth,variable=\t,domain=-250:250,samples=150]
The control sequence at the end of the top line
of your error message was never \def'ed. If you have
misspelled it (e.g., `\hobx'), type `I' and the correct
spelling (e.g., `I\hbox'). Otherwise just continue,
and I'll forget about whatever was undefined.

Missing character: There is no [ ("5B) in font nullfont!
Missing character: There is no r ("72) in font nullfont!
Missing character: There is no e ("65) in font nullfont!
Missing character: There is no d ("64) in font nullfont!
Missing character: There is no , ("2C) in font nullfont!
Missing character: There is no t ("74) in font nullfont!
Missing character: There is no h ("68) in font nullfont!
Missing character: There is no i ("69) in font nullfont!
Missing character: There is no c ("63) in font nullfont!
Missing character: There is no k ("6B) in font nullfont!
Missing character: There is no , ("2C) in font nullfont!
Missing character: There is no s ("73) in font nullfont!
Missing character: There is no m ("6D) in font nullfont!
Missing character: There is no o ("6F) in font nullfont!
Missing character: There is no o ("6F) in font nullfont!
Missing character: There is no t ("74) in font nullfont!
Missing character: There is no h ("68) in font nullfont!
Missing character: There is no , ("2C) in font nullfont!
Missing character: There is no v ("76) in font nullfont!
Missing character: There is no a ("61) in font nullfont!
Missing character: There is no r ("72) in font nullfont!
Missing character: There is no i ("69) in font nullfont!
Missing character: There is no a ("61) in font nullfont!
Missing character: There is no b ("62) in font nullfont!
Missing character: There is no l ("6C) in font nullfont!
Missing character: There is no e ("65) in font nullfont!
Missing character: There is no = ("3D) in font nullfont!
Missing character: There is no d ("64) in font nullfont!
Missing character: There is no o ("6F) in font nullfont!
Missing character: There is no m ("6D) in font nullfont!
Missing character: There is no a ("61) in font nullfont!
Missing character: There is no i ("69) in font nullfont!
Missing character: There is no n ("6E) in font nullfont!
Missing character: There is no = ("3D) in font nullfont!
Missing character: There is no - ("2D) in font nullfont!
Missing character: There is no 2 ("32) in font nullfont!
Missing character: There is no 5 ("35) in font nullfont!
Missing character: There is no 0 ("30) in font nullfont!
Missing character: There is no : ("3A) in font nullfont!
Missing character: There is no 2 ("32) in font nullfont!
Missing character: There is no 5 ("35) in font nullfont!
Missing character: There is no 0 ("30) in font nullfont!
Missing character: There is no , ("2C) in font nullfont!
Missing character: There is no s ("73) in font nullfont!
Missing character: There is no a ("61) in font nullfont!
Missing character: There is no m ("6D) in font nullfont!
Missing character: There is no p ("70) in font nullfont!
Missing character: There is no l ("6C) in font nullfont!
Missing character: There is no e ("65) in font nullfont!
Missing character: There is no s ("73) in font nullfont!
Missing character: There is no = ("3D) in font nullfont!
Missing character: There is no 1 ("31) in font nullfont!
Missing character: There is no 5 ("35) in font nullfont!
Missing character: There is no 0 ("30) in font nullfont!
Missing character: There is no ] ("5D) in font nullfont!
Missing character: There is no p ("70) in font nullfont!
Missing character: There is no l ("6C) in font nullfont!
Missing character: There is no o ("6F) in font nullfont!
Missing character: There is no t ("74) in font nullfont!
Missing character: There is no ( ("28) in font nullfont!
Missing character: There is no d ("64) in font nullfont!
Missing character: There is no e ("65) in font nullfont!
Missing character: There is no g ("67) in font nullfont!
Missing character: There is no ( ("28) in font nullfont!
Missing character: There is no / ("2F) in font nullfont!
Missing character: There is no 5 ("35) in font nullfont!
Missing character: There is no 7 ("37) in font nullfont!
Missing character: There is no . ("2E) in font nullfont!
Missing character: There is no 3 ("33) in font nullfont!
Missing character: There is no , ("2C) in font nullfont!
Missing character: There is no s ("73) in font nullfont!
Missing character: There is no q ("71) in font nullfont!
Missing character: There is no r ("72) in font nullfont!
Missing character: There is no t ("74) in font nullfont!
Missing character: There is no ( ("28) in font nullfont!
Missing character: There is no 2 ("32) in font nullfont!
Missing character: There is no * ("2A) in font nullfont!
! Undefined control sequence.
l.431             plot({deg(\t)/57.3},{sqrt(2*\E
                                                 + 2*cos(deg(\t)))});
The control sequence at the end of the top line
of your error message was never \def'ed. If you have
misspelled it (e.g., `\hobx'), type `I' and the correct
spelling (e.g., `I\hbox'). Otherwise just continue,
and I'll forget about whatever was undefined.

Missing character: There is no + ("2B) in font nullfont!
Missing character: There is no 2 ("32) in font nullfont!
Missing character: There is no * ("2A) in font nullfont!
Missing character: There is no c ("63) in font nullfont!
Missing character: There is no o ("6F) in font nullfont!
Missing character: There is no s ("73) in font nullfont!
Missing character: There is no ( ("28) in font nullfont!
Missing character: There is no d ("64) in font nullfont!
Missing character: There is no e ("65) in font nullfont!
Missing character: There is no g ("67) in font nullfont!
Missing character: There is no ( ("28) in font nullfont!
Missing character: There is no ) ("29) in font nullfont!
Missing character: There is no ) ("29) in font nullfont!
Missing character: There is no ) ("29) in font nullfont!
Missing character: There is no ; ("3B) in font nullfont!
! Undefined control sequence.
l.432         \draw
                   [red,thick,smooth,variable=\t,domain=-250:250,samples=150]
The control sequence at the end of the top line
of your error message was never \def'ed. If you have
misspelled it (e.g., `\hobx'), type `I' and the correct
spelling (e.g., `I\hbox'). Otherwise just continue,
and I'll forget about whatever was undefined.

Missing character: There is no [ ("5B) in font nullfont!
Missing character: There is no r ("72) in font nullfont!
Missing character: There is no e ("65) in font nullfont!
Missing character: There is no d ("64) in font nullfont!
Missing character: There is no , ("2C) in font nullfont!
Missing character: There is no t ("74) in font nullfont!
Missing character: There is no h ("68) in font nullfont!
Missing character: There is no i ("69) in font nullfont!
Missing character: There is no c ("63) in font nullfont!
Missing character: There is no k ("6B) in font nullfont!
Missing character: There is no , ("2C) in font nullfont!
Missing character: There is no s ("73) in font nullfont!
Missing character: There is no m ("6D) in font nullfont!
Missing character: There is no o ("6F) in font nullfont!
Missing character: There is no o ("6F) in font nullfont!
Missing character: There is no t ("74) in font nullfont!
Missing character: There is no h ("68) in font nullfont!
Missing character: There is no , ("2C) in font nullfont!
Missing character: There is no v ("76) in font nullfont!
Missing character: There is no a ("61) in font nullfont!
Missing character: There is no r ("72) in font nullfont!
Missing character: There is no i ("69) in font nullfont!
Missing character: There is no a ("61) in font nullfont!
Missing character: There is no b ("62) in font nullfont!
Missing character: There is no l ("6C) in font nullfont!
Missing character: There is no e ("65) in font nullfont!
Missing character: There is no = ("3D) in font nullfont!
Missing character: There is no d ("64) in font nullfont!
Missing character: There is no o ("6F) in font nullfont!
Missing character: There is no m ("6D) in font nullfont!
Missing character: There is no a ("61) in font nullfont!
Missing character: There is no i ("69) in font nullfont!
Missing character: There is no n ("6E) in font nullfont!
Missing character: There is no = ("3D) in font nullfont!
Missing character: There is no - ("2D) in font nullfont!
Missing character: There is no 2 ("32) in font nullfont!
Missing character: There is no 5 ("35) in font nullfont!
Missing character: There is no 0 ("30) in font nullfont!
Missing character: There is no : ("3A) in font nullfont!
Missing character: There is no 2 ("32) in font nullfont!
Missing character: There is no 5 ("35) in font nullfont!
Missing character: There is no 0 ("30) in font nullfont!
Missing character: There is no , ("2C) in font nullfont!
Missing character: There is no s ("73) in font nullfont!
Missing character: There is no a ("61) in font nullfont!
Missing character: There is no m ("6D) in font nullfont!
Missing character: There is no p ("70) in font nullfont!
Missing character: There is no l ("6C) in font nullfont!
Missing character: There is no e ("65) in font nullfont!
Missing character: There is no s ("73) in font nullfont!
Missing character: There is no = ("3D) in font nullfont!
Missing character: There is no 1 ("31) in font nullfont!
Missing character: There is no 5 ("35) in font nullfont!
Missing character: There is no 0 ("30) in font nullfont!
Missing character: There is no ] ("5D) in font nullfont!
Missing character: There is no p ("70) in font nullfont!
Missing character: There is no l ("6C) in font nullfont!
Missing character: There is no o ("6F) in font nullfont!
Missing character: There is no t ("74) in font nullfont!
Missing character: There is no ( ("28) in font nullfont!
Missing character: There is no d ("64) in font nullfont!
Missing character: There is no e ("65) in font nullfont!
Missing character: There is no g ("67) in font nullfont!
Missing character: There is no ( ("28) in font nullfont!
Missing character: There is no / ("2F) in font nullfont!
Missing character: There is no 5 ("35) in font nullfont!
Missing character: There is no 7 ("37) in font nullfont!
Missing character: There is no . ("2E) in font nullfont!
Missing character: There is no 3 ("33) in font nullfont!
Missing character: There is no , ("2C) in font nullfont!
Missing character: There is no - ("2D) in font nullfont!
Missing character: There is no s ("73) in font nullfont!
Missing character: There is no q ("71) in font nullfont!
Missing character: There is no r ("72) in font nullfont!
Missing character: There is no t ("74) in font nullfont!
Missing character: There is no ( ("28) in font nullfont!
Missing character: There is no 2 ("32) in font nullfont!
Missing character: There is no * ("2A) in font nullfont!
! Undefined control sequence.
l.433             plot({deg(\t)/57.3},{-sqrt(2*\E
                                                  + 2*cos(deg(\t)))});
The control sequence at the end of the top line
of your error message was never \def'ed. If you have
misspelled it (e.g., `\hobx'), type `I' and the correct
spelling (e.g., `I\hbox'). Otherwise just continue,
and I'll forget about whatever was undefined.

Missing character: There is no + ("2B) in font nullfont!
Missing character: There is no 2 ("32) in font nullfont!
Missing character: There is no * ("2A) in font nullfont!
Missing character: There is no c ("63) in font nullfont!
Missing character: There is no o ("6F) in font nullfont!
Missing character: There is no s ("73) in font nullfont!
Missing character: There is no ( ("28) in font nullfont!
Missing character: There is no d ("64) in font nullfont!
Missing character: There is no e ("65) in font nullfont!
Missing character: There is no g ("67) in font nullfont!
Missing character: There is no ( ("28) in font nullfont!
Missing character: There is no ) ("29) in font nullfont!
Missing character: There is no ) ("29) in font nullfont!
Missing character: There is no ) ("29) in font nullfont!
Missing character: There is no ; ("3B) in font nullfont!

Overfull \hbox (2.77779pt too wide) in paragraph at lines 429--435
 []\/lmr/m/n/10 , 
 []


Overfull \hbox (3.8889pt too wide) in paragraph at lines 429--435
 []\/lmr/m/n/10 ) 
 []


Overfull \hbox (3.8889pt too wide) in paragraph at lines 429--435
 []\/lmr/m/n/10 ) 
 []


Overfull \hbox (2.77779pt too wide) in paragraph at lines 429--435
 []\/lmr/m/n/10 , 
 []


Overfull \hbox (3.8889pt too wide) in paragraph at lines 429--435
 []\/lmr/m/n/10 ) 
 []


Overfull \hbox (3.8889pt too wide) in paragraph at lines 429--435
 []\/lmr/m/n/10 ) 
 []

! Undefined control sequence.
l.436     \node
               [blue] at (3.5,-0.8) {摆动（闭轨）};
The control sequence at the end of the top line
of your error message was never \def'ed. If you have
misspelled it (e.g., `\hobx'), type `I' and the correct
spelling (e.g., `I\hbox'). Otherwise just continue,
and I'll forget about whatever was undefined.

Missing character: There is no [ ("5B) in font nullfont!
Missing character: There is no b ("62) in font nullfont!
Missing character: There is no l ("6C) in font nullfont!
Missing character: There is no u ("75) in font nullfont!
Missing character: There is no e ("65) in font nullfont!
Missing character: There is no ] ("5D) in font nullfont!
Missing character: There is no a ("61) in font nullfont!
Missing character: There is no t ("74) in font nullfont!
Missing character: There is no ( ("28) in font nullfont!
Missing character: There is no 3 ("33) in font nullfont!
Missing character: There is no . ("2E) in font nullfont!
Missing character: There is no 5 ("35) in font nullfont!
Missing character: There is no , ("2C) in font nullfont!
Missing character: There is no - ("2D) in font nullfont!
Missing character: There is no 0 ("30) in font nullfont!
Missing character: There is no . ("2E) in font nullfont!
Missing character: There is no 8 ("38) in font nullfont!
Missing character: There is no ) ("29) in font nullfont!
Missing character: There is no 摆 ("6446) in font nullfont!
Missing character: There is no 动 ("52A8) in font nullfont!
Missing character: There is no （ ("FF08) in font nullfont!
Missing character: There is no 闭 ("95ED) in font nullfont!
Missing character: There is no 轨 ("8F68) in font nullfont!
Missing character: There is no ） ("FF09) in font nullfont!
Missing character: There is no ; ("3B) in font nullfont!
! Undefined control sequence.
l.437     \node
               [red] at (3.5,-1.8) {旋转（开轨）};
The control sequence at the end of the top line
of your error message was never \def'ed. If you have
misspelled it (e.g., `\hobx'), type `I' and the correct
spelling (e.g., `I\hbox'). Otherwise just continue,
and I'll forget about whatever was undefined.

Missing character: There is no [ ("5B) in font nullfont!
Missing character: There is no r ("72) in font nullfont!
Missing character: There is no e ("65) in font nullfont!
Missing character: There is no d ("64) in font nullfont!
Missing character: There is no ] ("5D) in font nullfont!
Missing character: There is no a ("61) in font nullfont!
Missing character: There is no t ("74) in font nullfont!
Missing character: There is no ( ("28) in font nullfont!
Missing character: There is no 3 ("33) in font nullfont!
Missing character: There is no . ("2E) in font nullfont!
Missing character: There is no 5 ("35) in font nullfont!
Missing character: There is no , ("2C) in font nullfont!
Missing character: There is no - ("2D) in font nullfont!
Missing character: There is no 1 ("31) in font nullfont!
Missing character: There is no . ("2E) in font nullfont!
Missing character: There is no 8 ("38) in font nullfont!
Missing character: There is no ) ("29) in font nullfont!
Missing character: There is no 旋 ("65CB) in font nullfont!
Missing character: There is no 转 ("8F6C) in font nullfont!
Missing character: There is no （ ("FF08) in font nullfont!
Missing character: There is no 开 ("5F00) in font nullfont!
Missing character: There is no 轨 ("8F68) in font nullfont!
Missing character: There is no ） ("FF09) in font nullfont!
Missing character: There is no ; ("3B) in font nullfont!
! Undefined control sequence.
l.438     \node
                at (-3.14,2.7) {$-\pi$};
The control sequence at the end of the top line
of your error message was never \def'ed. If you have
misspelled it (e.g., `\hobx'), type `I' and the correct
spelling (e.g., `I\hbox'). Otherwise just continue,
and I'll forget about whatever was undefined.

Missing character: There is no a ("61) in font nullfont!
Missing character: There is no t ("74) in font nullfont!
Missing character: There is no ( ("28) in font nullfont!
Missing character: There is no - ("2D) in font nullfont!
Missing character: There is no 3 ("33) in font nullfont!
Missing character: There is no . ("2E) in font nullfont!
Missing character: There is no 1 ("31) in font nullfont!
Missing character: There is no 4 ("34) in font nullfont!
Missing character: There is no , ("2C) in font nullfont!
Missing character: There is no 2 ("32) in font nullfont!
Missing character: There is no . ("2E) in font nullfont!
Missing character: There is no 7 ("37) in font nullfont!
Missing character: There is no ) ("29) in font nullfont!
Missing character: There is no ; ("3B) in font nullfont!
! Undefined control sequence.
l.439     \node
                at (3.14,2.7) {$\pi$};
The control sequence at the end of the top line
of your error message was never \def'ed. If you have
misspelled it (e.g., `\hobx'), type `I' and the correct
spelling (e.g., `I\hbox'). Otherwise just continue,
and I'll forget about whatever was undefined.

Missing character: There is no a ("61) in font nullfont!
Missing character: There is no t ("74) in font nullfont!
Missing character: There is no ( ("28) in font nullfont!
Missing character: There is no 3 ("33) in font nullfont!
Missing character: There is no . ("2E) in font nullfont!
Missing character: There is no 1 ("31) in font nullfont!
Missing character: There is no 4 ("34) in font nullfont!
Missing character: There is no , ("2C) in font nullfont!
Missing character: There is no 2 ("32) in font nullfont!
Missing character: There is no . ("2E) in font nullfont!
Missing character: There is no 7 ("37) in font nullfont!
Missing character: There is no ) ("29) in font nullfont!
Missing character: There is no ; ("3B) in font nullfont!

! LaTeX Error: \begin{document} ended by \end{tikzpicture}.

See the LaTeX manual or LaTeX Companion for explanation.
Type  H <return>  for immediate help.
 ...                                              
                                                  
l.440 \end{tikzpicture}
                       
Your command was ignored.
Type  I <command> <return>  to replace it with another command,
or  <return>  to continue without it.


! LaTeX Error: \caption outside float.

See the LaTeX manual or LaTeX Companion for explanation.
Type  H <return>  for immediate help.
 ...                                              
                                                  
l.441 \caption
              {单摆的相轨迹图。低能量时（蓝色闭轨）为周期摆动，高能量（红色开轨）时为单向旋转。$\theta = \pm\pi$ 处为鞍...

You're in trouble here.  Try typing  <return>  to proceed.
If that doesn't work, type  X <return>  to quit.

Missing character: There is no 单 ("5355) in font nullfont!
Missing character: There is no 摆 ("6446) in font nullfont!
Missing character: There is no 的 ("7684) in font nullfont!
Missing character: There is no 相 ("76F8) in font nullfont!
Missing character: There is no 轨 ("8F68) in font nullfont!
Missing character: There is no 迹 ("8FF9) in font nullfont!
Missing character: There is no 图 ("56FE) in font nullfont!
Missing character: There is no 。 ("3002) in font nullfont!
Missing character: There is no 低 ("4F4E) in font nullfont!
Missing character: There is no 能 ("80FD) in font nullfont!
Missing character: There is no 量 ("91CF) in font nullfont!
Missing character: There is no 时 ("65F6) in font nullfont!
Missing character: There is no （ ("FF08) in font nullfont!
Missing character: There is no 蓝 ("84DD) in font nullfont!
Missing character: There is no 色 ("8272) in font nullfont!
Missing character: There is no 闭 ("95ED) in font nullfont!
Missing character: There is no 轨 ("8F68) in font nullfont!
Missing character: There is no ） ("FF09) in font nullfont!
Missing character: There is no 为 ("4E3A) in font nullfont!
Missing character: There is no 周 ("5468) in font nullfont!
Missing character: There is no 期 ("671F) in font nullfont!
Missing character: There is no 摆 ("6446) in font nullfont!
Missing character: There is no 动 ("52A8) in font nullfont!
Missing character: There is no ， ("FF0C) in font nullfont!
Missing character: There is no 高 ("9AD8) in font nullfont!
Missing character: There is no 能 ("80FD) in font nullfont!
Missing character: There is no 量 ("91CF) in font nullfont!
Missing character: There is no （ ("FF08) in font nullfont!
Missing character: There is no 红 ("7EA2) in font nullfont!
Missing character: There is no 色 ("8272) in font nullfont!
Missing character: There is no 开 ("5F00) in font nullfont!
Missing character: There is no 轨 ("8F68) in font nullfont!
Missing character: There is no ） ("FF09) in font nullfont!
Missing character: There is no 时 ("65F6) in font nullfont!
Missing character: There is no 为 ("4E3A) in font nullfont!
Missing character: There is no 单 ("5355) in font nullfont!
Missing character: There is no 向 ("5411) in font nullfont!
Missing character: There is no 旋 ("65CB) in font nullfont!
Missing character: There is no 转 ("8F6C) in font nullfont!
Missing character: There is no 。 ("3002) in font nullfont!
Missing character: There is no 处 ("5904) in font nullfont!
Missing character: There is no 为 ("4E3A) in font nullfont!
Missing character: There is no 鞍 ("978D) in font nullfont!
Missing character: There is no 点 ("70B9) in font nullfont!
Missing character: There is no ， ("FF0C) in font nullfont!
Missing character: There is no 其 ("5176) in font nullfont!
Missing character: There is no 稳 ("7A33) in font nullfont!
Missing character: There is no 定 ("5B9A) in font nullfont!
Missing character: There is no 流 ("6D41) in font nullfont!
Missing character: There is no 形 ("5F62) in font nullfont!
Missing character: There is no 与 ("4E0E) in font nullfont!
Missing character: There is no 不 ("4E0D) in font nullfont!
Missing character: There is no 稳 ("7A33) in font nullfont!
Missing character: There is no 定 ("5B9A) in font nullfont!
Missing character: There is no 流 ("6D41) in font nullfont!
Missing character: There is no 形 ("5F62) in font nullfont!
Missing character: There is no 构 ("6784) in font nullfont!
Missing character: There is no 成 ("6210) in font nullfont!
Missing character: There is no 分 ("5206) in font nullfont!
Missing character: There is no 界 ("754C) in font nullfont!
Missing character: There is no 线 ("7EBF) in font nullfont!
Missing character: There is no （ ("FF08) in font nullfont!
Missing character: There is no s ("73) in font nullfont!
Missing character: There is no e ("65) in font nullfont!
Missing character: There is no p ("70) in font nullfont!
Missing character: There is no a ("61) in font nullfont!
Missing character: There is no r ("72) in font nullfont!
Missing character: There is no a ("61) in font nullfont!
Missing character: There is no t ("74) in font nullfont!
Missing character: There is no r ("72) in font nullfont!
Missing character: There is no i ("69) in font nullfont!
Missing character: There is no x ("78) in font nullfont!
Missing character: There is no ） ("FF09) in font nullfont!
Missing character: There is no 。 ("3002) in font nullfont!

! LaTeX Error: \begin{document} ended by \end{figure}.

See the LaTeX manual or LaTeX Companion for explanation.
Type  H <return>  for immediate help.
 ...                                              
                                                  
l.443 \end{figure}
                  
Your command was ignored.
Type  I <command> <return>  to replace it with another command,
or  <return>  to continue without it.


Overfull \hbox (13.83685pt too wide) in paragraph at lines 436--444
\OMS/cmsy/m/n/10 ^^@\OML/cmm/m/it/10 ^^Y$
 []


Overfull \hbox (6.05905pt too wide) in paragraph at lines 436--444
\OML/cmm/m/it/10 ^^Y$
 []


Overfull \hbox (15.52774pt too wide) in paragraph at lines 436--444
\OML/cmm/m/it/10 ^^R \/lmr/m/n/10 =
 []


Overfull \hbox (13.83685pt too wide) in paragraph at lines 436--444
\OMS/cmsy/m/n/10 ^^F\OML/cmm/m/it/10 ^^Y$
 []

! Undefined control sequence.
l.445 \section
              {近似解法}
The control sequence at the end of the top line
of your error message was never \def'ed. If you have
misspelled it (e.g., `\hobx'), type `I' and the correct
spelling (e.g., `I\hbox'). Otherwise just continue,
and I'll forget about whatever was undefined.

Missing character: There is no 近 ("8FD1) in font nullfont!
Missing character: There is no 似 ("4F3C) in font nullfont!
Missing character: There is no 解 ("89E3) in font nullfont!
Missing character: There is no 法 ("6CD5) in font nullfont!
! Undefined control sequence.
l.446 \subsection
                 {摄动法（Perturbation Method）}
The control sequence at the end of the top line
of your error message was never \def'ed. If you have
misspelled it (e.g., `\hobx'), type `I' and the correct
spelling (e.g., `I\hbox'). Otherwise just continue,
and I'll forget about whatever was undefined.

Missing character: There is no 摄 ("6444) in font nullfont!
Missing character: There is no 动 ("52A8) in font nullfont!
Missing character: There is no 法 ("6CD5) in font nullfont!
Missing character: There is no （ ("FF08) in font nullfont!
Missing character: There is no P ("50) in font nullfont!
Missing character: There is no e ("65) in font nullfont!
Missing character: There is no r ("72) in font nullfont!
Missing character: There is no t ("74) in font nullfont!
Missing character: There is no u ("75) in font nullfont!
Missing character: There is no r ("72) in font nullfont!
Missing character: There is no b ("62) in font nullfont!
Missing character: There is no a ("61) in font nullfont!
Missing character: There is no t ("74) in font nullfont!
Missing character: There is no i ("69) in font nullfont!
Missing character: There is no o ("6F) in font nullfont!
Missing character: There is no n ("6E) in font nullfont!
Missing character: There is no M ("4D) in font nullfont!
Missing character: There is no e ("65) in font nullfont!
Missing character: There is no t ("74) in font nullfont!
Missing character: There is no h ("68) in font nullfont!
Missing character: There is no o ("6F) in font nullfont!
Missing character: There is no d ("64) in font nullfont!
Missing character: There is no ） ("FF09) in font nullfont!
Missing character: There is no 当 ("5F53) in font nullfont!
Missing character: There is no 非 ("975E) in font nullfont!
Missing character: There is no 线 ("7EBF) in font nullfont!
Missing character: There is no 性 ("6027) in font nullfont!
Missing character: There is no 项 ("9879) in font nullfont!
Missing character: There is no 较 ("8F83) in font nullfont!
Missing character: There is no 小 ("5C0F) in font nullfont!
Missing character: There is no 时 ("65F6) in font nullfont!
Missing character: There is no （ ("FF08) in font nullfont!
Missing character: There is no ） ("FF09) in font nullfont!
Missing character: There is no ， ("FF0C) in font nullfont!
Missing character: There is no 可 ("53EF) in font nullfont!
Missing character: There is no 寻 ("5BFB) in font nullfont!
Missing character: There is no 求 ("6C42) in font nullfont!
Missing character: There is no 解 ("89E3) in font nullfont!
Missing character: There is no 的 ("7684) in font nullfont!
Missing character: There is no 小 ("5C0F) in font nullfont!
Missing character: There is no 参 ("53C2) in font nullfont!
Missing character: There is no 数 ("6570) in font nullfont!
Missing character: There is no 展 ("5C55) in font nullfont!
Missing character: There is no 开 ("5F00) in font nullfont!
Missing character: There is no 。 ("3002) in font nullfont!
Missing character: There is no 考 ("8003) in font nullfont!
Missing character: There is no 虑 ("8651) in font nullfont!
Missing character: There is no 弱 ("5F31) in font nullfont!
Missing character: There is no 非 ("975E) in font nullfont!
Missing character: There is no 线 ("7EBF) in font nullfont!
Missing character: There is no 性 ("6027) in font nullfont!
Missing character: There is no D ("44) in font nullfont!
Missing character: There is no u ("75) in font nullfont!
Missing character: There is no f ("66) in font nullfont!
Missing character: There is no f ("66) in font nullfont!
Missing character: There is no i ("69) in font nullfont!
Missing character: There is no n ("6E) in font nullfont!
Missing character: There is no g ("67) in font nullfont!
Missing character: There is no 方 ("65B9) in font nullfont!
Missing character: There is no 程 ("7A0B) in font nullfont!
Missing character: There is no ： ("FF1A) in font nullfont!

Overfull \hbox (20.0pt too wide) in paragraph at lines 445--448
[]
 []


Overfull \hbox (15.55553pt too wide) in paragraph at lines 445--448
\/lmr/m/n/10 0 \OML/cmm/m/it/10 <
 []


Overfull \hbox (17.4409pt too wide) in paragraph at lines 445--448
\OML/cmm/m/it/10 " \OMS/cmsy/m/n/10 ^^\
 []


Overfull \hbox (5.00002pt too wide) in paragraph at lines 445--448
\/lmr/m/n/10 1$
 []


Overfull \hbox (71.2534pt too wide) detected at line 450
[] \/lmr/m/n/10 + \OML/cmm/m/it/10 ![]x \/lmr/m/n/10 + \OML/cmm/m/it/10 "x[] \/
lmr/m/n/10 = 0
 []

Missing character: There is no 假 ("5047) in font nullfont!
Missing character: There is no 设 ("8BBE) in font nullfont!
Missing character: There is no 解 ("89E3) in font nullfont!
Missing character: There is no 展 ("5C55) in font nullfont!
Missing character: There is no 为 ("4E3A) in font nullfont!
Missing character: There is no 的 ("7684) in font nullfont!
Missing character: There is no 幂 ("5E42) in font nullfont!
Missing character: There is no 级 ("7EA7) in font nullfont!
Missing character: There is no 数 ("6570) in font nullfont!
Missing character: There is no ： ("FF1A) in font nullfont!

Overfull \hbox (4.66318pt too wide) in paragraph at lines 450--452
 $\OML/cmm/m/it/10 "$
 []


Overfull \hbox (153.12845pt too wide) detected at line 454
\OML/cmm/m/it/10 x\/lmr/m/n/10 (\OML/cmm/m/it/10 t; "\/lmr/m/n/10 ) = \OML/cmm/
m/it/10 x[]\/lmr/m/n/10 (\OML/cmm/m/it/10 t\/lmr/m/n/10 ) + \OML/cmm/m/it/10 "x
[]\/lmr/m/n/10 (\OML/cmm/m/it/10 t\/lmr/m/n/10 ) + \OML/cmm/m/it/10 "[]x[]\/lmr
/m/n/10 (\OML/cmm/m/it/10 t\/lmr/m/n/10 ) + []
 []


! LaTeX Error: Environment myformula undefined.

See the LaTeX manual or LaTeX Companion for explanation.
Type  H <return>  for immediate help.
 ...                                              
                                                  
l.456 \begin{myformula}
                       
Your command was ignored.
Type  I <command> <return>  to replace it with another command,
or  <return>  to continue without it.

Missing character: There is no 代 ("4EE3) in font nullfont!
Missing character: There is no 入 ("5165) in font nullfont!
Missing character: There is no 方 ("65B9) in font nullfont!
Missing character: There is no 程 ("7A0B) in font nullfont!
Missing character: There is no 并 ("5E76) in font nullfont!
Missing character: There is no 按 ("6309) in font nullfont!
Missing character: There is no 的 ("7684) in font nullfont!
Missing character: There is no 幂 ("5E42) in font nullfont!
Missing character: There is no 次 ("6B21) in font nullfont!
Missing character: There is no 分 ("5206) in font nullfont!
Missing character: There is no 离 ("79BB) in font nullfont!
Missing character: There is no ： ("FF1A) in font nullfont!

! LaTeX Error: Environment align* undefined.

See the LaTeX manual or LaTeX Companion for explanation.
Type  H <return>  for immediate help.
 ...                                              
                                                  
l.458 \begin{align*}
                    
Your command was ignored.
Type  I <command> <return>  to replace it with another command,
or  <return>  to continue without it.


! LaTeX Error: \mathcal allowed only in math mode.

See the LaTeX manual or LaTeX Companion for explanation.
Type  H <return>  for immediate help.
 ...                                              
                                                  
l.459 \mathcal
              {O}(1):&\quad \ddot{x}_0 + \omega_0^{2} x_0 = 0 \\
You're in trouble here.  Try typing  <return>  to proceed.
If that doesn't work, type  X <return>  to quit.

Missing character: There is no O ("4F) in font nullfont!
Missing character: There is no ( ("28) in font nullfont!
Missing character: There is no 1 ("31) in font nullfont!
Missing character: There is no ) ("29) in font nullfont!
Missing character: There is no : ("3A) in font nullfont!
! Misplaced alignment tab character &.
l.459 \mathcal{O}(1):&
                      \quad \ddot{x}_0 + \omega_0^{2} x_0 = 0 \\
I can't figure out why you would want to use a tab mark
here. If you just want an ampersand, the remedy is
simple: Just type `I\&' now. But if some right brace
up above has ended a previous alignment prematurely,
you're probably due for more error messages, and you
might try typing `S' now just to see what is salvageable.

! Missing $ inserted.
<inserted text> 
                $
l.459 \mathcal{O}(1):&\quad \ddot
                                 {x}_0 + \omega_0^{2} x_0 = 0 \\
I've inserted a begin-math/end-math symbol since I think
you left one out. Proceed, with fingers crossed.

! Misplaced alignment tab character &.
l.460 \mathcal{O}(\varepsilon):&
                                \quad \ddot{x}_1 + \omega_0^{2} x_1 = -x_0^{...
I can't figure out why you would want to use a tab mark
here. If you just want an ampersand, the remedy is
simple: Just type `I\&' now. But if some right brace
up above has ended a previous alignment prematurely,
you're probably due for more error messages, and you
might try typing `S' now just to see what is salvageable.

! Misplaced alignment tab character &.
l.461 \mathcal{O}(\varepsilon^{2}):&
                                    \quad \ddot{x}_2 + \omega_0^{2} x_2 = -3...
I can't figure out why you would want to use a tab mark
here. If you just want an ampersand, the remedy is
simple: Just type `I\&' now. But if some right brace
up above has ended a previous alignment prematurely,
you're probably due for more error messages, and you
might try typing `S' now just to see what is salvageable.


! LaTeX Error: \begin{document} ended by \end{align*}.

See the LaTeX manual or LaTeX Companion for explanation.
Type  H <return>  for immediate help.
 ...                                              
                                                  
l.462 \end{align*}
                  
Your command was ignored.
Type  I <command> <return>  to replace it with another command,
or  <return>  to continue without it.

! Missing $ inserted.
<inserted text> 
                $
l.462 \end{align*}
                  
I've inserted something that you may have forgotten.
(See the <inserted text> above.)
With luck, this will get me unwedged. But if you
really didn't forget anything, try typing `2' now; then
my insertion and my current dilemma will both disappear.


! LaTeX Error: \begin{document} ended by \end{myformula}.

See the LaTeX manual or LaTeX Companion for explanation.
Type  H <return>  for immediate help.
 ...                                              
                                                  
l.463 \end{myformula}
                     
Your command was ignored.
Type  I <command> <return>  to replace it with another command,
or  <return>  to continue without it.


Overfull \hbox (20.0pt too wide) in paragraph at lines 457--464
[]
 []


Overfull \hbox (4.66318pt too wide) in paragraph at lines 457--464
\OML/cmm/m/it/10 "$
 []


Overfull \hbox (17.9792pt too wide) in paragraph at lines 457--464
[] \/lmr/m/n/10 +
 []


Overfull \hbox (31.82635pt too wide) in paragraph at lines 457--464
\OML/cmm/m/it/10 ![]x[] \/lmr/m/n/10 =
 []


Overfull \hbox (5.00002pt too wide) in paragraph at lines 457--464
\/lmr/m/n/10 0[] 
 []


Overfull \hbox (26.2354pt too wide) in paragraph at lines 457--464
\OMS/cmsy/m/n/10 O\/lmr/m/n/10 (\OML/cmm/m/it/10 "\/lmr/m/n/10 ) :
 []


Overfull \hbox (17.9792pt too wide) in paragraph at lines 457--464
[] \/lmr/m/n/10 +
 []


Overfull \hbox (31.82635pt too wide) in paragraph at lines 457--464
\OML/cmm/m/it/10 ![]x[] \/lmr/m/n/10 =
 []


Overfull \hbox (17.9792pt too wide) in paragraph at lines 457--464
\OMS/cmsy/m/n/10 ^^@\OML/cmm/m/it/10 x[][] 
 []


Overfull \hbox (30.72153pt too wide) in paragraph at lines 457--464
\OMS/cmsy/m/n/10 O\/lmr/m/n/10 (\OML/cmm/m/it/10 "[]\/lmr/m/n/10 ) :
 []


Overfull \hbox (17.9792pt too wide) in paragraph at lines 457--464
[] \/lmr/m/n/10 +
 []


Overfull \hbox (31.82635pt too wide) in paragraph at lines 457--464
\OML/cmm/m/it/10 ![]x[] \/lmr/m/n/10 =
 []


Overfull \hbox (33.18062pt too wide) in paragraph at lines 457--464
\OMS/cmsy/m/n/10 ^^@\/lmr/m/n/10 3\OML/cmm/m/it/10 x[]x[]$
 []

Missing character: There is no 零 ("96F6) in font nullfont!
Missing character: There is no 阶 ("9636) in font nullfont!
Missing character: There is no 解 ("89E3) in font nullfont!
Missing character: There is no 为 ("4E3A) in font nullfont!
Missing character: There is no 。 ("3002) in font nullfont!
Missing character: There is no 代 ("4EE3) in font nullfont!
Missing character: There is no 入 ("5165) in font nullfont!
Missing character: There is no 第 ("7B2C) in font nullfont!
Missing character: There is no 一 ("4E00) in font nullfont!
Missing character: There is no 阶 ("9636) in font nullfont!
Missing character: There is no 方 ("65B9) in font nullfont!
Missing character: There is no 程 ("7A0B) in font nullfont!
Missing character: There is no ： ("FF1A) in font nullfont!

Overfull \hbox (20.0pt too wide) in paragraph at lines 465--466
[]
 []


Overfull \hbox (20.75691pt too wide) in paragraph at lines 465--466
\OML/cmm/m/it/10 x[] \/lmr/m/n/10 =
 []


Overfull \hbox (48.54402pt too wide) in paragraph at lines 465--466
\OML/cmm/m/it/10 A []\/lmr/m/n/10 (\OML/cmm/m/it/10 ![]t \/lmr/m/n/10 +
 []


Overfull \hbox (9.84724pt too wide) in paragraph at lines 465--466
\OML/cmm/m/it/10 ^^^\/lmr/m/n/10 )$ 
 []


Overfull \hbox (306.67068pt too wide) detected at line 468
[] \/lmr/m/n/10 + \OML/cmm/m/it/10 ![]x[] \/lmr/m/n/10 = \OMS/cmsy/m/n/10 ^^@\O
ML/cmm/m/it/10 A[] [][]\/lmr/m/n/10 (\OML/cmm/m/it/10 ![]t \/lmr/m/n/10 + \OML/
cmm/m/it/10 ^^^\/lmr/m/n/10 ) = \OMS/cmsy/m/n/10 ^^@[] []
 []

Missing character: There is no 注 ("6CE8) in font nullfont!
Missing character: There is no 意 ("610F) in font nullfont!
Missing character: There is no 右 ("53F3) in font nullfont!
Missing character: There is no 端 ("7AEF) in font nullfont!
Missing character: There is no 含 ("542B) in font nullfont!
Missing character: There is no ， ("FF0C) in font nullfont!
Missing character: There is no 与 ("4E0E) in font nullfont!
Missing character: There is no 齐 ("9F50) in font nullfont!
Missing character: There is no 次 ("6B21) in font nullfont!
Missing character: There is no 解 ("89E3) in font nullfont!
Missing character: There is no 同 ("540C) in font nullfont!
Missing character: There is no 频 ("9891) in font nullfont!
Missing character: There is no — ("2014) in font nullfont!
Missing character: There is no — ("2014) in font nullfont!
Missing character: There is no 这 ("8FD9) in font nullfont!
Missing character: There is no 导 ("5BFC) in font nullfont!
Missing character: There is no 致 ("81F4) in font nullfont!
Missing character: There is no 长 (U+957F) in font [lmroman10-bold]:mapping=tex-
text;!
Missing character: There is no 期 (U+671F) in font [lmroman10-bold]:mapping=tex-
text;!
Missing character: There is no 项 (U+9879) in font [lmroman10-bold]:mapping=tex-
text;!
Missing character: There is no （ ("FF08) in font nullfont!
Missing character: There is no 形 ("5F62) in font nullfont!
Missing character: There is no 式 ("5F0F) in font nullfont!
Missing character: There is no 的 ("7684) in font nullfont!
Missing character: There is no 增 ("589E) in font nullfont!
Missing character: There is no 长 ("957F) in font nullfont!
Missing character: There is no 项 ("9879) in font nullfont!
Missing character: There is no ） ("FF09) in font nullfont!
Missing character: There is no ， ("FF0C) in font nullfont!
Missing character: There is no 破 ("7834) in font nullfont!
Missing character: There is no 坏 ("574F) in font nullfont!
Missing character: There is no 解 ("89E3) in font nullfont!
Missing character: There is no 的 ("7684) in font nullfont!
Missing character: There is no 有 ("6709) in font nullfont!
Missing character: There is no 界 ("754C) in font nullfont!
Missing character: There is no 性 ("6027) in font nullfont!
Missing character: There is no 。 ("3002) in font nullfont!
Missing character: There is no 直 ("76F4) in font nullfont!
Missing character: There is no 接 ("63A5) in font nullfont!
Missing character: There is no 展 ("5C55) in font nullfont!
Missing character: There is no 开 ("5F00) in font nullfont!
Missing character: There is no 的 ("7684) in font nullfont!
Missing character: There is no 摄 ("6444) in font nullfont!
Missing character: There is no 动 ("52A8) in font nullfont!
Missing character: There is no 法 ("6CD5) in font nullfont!
Missing character: There is no 需 ("9700) in font nullfont!
Missing character: There is no 引 ("5F15) in font nullfont!
Missing character: There is no 入 ("5165) in font nullfont!
Missing character: There is no 附 ("9644) in font nullfont!
Missing character: There is no 加 ("52A0) in font nullfont!
Missing character: There is no 条 ("6761) in font nullfont!
Missing character: There is no 件 ("4EF6) in font nullfont!
Missing character: There is no 消 ("6D88) in font nullfont!
Missing character: There is no 除 ("9664) in font nullfont!
Missing character: There is no 长 ("957F) in font nullfont!
Missing character: There is no 期 ("671F) in font nullfont!
Missing character: There is no 项 ("9879) in font nullfont!
Missing character: There is no 。 ("3002) in font nullfont!

Overfull \hbox (39.37738pt too wide) in paragraph at lines 468--470
 $[]\/lmr/m/n/10 (\OML/cmm/m/it/10 ![]t \/lmr/m/n/10 +
 []


Overfull \hbox (52.90228pt too wide) in paragraph at lines 468--470
\OML/cmm/m/it/10 ^^^\/lmr/m/n/10 )$\TU/lmr/bx/n/10 长期项$\OML/cmm/m/it/10 t [] ![
]t$
 []

! Undefined control sequence.
l.471 \subsection
                 {Lindstedt-Poincar\'e 法}
The control sequence at the end of the top line
of your error message was never \def'ed. If you have
misspelled it (e.g., `\hobx'), type `I' and the correct
spelling (e.g., `I\hbox'). Otherwise just continue,
and I'll forget about whatever was undefined.

Missing character: There is no L ("4C) in font nullfont!
Missing character: There is no i ("69) in font nullfont!
Missing character: There is no n ("6E) in font nullfont!
Missing character: There is no d ("64) in font nullfont!
Missing character: There is no s ("73) in font nullfont!
Missing character: There is no t ("74) in font nullfont!
Missing character: There is no e ("65) in font nullfont!
Missing character: There is no d ("64) in font nullfont!
Missing character: There is no t ("74) in font nullfont!
Missing character: There is no - ("2D) in font nullfont!
Missing character: There is no P ("50) in font nullfont!
Missing character: There is no o ("6F) in font nullfont!
Missing character: There is no i ("69) in font nullfont!
Missing character: There is no n ("6E) in font nullfont!
Missing character: There is no c ("63) in font nullfont!
Missing character: There is no a ("61) in font nullfont!
Missing character: There is no r ("72) in font nullfont!
Missing character: There is no 法 ("6CD5) in font nullfont!
Missing character: There is no 为 ("4E3A) in font nullfont!
Missing character: There is no 消 ("6D88) in font nullfont!
Missing character: There is no 除 ("9664) in font nullfont!
Missing character: There is no 长 ("957F) in font nullfont!
Missing character: There is no 期 ("671F) in font nullfont!
Missing character: There is no 项 ("9879) in font nullfont!
Missing character: There is no ， ("FF0C) in font nullfont!
Missing character: There is no L ("4C) in font nullfont!
Missing character: There is no i ("69) in font nullfont!
Missing character: There is no n ("6E) in font nullfont!
Missing character: There is no d ("64) in font nullfont!
Missing character: There is no s ("73) in font nullfont!
Missing character: There is no t ("74) in font nullfont!
Missing character: There is no e ("65) in font nullfont!
Missing character: There is no d ("64) in font nullfont!
Missing character: There is no t ("74) in font nullfont!
Missing character: There is no - ("2D) in font nullfont!
Missing character: There is no P ("50) in font nullfont!
Missing character: There is no o ("6F) in font nullfont!
Missing character: There is no i ("69) in font nullfont!
Missing character: There is no n ("6E) in font nullfont!
Missing character: There is no c ("63) in font nullfont!
Missing character: There is no a ("61) in font nullfont!
Missing character: There is no r ("72) in font nullfont!
Missing character: There is no 法 ("6CD5) in font nullfont!
Missing character: There is no 同 ("540C) in font nullfont!
Missing character: There is no 时 ("65F6) in font nullfont!
Missing character: There is no 展 ("5C55) in font nullfont!
Missing character: There is no 开 ("5F00) in font nullfont!
Missing character: There is no 频 ("9891) in font nullfont!
Missing character: There is no 率 ("7387) in font nullfont!
Missing character: There is no 和 ("548C) in font nullfont!
Missing character: There is no 解 ("89E3) in font nullfont!
Missing character: There is no ： ("FF1A) in font nullfont!

Overfull \hbox (24.44444pt too wide) in paragraph at lines 471--473
[][]\/lmr/m/n/10 e
 []


Overfull \hbox (4.44444pt too wide) in paragraph at lines 471--473
[]\/lmr/m/n/10 e
 []


Overfull \hbox (106.4235pt too wide) detected at line 475
\OML/cmm/m/it/10 ![] \/lmr/m/n/10 = \OML/cmm/m/it/10 ![] \/lmr/m/n/10 + \OML/cm
m/m/it/10 "![] \/lmr/m/n/10 + \OML/cmm/m/it/10 "[]![] \/lmr/m/n/10 + []
 []

Missing character: There is no 引 ("5F15) in font nullfont!
Missing character: There is no 入 ("5165) in font nullfont!
Missing character: There is no 新 ("65B0) in font nullfont!
Missing character: There is no 时 ("65F6) in font nullfont!
Missing character: There is no 间 ("95F4) in font nullfont!
Missing character: There is no 变 ("53D8) in font nullfont!
Missing character: There is no 量 ("91CF) in font nullfont!
Missing character: There is no ， ("FF0C) in font nullfont!
Missing character: There is no 则 ("5219) in font nullfont!
Missing character: There is no ， ("FF0C) in font nullfont!
Missing character: There is no 方 ("65B9) in font nullfont!
Missing character: There is no 程 ("7A0B) in font nullfont!
Missing character: There is no 变 ("53D8) in font nullfont!
Missing character: There is no 为 ("4E3A) in font nullfont!
Missing character: There is no ： ("FF1A) in font nullfont!

Overfull \hbox (16.05899pt too wide) in paragraph at lines 475--477
 $\OML/cmm/m/it/10 ^^\ \/lmr/m/n/10 =
 []


Overfull \hbox (10.19443pt too wide) in paragraph at lines 475--477
\OML/cmm/m/it/10 !t$
 []


Overfull \hbox (16.27078pt too wide) in paragraph at lines 475--477
[] \/lmr/m/n/10 =
 []


Overfull \hbox (21.89583pt too wide) in paragraph at lines 475--477
\OML/cmm/m/it/10 ![]x[]$ 
 []


Overfull \hbox (87.43396pt too wide) detected at line 479
\OML/cmm/m/it/10 ![]x[] \/lmr/m/n/10 + \OML/cmm/m/it/10 ![]x \/lmr/m/n/10 + \OM
L/cmm/m/it/10 "x[] \/lmr/m/n/10 = 0
 []

Missing character: There is no 将 ("5C06) in font nullfont!
Missing character: There is no 和 ("548C) in font nullfont!
Missing character: There is no 展 ("5C55) in font nullfont!
Missing character: There is no 开 ("5F00) in font nullfont!
Missing character: There is no 后 ("540E) in font nullfont!
Missing character: There is no ， ("FF0C) in font nullfont!
Missing character: There is no 选 ("9009) in font nullfont!
Missing character: There is no 择 ("62E9) in font nullfont!
Missing character: There is no 各 ("5404) in font nullfont!
Missing character: There is no 阶 ("9636) in font nullfont!
Missing character: There is no 以 ("4EE5) in font nullfont!
Missing character: There is no 消 ("6D88) in font nullfont!
Missing character: There is no 除 ("9664) in font nullfont!
Missing character: There is no 长 ("957F) in font nullfont!
Missing character: There is no 期 ("671F) in font nullfont!
Missing character: There is no 项 ("9879) in font nullfont!
Missing character: There is no 。 ("3002) in font nullfont!

Overfull \hbox (11.06944pt too wide) in paragraph at lines 479--481
 $\OML/cmm/m/it/10 ![]$
 []


Overfull \hbox (5.71527pt too wide) in paragraph at lines 479--481
\OML/cmm/m/it/10 x$
 []


Overfull \hbox (11.06944pt too wide) in paragraph at lines 479--481
\OML/cmm/m/it/10 ![]$
 []


! LaTeX Error: Environment myformula undefined.

See the LaTeX manual or LaTeX Companion for explanation.
Type  H <return>  for immediate help.
 ...                                              
                                                  
l.482 \begin{myformula}
                       
Your command was ignored.
Type  I <command> <return>  to replace it with another command,
or  <return>  to continue without it.

Missing character: There is no L ("4C) in font nullfont!
Missing character: There is no i ("69) in font nullfont!
Missing character: There is no n ("6E) in font nullfont!
Missing character: There is no d ("64) in font nullfont!
Missing character: There is no s ("73) in font nullfont!
Missing character: There is no t ("74) in font nullfont!
Missing character: There is no e ("65) in font nullfont!
Missing character: There is no d ("64) in font nullfont!
Missing character: There is no t ("74) in font nullfont!
Missing character: There is no - ("2D) in font nullfont!
Missing character: There is no P ("50) in font nullfont!
Missing character: There is no o ("6F) in font nullfont!
Missing character: There is no i ("69) in font nullfont!
Missing character: There is no n ("6E) in font nullfont!
Missing character: There is no c ("63) in font nullfont!
Missing character: There is no a ("61) in font nullfont!
Missing character: There is no r ("72) in font nullfont!
Missing character: There is no 法 ("6CD5) in font nullfont!
Missing character: There is no 给 ("7ED9) in font nullfont!
Missing character: There is no 出 ("51FA) in font nullfont!
Missing character: There is no 的 ("7684) in font nullfont!
Missing character: There is no D ("44) in font nullfont!
Missing character: There is no u ("75) in font nullfont!
Missing character: There is no f ("66) in font nullfont!
Missing character: There is no f ("66) in font nullfont!
Missing character: There is no i ("69) in font nullfont!
Missing character: There is no n ("6E) in font nullfont!
Missing character: There is no g ("67) in font nullfont!
Missing character: There is no 方 ("65B9) in font nullfont!
Missing character: There is no 程 ("7A0B) in font nullfont!
Missing character: There is no 频 ("9891) in font nullfont!
Missing character: There is no 率 ("7387) in font nullfont!
Missing character: There is no - ("2D) in font nullfont!
Missing character: There is no 振 ("632F) in font nullfont!
Missing character: There is no 幅 ("5E45) in font nullfont!
Missing character: There is no 关 ("5173) in font nullfont!
Missing character: There is no 系 ("7CFB) in font nullfont!
Missing character: There is no 为 ("4E3A) in font nullfont!
Missing character: There is no ： ("FF1A) in font nullfont!

Overfull \hbox (24.44444pt too wide) in paragraph at lines 483--484
[][]\/lmr/m/n/10 e
 []


Overfull \hbox (183.42995pt too wide) detected at line 486
\OML/cmm/m/it/10 ! \/lmr/m/n/10 = \OML/cmm/m/it/10 ![] []
 []

Missing character: There is no 其 ("5176) in font nullfont!
Missing character: There is no 中 ("4E2D) in font nullfont!
Missing character: There is no 为 ("4E3A) in font nullfont!
Missing character: There is no 基 ("57FA) in font nullfont!
Missing character: There is no 频 ("9891) in font nullfont!
Missing character: There is no 振 ("632F) in font nullfont!
Missing character: There is no 幅 ("5E45) in font nullfont!
Missing character: There is no 。 ("3002) in font nullfont!

! LaTeX Error: \begin{document} ended by \end{myformula}.

See the LaTeX manual or LaTeX Companion for explanation.
Type  H <return>  for immediate help.
 ...                                              
                                                  
l.488 \end{myformula}
                     
Your command was ignored.
Type  I <command> <return>  to replace it with another command,
or  <return>  to continue without it.


Overfull \hbox (7.50002pt too wide) in paragraph at lines 486--489
 $\OML/cmm/m/it/10 A$
 []

! Undefined control sequence.
l.490 \subsection
                 {平均法（Method of Averaging）}
The control sequence at the end of the top line
of your error message was never \def'ed. If you have
misspelled it (e.g., `\hobx'), type `I' and the correct
spelling (e.g., `I\hbox'). Otherwise just continue,
and I'll forget about whatever was undefined.

Missing character: There is no 平 ("5E73) in font nullfont!
Missing character: There is no 均 ("5747) in font nullfont!
Missing character: There is no 法 ("6CD5) in font nullfont!
Missing character: There is no （ ("FF08) in font nullfont!
Missing character: There is no M ("4D) in font nullfont!
Missing character: There is no e ("65) in font nullfont!
Missing character: There is no t ("74) in font nullfont!
Missing character: There is no h ("68) in font nullfont!
Missing character: There is no o ("6F) in font nullfont!
Missing character: There is no d ("64) in font nullfont!
Missing character: There is no o ("6F) in font nullfont!
Missing character: There is no f ("66) in font nullfont!
Missing character: There is no A ("41) in font nullfont!
Missing character: There is no v ("76) in font nullfont!
Missing character: There is no e ("65) in font nullfont!
Missing character: There is no r ("72) in font nullfont!
Missing character: There is no a ("61) in font nullfont!
Missing character: There is no g ("67) in font nullfont!
Missing character: There is no i ("69) in font nullfont!
Missing character: There is no n ("6E) in font nullfont!
Missing character: There is no g ("67) in font nullfont!
Missing character: There is no ） ("FF09) in font nullfont!
Missing character: There is no 考 ("8003) in font nullfont!
Missing character: There is no 虑 ("8651) in font nullfont!
Missing character: There is no 弱 ("5F31) in font nullfont!
Missing character: There is no 非 ("975E) in font nullfont!
Missing character: There is no 线 ("7EBF) in font nullfont!
Missing character: There is no 性 ("6027) in font nullfont!
Missing character: There is no 方 ("65B9) in font nullfont!
Missing character: There is no 程 ("7A0B) in font nullfont!
Missing character: There is no ： ("FF1A) in font nullfont!

Overfull \hbox (20.0pt too wide) in paragraph at lines 490--492
[]
 []


Overfull \hbox (85.95473pt too wide) detected at line 494
[] \/lmr/m/n/10 + \OML/cmm/m/it/10 ![]x \/lmr/m/n/10 = \OML/cmm/m/it/10 "f\/lmr
/m/n/10 (\OML/cmm/m/it/10 x; []; t\/lmr/m/n/10 )
 []

Missing character: There is no 当 ("5F53) in font nullfont!
Missing character: There is no 时 ("65F6) in font nullfont!
Missing character: There is no ， ("FF0C) in font nullfont!
Missing character: There is no 通 ("901A) in font nullfont!
Missing character: There is no 解 ("89E3) in font nullfont!
Missing character: There is no 为 ("4E3A) in font nullfont!
Missing character: There is no 。 ("3002) in font nullfont!
Missing character: There is no 令 ("4EE4) in font nullfont!
Missing character: There is no ： ("FF1A) in font nullfont!

Overfull \hbox (15.21869pt too wide) in paragraph at lines 494--496
 $\OML/cmm/m/it/10 " \/lmr/m/n/10 =
 []


Overfull \hbox (5.00002pt too wide) in paragraph at lines 494--496
\/lmr/m/n/10 0$
 []


Overfull \hbox (16.27078pt too wide) in paragraph at lines 494--496
\OML/cmm/m/it/10 x \/lmr/m/n/10 =
 []


Overfull \hbox (46.3299pt too wide) in paragraph at lines 494--496
\OML/cmm/m/it/10 a []\/lmr/m/n/10 (\OML/cmm/m/it/10 ![]t \/lmr/m/n/10 +
 []


Overfull \hbox (10.07292pt too wide) in paragraph at lines 494--496
\OML/cmm/m/it/10 ^^L\/lmr/m/n/10 )$ 
 []


Overfull \hbox (236.61343pt too wide) detected at line 498
\OML/cmm/m/it/10 x\/lmr/m/n/10 (\OML/cmm/m/it/10 t\/lmr/m/n/10 ) = \OML/cmm/m/i
t/10 a\/lmr/m/n/10 (\OML/cmm/m/it/10 t\/lmr/m/n/10 ) [][\OML/cmm/m/it/10 ![]t \
/lmr/m/n/10 + \OML/cmm/m/it/10 ^^L\/lmr/m/n/10 (\OML/cmm/m/it/10 t\/lmr/m/n/10 
)]\OML/cmm/m/it/10 ;  []\/lmr/m/n/10 (\OML/cmm/m/it/10 t\/lmr/m/n/10 ) = \OMS/c
msy/m/n/10 ^^@\OML/cmm/m/it/10 a\/lmr/m/n/10 (\OML/cmm/m/it/10 t\/lmr/m/n/10 )\
OML/cmm/m/it/10 ![] []\/lmr/m/n/10 [\OML/cmm/m/it/10 ![]t \/lmr/m/n/10 + \OML/c
mm/m/it/10 ^^L\/lmr/m/n/10 (\OML/cmm/m/it/10 t\/lmr/m/n/10 )]
 []

Missing character: There is no 附 ("9644) in font nullfont!
Missing character: There is no 加 ("52A0) in font nullfont!
Missing character: There is no 约 ("7EA6) in font nullfont!
Missing character: There is no 束 ("675F) in font nullfont!
Missing character: There is no （ ("FF08) in font nullfont!
Missing character: There is no 其 ("5176) in font nullfont!
Missing character: There is no 中 ("4E2D) in font nullfont!
Missing character: There is no ） ("FF09) in font nullfont!
Missing character: There is no ， ("FF0C) in font nullfont!
Missing character: There is no 将 ("5C06) in font nullfont!
Missing character: There is no 原 ("539F) in font nullfont!
Missing character: There is no 方 ("65B9) in font nullfont!
Missing character: There is no 程 ("7A0B) in font nullfont!
Missing character: There is no 化 ("5316) in font nullfont!
Missing character: There is no 为 ("4E3A) in font nullfont!
Missing character: There is no 振 ("632F) in font nullfont!
Missing character: There is no 幅 ("5E45) in font nullfont!
Missing character: There is no 和 ("548C) in font nullfont!
Missing character: There is no 相 ("76F8) in font nullfont!
Missing character: There is no 位 ("4F4D) in font nullfont!
Missing character: There is no 的 ("7684) in font nullfont!
Missing character: There is no 慢 ("6162) in font nullfont!
Missing character: There is no 变 ("53D8) in font nullfont!
Missing character: There is no 方 ("65B9) in font nullfont!
Missing character: There is no 程 ("7A0B) in font nullfont!
Missing character: There is no ： ("FF1A) in font nullfont!

Overfull \hbox (36.65854pt too wide) in paragraph at lines 498--500
 $[] [] \OML/cmm/m/it/10   \OMS/cmsy/m/n/10 ^^@
 []


Overfull \hbox (44.50917pt too wide) in paragraph at lines 498--500
\OML/cmm/m/it/10 a[] []   \/lmr/m/n/10 =
 []


Overfull \hbox (5.00002pt too wide) in paragraph at lines 498--500
\/lmr/m/n/10 0$
 []


Overfull \hbox (17.4282pt too wide) in paragraph at lines 498--500
\OML/cmm/m/it/10   \/lmr/m/n/10 =
 []


Overfull \hbox (22.09958pt too wide) in paragraph at lines 498--500
\OML/cmm/m/it/10 ![]t \/lmr/m/n/10 +
 []


Overfull \hbox (6.18402pt too wide) in paragraph at lines 498--500
\OML/cmm/m/it/10 ^^L$ 
 []


! LaTeX Error: Bad math environment delimiter.

See the LaTeX manual or LaTeX Companion for explanation.
Type  H <return>  for immediate help.
 ...                                              
                                                  
l.501 \[
        \begin{aligned}
Your command was ignored.
Type  I <command> <return>  to replace it with another command,
or  <return>  to continue without it.


! LaTeX Error: Environment aligned undefined.

See the LaTeX manual or LaTeX Companion for explanation.
Type  H <return>  for immediate help.
 ...                                              
                                                  
l.501 \[\begin{aligned}
                       
Your command was ignored.
Type  I <command> <return>  to replace it with another command,
or  <return>  to continue without it.

! Misplaced alignment tab character &.
l.502 \dot{a} &
               = -\frac{\varepsilon}{\omega_0} f(a\cos\psi, -a\omega_0\sin\p...
I can't figure out why you would want to use a tab mark
here. If you just want an ampersand, the remedy is
simple: Just type `I\&' now. But if some right brace
up above has ended a previous alignment prematurely,
you're probably due for more error messages, and you
might try typing `S' now just to see what is salvageable.

! Misplaced alignment tab character &.
l.503 \dot{\beta} &
                   = -\frac{\varepsilon}{a\omega_0} f(a\cos\psi, -a\omega_0\...
I can't figure out why you would want to use a tab mark
here. If you just want an ampersand, the remedy is
simple: Just type `I\&' now. But if some right brace
up above has ended a previous alignment prematurely,
you're probably due for more error messages, and you
might try typing `S' now just to see what is salvageable.


! LaTeX Error: \begin{document} ended by \end{aligned}.

See the LaTeX manual or LaTeX Companion for explanation.
Type  H <return>  for immediate help.
 ...                                              
                                                  
l.504 \end{aligned}
                   \]
Your command was ignored.
Type  I <command> <return>  to replace it with another command,
or  <return>  to continue without it.


Overfull \hbox (334.05544pt too wide) detected at line 504
[] \/lmr/m/n/10 = \OMS/cmsy/m/n/10 ^^@[]\OML/cmm/m/it/10 f\/lmr/m/n/10 (\OML/cm
m/m/it/10 a []  ; \OMS/cmsy/m/n/10 ^^@\OML/cmm/m/it/10 a![] []  ; t\/lmr/m/n/10
 ) [] \OML/cmm/m/it/10  [] [] \/lmr/m/n/10 = \OMS/cmsy/m/n/10 ^^@[]\OML/cmm/m/i
t/10 f\/lmr/m/n/10 (\OML/cmm/m/it/10 a []  ; \OMS/cmsy/m/n/10 ^^@\OML/cmm/m/it/
10 a![] []  ; t\/lmr/m/n/10 ) [] \OML/cmm/m/it/10  
 []


! LaTeX Error: Bad math environment delimiter.

See the LaTeX manual or LaTeX Companion for explanation.
Type  H <return>  for immediate help.
 ...                                              
                                                  
l.505 \]
        
Your command was ignored.
Type  I <command> <return>  to replace it with another command,
or  <return>  to continue without it.


! LaTeX Error: Environment myformula undefined.

See the LaTeX manual or LaTeX Companion for explanation.
Type  H <return>  for immediate help.
 ...                                              
                                                  
l.507 \begin{myformula}
                       
Your command was ignored.
Type  I <command> <return>  to replace it with another command,
or  <return>  to continue without it.

Missing character: There is no 平 ("5E73) in font nullfont!
Missing character: There is no 均 ("5747) in font nullfont!
Missing character: There is no 法 ("6CD5) in font nullfont!
Missing character: There is no 的 ("7684) in font nullfont!
Missing character: There is no 核 ("6838) in font nullfont!
Missing character: There is no 心 ("5FC3) in font nullfont!
Missing character: There is no — ("2014) in font nullfont!
Missing character: There is no — ("2014) in font nullfont!
Missing character: There is no 在 ("5728) in font nullfont!
Missing character: There is no 一 ("4E00) in font nullfont!
Missing character: There is no 周 ("5468) in font nullfont!
Missing character: There is no 期 ("671F) in font nullfont!
Missing character: There is no 内 ("5185) in font nullfont!
Missing character: There is no 对 ("5BF9) in font nullfont!
Missing character: There is no 右 ("53F3) in font nullfont!
Missing character: There is no 端 ("7AEF) in font nullfont!
Missing character: There is no 取 ("53D6) in font nullfont!
Missing character: There is no 平 ("5E73) in font nullfont!
Missing character: There is no 均 ("5747) in font nullfont!
Missing character: There is no ： ("FF1A) in font nullfont!

Overfull \hbox (20.0pt too wide) in paragraph at lines 508--509
[] 
 []


Overfull \hbox (202.87476pt too wide) detected at line 511
[] \/lmr/m/n/10 = \OMS/cmsy/m/n/10 ^^@[] [][] \OML/cmm/m/it/10 f\/lmr/m/n/10 (\
OML/cmm/m/it/10 a []  ; \OMS/cmsy/m/n/10 ^^@\OML/cmm/m/it/10 a![] []  \/lmr/m/n
/10 ) [] \OML/cmm/m/it/10   d 
 []


Overfull \hbox (210.16988pt too wide) detected at line 514
[] \/lmr/m/n/10 = \OMS/cmsy/m/n/10 ^^@[] [][] \OML/cmm/m/it/10 f\/lmr/m/n/10 (\
OML/cmm/m/it/10 a []  ; \OMS/cmsy/m/n/10 ^^@\OML/cmm/m/it/10 a![] []  \/lmr/m/n
/10 ) [] \OML/cmm/m/it/10   d 
 []

Missing character: There is no 平 ("5E73) in font nullfont!
Missing character: There is no 衡 ("8861) in font nullfont!
Missing character: There is no 点 ("70B9) in font nullfont!
Missing character: There is no 给 ("7ED9) in font nullfont!
Missing character: There is no 出 ("51FA) in font nullfont!
Missing character: There is no 稳 ("7A33) in font nullfont!
Missing character: There is no 态 ("6001) in font nullfont!
Missing character: There is no 振 ("632F) in font nullfont!
Missing character: There is no 幅 ("5E45) in font nullfont!
Missing character: There is no ， ("FF0C) in font nullfont!
Missing character: There is no 稳 ("7A33) in font nullfont!
Missing character: There is no 定 ("5B9A) in font nullfont!
Missing character: There is no 性 ("6027) in font nullfont!
Missing character: There is no 由 ("7531) in font nullfont!
Missing character: There is no J ("4A) in font nullfont!
Missing character: There is no a ("61) in font nullfont!
Missing character: There is no c ("63) in font nullfont!
Missing character: There is no o ("6F) in font nullfont!
Missing character: There is no b ("62) in font nullfont!
Missing character: There is no i ("69) in font nullfont!
Missing character: There is no 矩 ("77E9) in font nullfont!
Missing character: There is no 阵 ("9635) in font nullfont!
Missing character: There is no 特 ("7279) in font nullfont!
Missing character: There is no 征 ("5F81) in font nullfont!
Missing character: There is no 值 ("503C) in font nullfont!
Missing character: There is no 决 ("51B3) in font nullfont!
Missing character: There is no 定 ("5B9A) in font nullfont!
Missing character: There is no 。 ("3002) in font nullfont!

! LaTeX Error: \begin{document} ended by \end{myformula}.

See the LaTeX manual or LaTeX Companion for explanation.
Type  H <return>  for immediate help.
 ...                                              
                                                  
l.516 \end{myformula}
                     
Your command was ignored.
Type  I <command> <return>  to replace it with another command,
or  <return>  to continue without it.


Overfull \hbox (15.8414pt too wide) in paragraph at lines 514--517
 $[] \/lmr/m/n/10 =
 []


Overfull \hbox (5.00002pt too wide) in paragraph at lines 514--517
\/lmr/m/n/10 0$
 []

! Undefined control sequence.
l.518 \subsection
                 {谐波平衡法（Harmonic Balance Method）}
The control sequence at the end of the top line
of your error message was never \def'ed. If you have
misspelled it (e.g., `\hobx'), type `I' and the correct
spelling (e.g., `I\hbox'). Otherwise just continue,
and I'll forget about whatever was undefined.

Missing character: There is no 谐 ("8C10) in font nullfont!
Missing character: There is no 波 ("6CE2) in font nullfont!
Missing character: There is no 平 ("5E73) in font nullfont!
Missing character: There is no 衡 ("8861) in font nullfont!
Missing character: There is no 法 ("6CD5) in font nullfont!
Missing character: There is no （ ("FF08) in font nullfont!
Missing character: There is no H ("48) in font nullfont!
Missing character: There is no a ("61) in font nullfont!
Missing character: There is no r ("72) in font nullfont!
Missing character: There is no m ("6D) in font nullfont!
Missing character: There is no o ("6F) in font nullfont!
Missing character: There is no n ("6E) in font nullfont!
Missing character: There is no i ("69) in font nullfont!
Missing character: There is no c ("63) in font nullfont!
Missing character: There is no B ("42) in font nullfont!
Missing character: There is no a ("61) in font nullfont!
Missing character: There is no l ("6C) in font nullfont!
Missing character: There is no a ("61) in font nullfont!
Missing character: There is no n ("6E) in font nullfont!
Missing character: There is no c ("63) in font nullfont!
Missing character: There is no e ("65) in font nullfont!
Missing character: There is no M ("4D) in font nullfont!
Missing character: There is no e ("65) in font nullfont!
Missing character: There is no t ("74) in font nullfont!
Missing character: There is no h ("68) in font nullfont!
Missing character: There is no o ("6F) in font nullfont!
Missing character: There is no d ("64) in font nullfont!
Missing character: There is no ） ("FF09) in font nullfont!
Missing character: There is no 对 ("5BF9) in font nullfont!
Missing character: There is no 于 ("4E8E) in font nullfont!
Missing character: There is no 周 ("5468) in font nullfont!
Missing character: There is no 期 ("671F) in font nullfont!
Missing character: There is no 激 ("6FC0) in font nullfont!
Missing character: There is no 励 ("52B1) in font nullfont!
Missing character: There is no 下 ("4E0B) in font nullfont!
Missing character: There is no 的 ("7684) in font nullfont!
Missing character: There is no 非 ("975E) in font nullfont!
Missing character: There is no 线 ("7EBF) in font nullfont!
Missing character: There is no 性 ("6027) in font nullfont!
Missing character: There is no 系 ("7CFB) in font nullfont!
Missing character: There is no 统 ("7EDF) in font nullfont!
Missing character: There is no ： ("FF1A) in font nullfont!

Overfull \hbox (20.0pt too wide) in paragraph at lines 518--520
[]
 []


Overfull \hbox (91.18735pt too wide) detected at line 522
[] \/lmr/m/n/10 + \OML/cmm/m/it/10 f\/lmr/m/n/10 (\OML/cmm/m/it/10 x; []\/lmr/m
/n/10 ) = \OML/cmm/m/it/10 F [] !t
 []

Missing character: There is no 假 ("5047) in font nullfont!
Missing character: There is no 设 ("8BBE) in font nullfont!
Missing character: There is no 稳 ("7A33) in font nullfont!
Missing character: There is no 态 ("6001) in font nullfont!
Missing character: There is no 解 ("89E3) in font nullfont!
Missing character: There is no 可 ("53EF) in font nullfont!
Missing character: There is no 表 ("8868) in font nullfont!
Missing character: There is no 为 ("4E3A) in font nullfont!
Missing character: There is no 截 ("622A) in font nullfont!
Missing character: There is no 断 ("65AD) in font nullfont!
Missing character: There is no 的 ("7684) in font nullfont!
Missing character: There is no F ("46) in font nullfont!
Missing character: There is no o ("6F) in font nullfont!
Missing character: There is no u ("75) in font nullfont!
Missing character: There is no r ("72) in font nullfont!
Missing character: There is no i ("69) in font nullfont!
Missing character: There is no e ("65) in font nullfont!
Missing character: There is no r ("72) in font nullfont!
Missing character: There is no 级 ("7EA7) in font nullfont!
Missing character: There is no 数 ("6570) in font nullfont!
Missing character: There is no ： ("FF1A) in font nullfont!

Overfull \hbox (179.91325pt too wide) detected at line 526
\OML/cmm/m/it/10 x\/lmr/m/n/10 (\OML/cmm/m/it/10 t\/lmr/m/n/10 ) = \OML/cmm/m/i
t/10 a[] \/lmr/m/n/10 + [] []
 []

Missing character: There is no 代 ("4EE3) in font nullfont!
Missing character: There is no 入 ("5165) in font nullfont!
Missing character: There is no 原 ("539F) in font nullfont!
Missing character: There is no 方 ("65B9) in font nullfont!
Missing character: There is no 程 ("7A0B) in font nullfont!
Missing character: There is no 后 ("540E) in font nullfont!
Missing character: There is no ， ("FF0C) in font nullfont!
Missing character: There is no 令 ("4EE4) in font nullfont!
Missing character: There is no 各 ("5404) in font nullfont!
Missing character: There is no 谐 ("8C10) in font nullfont!
Missing character: There is no 波 ("6CE2) in font nullfont!
Missing character: There is no 分 ("5206) in font nullfont!
Missing character: There is no 量 ("91CF) in font nullfont!
Missing character: There is no 系 ("7CFB) in font nullfont!
Missing character: There is no 数 ("6570) in font nullfont!
Missing character: There is no 相 ("76F8) in font nullfont!
Missing character: There is no 等 ("7B49) in font nullfont!
Missing character: There is no ， ("FF0C) in font nullfont!
Missing character: There is no 得 ("5F97) in font nullfont!
Missing character: There is no 到 ("5230) in font nullfont!
Missing character: There is no 关 ("5173) in font nullfont!
Missing character: There is no 于 ("4E8E) in font nullfont!
Missing character: There is no 的 ("7684) in font nullfont!
Missing character: There is no 非 ("975E) in font nullfont!
Missing character: There is no 线 ("7EBF) in font nullfont!
Missing character: There is no 性 ("6027) in font nullfont!
Missing character: There is no 代 ("4EE3) in font nullfont!
Missing character: There is no 数 ("6570) in font nullfont!
Missing character: There is no 方 ("65B9) in font nullfont!
Missing character: There is no 程 ("7A0B) in font nullfont!
Missing character: There is no 组 ("7EC4) in font nullfont!
Missing character: There is no 。 ("3002) in font nullfont!

Overfull \hbox (34.90865pt too wide) in paragraph at lines 526--528
 $\OMS/cmsy/m/n/10 f\OML/cmm/m/it/10 a[]; b[]\OMS/cmsy/m/n/10 g$
 []


! LaTeX Error: Environment myformula undefined.

See the LaTeX manual or LaTeX Companion for explanation.
Type  H <return>  for immediate help.
 ...                                              
                                                  
l.529 \begin{myformula}
                       
Your command was ignored.
Type  I <command> <return>  to replace it with another command,
or  <return>  to continue without it.

Missing character: There is no 对 ("5BF9) in font nullfont!
Missing character: There is no D ("44) in font nullfont!
Missing character: There is no u ("75) in font nullfont!
Missing character: There is no f ("66) in font nullfont!
Missing character: There is no f ("66) in font nullfont!
Missing character: There is no i ("69) in font nullfont!
Missing character: There is no n ("6E) in font nullfont!
Missing character: There is no g ("67) in font nullfont!
Missing character: There is no 方 ("65B9) in font nullfont!
Missing character: There is no 程 ("7A0B) in font nullfont!
Missing character: There is no ， ("FF0C) in font nullfont!
Missing character: There is no 取 ("53D6) in font nullfont!
Missing character: There is no 单 ("5355) in font nullfont!
Missing character: There is no 谐 ("8C10) in font nullfont!
Missing character: There is no 波 ("6CE2) in font nullfont!
Missing character: There is no 近 ("8FD1) in font nullfont!
Missing character: There is no 似 ("4F3C) in font nullfont!
Missing character: There is no ， ("FF0C) in font nullfont!
Missing character: There is no 代 ("4EE3) in font nullfont!
Missing character: There is no 入 ("5165) in font nullfont!
Missing character: There is no 得 ("5F97) in font nullfont!
Missing character: There is no ： ("FF1A) in font nullfont!

Overfull \hbox (20.0pt too wide) in paragraph at lines 530--531
[]
 []


Overfull \hbox (13.49307pt too wide) in paragraph at lines 530--531
[] \/lmr/m/n/10 +
 []


Overfull \hbox (23.60594pt too wide) in paragraph at lines 530--531
\/lmr/m/n/10 2\OML/cmm/m/it/10 ^^P[] \/lmr/m/n/10 +
 []


Overfull \hbox (19.92711pt too wide) in paragraph at lines 530--531
\OML/cmm/m/it/10 ^^Kx \/lmr/m/n/10 +
 []


Overfull \hbox (26.94093pt too wide) in paragraph at lines 530--531
\OML/cmm/m/it/10 ^^Lx[] \/lmr/m/n/10 =
 []


Overfull \hbox (34.73604pt too wide) in paragraph at lines 530--531
\OML/cmm/m/it/10 F [] !t$
 []


Overfull \hbox (16.27078pt too wide) in paragraph at lines 530--531
\OML/cmm/m/it/10 x \/lmr/m/n/10 =
 []


Overfull \hbox (44.41667pt too wide) in paragraph at lines 530--531
\OML/cmm/m/it/10 A []\/lmr/m/n/10 (\OML/cmm/m/it/10 !t \OMS/cmsy/m/n/10 ^^@
 []


Overfull \hbox (9.84724pt too wide) in paragraph at lines 530--531
\OML/cmm/m/it/10 ^^^\/lmr/m/n/10 )$ 
 []


! LaTeX Error: Bad math environment delimiter.

See the LaTeX manual or LaTeX Companion for explanation.
Type  H <return>  for immediate help.
 ...                                              
                                                  
l.532 \[
        \begin{aligned}
Your command was ignored.
Type  I <command> <return>  to replace it with another command,
or  <return>  to continue without it.


! LaTeX Error: Environment aligned undefined.

See the LaTeX manual or LaTeX Companion for explanation.
Type  H <return>  for immediate help.
 ...                                              
                                                  
l.532 \[\begin{aligned}
                       
Your command was ignored.
Type  I <command> <return>  to replace it with another command,
or  <return>  to continue without it.

! Misplaced alignment tab character &.
l.533 ...- \phi) + \alpha A\cos(\omega t - \phi) &
                                                   \\
I can't figure out why you would want to use a tab mark
here. If you just want an ampersand, the remedy is
simple: Just type `I\&' now. But if some right brace
up above has ended a previous alignment prematurely,
you're probably due for more error messages, and you
might try typing `S' now just to see what is salvageable.

! Misplaced alignment tab character &.
l.534 + \beta A^{3}\cos^{3}(\omega t - \phi) &
                                              = F\cos\omega t
I can't figure out why you would want to use a tab mark
here. If you just want an ampersand, the remedy is
simple: Just type `I\&' now. But if some right brace
up above has ended a previous alignment prematurely,
you're probably due for more error messages, and you
might try typing `S' now just to see what is salvageable.


! LaTeX Error: \begin{document} ended by \end{aligned}.

See the LaTeX manual or LaTeX Companion for explanation.
Type  H <return>  for immediate help.
 ...                                              
                                                  
l.535 \end{aligned}
                   \]
Your command was ignored.
Type  I <command> <return>  to replace it with another command,
or  <return>  to continue without it.


Overfull \hbox (344.48097pt too wide) detected at line 535
\OMS/cmsy/m/n/10 ^^@\OML/cmm/m/it/10 ![]A []\/lmr/m/n/10 (\OML/cmm/m/it/10 !t \
OMS/cmsy/m/n/10 ^^@ \OML/cmm/m/it/10 ^^^\/lmr/m/n/10 ) \OMS/cmsy/m/n/10 ^^@ \/l
mr/m/n/10 2\OML/cmm/m/it/10 ^^P!A []\/lmr/m/n/10 (\OML/cmm/m/it/10 !t \OMS/cmsy
/m/n/10 ^^@ \OML/cmm/m/it/10 ^^^\/lmr/m/n/10 ) + \OML/cmm/m/it/10 ^^KA []\/lmr/
m/n/10 (\OML/cmm/m/it/10 !t \OMS/cmsy/m/n/10 ^^@ \OML/cmm/m/it/10 ^^^\/lmr/m/n/
10 )[]  + \OML/cmm/m/it/10 ^^LA[] [][]\/lmr/m/n/10 (\OML/cmm/m/it/10 !t \OMS/cm
sy/m/n/10 ^^@ \OML/cmm/m/it/10 ^^^\/lmr/m/n/10 ) = \OML/cmm/m/it/10 F [] !t
 []


! LaTeX Error: Bad math environment delimiter.

See the LaTeX manual or LaTeX Companion for explanation.
Type  H <return>  for immediate help.
 ...                                              
                                                  
l.536 \]
        
Your command was ignored.
Type  I <command> <return>  to replace it with another command,
or  <return>  to continue without it.

Missing character: There is no 利 ("5229) in font nullfont!
Missing character: There is no 用 ("7528) in font nullfont!
Missing character: There is no ， ("FF0C) in font nullfont!
Missing character: There is no 忽 ("5FFD) in font nullfont!
Missing character: There is no 略 ("7565) in font nullfont!
Missing character: There is no 三 ("4E09) in font nullfont!
Missing character: There is no 次 ("6B21) in font nullfont!
Missing character: There is no 谐 ("8C10) in font nullfont!
Missing character: There is no 波 ("6CE2) in font nullfont!
Missing character: There is no （ ("FF08) in font nullfont!
Missing character: There is no 谐 ("8C10) in font nullfont!
Missing character: There is no 波 ("6CE2) in font nullfont!
Missing character: There is no 平 ("5E73) in font nullfont!
Missing character: There is no 衡 ("8861) in font nullfont!
Missing character: There is no 的 ("7684) in font nullfont!
Missing character: There is no 截 ("622A) in font nullfont!
Missing character: There is no 断 ("65AD) in font nullfont!
Missing character: There is no ） ("FF09) in font nullfont!
Missing character: There is no ， ("FF0C) in font nullfont!
Missing character: There is no 令 ("4EE4) in font nullfont!
Missing character: There is no 基 ("57FA) in font nullfont!
Missing character: There is no 频 ("9891) in font nullfont!
Missing character: There is no 分 ("5206) in font nullfont!
Missing character: There is no 量 ("91CF) in font nullfont!
Missing character: There is no 相 ("76F8) in font nullfont!
Missing character: There is no 等 ("7B49) in font nullfont!
Missing character: There is no ： ("FF1A) in font nullfont!

Overfull \hbox (35.0694pt too wide) in paragraph at lines 535--538
 $[][] \OML/cmm/m/it/10 ^^R \/lmr/m/n/10 =
 []


Overfull \hbox (35.8583pt too wide) in paragraph at lines 535--538
[] [] \OML/cmm/m/it/10 ^^R \/lmr/m/n/10 +
 []


Overfull \hbox (33.08052pt too wide) in paragraph at lines 535--538
[] [] \/lmr/m/n/10 3\OML/cmm/m/it/10 ^^R$ 
 []


Overfull \hbox (265.81131pt too wide) detected at line 540
[] []\/lmr/m/n/10 (\OML/cmm/m/it/10 !t \OMS/cmsy/m/n/10 ^^@ \OML/cmm/m/it/10 ^^
^\/lmr/m/n/10 ) \OMS/cmsy/m/n/10 ^^@ \/lmr/m/n/10 2\OML/cmm/m/it/10 ^^P!A []\/l
mr/m/n/10 (\OML/cmm/m/it/10 !t \OMS/cmsy/m/n/10 ^^@ \OML/cmm/m/it/10 ^^^\/lmr/m
/n/10 ) = \OML/cmm/m/it/10 F [] !t
 []

Missing character: There is no 由 ("7531) in font nullfont!
Missing character: There is no 此 ("6B64) in font nullfont!
Missing character: There is no 得 ("5F97) in font nullfont!
Missing character: There is no 频 ("9891) in font nullfont!
Missing character: There is no 率 ("7387) in font nullfont!
Missing character: There is no - ("2D) in font nullfont!
Missing character: There is no 振 ("632F) in font nullfont!
Missing character: There is no 幅 ("5E45) in font nullfont!
Missing character: There is no 方 ("65B9) in font nullfont!
Missing character: There is no 程 ("7A0B) in font nullfont!
Missing character: There is no ： ("FF1A) in font nullfont!

Overfull \hbox (167.71422pt too wide) detected at line 544
[][] \/lmr/m/n/10 + (2\OML/cmm/m/it/10 ^^P!A\/lmr/m/n/10 )[] = \OML/cmm/m/it/10
 F[]
 []


! LaTeX Error: \begin{document} ended by \end{myformula}.

See the LaTeX manual or LaTeX Companion for explanation.
Type  H <return>  for immediate help.
 ...                                              
                                                  
l.545 \end{myformula}
                     
Your command was ignored.
Type  I <command> <return>  to replace it with another command,
or  <return>  to continue without it.

! Undefined control sequence.
l.547 \section
              {混沌振动简介}
The control sequence at the end of the top line
of your error message was never \def'ed. If you have
misspelled it (e.g., `\hobx'), type `I' and the correct
spelling (e.g., `I\hbox'). Otherwise just continue,
and I'll forget about whatever was undefined.

Missing character: There is no 混 ("6DF7) in font nullfont!
Missing character: There is no 沌 ("6C8C) in font nullfont!
Missing character: There is no 振 ("632F) in font nullfont!
Missing character: There is no 动 ("52A8) in font nullfont!
Missing character: There is no 简 ("7B80) in font nullfont!
Missing character: There is no 介 ("4ECB) in font nullfont!
! Undefined control sequence.
l.548 \subsection
                 {确定性混沌的特征}
The control sequence at the end of the top line
of your error message was never \def'ed. If you have
misspelled it (e.g., `\hobx'), type `I' and the correct
spelling (e.g., `I\hbox'). Otherwise just continue,
and I'll forget about whatever was undefined.

Missing character: There is no 确 ("786E) in font nullfont!
Missing character: There is no 定 ("5B9A) in font nullfont!
Missing character: There is no 性 ("6027) in font nullfont!
Missing character: There is no 混 ("6DF7) in font nullfont!
Missing character: There is no 沌 ("6C8C) in font nullfont!
Missing character: There is no 的 ("7684) in font nullfont!
Missing character: There is no 特 ("7279) in font nullfont!
Missing character: There is no 征 ("5F81) in font nullfont!
Missing character: There is no 混 ("6DF7) in font nullfont!
Missing character: There is no 沌 ("6C8C) in font nullfont!
Missing character: There is no （ ("FF08) in font nullfont!
Missing character: There is no c ("63) in font nullfont!
Missing character: There is no h ("68) in font nullfont!
Missing character: There is no a ("61) in font nullfont!
Missing character: There is no o ("6F) in font nullfont!
Missing character: There is no s ("73) in font nullfont!
Missing character: There is no ） ("FF09) in font nullfont!
Missing character: There is no 是 ("662F) in font nullfont!
Missing character: There is no 确 ("786E) in font nullfont!
Missing character: There is no 定 ("5B9A) in font nullfont!
Missing character: There is no 性 ("6027) in font nullfont!
Missing character: There is no 非 ("975E) in font nullfont!
Missing character: There is no 线 ("7EBF) in font nullfont!
Missing character: There is no 性 ("6027) in font nullfont!
Missing character: There is no 动 ("52A8) in font nullfont!
Missing character: There is no 力 ("529B) in font nullfont!
Missing character: There is no 系 ("7CFB) in font nullfont!
Missing character: There is no 统 ("7EDF) in font nullfont!
Missing character: There is no 表 ("8868) in font nullfont!
Missing character: There is no 现 ("73B0) in font nullfont!
Missing character: There is no 出 ("51FA) in font nullfont!
Missing character: There is no 的 ("7684) in font nullfont!
Missing character: There is no 对 ("5BF9) in font nullfont!
Missing character: There is no 初 ("521D) in font nullfont!
Missing character: There is no 值 ("503C) in font nullfont!
Missing character: There is no 极 ("6781) in font nullfont!
Missing character: There is no 端 ("7AEF) in font nullfont!
Missing character: There is no 敏 ("654F) in font nullfont!
Missing character: There is no 感 ("611F) in font nullfont!
Missing character: There is no 的 ("7684) in font nullfont!
Missing character: There is no 长 ("957F) in font nullfont!
Missing character: There is no 期 ("671F) in font nullfont!
Missing character: There is no 不 ("4E0D) in font nullfont!
Missing character: There is no 可 ("53EF) in font nullfont!
Missing character: There is no 预 ("9884) in font nullfont!
Missing character: There is no 测 ("6D4B) in font nullfont!
Missing character: There is no 行 ("884C) in font nullfont!
Missing character: There is no 为 ("4E3A) in font nullfont!
Missing character: There is no ： ("FF1A) in font nullfont!

Overfull \hbox (20.0pt too wide) in paragraph at lines 547--550
[]
 []

Missing character: There is no 对 (U+5BF9) in font [lmroman10-bold]:mapping=tex-
text;!
Missing character: There is no 初 (U+521D) in font [lmroman10-bold]:mapping=tex-
text;!
Missing character: There is no 值 (U+503C) in font [lmroman10-bold]:mapping=tex-
text;!
Missing character: There is no 的 (U+7684) in font [lmroman10-bold]:mapping=tex-
text;!
Missing character: There is no 敏 (U+654F) in font [lmroman10-bold]:mapping=tex-
text;!
Missing character: There is no 感 (U+611F) in font [lmroman10-bold]:mapping=tex-
text;!
Missing character: There is no 依 (U+4F9D) in font [lmroman10-bold]:mapping=tex-
text;!
Missing character: There is no 赖 (U+8D56) in font [lmroman10-bold]:mapping=tex-
text;!
Missing character: There is no ： ("FF1A) in font nullfont!
Missing character: There is no 相 ("76F8) in font nullfont!
Missing character: There is no 邻 ("90BB) in font nullfont!
Missing character: There is no 轨 ("8F68) in font nullfont!
Missing character: There is no 线 ("7EBF) in font nullfont!
Missing character: There is no 以 ("4EE5) in font nullfont!
Missing character: There is no 指 ("6307) in font nullfont!
Missing character: There is no 数 ("6570) in font nullfont!
Missing character: There is no 速 ("901F) in font nullfont!
Missing character: There is no 率 ("7387) in font nullfont!
Missing character: There is no 分 ("5206) in font nullfont!
Missing character: There is no 离 ("79BB) in font nullfont!

Overfull \hbox (22.4pt too wide) in paragraph at lines 551--552
\TU/lmr/bx/n/10 对初值的敏感依赖 
 []

Missing character: There is no 拓 (U+62D3) in font [lmroman10-bold]:mapping=tex-
text;!
Missing character: There is no 扑 (U+6251) in font [lmroman10-bold]:mapping=tex-
text;!
Missing character: There is no 传 (U+4F20) in font [lmroman10-bold]:mapping=tex-
text;!
Missing character: There is no 递 (U+9012) in font [lmroman10-bold]:mapping=tex-
text;!
Missing character: There is no 性 (U+6027) in font [lmroman10-bold]:mapping=tex-
text;!
Missing character: There is no ： ("FF1A) in font nullfont!
Missing character: There is no 系 ("7CFB) in font nullfont!
Missing character: There is no 统 ("7EDF) in font nullfont!
Missing character: There is no 在 ("5728) in font nullfont!
Missing character: There is no 相 ("76F8) in font nullfont!
Missing character: There is no 空 ("7A7A) in font nullfont!
Missing character: There is no 间 ("95F4) in font nullfont!
Missing character: There is no 有 ("6709) in font nullfont!
Missing character: There is no 限 ("9650) in font nullfont!
Missing character: There is no 区 ("533A) in font nullfont!
Missing character: There is no 域 ("57DF) in font nullfont!
Missing character: There is no 内 ("5185) in font nullfont!
Missing character: There is no 的 ("7684) in font nullfont!
Missing character: There is no 任 ("4EFB) in font nullfont!
Missing character: There is no 意 ("610F) in font nullfont!
Missing character: There is no 邻 ("90BB) in font nullfont!
Missing character: There is no 域 ("57DF) in font nullfont!
Missing character: There is no 随 ("968F) in font nullfont!
Missing character: There is no 时 ("65F6) in font nullfont!
Missing character: There is no 间 ("95F4) in font nullfont!
Missing character: There is no 演 ("6F14) in font nullfont!
Missing character: There is no 化 ("5316) in font nullfont!
Missing character: There is no 均 ("5747) in font nullfont!
Missing character: There is no 稠 ("7A20) in font nullfont!
Missing character: There is no 密 ("5BC6) in font nullfont!
Missing character: There is no 覆 ("8986) in font nullfont!
Missing character: There is no 盖 ("76D6) in font nullfont!
Missing character: There is no 该 ("8BE5) in font nullfont!
Missing character: There is no 区 ("533A) in font nullfont!
Missing character: There is no 域 ("57DF) in font nullfont!

Overfull \hbox (14.0pt too wide) in paragraph at lines 552--553
\TU/lmr/bx/n/10 拓扑传递性 
 []

Missing character: There is no 稠 (U+7A20) in font [lmroman10-bold]:mapping=tex-
text;!
Missing character: There is no 密 (U+5BC6) in font [lmroman10-bold]:mapping=tex-
text;!
Missing character: There is no 的 (U+7684) in font [lmroman10-bold]:mapping=tex-
text;!
Missing character: There is no 周 (U+5468) in font [lmroman10-bold]:mapping=tex-
text;!
Missing character: There is no 期 (U+671F) in font [lmroman10-bold]:mapping=tex-
text;!
Missing character: There is no 轨 (U+8F68) in font [lmroman10-bold]:mapping=tex-
text;!
Missing character: There is no 线 (U+7EBF) in font [lmroman10-bold]:mapping=tex-
text;!
Missing character: There is no ： ("FF1A) in font nullfont!
Missing character: There is no 任 ("4EFB) in font nullfont!
Missing character: There is no 意 ("610F) in font nullfont!
Missing character: There is no 混 ("6DF7) in font nullfont!
Missing character: There is no 沌 ("6C8C) in font nullfont!
Missing character: There is no 轨 ("8F68) in font nullfont!
Missing character: There is no 线 ("7EBF) in font nullfont!
Missing character: There is no 的 ("7684) in font nullfont!
Missing character: There is no 邻 ("90BB) in font nullfont!
Missing character: There is no 域 ("57DF) in font nullfont!
Missing character: There is no 内 ("5185) in font nullfont!
Missing character: There is no 存 ("5B58) in font nullfont!
Missing character: There is no 在 ("5728) in font nullfont!
Missing character: There is no 无 ("65E0) in font nullfont!
Missing character: There is no 穷 ("7A77) in font nullfont!
Missing character: There is no 多 ("591A) in font nullfont!
Missing character: There is no 不 ("4E0D) in font nullfont!
Missing character: There is no 稳 ("7A33) in font nullfont!
Missing character: There is no 定 ("5B9A) in font nullfont!
Missing character: There is no 周 ("5468) in font nullfont!
Missing character: There is no 期 ("671F) in font nullfont!
Missing character: There is no 轨 ("8F68) in font nullfont!
Missing character: There is no 线 ("7EBF) in font nullfont!

Overfull \hbox (19.6pt too wide) in paragraph at lines 553--554
\TU/lmr/bx/n/10 稠密的周期轨线 
 []


! LaTeX Error: Environment definition undefined.

See the LaTeX manual or LaTeX Companion for explanation.
Type  H <return>  for immediate help.
 ...                                              
                                                  
l.556 \begin{definition}
                        [Lyapunov 指数]
Your command was ignored.
Type  I <command> <return>  to replace it with another command,
or  <return>  to continue without it.

Missing character: There is no [ ("5B) in font nullfont!
Missing character: There is no L ("4C) in font nullfont!
Missing character: There is no y ("79) in font nullfont!
Missing character: There is no a ("61) in font nullfont!
Missing character: There is no p ("70) in font nullfont!
Missing character: There is no u ("75) in font nullfont!
Missing character: There is no n ("6E) in font nullfont!
Missing character: There is no o ("6F) in font nullfont!
Missing character: There is no v ("76) in font nullfont!
Missing character: There is no 指 ("6307) in font nullfont!
Missing character: There is no 数 ("6570) in font nullfont!
Missing character: There is no ] ("5D) in font nullfont!
Missing character: There is no 设 ("8BBE) in font nullfont!
Missing character: There is no 系 ("7CFB) in font nullfont!
Missing character: There is no 统 ("7EDF) in font nullfont!
Missing character: There is no 的 ("7684) in font nullfont!
Missing character: There is no 两 ("4E24) in font nullfont!
Missing character: There is no 条 ("6761) in font nullfont!
Missing character: There is no 相 ("76F8) in font nullfont!
Missing character: There is no 邻 ("90BB) in font nullfont!
Missing character: There is no 轨 ("8F68) in font nullfont!
Missing character: There is no 线 ("7EBF) in font nullfont!
Missing character: There is no 初 ("521D) in font nullfont!
Missing character: There is no 始 ("59CB) in font nullfont!
Missing character: There is no 距 ("8DDD) in font nullfont!
Missing character: There is no 离 ("79BB) in font nullfont!
Missing character: There is no 为 ("4E3A) in font nullfont!
Missing character: There is no ， ("FF0C) in font nullfont!
Missing character: There is no 演 ("6F14) in font nullfont!
Missing character: There is no 化 ("5316) in font nullfont!
Missing character: There is no 后 ("540E) in font nullfont!
Missing character: There is no 为 ("4E3A) in font nullfont!
Missing character: There is no ， ("FF0C) in font nullfont!
Missing character: There is no 定 ("5B9A) in font nullfont!
Missing character: There is no 义 ("4E49) in font nullfont!
Missing character: There is no ： ("FF1A) in font nullfont!

Overfull \hbox (20.0pt too wide) in paragraph at lines 556--558
[]
 []


Overfull \hbox (16.62492pt too wide) in paragraph at lines 556--558
[] \/lmr/m/n/10 =
 []


Overfull \hbox (21.08328pt too wide) in paragraph at lines 556--558
\OT1/cmr/bx/n/10 F\/lmr/m/n/10 (\OT1/cmr/bx/n/10 x\/lmr/m/n/10 )$
 []


Overfull \hbox (15.37845pt too wide) in paragraph at lines 556--558
\OML/cmm/m/it/10 ^^N\OT1/cmr/bx/n/10 x[]$
 []


Overfull \hbox (22.28123pt too wide) in paragraph at lines 556--558
\OML/cmm/m/it/10 ^^N\OT1/cmr/bx/n/10 x\/lmr/m/n/10 (\OML/cmm/m/it/10 t\/lmr/m/n
/10 )$ 
 []


Overfull \hbox (127.93642pt too wide) detected at line 560
\OML/cmm/m/it/10 ^^U \/lmr/m/n/10 = [] [] [] [] []
 []

Missing character: There is no ： ("FF1A) in font nullfont!
Missing character: There is no 轨 ("8F68) in font nullfont!
Missing character: There is no 线 ("7EBF) in font nullfont!
Missing character: There is no 收 ("6536) in font nullfont!
Missing character: There is no 敛 ("655B) in font nullfont!
Missing character: There is no （ ("FF08) in font nullfont!
Missing character: There is no 规 ("89C4) in font nullfont!
Missing character: There is no 则 ("5219) in font nullfont!
Missing character: There is no 运 ("8FD0) in font nullfont!
Missing character: There is no 动 ("52A8) in font nullfont!
Missing character: There is no ） ("FF09) in font nullfont!

Overfull \hbox (16.38887pt too wide) in paragraph at lines 562--563
\OML/cmm/m/it/10 ^^U <
 []


Overfull \hbox (5.00002pt too wide) in paragraph at lines 562--563
\/lmr/m/n/10 0$ 
 []

Missing character: There is no ： ("FF1A) in font nullfont!
Missing character: There is no 中 ("4E2D) in font nullfont!
Missing character: There is no 性 ("6027) in font nullfont!
Missing character: There is no 稳 ("7A33) in font nullfont!
Missing character: There is no 定 ("5B9A) in font nullfont!
Missing character: There is no （ ("FF08) in font nullfont!
Missing character: There is no 周 ("5468) in font nullfont!
Missing character: There is no 期 ("671F) in font nullfont!
Missing character: There is no 或 ("6216) in font nullfont!
Missing character: There is no 准 ("51C6) in font nullfont!
Missing character: There is no 周 ("5468) in font nullfont!
Missing character: There is no 期 ("671F) in font nullfont!
Missing character: There is no 运 ("8FD0) in font nullfont!
Missing character: There is no 动 ("52A8) in font nullfont!
Missing character: There is no ） ("FF09) in font nullfont!

Overfull \hbox (16.38887pt too wide) in paragraph at lines 563--564
\OML/cmm/m/it/10 ^^U \/lmr/m/n/10 =
 []


Overfull \hbox (5.00002pt too wide) in paragraph at lines 563--564
\/lmr/m/n/10 0$ 
 []

Missing character: There is no ： ("FF1A) in font nullfont!
Missing character: There is no 轨 ("8F68) in font nullfont!
Missing character: There is no 线 ("7EBF) in font nullfont!
Missing character: There is no 指 ("6307) in font nullfont!
Missing character: There is no 数 ("6570) in font nullfont!
Missing character: There is no 分 ("5206) in font nullfont!
Missing character: There is no 离 ("79BB) in font nullfont!
Missing character: There is no （ ("FF08) in font nullfont!
Missing character: There is no 混 ("6DF7) in font nullfont!
Missing character: There is no 沌 ("6C8C) in font nullfont!
Missing character: There is no 的 ("7684) in font nullfont!
Missing character: There is no 基 ("57FA) in font nullfont!
Missing character: There is no 本 ("672C) in font nullfont!
Missing character: There is no 判 ("5224) in font nullfont!
Missing character: There is no 据 ("636E) in font nullfont!
Missing character: There is no ） ("FF09) in font nullfont!

Overfull \hbox (16.38887pt too wide) in paragraph at lines 564--565
\OML/cmm/m/it/10 ^^U >
 []


Overfull \hbox (5.00002pt too wide) in paragraph at lines 564--565
\/lmr/m/n/10 0$ 
 []

Missing character: There is no 维 ("7EF4) in font nullfont!
Missing character: There is no 系 ("7CFB) in font nullfont!
Missing character: There is no 统 ("7EDF) in font nullfont!
Missing character: There is no 存 ("5B58) in font nullfont!
Missing character: There is no 在 ("5728) in font nullfont!
Missing character: There is no 个 ("4E2A) in font nullfont!
Missing character: There is no L ("4C) in font nullfont!
Missing character: There is no y ("79) in font nullfont!
Missing character: There is no a ("61) in font nullfont!
Missing character: There is no p ("70) in font nullfont!
Missing character: There is no u ("75) in font nullfont!
Missing character: There is no n ("6E) in font nullfont!
Missing character: There is no o ("6F) in font nullfont!
Missing character: There is no v ("76) in font nullfont!
Missing character: There is no 指 ("6307) in font nullfont!
Missing character: There is no 数 ("6570) in font nullfont!
Missing character: There is no （ ("FF08) in font nullfont!
Missing character: There is no L ("4C) in font nullfont!
Missing character: There is no y ("79) in font nullfont!
Missing character: There is no a ("61) in font nullfont!
Missing character: There is no p ("70) in font nullfont!
Missing character: There is no u ("75) in font nullfont!
Missing character: There is no n ("6E) in font nullfont!
Missing character: There is no o ("6F) in font nullfont!
Missing character: There is no v ("76) in font nullfont!
Missing character: There is no 谱 ("8C31) in font nullfont!
Missing character: There is no ） ("FF09) in font nullfont!
Missing character: There is no ， ("FF0C) in font nullfont!
Missing character: There is no 最 ("6700) in font nullfont!
Missing character: There is no 大 ("5927) in font nullfont!
Missing character: There is no L ("4C) in font nullfont!
Missing character: There is no y ("79) in font nullfont!
Missing character: There is no a ("61) in font nullfont!
Missing character: There is no p ("70) in font nullfont!
Missing character: There is no u ("75) in font nullfont!
Missing character: There is no n ("6E) in font nullfont!
Missing character: There is no o ("6F) in font nullfont!
Missing character: There is no v ("76) in font nullfont!
Missing character: There is no 指 ("6307) in font nullfont!
Missing character: There is no 数 ("6570) in font nullfont!
Missing character: There is no 决 ("51B3) in font nullfont!
Missing character: There is no 定 ("5B9A) in font nullfont!
Missing character: There is no 混 ("6DF7) in font nullfont!
Missing character: There is no 沌 ("6C8C) in font nullfont!
Missing character: There is no 存 ("5B58) in font nullfont!
Missing character: There is no 在 ("5728) in font nullfont!
Missing character: There is no 性 ("6027) in font nullfont!
Missing character: There is no 。 ("3002) in font nullfont!

! LaTeX Error: \begin{document} ended by \end{definition}.

See the LaTeX manual or LaTeX Companion for explanation.
Type  H <return>  for immediate help.
 ...                                              
                                                  
l.567 \end{definition}
                      
Your command was ignored.
Type  I <command> <return>  to replace it with another command,
or  <return>  to continue without it.


Overfull \hbox (6.00235pt too wide) in paragraph at lines 566--568
$\OML/cmm/m/it/10 n$
 []


Overfull \hbox (6.00235pt too wide) in paragraph at lines 566--568
\OML/cmm/m/it/10 n$
 []


Overfull \hbox (10.31949pt too wide) in paragraph at lines 566--568
\OML/cmm/m/it/10 ^^U[]$
 []

! Undefined control sequence.
l.569 \subsection
                 {Duffing 方程的混沌}
The control sequence at the end of the top line
of your error message was never \def'ed. If you have
misspelled it (e.g., `\hobx'), type `I' and the correct
spelling (e.g., `I\hbox'). Otherwise just continue,
and I'll forget about whatever was undefined.

Missing character: There is no D ("44) in font nullfont!
Missing character: There is no u ("75) in font nullfont!
Missing character: There is no f ("66) in font nullfont!
Missing character: There is no f ("66) in font nullfont!
Missing character: There is no i ("69) in font nullfont!
Missing character: There is no n ("6E) in font nullfont!
Missing character: There is no g ("67) in font nullfont!
Missing character: There is no 方 ("65B9) in font nullfont!
Missing character: There is no 程 ("7A0B) in font nullfont!
Missing character: There is no 的 ("7684) in font nullfont!
Missing character: There is no 混 ("6DF7) in font nullfont!
Missing character: There is no 沌 ("6C8C) in font nullfont!
Missing character: There is no 受 ("53D7) in font nullfont!
Missing character: There is no 迫 ("8FEB) in font nullfont!
Missing character: There is no D ("44) in font nullfont!
Missing character: There is no u ("75) in font nullfont!
Missing character: There is no f ("66) in font nullfont!
Missing character: There is no f ("66) in font nullfont!
Missing character: There is no i ("69) in font nullfont!
Missing character: There is no n ("6E) in font nullfont!
Missing character: There is no g ("67) in font nullfont!
Missing character: There is no 方 ("65B9) in font nullfont!
Missing character: There is no 程 ("7A0B) in font nullfont!
Missing character: There is no 在 ("5728) in font nullfont!
Missing character: There is no 特 ("7279) in font nullfont!
Missing character: There is no 定 ("5B9A) in font nullfont!
Missing character: There is no 参 ("53C2) in font nullfont!
Missing character: There is no 数 ("6570) in font nullfont!
Missing character: There is no 范 ("8303) in font nullfont!
Missing character: There is no 围 ("56F4) in font nullfont!
Missing character: There is no 内 ("5185) in font nullfont!
Missing character: There is no 呈 ("5448) in font nullfont!
Missing character: There is no 现 ("73B0) in font nullfont!
Missing character: There is no 混 ("6DF7) in font nullfont!
Missing character: There is no 沌 ("6C8C) in font nullfont!
Missing character: There is no 运 ("8FD0) in font nullfont!
Missing character: There is no 动 ("52A8) in font nullfont!
Missing character: There is no 。 ("3002) in font nullfont!
Missing character: There is no 以 ("4EE5) in font nullfont!
Missing character: There is no , ("2C) in font nullfont!
Missing character: There is no （ ("FF08) in font nullfont!
Missing character: There is no 双 ("53CC) in font nullfont!
Missing character: There is no 势 ("52BF) in font nullfont!
Missing character: There is no 阱 ("9631) in font nullfont!
Missing character: There is no 型 ("578B) in font nullfont!
Missing character: There is no ） ("FF09) in font nullfont!
Missing character: There is no 为 ("4E3A) in font nullfont!
Missing character: There is no 例 ("4F8B) in font nullfont!
Missing character: There is no ， ("FF0C) in font nullfont!
Missing character: There is no 系 ("7CFB) in font nullfont!
Missing character: There is no 统 ("7EDF) in font nullfont!
Missing character: There is no 具 ("5177) in font nullfont!
Missing character: There is no 有 ("6709) in font nullfont!
Missing character: There is no 两 ("4E24) in font nullfont!
Missing character: There is no 个 ("4E2A) in font nullfont!
Missing character: There is no 稳 ("7A33) in font nullfont!
Missing character: There is no 定 ("5B9A) in font nullfont!
Missing character: There is no 的 ("7684) in font nullfont!
Missing character: There is no 平 ("5E73) in font nullfont!
Missing character: There is no 衡 ("8861) in font nullfont!
Missing character: There is no 点 ("70B9) in font nullfont!
Missing character: There is no 和 ("548C) in font nullfont!
Missing character: There is no 一 ("4E00) in font nullfont!
Missing character: There is no 个 ("4E2A) in font nullfont!
Missing character: There is no 鞍 ("978D) in font nullfont!
Missing character: There is no 点 ("70B9) in font nullfont!
Missing character: There is no 。 ("3002) in font nullfont!

Overfull \hbox (20.0pt too wide) in paragraph at lines 569--571
[]
 []


Overfull \hbox (13.49307pt too wide) in paragraph at lines 569--571
[] \/lmr/m/n/10 +
 []


Overfull \hbox (18.31598pt too wide) in paragraph at lines 569--571
\OML/cmm/m/it/10 ^^N[] \/lmr/m/n/10 +
 []


Overfull \hbox (19.92711pt too wide) in paragraph at lines 569--571
\OML/cmm/m/it/10 ^^Kx \/lmr/m/n/10 +
 []


Overfull \hbox (26.94093pt too wide) in paragraph at lines 569--571
\OML/cmm/m/it/10 ^^Lx[] \/lmr/m/n/10 =
 []


Overfull \hbox (32.64943pt too wide) in paragraph at lines 569--571
\OML/cmm/m/it/10 ^^M [] !t$
 []


Overfull \hbox (16.98955pt too wide) in paragraph at lines 569--571
\OML/cmm/m/it/10 ^^K \/lmr/m/n/10 =
 []


Overfull \hbox (12.77782pt too wide) in paragraph at lines 569--571
\OMS/cmsy/m/n/10 ^^@\/lmr/m/n/10 1$
 []


Overfull \hbox (16.73953pt too wide) in paragraph at lines 569--571
\OML/cmm/m/it/10 ^^L \/lmr/m/n/10 =
 []


Overfull \hbox (5.00002pt too wide) in paragraph at lines 569--571
\/lmr/m/n/10 1$
 []


Overfull \hbox (16.27078pt too wide) in paragraph at lines 569--571
\OML/cmm/m/it/10 x \/lmr/m/n/10 =
 []


Overfull \hbox (12.77782pt too wide) in paragraph at lines 569--571
\OMS/cmsy/m/n/10 ^^F\/lmr/m/n/10 1$
 []


Overfull \hbox (16.27078pt too wide) in paragraph at lines 569--571
\OML/cmm/m/it/10 x \/lmr/m/n/10 =
 []


Overfull \hbox (5.00002pt too wide) in paragraph at lines 569--571
\/lmr/m/n/10 0$ 
 []

Missing character: There is no 为 ("4E3A) in font nullfont!
Missing character: There is no 探 ("63A2) in font nullfont!
Missing character: There is no 测 ("6D4B) in font nullfont!
Missing character: There is no 混 ("6DF7) in font nullfont!
Missing character: There is no 沌 ("6C8C) in font nullfont!
Missing character: There is no ， ("FF0C) in font nullfont!
Missing character: There is no 常 ("5E38) in font nullfont!
Missing character: There is no 用 ("7528) in font nullfont!
Missing character: There is no 本 ("672C) in font nullfont!
Missing character: There is no 参 ("53C2) in font nullfont!
Missing character: There is no 数 ("6570) in font nullfont!
Missing character: There is no 范 ("8303) in font nullfont!
Missing character: There is no 围 ("56F4) in font nullfont!
Missing character: There is no 的 ("7684) in font nullfont!
Missing character: There is no 典 ("5178) in font nullfont!
Missing character: There is no 型 ("578B) in font nullfont!
Missing character: There is no 值 ("503C) in font nullfont!
Missing character: There is no ： ("FF1A) in font nullfont!

Overfull \hbox (20.0pt too wide) in paragraph at lines 572--573
[] 
 []

Missing character: There is no 阻 ("963B) in font nullfont!
Missing character: There is no 尼 ("5C3C) in font nullfont!
Missing character: There is no 参 ("53C2) in font nullfont!
Missing character: There is no 数 ("6570) in font nullfont!

Overfull \hbox (15.37842pt too wide) in paragraph at lines 574--575
\OML/cmm/m/it/10 ^^N \/lmr/m/n/10 =
 []


Overfull \hbox (23.33333pt too wide) in paragraph at lines 574--575
\/lmr/m/n/10 0\OML/cmm/m/it/10 :\/lmr/m/n/10 1 \OMS/cmsy/m/n/10 ^^X
 []


Overfull \hbox (12.77782pt too wide) in paragraph at lines 574--575
\/lmr/m/n/10 0\OML/cmm/m/it/10 :\/lmr/m/n/10 3$ 
 []

Missing character: There is no 激 ("6FC0) in font nullfont!
Missing character: There is no 励 ("52B1) in font nullfont!
Missing character: There is no 幅 ("5E45) in font nullfont!
Missing character: There is no 值 ("503C) in font nullfont!

Overfull \hbox (16.28836pt too wide) in paragraph at lines 575--576
\OML/cmm/m/it/10 ^^M \/lmr/m/n/10 =
 []


Overfull \hbox (23.33333pt too wide) in paragraph at lines 575--576
\/lmr/m/n/10 0\OML/cmm/m/it/10 :\/lmr/m/n/10 2 \OMS/cmsy/m/n/10 ^^X
 []


Overfull \hbox (12.77782pt too wide) in paragraph at lines 575--576
\/lmr/m/n/10 0\OML/cmm/m/it/10 :\/lmr/m/n/10 8$ 
 []

Missing character: There is no 频 ("9891) in font nullfont!
Missing character: There is no 率 ("7387) in font nullfont!

Overfull \hbox (17.13882pt too wide) in paragraph at lines 576--577
\OML/cmm/m/it/10 ! \/lmr/m/n/10 =
 []


Overfull \hbox (23.33333pt too wide) in paragraph at lines 576--577
\/lmr/m/n/10 0\OML/cmm/m/it/10 :\/lmr/m/n/10 8 \OMS/cmsy/m/n/10 ^^X
 []


Overfull \hbox (12.77782pt too wide) in paragraph at lines 576--577
\/lmr/m/n/10 1\OML/cmm/m/it/10 :\/lmr/m/n/10 5$ 
 []

! Undefined control sequence.
l.579 \subsection
                 {Poincar\'e 截面与分岔}
The control sequence at the end of the top line
of your error message was never \def'ed. If you have
misspelled it (e.g., `\hobx'), type `I' and the correct
spelling (e.g., `I\hbox'). Otherwise just continue,
and I'll forget about whatever was undefined.

Missing character: There is no P ("50) in font nullfont!
Missing character: There is no o ("6F) in font nullfont!
Missing character: There is no i ("69) in font nullfont!
Missing character: There is no n ("6E) in font nullfont!
Missing character: There is no c ("63) in font nullfont!
Missing character: There is no a ("61) in font nullfont!
Missing character: There is no r ("72) in font nullfont!
Missing character: There is no 截 ("622A) in font nullfont!
Missing character: There is no 面 ("9762) in font nullfont!
Missing character: There is no 与 ("4E0E) in font nullfont!
Missing character: There is no 分 ("5206) in font nullfont!
Missing character: There is no 岔 ("5C94) in font nullfont!
Missing character: There is no P ("50) in font nullfont!
Missing character: There is no o ("6F) in font nullfont!
Missing character: There is no i ("69) in font nullfont!
Missing character: There is no n ("6E) in font nullfont!
Missing character: There is no c ("63) in font nullfont!
Missing character: There is no a ("61) in font nullfont!
Missing character: There is no r ("72) in font nullfont!
Missing character: There is no 截 ("622A) in font nullfont!
Missing character: There is no 面 ("9762) in font nullfont!
Missing character: There is no 法 ("6CD5) in font nullfont!
Missing character: There is no ： ("FF1A) in font nullfont!
Missing character: There is no 受 ("53D7) in font nullfont!
Missing character: There is no 迫 ("8FEB) in font nullfont!
Missing character: There is no 周 ("5468) in font nullfont!
Missing character: There is no 期 ("671F) in font nullfont!
Missing character: There is no 系 ("7CFB) in font nullfont!
Missing character: There is no 统 ("7EDF) in font nullfont!
Missing character: There is no 的 ("7684) in font nullfont!
Missing character: There is no 周 ("5468) in font nullfont!
Missing character: There is no 期 ("671F) in font nullfont!
Missing character: There is no 为 ("4E3A) in font nullfont!
Missing character: There is no ， ("FF0C) in font nullfont!
Missing character: There is no 每 ("6BCF) in font nullfont!
Missing character: There is no 周 ("5468) in font nullfont!
Missing character: There is no 期 ("671F) in font nullfont!
Missing character: There is no 采 ("91C7) in font nullfont!
Missing character: There is no 样 ("6837) in font nullfont!
Missing character: There is no 一 ("4E00) in font nullfont!
Missing character: There is no 次 ("6B21) in font nullfont!
Missing character: There is no （ ("FF08) in font nullfont!
Missing character: There is no 频 ("9891) in font nullfont!
Missing character: There is no 闪 ("95EA) in font nullfont!
Missing character: There is no 采 ("91C7) in font nullfont!
Missing character: There is no 样 ("6837) in font nullfont!
Missing character: There is no ） ("FF09) in font nullfont!
Missing character: There is no ， ("FF0C) in font nullfont!
Missing character: There is no 将 ("5C06) in font nullfont!
Missing character: There is no 连 ("8FDE) in font nullfont!
Missing character: There is no 续 ("7EED) in font nullfont!
Missing character: There is no 动 ("52A8) in font nullfont!
Missing character: There is no 力 ("529B) in font nullfont!
Missing character: There is no 系 ("7CFB) in font nullfont!
Missing character: There is no 统 ("7EDF) in font nullfont!
Missing character: There is no 降 ("964D) in font nullfont!
Missing character: There is no 维 ("7EF4) in font nullfont!
Missing character: There is no 为 ("4E3A) in font nullfont!
Missing character: There is no 离 ("79BB) in font nullfont!
Missing character: There is no 散 ("6563) in font nullfont!
Missing character: There is no 映 ("6620) in font nullfont!
Missing character: There is no 射 ("5C04) in font nullfont!
Missing character: There is no — ("2014) in font nullfont!
Missing character: There is no — ("2014) in font nullfont!
Missing character: There is no P ("50) in font nullfont!
Missing character: There is no o ("6F) in font nullfont!
Missing character: There is no i ("69) in font nullfont!
Missing character: There is no n ("6E) in font nullfont!
Missing character: There is no c ("63) in font nullfont!
Missing character: There is no a ("61) in font nullfont!
Missing character: There is no r ("72) in font nullfont!
Missing character: There is no 映 ("6620) in font nullfont!
Missing character: There is no 射 ("5C04) in font nullfont!
! Undefined control sequence.
l.580 ...力系统降维为离散映射——Poincar\'e 映射 $\mathbf{P}: \R
                                                  ^{2} \to \R^{2}$。
The control sequence at the end of the top line
of your error message was never \def'ed. If you have
misspelled it (e.g., `\hobx'), type `I' and the correct
spelling (e.g., `I\hbox'). Otherwise just continue,
and I'll forget about whatever was undefined.

! Undefined control sequence.
l.580 ...—Poincar\'e 映射 $\mathbf{P}: \R^{2} \to \R
                                                  ^{2}$。
The control sequence at the end of the top line
of your error message was never \def'ed. If you have
misspelled it (e.g., `\hobx'), type `I' and the correct
spelling (e.g., `I\hbox'). Otherwise just continue,
and I'll forget about whatever was undefined.

Missing character: There is no 。 ("3002) in font nullfont!

Overfull \hbox (24.44444pt too wide) in paragraph at lines 579--581
[][]\/lmr/m/n/10 e
 []


Overfull \hbox (4.44444pt too wide) in paragraph at lines 579--581
[]\/lmr/m/n/10 e
 []


Overfull \hbox (17.78816pt too wide) in paragraph at lines 579--581
\OML/cmm/m/it/10 T \/lmr/m/n/10 =
 []


Overfull \hbox (27.08684pt too wide) in paragraph at lines 579--581
\/lmr/m/n/10 2\OML/cmm/m/it/10 ^^Y=!$[]\/lmr/m/n/10 e
 []


Overfull \hbox (32.38884pt too wide) in paragraph at lines 579--581
\OT1/cmr/bx/n/10 P \/lmr/m/n/10 :[]\OMS/cmsy/m/n/10 ![]$ 
 []


Overfull \hbox (20.0pt too wide) in paragraph at lines 582--582
[] 
 []

Missing character: There is no 周 (U+5468) in font [lmroman10-bold]:mapping=tex-
text;!
Missing character: There is no 期 (U+671F) in font [lmroman10-bold]:mapping=tex-
text;!
Missing character: There is no 运 (U+8FD0) in font [lmroman10-bold]:mapping=tex-
text;!
Missing character: There is no 动 (U+52A8) in font [lmroman10-bold]:mapping=tex-
text;!
Missing character: There is no ： ("FF1A) in font nullfont!
Missing character: There is no P ("50) in font nullfont!
Missing character: There is no o ("6F) in font nullfont!
Missing character: There is no i ("69) in font nullfont!
Missing character: There is no n ("6E) in font nullfont!
Missing character: There is no c ("63) in font nullfont!
Missing character: There is no a ("61) in font nullfont!
Missing character: There is no r ("72) in font nullfont!
Missing character: There is no 截 ("622A) in font nullfont!
Missing character: There is no 面 ("9762) in font nullfont!
Missing character: There is no 上 ("4E0A) in font nullfont!
Missing character: There is no 出 ("51FA) in font nullfont!
Missing character: There is no 现 ("73B0) in font nullfont!
Missing character: There is no 个 ("4E2A) in font nullfont!
Missing character: There is no 孤 ("5B64) in font nullfont!
Missing character: There is no 立 ("7ACB) in font nullfont!
Missing character: There is no 点 ("70B9) in font nullfont!

Overfull \hbox (9.43001pt too wide) in paragraph at lines 583--584
\TU/lmr/bx/n/10 周期-
 []


Overfull \hbox (5.52084pt too wide) in paragraph at lines 583--584
\OML/cmm/m/it/10 k$
 []


Overfull \hbox (10.04445pt too wide) in paragraph at lines 583--584
\TU/lmr/bx/n/10 运动[]\/lmr/m/n/10 e
 []


Overfull \hbox (5.52084pt too wide) in paragraph at lines 583--584
\OML/cmm/m/it/10 k$ 
 []

Missing character: There is no 准 (U+51C6) in font [lmroman10-bold]:mapping=tex-
text;!
Missing character: There is no 周 (U+5468) in font [lmroman10-bold]:mapping=tex-
text;!
Missing character: There is no 期 (U+671F) in font [lmroman10-bold]:mapping=tex-
text;!
Missing character: There is no 运 (U+8FD0) in font [lmroman10-bold]:mapping=tex-
text;!
Missing character: There is no 动 (U+52A8) in font [lmroman10-bold]:mapping=tex-
text;!
Missing character: There is no ： ("FF1A) in font nullfont!
Missing character: There is no P ("50) in font nullfont!
Missing character: There is no o ("6F) in font nullfont!
Missing character: There is no i ("69) in font nullfont!
Missing character: There is no n ("6E) in font nullfont!
Missing character: There is no c ("63) in font nullfont!
Missing character: There is no a ("61) in font nullfont!
Missing character: There is no r ("72) in font nullfont!
Missing character: There is no 截 ("622A) in font nullfont!
Missing character: There is no 面 ("9762) in font nullfont!
Missing character: There is no 上 ("4E0A) in font nullfont!
Missing character: There is no 为 ("4E3A) in font nullfont!
Missing character: There is no 闭 ("95ED) in font nullfont!
Missing character: There is no 合 ("5408) in font nullfont!
Missing character: There is no 曲 ("66F2) in font nullfont!
Missing character: There is no 线 ("7EBF) in font nullfont!

Overfull \hbox (18.44444pt too wide) in paragraph at lines 584--585
\TU/lmr/bx/n/10 准周期运动[]\/lmr/m/n/10 e 
 []

Missing character: There is no 混 (U+6DF7) in font [lmroman10-bold]:mapping=tex-
text;!
Missing character: There is no 沌 (U+6C8C) in font [lmroman10-bold]:mapping=tex-
text;!
Missing character: There is no 运 (U+8FD0) in font [lmroman10-bold]:mapping=tex-
text;!
Missing character: There is no 动 (U+52A8) in font [lmroman10-bold]:mapping=tex-
text;!
Missing character: There is no ： ("FF1A) in font nullfont!
Missing character: There is no P ("50) in font nullfont!
Missing character: There is no o ("6F) in font nullfont!
Missing character: There is no i ("69) in font nullfont!
Missing character: There is no n ("6E) in font nullfont!
Missing character: There is no c ("63) in font nullfont!
Missing character: There is no a ("61) in font nullfont!
Missing character: There is no r ("72) in font nullfont!
Missing character: There is no 截 ("622A) in font nullfont!
Missing character: There is no 面 ("9762) in font nullfont!
Missing character: There is no 上 ("4E0A) in font nullfont!
Missing character: There is no 呈 ("5448) in font nullfont!
Missing character: There is no 分 ("5206) in font nullfont!
Missing character: There is no 形 ("5F62) in font nullfont!
Missing character: There is no 点 ("70B9) in font nullfont!
Missing character: There is no 集 ("96C6) in font nullfont!
Missing character: There is no （ ("FF08) in font nullfont!
Missing character: There is no 奇 ("5947) in font nullfont!
Missing character: There is no 怪 ("602A) in font nullfont!
Missing character: There is no 吸 ("5438) in font nullfont!
Missing character: There is no 引 ("5F15) in font nullfont!
Missing character: There is no 子 ("5B50) in font nullfont!
Missing character: There is no ） ("FF09) in font nullfont!

Overfull \hbox (15.64444pt too wide) in paragraph at lines 585--586
\TU/lmr/bx/n/10 混沌运动[]\/lmr/m/n/10 e 
 []


! LaTeX Error: Environment definition undefined.

See the LaTeX manual or LaTeX Companion for explanation.
Type  H <return>  for immediate help.
 ...                                              
                                                  
l.588 \begin{definition}
                        [分岔（Bifurcation）]
Your command was ignored.
Type  I <command> <return>  to replace it with another command,
or  <return>  to continue without it.

Missing character: There is no [ ("5B) in font nullfont!
Missing character: There is no 分 ("5206) in font nullfont!
Missing character: There is no 岔 ("5C94) in font nullfont!
Missing character: There is no （ ("FF08) in font nullfont!
Missing character: There is no B ("42) in font nullfont!
Missing character: There is no i ("69) in font nullfont!
Missing character: There is no f ("66) in font nullfont!
Missing character: There is no u ("75) in font nullfont!
Missing character: There is no r ("72) in font nullfont!
Missing character: There is no c ("63) in font nullfont!
Missing character: There is no a ("61) in font nullfont!
Missing character: There is no t ("74) in font nullfont!
Missing character: There is no i ("69) in font nullfont!
Missing character: There is no o ("6F) in font nullfont!
Missing character: There is no n ("6E) in font nullfont!
Missing character: There is no ） ("FF09) in font nullfont!
Missing character: There is no ] ("5D) in font nullfont!
Missing character: There is no 当 ("5F53) in font nullfont!
Missing character: There is no 系 ("7CFB) in font nullfont!
Missing character: There is no 统 ("7EDF) in font nullfont!
Missing character: There is no 参 ("53C2) in font nullfont!
Missing character: There is no 数 ("6570) in font nullfont!
Missing character: There is no 连 ("8FDE) in font nullfont!
Missing character: There is no 续 ("7EED) in font nullfont!
Missing character: There is no 变 ("53D8) in font nullfont!
Missing character: There is no 化 ("5316) in font nullfont!
Missing character: There is no 时 ("65F6) in font nullfont!
Missing character: There is no ， ("FF0C) in font nullfont!
Missing character: There is no 相 ("76F8) in font nullfont!
Missing character: There is no 图 ("56FE) in font nullfont!
Missing character: There is no 拓 ("62D3) in font nullfont!
Missing character: There is no 扑 ("6251) in font nullfont!
Missing character: There is no 结 ("7ED3) in font nullfont!
Missing character: There is no 构 ("6784) in font nullfont!
Missing character: There is no 发 ("53D1) in font nullfont!
Missing character: There is no 生 ("751F) in font nullfont!
Missing character: There is no 质 ("8D28) in font nullfont!
Missing character: There is no 的 ("7684) in font nullfont!
Missing character: There is no 改 ("6539) in font nullfont!
Missing character: There is no 变 ("53D8) in font nullfont!
Missing character: There is no ， ("FF0C) in font nullfont!
Missing character: There is no 称 ("79F0) in font nullfont!
Missing character: There is no 为 ("4E3A) in font nullfont!
Missing character: There is no 分 ("5206) in font nullfont!
Missing character: There is no 岔 ("5C94) in font nullfont!
Missing character: There is no 。 ("3002) in font nullfont!
Missing character: There is no 常 ("5E38) in font nullfont!
Missing character: There is no 见 ("89C1) in font nullfont!
Missing character: There is no 类 ("7C7B) in font nullfont!
Missing character: There is no 型 ("578B) in font nullfont!
Missing character: There is no ： ("FF1A) in font nullfont!

Overfull \hbox (20.0pt too wide) in paragraph at lines 588--590
[] 
 []

Missing character: There is no 鞍 (U+978D) in font [lmroman10-bold]:mapping=tex-
text;!
Missing character: There is no 结 (U+7ED3) in font [lmroman10-bold]:mapping=tex-
text;!
Missing character: There is no 分 (U+5206) in font [lmroman10-bold]:mapping=tex-
text;!
Missing character: There is no 岔 (U+5C94) in font [lmroman10-bold]:mapping=tex-
text;!
Missing character: There is no ： ("FF1A) in font nullfont!
Missing character: There is no 稳 ("7A33) in font nullfont!
Missing character: There is no 定 ("5B9A) in font nullfont!
Missing character: There is no 和 ("548C) in font nullfont!
Missing character: There is no 不 ("4E0D) in font nullfont!
Missing character: There is no 稳 ("7A33) in font nullfont!
Missing character: There is no 定 ("5B9A) in font nullfont!
Missing character: There is no 不 ("4E0D) in font nullfont!
Missing character: There is no 动 ("52A8) in font nullfont!
Missing character: There is no 点 ("70B9) in font nullfont!
Missing character: There is no 碰 ("78B0) in font nullfont!
Missing character: There is no 撞 ("649E) in font nullfont!
Missing character: There is no 消 ("6D88) in font nullfont!
Missing character: There is no 失 ("5931) in font nullfont!

Overfull \hbox (11.2pt too wide) in paragraph at lines 591--592
\TU/lmr/bx/n/10 鞍结分岔 
 []

Missing character: There is no 分 (U+5206) in font [lmroman10-bold]:mapping=tex-
text;!
Missing character: There is no 岔 (U+5C94) in font [lmroman10-bold]:mapping=tex-
text;!
Missing character: There is no ： ("FF1A) in font nullfont!
Missing character: There is no 焦 ("7126) in font nullfont!
Missing character: There is no 点 ("70B9) in font nullfont!
Missing character: There is no 改 ("6539) in font nullfont!
Missing character: There is no 变 ("53D8) in font nullfont!
Missing character: There is no 稳 ("7A33) in font nullfont!
Missing character: There is no 定 ("5B9A) in font nullfont!
Missing character: There is no 性 ("6027) in font nullfont!
Missing character: There is no 并 ("5E76) in font nullfont!
Missing character: There is no 产 ("4EA7) in font nullfont!
Missing character: There is no 生 ("751F) in font nullfont!
Missing character: There is no 极 ("6781) in font nullfont!
Missing character: There is no 限 ("9650) in font nullfont!
Missing character: There is no 环 ("73AF) in font nullfont!

Overfull \hbox (24.65pt too wide) in paragraph at lines 592--593
\TU/lmr/bx/n/10 Hopf
 []


Overfull \hbox (5.6pt too wide) in paragraph at lines 592--593
\TU/lmr/bx/n/10 分岔 
 []

Missing character: There is no 倍 (U+500D) in font [lmroman10-bold]:mapping=tex-
text;!
Missing character: There is no 周 (U+5468) in font [lmroman10-bold]:mapping=tex-
text;!
Missing character: There is no 期 (U+671F) in font [lmroman10-bold]:mapping=tex-
text;!
Missing character: There is no 分 (U+5206) in font [lmroman10-bold]:mapping=tex-
text;!
Missing character: There is no 岔 (U+5C94) in font [lmroman10-bold]:mapping=tex-
text;!
Missing character: There is no ： ("FF1A) in font nullfont!
Missing character: There is no 周 ("5468) in font nullfont!
Missing character: There is no 期 ("671F) in font nullfont!
Missing character: There is no 运 ("8FD0) in font nullfont!
Missing character: There is no 动 ("52A8) in font nullfont!
Missing character: There is no 变 ("53D8) in font nullfont!
Missing character: There is no 为 ("4E3A) in font nullfont!
Missing character: There is no 周 ("5468) in font nullfont!
Missing character: There is no 期 ("671F) in font nullfont!
Missing character: There is no 运 ("8FD0) in font nullfont!
Missing character: There is no 动 ("52A8) in font nullfont!
Missing character: There is no ， ("FF0C) in font nullfont!
Missing character: There is no 逐 ("9010) in font nullfont!
Missing character: There is no 级 ("7EA7) in font nullfont!
Missing character: There is no 通 ("901A) in font nullfont!
Missing character: There is no 向 ("5411) in font nullfont!
Missing character: There is no 混 ("6DF7) in font nullfont!
Missing character: There is no 沌 ("6C8C) in font nullfont!

Overfull \hbox (14.0pt too wide) in paragraph at lines 593--594
\TU/lmr/bx/n/10 倍周期分岔
 []


Overfull \hbox (7.23265pt too wide) in paragraph at lines 593--594
\OML/cmm/m/it/10 T$
 []


Overfull \hbox (12.23267pt too wide) in paragraph at lines 593--594
\/lmr/m/n/10 2\OML/cmm/m/it/10 T$ 
 []

Missing character: There is no 控 ("63A7) in font nullfont!
Missing character: There is no 制 ("5236) in font nullfont!
Missing character: There is no 参 ("53C2) in font nullfont!
Missing character: There is no 数 ("6570) in font nullfont!
Missing character: There is no 的 ("7684) in font nullfont!
Missing character: There is no 扫 ("626B) in font nullfont!
Missing character: There is no 变 ("53D8) in font nullfont!
Missing character: There is no 分 ("5206) in font nullfont!
Missing character: There is no 岔 ("5C94) in font nullfont!
Missing character: There is no 图 ("56FE) in font nullfont!
Missing character: There is no 直 ("76F4) in font nullfont!
Missing character: There is no 观 ("89C2) in font nullfont!
Missing character: There is no 展 ("5C55) in font nullfont!
Missing character: There is no 示 ("793A) in font nullfont!
Missing character: There is no 规 ("89C4) in font nullfont!
Missing character: There is no 则 ("5219) in font nullfont!
Missing character: There is no 运 ("8FD0) in font nullfont!
Missing character: There is no 动 ("52A8) in font nullfont!
Missing character: There is no 至 ("81F3) in font nullfont!
Missing character: There is no 混 ("6DF7) in font nullfont!
Missing character: There is no 沌 ("6C8C) in font nullfont!
Missing character: There is no 的 ("7684) in font nullfont!
Missing character: There is no 过 ("8FC7) in font nullfont!
Missing character: There is no 渡 ("6E21) in font nullfont!
Missing character: There is no 路 ("8DEF) in font nullfont!
Missing character: There is no 径 ("5F84) in font nullfont!
Missing character: There is no 。 ("3002) in font nullfont!

! LaTeX Error: \begin{document} ended by \end{definition}.

See the LaTeX manual or LaTeX Companion for explanation.
Type  H <return>  for immediate help.
 ...                                              
                                                  
l.596 \end{definition}
                      
Your command was ignored.
Type  I <command> <return>  to replace it with another command,
or  <return>  to continue without it.


Overfull \hbox (5.73285pt too wide) in paragraph at lines 595--597
 $\OML/cmm/m/it/10 ^^M$
 []

! Undefined control sequence.
l.598 \section
              {Python 代码实现}
The control sequence at the end of the top line
of your error message was never \def'ed. If you have
misspelled it (e.g., `\hobx'), type `I' and the correct
spelling (e.g., `I\hbox'). Otherwise just continue,
and I'll forget about whatever was undefined.

Missing character: There is no P ("50) in font nullfont!
Missing character: There is no y ("79) in font nullfont!
Missing character: There is no t ("74) in font nullfont!
Missing character: There is no h ("68) in font nullfont!
Missing character: There is no o ("6F) in font nullfont!
Missing character: There is no n ("6E) in font nullfont!
Missing character: There is no 代 ("4EE3) in font nullfont!
Missing character: There is no 码 ("7801) in font nullfont!
Missing character: There is no 实 ("5B9E) in font nullfont!
Missing character: There is no 现 ("73B0) in font nullfont!
! Undefined control sequence.
l.599 \subsection
                 {Duffing 方程的数值求解}
The control sequence at the end of the top line
of your error message was never \def'ed. If you have
misspelled it (e.g., `\hobx'), type `I' and the correct
spelling (e.g., `I\hbox'). Otherwise just continue,
and I'll forget about whatever was undefined.

Missing character: There is no D ("44) in font nullfont!
Missing character: There is no u ("75) in font nullfont!
Missing character: There is no f ("66) in font nullfont!
Missing character: There is no f ("66) in font nullfont!
Missing character: There is no i ("69) in font nullfont!
Missing character: There is no n ("6E) in font nullfont!
Missing character: There is no g ("67) in font nullfont!
Missing character: There is no 方 ("65B9) in font nullfont!
Missing character: There is no 程 ("7A0B) in font nullfont!
Missing character: There is no 的 ("7684) in font nullfont!
Missing character: There is no 数 ("6570) in font nullfont!
Missing character: There is no 值 ("503C) in font nullfont!
Missing character: There is no 求 ("6C42) in font nullfont!
Missing character: There is no 解 ("89E3) in font nullfont!

! LaTeX Error: Environment mycode undefined.

See the LaTeX manual or LaTeX Companion for explanation.
Type  H <return>  for immediate help.
 ...                                              
                                                  
l.600 \begin{mycode}
                    {Duffing 方程的 Runge-Kutta 数值解与相图}
Your command was ignored.
Type  I <command> <return>  to replace it with another command,
or  <return>  to continue without it.

Missing character: There is no D ("44) in font nullfont!
Missing character: There is no u ("75) in font nullfont!
Missing character: There is no f ("66) in font nullfont!
Missing character: There is no f ("66) in font nullfont!
Missing character: There is no i ("69) in font nullfont!
Missing character: There is no n ("6E) in font nullfont!
Missing character: There is no g ("67) in font nullfont!
Missing character: There is no 方 ("65B9) in font nullfont!
Missing character: There is no 程 ("7A0B) in font nullfont!
Missing character: There is no 的 ("7684) in font nullfont!
Missing character: There is no R ("52) in font nullfont!
Missing character: There is no u ("75) in font nullfont!
Missing character: There is no n ("6E) in font nullfont!
Missing character: There is no g ("67) in font nullfont!
Missing character: There is no e ("65) in font nullfont!
Missing character: There is no - ("2D) in font nullfont!
Missing character: There is no K ("4B) in font nullfont!
Missing character: There is no u ("75) in font nullfont!
Missing character: There is no t ("74) in font nullfont!
Missing character: There is no t ("74) in font nullfont!
Missing character: There is no a ("61) in font nullfont!
Missing character: There is no 数 ("6570) in font nullfont!
Missing character: There is no 值 ("503C) in font nullfont!
Missing character: There is no 解 ("89E3) in font nullfont!
Missing character: There is no 与 ("4E0E) in font nullfont!
Missing character: There is no 相 ("76F8) in font nullfont!
Missing character: There is no 图 ("56FE) in font nullfont!

! LaTeX Error: Environment lstlisting undefined.

See the LaTeX manual or LaTeX Companion for explanation.
Type  H <return>  for immediate help.
 ...                                              
                                                  
l.601 \begin{lstlisting}
                        [language=Python]
Your command was ignored.
Type  I <command> <return>  to replace it with another command,
or  <return>  to continue without it.

Missing character: There is no [ ("5B) in font nullfont!
Missing character: There is no l ("6C) in font nullfont!
Missing character: There is no a ("61) in font nullfont!
Missing character: There is no n ("6E) in font nullfont!
Missing character: There is no g ("67) in font nullfont!
Missing character: There is no u ("75) in font nullfont!
Missing character: There is no a ("61) in font nullfont!
Missing character: There is no g ("67) in font nullfont!
Missing character: There is no e ("65) in font nullfont!
Missing character: There is no = ("3D) in font nullfont!
Missing character: There is no P ("50) in font nullfont!
Missing character: There is no y ("79) in font nullfont!
Missing character: There is no t ("74) in font nullfont!
Missing character: There is no h ("68) in font nullfont!
Missing character: There is no o ("6F) in font nullfont!
Missing character: There is no n ("6E) in font nullfont!
Missing character: There is no ] ("5D) in font nullfont!
Missing character: There is no i ("69) in font nullfont!
Missing character: There is no m ("6D) in font nullfont!
Missing character: There is no p ("70) in font nullfont!
Missing character: There is no o ("6F) in font nullfont!
Missing character: There is no r ("72) in font nullfont!
Missing character: There is no t ("74) in font nullfont!
Missing character: There is no n ("6E) in font nullfont!
Missing character: There is no u ("75) in font nullfont!
Missing character: There is no m ("6D) in font nullfont!
Missing character: There is no p ("70) in font nullfont!
Missing character: There is no y ("79) in font nullfont!
Missing character: There is no a ("61) in font nullfont!
Missing character: There is no s ("73) in font nullfont!
Missing character: There is no n ("6E) in font nullfont!
Missing character: There is no p ("70) in font nullfont!
Missing character: There is no f ("66) in font nullfont!
Missing character: There is no r ("72) in font nullfont!
Missing character: There is no o ("6F) in font nullfont!
Missing character: There is no m ("6D) in font nullfont!
Missing character: There is no s ("73) in font nullfont!
Missing character: There is no c ("63) in font nullfont!
Missing character: There is no i ("69) in font nullfont!
Missing character: There is no p ("70) in font nullfont!
Missing character: There is no y ("79) in font nullfont!
Missing character: There is no . ("2E) in font nullfont!
Missing character: There is no i ("69) in font nullfont!
Missing character: There is no n ("6E) in font nullfont!
Missing character: There is no t ("74) in font nullfont!
Missing character: There is no e ("65) in font nullfont!
Missing character: There is no g ("67) in font nullfont!
Missing character: There is no r ("72) in font nullfont!
Missing character: There is no a ("61) in font nullfont!
Missing character: There is no t ("74) in font nullfont!
Missing character: There is no e ("65) in font nullfont!
Missing character: There is no i ("69) in font nullfont!
Missing character: There is no m ("6D) in font nullfont!
Missing character: There is no p ("70) in font nullfont!
Missing character: There is no o ("6F) in font nullfont!
Missing character: There is no r ("72) in font nullfont!
Missing character: There is no t ("74) in font nullfont!
Missing character: There is no s ("73) in font nullfont!
Missing character: There is no o ("6F) in font nullfont!
Missing character: There is no l ("6C) in font nullfont!
Missing character: There is no v ("76) in font nullfont!
Missing character: There is no e ("65) in font nullfont!
! Missing $ inserted.
<inserted text> 
                $
l.603 from scipy.integrate import solve_
                                        ivp
I've inserted a begin-math/end-math symbol since I think
you left one out. Proceed, with fingers crossed.

! Missing $ inserted.
<inserted text> 
                $
l.605 
      
I've inserted a begin-math/end-math symbol since I think
you left one out. Proceed, with fingers crossed.


Overfull \hbox (20.0pt too wide) in paragraph at lines 598--605
[]
 []


Overfull \hbox (140.87256pt too wide) in paragraph at lines 598--605
[]\OML/cmm/m/it/10 vpimportmatplotlib:pyplotasplt$ 
 []

Missing character: There is no d ("64) in font nullfont!
Missing character: There is no e ("65) in font nullfont!
Missing character: There is no f ("66) in font nullfont!
Missing character: There is no d ("64) in font nullfont!
Missing character: There is no u ("75) in font nullfont!
Missing character: There is no f ("66) in font nullfont!
Missing character: There is no f ("66) in font nullfont!
Missing character: There is no i ("69) in font nullfont!
Missing character: There is no n ("6E) in font nullfont!
Missing character: There is no g ("67) in font nullfont!
Missing character: There is no ( ("28) in font nullfont!
Missing character: There is no t ("74) in font nullfont!
Missing character: There is no , ("2C) in font nullfont!
Missing character: There is no y ("79) in font nullfont!
Missing character: There is no , ("2C) in font nullfont!
Missing character: There is no d ("64) in font nullfont!
Missing character: There is no e ("65) in font nullfont!
Missing character: There is no l ("6C) in font nullfont!
Missing character: There is no t ("74) in font nullfont!
Missing character: There is no a ("61) in font nullfont!
Missing character: There is no , ("2C) in font nullfont!
Missing character: There is no a ("61) in font nullfont!
Missing character: There is no l ("6C) in font nullfont!
Missing character: There is no p ("70) in font nullfont!
Missing character: There is no h ("68) in font nullfont!
Missing character: There is no a ("61) in font nullfont!
Missing character: There is no , ("2C) in font nullfont!
Missing character: There is no b ("62) in font nullfont!
Missing character: There is no e ("65) in font nullfont!
Missing character: There is no t ("74) in font nullfont!
Missing character: There is no a ("61) in font nullfont!
Missing character: There is no , ("2C) in font nullfont!
Missing character: There is no g ("67) in font nullfont!
Missing character: There is no a ("61) in font nullfont!
Missing character: There is no m ("6D) in font nullfont!
Missing character: There is no m ("6D) in font nullfont!
Missing character: There is no a ("61) in font nullfont!
Missing character: There is no , ("2C) in font nullfont!
Missing character: There is no o ("6F) in font nullfont!
Missing character: There is no m ("6D) in font nullfont!
Missing character: There is no e ("65) in font nullfont!
Missing character: There is no g ("67) in font nullfont!
Missing character: There is no a ("61) in font nullfont!
Missing character: There is no ) ("29) in font nullfont!
Missing character: There is no : ("3A) in font nullfont!
Missing character: There is no x ("78) in font nullfont!
Missing character: There is no , ("2C) in font nullfont!
Missing character: There is no v ("76) in font nullfont!
Missing character: There is no = ("3D) in font nullfont!
Missing character: There is no y ("79) in font nullfont!
Missing character: There is no d ("64) in font nullfont!
Missing character: There is no x ("78) in font nullfont!
Missing character: There is no d ("64) in font nullfont!
Missing character: There is no t ("74) in font nullfont!
Missing character: There is no = ("3D) in font nullfont!
Missing character: There is no v ("76) in font nullfont!
Missing character: There is no d ("64) in font nullfont!
Missing character: There is no v ("76) in font nullfont!
Missing character: There is no d ("64) in font nullfont!
Missing character: There is no t ("74) in font nullfont!
Missing character: There is no = ("3D) in font nullfont!
Missing character: There is no - ("2D) in font nullfont!
Missing character: There is no d ("64) in font nullfont!
Missing character: There is no e ("65) in font nullfont!
Missing character: There is no l ("6C) in font nullfont!
Missing character: There is no t ("74) in font nullfont!
Missing character: There is no a ("61) in font nullfont!
Missing character: There is no * ("2A) in font nullfont!
Missing character: There is no v ("76) in font nullfont!
Missing character: There is no - ("2D) in font nullfont!
Missing character: There is no a ("61) in font nullfont!
Missing character: There is no l ("6C) in font nullfont!
Missing character: There is no p ("70) in font nullfont!
Missing character: There is no h ("68) in font nullfont!
Missing character: There is no a ("61) in font nullfont!
Missing character: There is no * ("2A) in font nullfont!
Missing character: There is no x ("78) in font nullfont!
Missing character: There is no - ("2D) in font nullfont!
Missing character: There is no b ("62) in font nullfont!
Missing character: There is no e ("65) in font nullfont!
Missing character: There is no t ("74) in font nullfont!
Missing character: There is no a ("61) in font nullfont!
Missing character: There is no * ("2A) in font nullfont!
Missing character: There is no x ("78) in font nullfont!
Missing character: There is no * ("2A) in font nullfont!
Missing character: There is no * ("2A) in font nullfont!
Missing character: There is no 3 ("33) in font nullfont!
Missing character: There is no + ("2B) in font nullfont!
Missing character: There is no g ("67) in font nullfont!
Missing character: There is no a ("61) in font nullfont!
Missing character: There is no m ("6D) in font nullfont!
Missing character: There is no m ("6D) in font nullfont!
Missing character: There is no a ("61) in font nullfont!
Missing character: There is no * ("2A) in font nullfont!
Missing character: There is no n ("6E) in font nullfont!
Missing character: There is no p ("70) in font nullfont!
Missing character: There is no . ("2E) in font nullfont!
Missing character: There is no c ("63) in font nullfont!
Missing character: There is no o ("6F) in font nullfont!
Missing character: There is no s ("73) in font nullfont!
Missing character: There is no ( ("28) in font nullfont!
Missing character: There is no o ("6F) in font nullfont!
Missing character: There is no m ("6D) in font nullfont!
Missing character: There is no e ("65) in font nullfont!
Missing character: There is no g ("67) in font nullfont!
Missing character: There is no a ("61) in font nullfont!
Missing character: There is no * ("2A) in font nullfont!
Missing character: There is no t ("74) in font nullfont!
Missing character: There is no ) ("29) in font nullfont!
Missing character: There is no r ("72) in font nullfont!
Missing character: There is no e ("65) in font nullfont!
Missing character: There is no t ("74) in font nullfont!
Missing character: There is no u ("75) in font nullfont!
Missing character: There is no r ("72) in font nullfont!
Missing character: There is no n ("6E) in font nullfont!
Missing character: There is no [ ("5B) in font nullfont!
Missing character: There is no d ("64) in font nullfont!
Missing character: There is no x ("78) in font nullfont!
Missing character: There is no d ("64) in font nullfont!
Missing character: There is no t ("74) in font nullfont!
Missing character: There is no , ("2C) in font nullfont!
Missing character: There is no d ("64) in font nullfont!
Missing character: There is no v ("76) in font nullfont!
Missing character: There is no d ("64) in font nullfont!
Missing character: There is no t ("74) in font nullfont!
Missing character: There is no ] ("5D) in font nullfont!

Overfull \hbox (20.0pt too wide) in paragraph at lines 606--611
[]
 []

Missing character: There is no d ("64) in font nullfont!
Missing character: There is no e ("65) in font nullfont!
Missing character: There is no l ("6C) in font nullfont!
Missing character: There is no t ("74) in font nullfont!
Missing character: There is no a ("61) in font nullfont!
Missing character: There is no , ("2C) in font nullfont!
Missing character: There is no a ("61) in font nullfont!
Missing character: There is no l ("6C) in font nullfont!
Missing character: There is no p ("70) in font nullfont!
Missing character: There is no h ("68) in font nullfont!
Missing character: There is no a ("61) in font nullfont!
Missing character: There is no , ("2C) in font nullfont!
Missing character: There is no b ("62) in font nullfont!
Missing character: There is no e ("65) in font nullfont!
Missing character: There is no t ("74) in font nullfont!
Missing character: There is no a ("61) in font nullfont!
Missing character: There is no , ("2C) in font nullfont!
Missing character: There is no g ("67) in font nullfont!
Missing character: There is no a ("61) in font nullfont!
Missing character: There is no m ("6D) in font nullfont!
Missing character: There is no m ("6D) in font nullfont!
Missing character: There is no a ("61) in font nullfont!
Missing character: There is no , ("2C) in font nullfont!
Missing character: There is no o ("6F) in font nullfont!
Missing character: There is no m ("6D) in font nullfont!
Missing character: There is no e ("65) in font nullfont!
Missing character: There is no g ("67) in font nullfont!
Missing character: There is no a ("61) in font nullfont!
Missing character: There is no = ("3D) in font nullfont!
Missing character: There is no 0 ("30) in font nullfont!
Missing character: There is no . ("2E) in font nullfont!
Missing character: There is no 2 ("32) in font nullfont!
Missing character: There is no 5 ("35) in font nullfont!
Missing character: There is no , ("2C) in font nullfont!
Missing character: There is no - ("2D) in font nullfont!
Missing character: There is no 1 ("31) in font nullfont!
Missing character: There is no . ("2E) in font nullfont!
Missing character: There is no 0 ("30) in font nullfont!
Missing character: There is no , ("2C) in font nullfont!
Missing character: There is no 1 ("31) in font nullfont!
Missing character: There is no . ("2E) in font nullfont!
Missing character: There is no 0 ("30) in font nullfont!
Missing character: There is no , ("2C) in font nullfont!
Missing character: There is no 0 ("30) in font nullfont!
Missing character: There is no . ("2E) in font nullfont!
Missing character: There is no 3 ("33) in font nullfont!
Missing character: There is no , ("2C) in font nullfont!
Missing character: There is no 1 ("31) in font nullfont!
Missing character: There is no . ("2E) in font nullfont!
Missing character: There is no 0 ("30) in font nullfont!
Missing character: There is no y ("79) in font nullfont!
Missing character: There is no 0 ("30) in font nullfont!
Missing character: There is no = ("3D) in font nullfont!
Missing character: There is no [ ("5B) in font nullfont!
Missing character: There is no 0 ("30) in font nullfont!
Missing character: There is no . ("2E) in font nullfont!
Missing character: There is no 5 ("35) in font nullfont!
Missing character: There is no , ("2C) in font nullfont!
Missing character: There is no 0 ("30) in font nullfont!
Missing character: There is no . ("2E) in font nullfont!
Missing character: There is no 0 ("30) in font nullfont!
Missing character: There is no ] ("5D) in font nullfont!
Missing character: There is no t ("74) in font nullfont!
! Missing $ inserted.
<inserted text> 
                $
l.614 t_
        span = (0, 500)
I've inserted a begin-math/end-math symbol since I think
you left one out. Proceed, with fingers crossed.

! Missing $ inserted.
<inserted text> 
                $
l.616 
      
I've inserted a begin-math/end-math symbol since I think
you left one out. Proceed, with fingers crossed.


Overfull \hbox (20.0pt too wide) in paragraph at lines 612--616
[]
 []


Overfull \hbox (31.14932pt too wide) in paragraph at lines 612--616
[]\OML/cmm/m/it/10 pan \/lmr/m/n/10 =
 []


Overfull \hbox (64.35548pt too wide) in paragraph at lines 612--616
\/lmr/m/n/10 (0\OML/cmm/m/it/10 ; \/lmr/m/n/10 500)\OML/cmm/m/it/10 t[]val \/lm
r/m/n/10 =
 []


Overfull \hbox (116.85513pt too wide) in paragraph at lines 612--616
\OML/cmm/m/it/10 np:linspace\/lmr/m/n/10 (\OMS/cmsy/m/n/10 ^^C\OML/cmm/m/it/10 
t[]pan; \/lmr/m/n/10 20000)$ 
 []

Missing character: There is no s ("73) in font nullfont!
Missing character: There is no o ("6F) in font nullfont!
Missing character: There is no l ("6C) in font nullfont!
Missing character: There is no = ("3D) in font nullfont!
Missing character: There is no s ("73) in font nullfont!
Missing character: There is no o ("6F) in font nullfont!
Missing character: There is no l ("6C) in font nullfont!
Missing character: There is no v ("76) in font nullfont!
Missing character: There is no e ("65) in font nullfont!
! Missing $ inserted.
<inserted text> 
                $
l.617 sol = solve_
                  ivp(duffing, t_span, y0, args=(delta, alpha, beta, gamma, ...
I've inserted a begin-math/end-math symbol since I think
you left one out. Proceed, with fingers crossed.

! Missing $ inserted.
<inserted text> 
                $
l.620 
      
I've inserted a begin-math/end-math symbol since I think
you left one out. Proceed, with fingers crossed.


Overfull \hbox (20.0pt too wide) in paragraph at lines 617--620
[]
 []


Overfull \hbox (133.15186pt too wide) in paragraph at lines 617--620
[]\OML/cmm/m/it/10 vp\/lmr/m/n/10 (\OML/cmm/m/it/10 duffing; t[]pan; y\/lmr/m/n
/10 0\OML/cmm/m/it/10 ; args \/lmr/m/n/10 =
 []


Overfull \hbox (188.42038pt too wide) in paragraph at lines 617--620
\/lmr/m/n/10 (\OML/cmm/m/it/10 delta; alpha; beta; gamma; omega\/lmr/m/n/10 )\O
ML/cmm/m/it/10 ; t[]val \/lmr/m/n/10 =
 []


Overfull \hbox (72.24437pt too wide) in paragraph at lines 617--620
\OML/cmm/m/it/10 t[]val; method \/lmr/m/n/10 =[]
 []


Overfull \hbox (61.11227pt too wide) in paragraph at lines 617--620
\OML/cmm/m/it/10 RK\/lmr/m/n/10 45[]\OML/cmm/m/it/10 ; rtol \/lmr/m/n/10 =
 []


Overfull \hbox (17.43408pt too wide) in paragraph at lines 617--620
\/lmr/m/n/10 1\OML/cmm/m/it/10 e \OMS/cmsy/m/n/10 ^^@
 []


Overfull \hbox (34.81012pt too wide) in paragraph at lines 617--620
\/lmr/m/n/10 9)\OML/cmm/m/it/10 x; v \/lmr/m/n/10 =
 []


Overfull \hbox (20.75468pt too wide) in paragraph at lines 617--620
\OML/cmm/m/it/10 sol:y$ 
 []

Missing character: There is no f ("66) in font nullfont!
Missing character: There is no i ("69) in font nullfont!
Missing character: There is no g ("67) in font nullfont!
Missing character: There is no , ("2C) in font nullfont!
Missing character: There is no ( ("28) in font nullfont!
Missing character: There is no a ("61) in font nullfont!
Missing character: There is no x ("78) in font nullfont!
Missing character: There is no 1 ("31) in font nullfont!
Missing character: There is no , ("2C) in font nullfont!
Missing character: There is no a ("61) in font nullfont!
Missing character: There is no x ("78) in font nullfont!
Missing character: There is no 2 ("32) in font nullfont!
Missing character: There is no ) ("29) in font nullfont!
Missing character: There is no = ("3D) in font nullfont!
Missing character: There is no p ("70) in font nullfont!
Missing character: There is no l ("6C) in font nullfont!
Missing character: There is no t ("74) in font nullfont!
Missing character: There is no . ("2E) in font nullfont!
Missing character: There is no s ("73) in font nullfont!
Missing character: There is no u ("75) in font nullfont!
Missing character: There is no b ("62) in font nullfont!
Missing character: There is no p ("70) in font nullfont!
Missing character: There is no l ("6C) in font nullfont!
Missing character: There is no o ("6F) in font nullfont!
Missing character: There is no t ("74) in font nullfont!
Missing character: There is no s ("73) in font nullfont!
Missing character: There is no ( ("28) in font nullfont!
Missing character: There is no 1 ("31) in font nullfont!
Missing character: There is no , ("2C) in font nullfont!
Missing character: There is no 2 ("32) in font nullfont!
Missing character: There is no , ("2C) in font nullfont!
Missing character: There is no f ("66) in font nullfont!
Missing character: There is no i ("69) in font nullfont!
Missing character: There is no g ("67) in font nullfont!
Missing character: There is no s ("73) in font nullfont!
Missing character: There is no i ("69) in font nullfont!
Missing character: There is no z ("7A) in font nullfont!
Missing character: There is no e ("65) in font nullfont!
Missing character: There is no = ("3D) in font nullfont!
Missing character: There is no ( ("28) in font nullfont!
Missing character: There is no 1 ("31) in font nullfont!
Missing character: There is no 2 ("32) in font nullfont!
Missing character: There is no , ("2C) in font nullfont!
Missing character: There is no 5 ("35) in font nullfont!
Missing character: There is no ) ("29) in font nullfont!
Missing character: There is no ) ("29) in font nullfont!
Missing character: There is no a ("61) in font nullfont!
Missing character: There is no x ("78) in font nullfont!
Missing character: There is no 1 ("31) in font nullfont!
Missing character: There is no . ("2E) in font nullfont!
Missing character: There is no p ("70) in font nullfont!
Missing character: There is no l ("6C) in font nullfont!
Missing character: There is no o ("6F) in font nullfont!
Missing character: There is no t ("74) in font nullfont!
Missing character: There is no ( ("28) in font nullfont!
Missing character: There is no s ("73) in font nullfont!
Missing character: There is no o ("6F) in font nullfont!
Missing character: There is no l ("6C) in font nullfont!
Missing character: There is no . ("2E) in font nullfont!
Missing character: There is no t ("74) in font nullfont!
Missing character: There is no [ ("5B) in font nullfont!
Missing character: There is no - ("2D) in font nullfont!
Missing character: There is no 2 ("32) in font nullfont!
Missing character: There is no 0 ("30) in font nullfont!
Missing character: There is no 0 ("30) in font nullfont!
Missing character: There is no 0 ("30) in font nullfont!
Missing character: There is no : ("3A) in font nullfont!
Missing character: There is no ] ("5D) in font nullfont!
Missing character: There is no , ("2C) in font nullfont!
Missing character: There is no x ("78) in font nullfont!
Missing character: There is no [ ("5B) in font nullfont!
Missing character: There is no - ("2D) in font nullfont!
Missing character: There is no 2 ("32) in font nullfont!
Missing character: There is no 0 ("30) in font nullfont!
Missing character: There is no 0 ("30) in font nullfont!
Missing character: There is no 0 ("30) in font nullfont!
Missing character: There is no : ("3A) in font nullfont!
Missing character: There is no ] ("5D) in font nullfont!
Missing character: There is no , ("2C) in font nullfont!
Missing character: There is no l ("6C) in font nullfont!
Missing character: There is no w ("77) in font nullfont!
Missing character: There is no = ("3D) in font nullfont!
Missing character: There is no 0 ("30) in font nullfont!
Missing character: There is no . ("2E) in font nullfont!
Missing character: There is no 6 ("36) in font nullfont!
Missing character: There is no ) ("29) in font nullfont!
Missing character: There is no a ("61) in font nullfont!
Missing character: There is no x ("78) in font nullfont!
Missing character: There is no 1 ("31) in font nullfont!
Missing character: There is no . ("2E) in font nullfont!
Missing character: There is no s ("73) in font nullfont!
Missing character: There is no e ("65) in font nullfont!
Missing character: There is no t ("74) in font nullfont!
! Missing $ inserted.
<inserted text> 
                $
l.623 ax1.set_
              xlabel('$t$'); ax1.set_ylabel('$x(t)$')
I've inserted a begin-math/end-math symbol since I think
you left one out. Proceed, with fingers crossed.

Missing character: There is no t ("74) in font nullfont!
Missing character: There is no x ("78) in font nullfont!
Missing character: There is no ( ("28) in font nullfont!
Missing character: There is no t ("74) in font nullfont!
Missing character: There is no ) ("29) in font nullfont!
! Missing $ inserted.
<inserted text> 
                $
l.625 
      
I've inserted a begin-math/end-math symbol since I think
you left one out. Proceed, with fingers crossed.

Missing character: There is no 方 ("65B9) in font cmr10!
Missing character: There is no 程 ("7A0B) in font cmr10!
Missing character: There is no 时 ("65F6) in font cmr10!
Missing character: There is no 程 ("7A0B) in font cmr10!

Overfull \hbox (20.0pt too wide) in paragraph at lines 621--625
[]
 []


Overfull \hbox (218.32614pt too wide) in paragraph at lines 621--625
[]\OML/cmm/m/it/10 label\/lmr/m/n/10 ([]$$[]); \OML/cmm/m/it/10 ax\/lmr/m/n/10 
1\OML/cmm/m/it/10 :set[]label\/lmr/m/n/10 ([]$$[])\OML/cmm/m/it/10 ax\/lmr/m/n/
10 1\OML/cmm/m/it/10 :set[]itle\/lmr/m/n/10 ([]\OML/cmm/m/it/10 Duffing[]\/lmr/
m/n/10 )$ 
 []

Missing character: There is no a ("61) in font nullfont!
Missing character: There is no x ("78) in font nullfont!
Missing character: There is no 2 ("32) in font nullfont!
Missing character: There is no . ("2E) in font nullfont!
Missing character: There is no p ("70) in font nullfont!
Missing character: There is no l ("6C) in font nullfont!
Missing character: There is no o ("6F) in font nullfont!
Missing character: There is no t ("74) in font nullfont!
Missing character: There is no ( ("28) in font nullfont!
Missing character: There is no x ("78) in font nullfont!
Missing character: There is no [ ("5B) in font nullfont!
Missing character: There is no - ("2D) in font nullfont!
Missing character: There is no 4 ("34) in font nullfont!
Missing character: There is no 0 ("30) in font nullfont!
Missing character: There is no 0 ("30) in font nullfont!
Missing character: There is no 0 ("30) in font nullfont!
Missing character: There is no : ("3A) in font nullfont!
Missing character: There is no ] ("5D) in font nullfont!
Missing character: There is no , ("2C) in font nullfont!
Missing character: There is no v ("76) in font nullfont!
Missing character: There is no [ ("5B) in font nullfont!
Missing character: There is no - ("2D) in font nullfont!
Missing character: There is no 4 ("34) in font nullfont!
Missing character: There is no 0 ("30) in font nullfont!
Missing character: There is no 0 ("30) in font nullfont!
Missing character: There is no 0 ("30) in font nullfont!
Missing character: There is no : ("3A) in font nullfont!
Missing character: There is no ] ("5D) in font nullfont!
Missing character: There is no , ("2C) in font nullfont!
Missing character: There is no l ("6C) in font nullfont!
Missing character: There is no w ("77) in font nullfont!
Missing character: There is no = ("3D) in font nullfont!
Missing character: There is no 0 ("30) in font nullfont!
Missing character: There is no . ("2E) in font nullfont!
Missing character: There is no 3 ("33) in font nullfont!
Missing character: There is no , ("2C) in font nullfont!
Missing character: There is no c ("63) in font nullfont!
Missing character: There is no o ("6F) in font nullfont!
Missing character: There is no l ("6C) in font nullfont!
Missing character: There is no o ("6F) in font nullfont!
Missing character: There is no r ("72) in font nullfont!
Missing character: There is no = ("3D) in font nullfont!
Missing character: There is no ' ("27) in font nullfont!
Missing character: There is no b ("62) in font nullfont!
Missing character: There is no l ("6C) in font nullfont!
Missing character: There is no u ("75) in font nullfont!
Missing character: There is no e ("65) in font nullfont!
Missing character: There is no ' ("27) in font nullfont!
Missing character: There is no ) ("29) in font nullfont!
Missing character: There is no a ("61) in font nullfont!
Missing character: There is no x ("78) in font nullfont!
Missing character: There is no 2 ("32) in font nullfont!
Missing character: There is no . ("2E) in font nullfont!
Missing character: There is no s ("73) in font nullfont!
Missing character: There is no e ("65) in font nullfont!
Missing character: There is no t ("74) in font nullfont!
! Missing $ inserted.
<inserted text> 
                $
l.627 ax2.set_
              xlabel('$x$'); ax2.set_ylabel('$\\dot{x}$')
I've inserted a begin-math/end-math symbol since I think
you left one out. Proceed, with fingers crossed.

Missing character: There is no x ("78) in font nullfont!
Missing character: There is no d ("64) in font nullfont!
Missing character: There is no o ("6F) in font nullfont!
Missing character: There is no t ("74) in font nullfont!
Missing character: There is no x ("78) in font nullfont!

! LaTeX Error: \begin{document} ended by \end{lstlisting}.

See the LaTeX manual or LaTeX Companion for explanation.
Type  H <return>  for immediate help.
 ...                                              
                                                  
l.631 \end{lstlisting}
                      
Your command was ignored.
Type  I <command> <return>  to replace it with another command,
or  <return>  to continue without it.

! Missing $ inserted.
<inserted text> 
                $
l.631 \end{lstlisting}
                      
I've inserted something that you may have forgotten.
(See the <inserted text> above.)
With luck, this will get me unwedged. But if you
really didn't forget anything, try typing `2' now; then
my insertion and my current dilemma will both disappear.

Missing character: There is no 相 ("76F8) in font cmr10!
Missing character: There is no 图 ("56FE) in font cmr10!
Missing character: There is no （ ("FF08) in font cmr10!
Missing character: There is no é ("E9) in font cmmi10!
Missing character: There is no 截 ("622A) in font cmr10!
Missing character: There is no 面 ("9762) in font cmr10!
Missing character: There is no 采 ("91C7) in font cmr10!
Missing character: There is no 样 ("6837) in font cmr10!
Missing character: There is no 后 ("540E) in font cmr10!
Missing character: There is no 段 ("6BB5) in font cmr10!
Missing character: There is no ） ("FF09) in font cmr10!

! LaTeX Error: \begin{document} ended by \end{mycode}.

See the LaTeX manual or LaTeX Companion for explanation.
Type  H <return>  for immediate help.
 ...                                              
                                                  
l.632 \end{mycode}
                  
Your command was ignored.
Type  I <command> <return>  to replace it with another command,
or  <return>  to continue without it.


Overfull \hbox (20.0pt too wide) in paragraph at lines 626--633
[]
 []


Overfull \hbox (107.29301pt too wide) in paragraph at lines 626--633
[]\OML/cmm/m/it/10 label\/lmr/m/n/10 ([]$$[]); \OML/cmm/m/it/10 ax\/lmr/m/n/10 
2\OML/cmm/m/it/10 :set[]label\/lmr/m/n/10 ([]$ 
 []


Overfull \hbox (323.9653pt too wide) in paragraph at lines 626--633
[]\/lmr/m/n/10 )\OML/cmm/m/it/10 ax\/lmr/m/n/10 2\OML/cmm/m/it/10 :set[]itle\/l
mr/m/n/10 ([]\OML/cmm/m/it/10 Poincar[]\/lmr/m/n/10 )\OML/cmm/m/it/10 ax\/lmr/m
/n/10 2\OML/cmm/m/it/10 :set[]spect\/lmr/m/n/10 ([]\OML/cmm/m/it/10 equal[]\/lm
r/m/n/10 )\OML/cmm/m/it/10 plt:tight[]ayout\/lmr/m/n/10 (); \OML/cmm/m/it/10 pl
t:show\/lmr/m/n/10 ()$
 []

! Undefined control sequence.
l.634 \subsection
                 {分岔图}
The control sequence at the end of the top line
of your error message was never \def'ed. If you have
misspelled it (e.g., `\hobx'), type `I' and the correct
spelling (e.g., `I\hbox'). Otherwise just continue,
and I'll forget about whatever was undefined.

Missing character: There is no 分 ("5206) in font nullfont!
Missing character: There is no 岔 ("5C94) in font nullfont!
Missing character: There is no 图 ("56FE) in font nullfont!

! LaTeX Error: Environment mycode undefined.

See the LaTeX manual or LaTeX Companion for explanation.
Type  H <return>  for immediate help.
 ...                                              
                                                  
l.635 \begin{mycode}
                    {Duffing 方程分岔图（激励幅值扫变）}
Your command was ignored.
Type  I <command> <return>  to replace it with another command,
or  <return>  to continue without it.

Missing character: There is no D ("44) in font nullfont!
Missing character: There is no u ("75) in font nullfont!
Missing character: There is no f ("66) in font nullfont!
Missing character: There is no f ("66) in font nullfont!
Missing character: There is no i ("69) in font nullfont!
Missing character: There is no n ("6E) in font nullfont!
Missing character: There is no g ("67) in font nullfont!
Missing character: There is no 方 ("65B9) in font nullfont!
Missing character: There is no 程 ("7A0B) in font nullfont!
Missing character: There is no 分 ("5206) in font nullfont!
Missing character: There is no 岔 ("5C94) in font nullfont!
Missing character: There is no 图 ("56FE) in font nullfont!
Missing character: There is no （ ("FF08) in font nullfont!
Missing character: There is no 激 ("6FC0) in font nullfont!
Missing character: There is no 励 ("52B1) in font nullfont!
Missing character: There is no 幅 ("5E45) in font nullfont!
Missing character: There is no 值 ("503C) in font nullfont!
Missing character: There is no 扫 ("626B) in font nullfont!
Missing character: There is no 变 ("53D8) in font nullfont!
Missing character: There is no ） ("FF09) in font nullfont!

! LaTeX Error: Environment lstlisting undefined.

See the LaTeX manual or LaTeX Companion for explanation.
Type  H <return>  for immediate help.
 ...                                              
                                                  
l.636 \begin{lstlisting}
                        [language=Python]
Your command was ignored.
Type  I <command> <return>  to replace it with another command,
or  <return>  to continue without it.

Missing character: There is no [ ("5B) in font nullfont!
Missing character: There is no l ("6C) in font nullfont!
Missing character: There is no a ("61) in font nullfont!
Missing character: There is no n ("6E) in font nullfont!
Missing character: There is no g ("67) in font nullfont!
Missing character: There is no u ("75) in font nullfont!
Missing character: There is no a ("61) in font nullfont!
Missing character: There is no g ("67) in font nullfont!
Missing character: There is no e ("65) in font nullfont!
Missing character: There is no = ("3D) in font nullfont!
Missing character: There is no P ("50) in font nullfont!
Missing character: There is no y ("79) in font nullfont!
Missing character: There is no t ("74) in font nullfont!
Missing character: There is no h ("68) in font nullfont!
Missing character: There is no o ("6F) in font nullfont!
Missing character: There is no n ("6E) in font nullfont!
Missing character: There is no ] ("5D) in font nullfont!
Missing character: There is no i ("69) in font nullfont!
Missing character: There is no m ("6D) in font nullfont!
Missing character: There is no p ("70) in font nullfont!
Missing character: There is no o ("6F) in font nullfont!
Missing character: There is no r ("72) in font nullfont!
Missing character: There is no t ("74) in font nullfont!
Missing character: There is no n ("6E) in font nullfont!
Missing character: There is no u ("75) in font nullfont!
Missing character: There is no m ("6D) in font nullfont!
Missing character: There is no p ("70) in font nullfont!
Missing character: There is no y ("79) in font nullfont!
Missing character: There is no a ("61) in font nullfont!
Missing character: There is no s ("73) in font nullfont!
Missing character: There is no n ("6E) in font nullfont!
Missing character: There is no p ("70) in font nullfont!
Missing character: There is no f ("66) in font nullfont!
Missing character: There is no r ("72) in font nullfont!
Missing character: There is no o ("6F) in font nullfont!
Missing character: There is no m ("6D) in font nullfont!
Missing character: There is no s ("73) in font nullfont!
Missing character: There is no c ("63) in font nullfont!
Missing character: There is no i ("69) in font nullfont!
Missing character: There is no p ("70) in font nullfont!
Missing character: There is no y ("79) in font nullfont!
Missing character: There is no . ("2E) in font nullfont!
Missing character: There is no i ("69) in font nullfont!
Missing character: There is no n ("6E) in font nullfont!
Missing character: There is no t ("74) in font nullfont!
Missing character: There is no e ("65) in font nullfont!
Missing character: There is no g ("67) in font nullfont!
Missing character: There is no r ("72) in font nullfont!
Missing character: There is no a ("61) in font nullfont!
Missing character: There is no t ("74) in font nullfont!
Missing character: There is no e ("65) in font nullfont!
Missing character: There is no i ("69) in font nullfont!
Missing character: There is no m ("6D) in font nullfont!
Missing character: There is no p ("70) in font nullfont!
Missing character: There is no o ("6F) in font nullfont!
Missing character: There is no r ("72) in font nullfont!
Missing character: There is no t ("74) in font nullfont!
Missing character: There is no s ("73) in font nullfont!
Missing character: There is no o ("6F) in font nullfont!
Missing character: There is no l ("6C) in font nullfont!
Missing character: There is no v ("76) in font nullfont!
Missing character: There is no e ("65) in font nullfont!
! Missing $ inserted.
<inserted text> 
                $
l.638 from scipy.integrate import solve_
                                        ivp
I've inserted a begin-math/end-math symbol since I think
you left one out. Proceed, with fingers crossed.

! Missing $ inserted.
<inserted text> 
                $
l.639 
      
I've inserted a begin-math/end-math symbol since I think
you left one out. Proceed, with fingers crossed.


Overfull \hbox (20.0pt too wide) in paragraph at lines 634--639
[]
 []


Overfull \hbox (13.56654pt too wide) in paragraph at lines 634--639
[]\OML/cmm/m/it/10 vp$ 
 []

Missing character: There is no d ("64) in font nullfont!
Missing character: There is no e ("65) in font nullfont!
Missing character: There is no f ("66) in font nullfont!
Missing character: There is no b ("62) in font nullfont!
Missing character: There is no i ("69) in font nullfont!
Missing character: There is no f ("66) in font nullfont!
Missing character: There is no u ("75) in font nullfont!
Missing character: There is no r ("72) in font nullfont!
Missing character: There is no c ("63) in font nullfont!
Missing character: There is no a ("61) in font nullfont!
Missing character: There is no t ("74) in font nullfont!
Missing character: There is no i ("69) in font nullfont!
Missing character: There is no o ("6F) in font nullfont!
Missing character: There is no n ("6E) in font nullfont!
! Missing $ inserted.
<inserted text> 
                $
l.640 def bifurcation_
                      diagram(gamma_range, n_transient=300, n_sample=100):
I've inserted a begin-math/end-math symbol since I think
you left one out. Proceed, with fingers crossed.

! Missing $ inserted.
<inserted text> 
                $
l.651 
      
I've inserted a begin-math/end-math symbol since I think
you left one out. Proceed, with fingers crossed.


Overfull \hbox (20.0pt too wide) in paragraph at lines 640--651
[]
 []


Overfull \hbox (163.03146pt too wide) in paragraph at lines 640--651
[]\OML/cmm/m/it/10 iagram\/lmr/m/n/10 (\OML/cmm/m/it/10 gamma[]ange; n[]ransien
t \/lmr/m/n/10 =
 []


Overfull \hbox (67.21075pt too wide) in paragraph at lines 640--651
\/lmr/m/n/10 300\OML/cmm/m/it/10 ; n[]ample \/lmr/m/n/10 =
 []


Overfull \hbox (24.44444pt too wide) in paragraph at lines 640--651
\/lmr/m/n/10 100) :
 []


Overfull \hbox (116.91554pt too wide) in paragraph at lines 640--651
\OML/cmm/m/it/10 delta; alpha; beta; omega \/lmr/m/n/10 =
 []


Overfull \hbox (95.01048pt too wide) in paragraph at lines 640--651
\/lmr/m/n/10 0\OML/cmm/m/it/10 :\/lmr/m/n/10 25\OML/cmm/m/it/10 ; \OMS/cmsy/m/n
/10 ^^@\/lmr/m/n/10 1\OML/cmm/m/it/10 :\/lmr/m/n/10 0\OML/cmm/m/it/10 ; \/lmr/m
/n/10 1\OML/cmm/m/it/10 :\/lmr/m/n/10 0\OML/cmm/m/it/10 ; \/lmr/m/n/10 1\OML/cm
m/m/it/10 :\/lmr/m/n/10 0\OML/cmm/m/it/10 T \/lmr/m/n/10 =
 []


Overfull \hbox (10.00003pt too wide) in paragraph at lines 640--651
\/lmr/m/n/10 2 \OMS/cmsy/m/n/10 ^^C
 []


Overfull \hbox (90.76427pt too wide) in paragraph at lines 640--651
\OML/cmm/m/it/10 np:pi=omegabifur \/lmr/m/n/10 =
 []


Overfull \hbox (128.18965pt too wide) in paragraph at lines 640--651
\/lmr/m/n/10 []\OML/cmm/m/it/10 forgammaingamma[]ange \/lmr/m/n/10 :
 []


Overfull \hbox (23.27081pt too wide) in paragraph at lines 640--651
\OML/cmm/m/it/10 sol \/lmr/m/n/10 =
 []


Overfull \hbox (153.81941pt too wide) in paragraph at lines 640--651
\OML/cmm/m/it/10 solve[]vp\/lmr/m/n/10 (\OML/cmm/m/it/10 duffing; \/lmr/m/n/10 
[0\OML/cmm/m/it/10 ; \/lmr/m/n/10 (\OML/cmm/m/it/10 n[]ransient \/lmr/m/n/10 +
 []


Overfull \hbox (46.0997pt too wide) in paragraph at lines 640--651
\OML/cmm/m/it/10 n[]ample\/lmr/m/n/10 ) \OMS/cmsy/m/n/10 ^^C
 []


Overfull \hbox (84.90161pt too wide) in paragraph at lines 640--651
\OML/cmm/m/it/10 T\/lmr/m/n/10 ]\OML/cmm/m/it/10 ; \/lmr/m/n/10 [0\OML/cmm/m/it
/10 :\/lmr/m/n/10 5\OML/cmm/m/it/10 ; \/lmr/m/n/10 0\OML/cmm/m/it/10 :\/lmr/m/n
/10 0]\OML/cmm/m/it/10 ; args \/lmr/m/n/10 =
 []


Overfull \hbox (204.19693pt too wide) in paragraph at lines 640--651
\/lmr/m/n/10 (\OML/cmm/m/it/10 delta; alpha; beta; gamma; omega\/lmr/m/n/10 )\O
ML/cmm/m/it/10 ; max[]tep \/lmr/m/n/10 =
 []


Overfull \hbox (53.38312pt too wide) in paragraph at lines 640--651
\OML/cmm/m/it/10 T=\/lmr/m/n/10 50\OML/cmm/m/it/10 ; rtol \/lmr/m/n/10 =
 []


Overfull \hbox (17.43408pt too wide) in paragraph at lines 640--651
\/lmr/m/n/10 1\OML/cmm/m/it/10 e \OMS/cmsy/m/n/10 ^^@
 []


Overfull \hbox (43.06485pt too wide) in paragraph at lines 640--651
\/lmr/m/n/10 9)\OML/cmm/m/it/10 x[]als \/lmr/m/n/10 =
 []


Overfull \hbox (83.52098pt too wide) in paragraph at lines 640--651
\OML/cmm/m/it/10 sol:y\/lmr/m/n/10 [0\OML/cmm/m/it/10 ; \OMS/cmsy/m/n/10 ^^@\OM
L/cmm/m/it/10 n[]ample \/lmr/m/n/10 :
 []


Overfull \hbox (289.20189pt too wide) in paragraph at lines 640--651
\/lmr/m/n/10 ]\OML/cmm/m/it/10 bifur:extend\/lmr/m/n/10 ([(\OML/cmm/m/it/10 gam
ma; xv\/lmr/m/n/10 )\OML/cmm/m/it/10 forxvinx[]als\/lmr/m/n/10 ])\OML/cmm/m/it/
10 returnnp:array\/lmr/m/n/10 (\OML/cmm/m/it/10 bifur\/lmr/m/n/10 )$ 
 []

Missing character: There is no g ("67) in font nullfont!
Missing character: There is no a ("61) in font nullfont!
Missing character: There is no m ("6D) in font nullfont!
Missing character: There is no m ("6D) in font nullfont!
Missing character: There is no a ("61) in font nullfont!
! Missing $ inserted.
<inserted text> 
                $
l.652 gamma_
            vals = np.linspace(0.1, 0.5, 400)
I've inserted a begin-math/end-math symbol since I think
you left one out. Proceed, with fingers crossed.

! Missing $ inserted.
<inserted text> 
                $
l.654 
      
I've inserted a begin-math/end-math symbol since I think
you left one out. Proceed, with fingers crossed.


Overfull \hbox (48.46066pt too wide) in paragraph at lines 652--654
[]$[]\OML/cmm/m/it/10 als \/lmr/m/n/10 =
 []


Overfull \hbox (137.59348pt too wide) in paragraph at lines 652--654
\OML/cmm/m/it/10 np:linspace\/lmr/m/n/10 (0\OML/cmm/m/it/10 :\/lmr/m/n/10 1\OML
/cmm/m/it/10 ; \/lmr/m/n/10 0\OML/cmm/m/it/10 :\/lmr/m/n/10 5\OML/cmm/m/it/10 ;
 \/lmr/m/n/10 400)\OML/cmm/m/it/10 data \/lmr/m/n/10 =
 []


Overfull \hbox (148.06348pt too wide) in paragraph at lines 652--654
\OML/cmm/m/it/10 bifurcation[]iagram\/lmr/m/n/10 (\OML/cmm/m/it/10 gamma[]als\/
lmr/m/n/10 )$ 
 []

Missing character: There is no p ("70) in font nullfont!
Missing character: There is no l ("6C) in font nullfont!
Missing character: There is no t ("74) in font nullfont!
Missing character: There is no . ("2E) in font nullfont!
Missing character: There is no f ("66) in font nullfont!
Missing character: There is no i ("69) in font nullfont!
Missing character: There is no g ("67) in font nullfont!
Missing character: There is no u ("75) in font nullfont!
Missing character: There is no r ("72) in font nullfont!
Missing character: There is no e ("65) in font nullfont!
Missing character: There is no ( ("28) in font nullfont!
Missing character: There is no f ("66) in font nullfont!
Missing character: There is no i ("69) in font nullfont!
Missing character: There is no g ("67) in font nullfont!
Missing character: There is no s ("73) in font nullfont!
Missing character: There is no i ("69) in font nullfont!
Missing character: There is no z ("7A) in font nullfont!
Missing character: There is no e ("65) in font nullfont!
Missing character: There is no = ("3D) in font nullfont!
Missing character: There is no ( ("28) in font nullfont!
Missing character: There is no 1 ("31) in font nullfont!
Missing character: There is no 0 ("30) in font nullfont!
Missing character: There is no , ("2C) in font nullfont!
Missing character: There is no 6 ("36) in font nullfont!
Missing character: There is no ) ("29) in font nullfont!
Missing character: There is no ) ("29) in font nullfont!
Missing character: There is no p ("70) in font nullfont!
Missing character: There is no l ("6C) in font nullfont!
Missing character: There is no t ("74) in font nullfont!
Missing character: There is no . ("2E) in font nullfont!
Missing character: There is no p ("70) in font nullfont!
Missing character: There is no l ("6C) in font nullfont!
Missing character: There is no o ("6F) in font nullfont!
Missing character: There is no t ("74) in font nullfont!
Missing character: There is no ( ("28) in font nullfont!
Missing character: There is no d ("64) in font nullfont!
Missing character: There is no a ("61) in font nullfont!
Missing character: There is no t ("74) in font nullfont!
Missing character: There is no a ("61) in font nullfont!
Missing character: There is no [ ("5B) in font nullfont!
Missing character: There is no : ("3A) in font nullfont!
Missing character: There is no , ("2C) in font nullfont!
Missing character: There is no 0 ("30) in font nullfont!
Missing character: There is no ] ("5D) in font nullfont!
Missing character: There is no , ("2C) in font nullfont!
Missing character: There is no d ("64) in font nullfont!
Missing character: There is no a ("61) in font nullfont!
Missing character: There is no t ("74) in font nullfont!
Missing character: There is no a ("61) in font nullfont!
Missing character: There is no [ ("5B) in font nullfont!
Missing character: There is no : ("3A) in font nullfont!
Missing character: There is no , ("2C) in font nullfont!
Missing character: There is no 1 ("31) in font nullfont!
Missing character: There is no ] ("5D) in font nullfont!
Missing character: There is no , ("2C) in font nullfont!
Missing character: There is no ' ("27) in font nullfont!
Missing character: There is no k ("6B) in font nullfont!
Missing character: There is no . ("2E) in font nullfont!
Missing character: There is no ' ("27) in font nullfont!
Missing character: There is no , ("2C) in font nullfont!
Missing character: There is no m ("6D) in font nullfont!
Missing character: There is no a ("61) in font nullfont!
Missing character: There is no r ("72) in font nullfont!
Missing character: There is no k ("6B) in font nullfont!
Missing character: There is no e ("65) in font nullfont!
Missing character: There is no r ("72) in font nullfont!
Missing character: There is no s ("73) in font nullfont!
Missing character: There is no i ("69) in font nullfont!
Missing character: There is no z ("7A) in font nullfont!
Missing character: There is no e ("65) in font nullfont!
Missing character: There is no = ("3D) in font nullfont!
Missing character: There is no 0 ("30) in font nullfont!
Missing character: There is no . ("2E) in font nullfont!
Missing character: There is no 3 ("33) in font nullfont!
Missing character: There is no , ("2C) in font nullfont!
Missing character: There is no a ("61) in font nullfont!
Missing character: There is no l ("6C) in font nullfont!
Missing character: There is no p ("70) in font nullfont!
Missing character: There is no h ("68) in font nullfont!
Missing character: There is no a ("61) in font nullfont!
Missing character: There is no = ("3D) in font nullfont!
Missing character: There is no 0 ("30) in font nullfont!
Missing character: There is no . ("2E) in font nullfont!
Missing character: There is no 6 ("36) in font nullfont!
Missing character: There is no ) ("29) in font nullfont!
Missing character: There is no p ("70) in font nullfont!
Missing character: There is no l ("6C) in font nullfont!
Missing character: There is no t ("74) in font nullfont!
Missing character: There is no . ("2E) in font nullfont!
Missing character: There is no x ("78) in font nullfont!
Missing character: There is no l ("6C) in font nullfont!
Missing character: There is no a ("61) in font nullfont!
Missing character: There is no b ("62) in font nullfont!
Missing character: There is no e ("65) in font nullfont!
Missing character: There is no l ("6C) in font nullfont!
Missing character: There is no ( ("28) in font nullfont!
Missing character: There is no ' ("27) in font nullfont!
Missing character: There is no ' ("27) in font nullfont!
Missing character: There is no ) ("29) in font nullfont!
Missing character: There is no ; ("3B) in font nullfont!
Missing character: There is no p ("70) in font nullfont!
Missing character: There is no l ("6C) in font nullfont!
Missing character: There is no t ("74) in font nullfont!
Missing character: There is no . ("2E) in font nullfont!
Missing character: There is no y ("79) in font nullfont!
Missing character: There is no l ("6C) in font nullfont!
Missing character: There is no a ("61) in font nullfont!
Missing character: There is no b ("62) in font nullfont!
Missing character: There is no e ("65) in font nullfont!
Missing character: There is no l ("6C) in font nullfont!
Missing character: There is no ( ("28) in font nullfont!
Missing character: There is no ' ("27) in font nullfont!
Missing character: There is no ( ("28) in font nullfont!
Missing character: There is no P ("50) in font nullfont!
Missing character: There is no o ("6F) in font nullfont!
Missing character: There is no i ("69) in font nullfont!
Missing character: There is no n ("6E) in font nullfont!
Missing character: There is no c ("63) in font nullfont!
Missing character: There is no a ("61) in font nullfont!
Missing character: There is no r ("72) in font nullfont!
Missing character: There is no é ("E9) in font nullfont!
Missing character: There is no ) ("29) in font nullfont!
Missing character: There is no ' ("27) in font nullfont!
Missing character: There is no ) ("29) in font nullfont!
Missing character: There is no p ("70) in font nullfont!
Missing character: There is no l ("6C) in font nullfont!
Missing character: There is no t ("74) in font nullfont!
Missing character: There is no . ("2E) in font nullfont!
Missing character: There is no t ("74) in font nullfont!
Missing character: There is no i ("69) in font nullfont!
Missing character: There is no t ("74) in font nullfont!
Missing character: There is no l ("6C) in font nullfont!
Missing character: There is no e ("65) in font nullfont!
Missing character: There is no ( ("28) in font nullfont!
Missing character: There is no ' ("27) in font nullfont!
Missing character: There is no D ("44) in font nullfont!
Missing character: There is no u ("75) in font nullfont!
Missing character: There is no f ("66) in font nullfont!
Missing character: There is no f ("66) in font nullfont!
Missing character: There is no i ("69) in font nullfont!
Missing character: There is no n ("6E) in font nullfont!
Missing character: There is no g ("67) in font nullfont!
Missing character: There is no 方 ("65B9) in font nullfont!
Missing character: There is no 程 ("7A0B) in font nullfont!
Missing character: There is no 分 ("5206) in font nullfont!
Missing character: There is no 岔 ("5C94) in font nullfont!
Missing character: There is no 图 ("56FE) in font nullfont!
Missing character: There is no ' ("27) in font nullfont!
Missing character: There is no ) ("29) in font nullfont!
Missing character: There is no p ("70) in font nullfont!
Missing character: There is no l ("6C) in font nullfont!
Missing character: There is no t ("74) in font nullfont!
Missing character: There is no . ("2E) in font nullfont!
Missing character: There is no t ("74) in font nullfont!
Missing character: There is no i ("69) in font nullfont!
Missing character: There is no g ("67) in font nullfont!
Missing character: There is no h ("68) in font nullfont!
Missing character: There is no t ("74) in font nullfont!
! Missing $ inserted.
<inserted text> 
                $
l.659 plt.tight_
                layout(); plt.show()
I've inserted a begin-math/end-math symbol since I think
you left one out. Proceed, with fingers crossed.


! LaTeX Error: \begin{document} ended by \end{lstlisting}.

See the LaTeX manual or LaTeX Companion for explanation.
Type  H <return>  for immediate help.
 ...                                              
                                                  
l.660 \end{lstlisting}
                      
Your command was ignored.
Type  I <command> <return>  to replace it with another command,
or  <return>  to continue without it.

! Missing $ inserted.
<inserted text> 
                $
l.660 \end{lstlisting}
                      
I've inserted something that you may have forgotten.
(See the <inserted text> above.)
With luck, this will get me unwedged. But if you
really didn't forget anything, try typing `2' now; then
my insertion and my current dilemma will both disappear.


! LaTeX Error: \begin{document} ended by \end{mycode}.

See the LaTeX manual or LaTeX Companion for explanation.
Type  H <return>  for immediate help.
 ...                                              
                                                  
l.661 \end{mycode}
                  
Your command was ignored.
Type  I <command> <return>  to replace it with another command,
or  <return>  to continue without it.


Overfull \hbox (20.0pt too wide) in paragraph at lines 655--662
[]
 []


Overfull \hbox (33.26051pt too wide) in paragraph at lines 655--662
\OML/cmm/m/it/10 gamma$
 []


Overfull \hbox (5.71527pt too wide) in paragraph at lines 655--662
\OML/cmm/m/it/10 x$
 []


Overfull \hbox (85.12517pt too wide) in paragraph at lines 655--662
[]\OML/cmm/m/it/10 ayout\/lmr/m/n/10 (); \OML/cmm/m/it/10 plt:show\/lmr/m/n/10 
()$
 []

! Undefined control sequence.
l.663 \section
              {习题与思考}
The control sequence at the end of the top line
of your error message was never \def'ed. If you have
misspelled it (e.g., `\hobx'), type `I' and the correct
spelling (e.g., `I\hbox'). Otherwise just continue,
and I'll forget about whatever was undefined.

Missing character: There is no 习 ("4E60) in font nullfont!
Missing character: There is no 题 ("9898) in font nullfont!
Missing character: There is no 与 ("4E0E) in font nullfont!
Missing character: There is no 思 ("601D) in font nullfont!
Missing character: There is no 考 ("8003) in font nullfont!

Overfull \hbox (20.0pt too wide) in paragraph at lines 663--664
[] 
 []

Missing character: There is no 推 ("63A8) in font nullfont!
Missing character: There is no 导 ("5BFC) in font nullfont!
Missing character: There is no 硬 ("786C) in font nullfont!
Missing character: There is no 弹 ("5F39) in font nullfont!
Missing character: There is no 簧 ("7C27) in font nullfont!
Missing character: There is no D ("44) in font nullfont!
Missing character: There is no u ("75) in font nullfont!
Missing character: There is no f ("66) in font nullfont!
Missing character: There is no f ("66) in font nullfont!
Missing character: There is no i ("69) in font nullfont!
Missing character: There is no n ("6E) in font nullfont!
Missing character: There is no g ("67) in font nullfont!
Missing character: There is no 方 ("65B9) in font nullfont!
Missing character: There is no 程 ("7A0B) in font nullfont!
Missing character: There is no 的 ("7684) in font nullfont!
Missing character: There is no 单 ("5355) in font nullfont!
Missing character: There is no 谐 ("8C10) in font nullfont!
Missing character: There is no 波 ("6CE2) in font nullfont!
Missing character: There is no 平 ("5E73) in font nullfont!
Missing character: There is no 衡 ("8861) in font nullfont!
Missing character: There is no 法 ("6CD5) in font nullfont!
Missing character: There is no 幅 ("5E45) in font nullfont!
Missing character: There is no 频 ("9891) in font nullfont!
Missing character: There is no 关 ("5173) in font nullfont!
Missing character: There is no 系 ("7CFB) in font nullfont!
Missing character: There is no ， ("FF0C) in font nullfont!
Missing character: There is no 并 ("5E76) in font nullfont!
Missing character: There is no 分 ("5206) in font nullfont!
Missing character: There is no 析 ("6790) in font nullfont!
Missing character: There is no 跳 ("8DF3) in font nullfont!
Missing character: There is no 跃 ("8DC3) in font nullfont!
Missing character: There is no 现 ("73B0) in font nullfont!
Missing character: There is no 象 ("8C61) in font nullfont!
Missing character: There is no 存 ("5B58) in font nullfont!
Missing character: There is no 在 ("5728) in font nullfont!
Missing character: There is no 的 ("7684) in font nullfont!
Missing character: There is no 参 ("53C2) in font nullfont!
Missing character: There is no 数 ("6570) in font nullfont!
Missing character: There is no 条 ("6761) in font nullfont!
Missing character: There is no 件 ("4EF6) in font nullfont!
Missing character: There is no 。 ("3002) in font nullfont!
Missing character: There is no 用 ("7528) in font nullfont!
Missing character: There is no L ("4C) in font nullfont!
Missing character: There is no i ("69) in font nullfont!
Missing character: There is no n ("6E) in font nullfont!
Missing character: There is no d ("64) in font nullfont!
Missing character: There is no s ("73) in font nullfont!
Missing character: There is no t ("74) in font nullfont!
Missing character: There is no e ("65) in font nullfont!
Missing character: There is no d ("64) in font nullfont!
Missing character: There is no t ("74) in font nullfont!
Missing character: There is no - ("2D) in font nullfont!
Missing character: There is no P ("50) in font nullfont!
Missing character: There is no o ("6F) in font nullfont!
Missing character: There is no i ("69) in font nullfont!
Missing character: There is no n ("6E) in font nullfont!
Missing character: There is no c ("63) in font nullfont!
Missing character: There is no a ("61) in font nullfont!
Missing character: There is no r ("72) in font nullfont!
Missing character: There is no 法 ("6CD5) in font nullfont!
Missing character: There is no 求 ("6C42) in font nullfont!
Missing character: There is no 无 ("65E0) in font nullfont!
Missing character: There is no 阻 ("963B) in font nullfont!
Missing character: There is no 尼 ("5C3C) in font nullfont!
Missing character: There is no D ("44) in font nullfont!
Missing character: There is no u ("75) in font nullfont!
Missing character: There is no f ("66) in font nullfont!
Missing character: There is no f ("66) in font nullfont!
Missing character: There is no i ("69) in font nullfont!
Missing character: There is no n ("6E) in font nullfont!
Missing character: There is no g ("67) in font nullfont!
Missing character: There is no 方 ("65B9) in font nullfont!
Missing character: There is no 程 ("7A0B) in font nullfont!
Missing character: There is no 的 ("7684) in font nullfont!
Missing character: There is no 频 ("9891) in font nullfont!
Missing character: There is no 率 ("7387) in font nullfont!
Missing character: There is no - ("2D) in font nullfont!
Missing character: There is no 振 ("632F) in font nullfont!
Missing character: There is no 幅 ("5E45) in font nullfont!
Missing character: There is no 关 ("5173) in font nullfont!
Missing character: There is no 系 ("7CFB) in font nullfont!
Missing character: There is no 至 ("81F3) in font nullfont!
Missing character: There is no 。 ("3002) in font nullfont!

Overfull \hbox (4.44444pt too wide) in paragraph at lines 666--667
[]\/lmr/m/n/10 e
 []


Overfull \hbox (13.49307pt too wide) in paragraph at lines 666--667
[] \/lmr/m/n/10 +
 []


Overfull \hbox (24.56252pt too wide) in paragraph at lines 666--667
\OML/cmm/m/it/10 ![]x \/lmr/m/n/10 +
 []


Overfull \hbox (25.42009pt too wide) in paragraph at lines 666--667
\OML/cmm/m/it/10 "x[] \/lmr/m/n/10 =
 []


Overfull \hbox (5.00002pt too wide) in paragraph at lines 666--667
\/lmr/m/n/10 0$
 []


Overfull \hbox (25.16603pt too wide) in paragraph at lines 666--667
\OMS/cmsy/m/n/10 O\/lmr/m/n/10 (\OML/cmm/m/it/10 "[]\/lmr/m/n/10 )$ 
 []

Missing character: There is no 分 ("5206) in font nullfont!
Missing character: There is no 析 ("6790) in font nullfont!
Missing character: There is no V ("56) in font nullfont!
Missing character: There is no a ("61) in font nullfont!
Missing character: There is no n ("6E) in font nullfont!
Missing character: There is no d ("64) in font nullfont!
Missing character: There is no e ("65) in font nullfont!
Missing character: There is no r ("72) in font nullfont!
Missing character: There is no P ("50) in font nullfont!
Missing character: There is no o ("6F) in font nullfont!
Missing character: There is no l ("6C) in font nullfont!
Missing character: There is no 方 ("65B9) in font nullfont!
Missing character: There is no 程 ("7A0B) in font nullfont!
Missing character: There is no 在 ("5728) in font nullfont!
Missing character: There is no 极 ("6781) in font nullfont!
Missing character: There is no 限 ("9650) in font nullfont!
Missing character: There is no 下 ("4E0B) in font nullfont!
Missing character: There is no 极 ("6781) in font nullfont!
Missing character: There is no 限 ("9650) in font nullfont!
Missing character: There is no 环 ("73AF) in font nullfont!
Missing character: There is no 的 ("7684) in font nullfont!
Missing character: There is no 振 ("632F) in font nullfont!
Missing character: There is no 幅 ("5E45) in font nullfont!
Missing character: There is no 和 ("548C) in font nullfont!
Missing character: There is no 周 ("5468) in font nullfont!
Missing character: There is no 期 ("671F) in font nullfont!
Missing character: There is no ， ("FF0C) in font nullfont!
Missing character: There is no 用 ("7528) in font nullfont!
Missing character: There is no 平 ("5E73) in font nullfont!
Missing character: There is no 均 ("5747) in font nullfont!
Missing character: There is no 法 ("6CD5) in font nullfont!
Missing character: There is no 验 ("9A8C) in font nullfont!
Missing character: There is no 证 ("8BC1) in font nullfont!
Missing character: There is no 。 ("3002) in font nullfont!

Overfull \hbox (18.8032pt too wide) in paragraph at lines 667--668
\OML/cmm/m/it/10 ^^V \OMS/cmsy/m/n/10 ^^\
 []


Overfull \hbox (5.00002pt too wide) in paragraph at lines 667--668
\/lmr/m/n/10 1$ 
 []

Missing character: There is no 用 ("7528) in font nullfont!
Missing character: There is no 相 ("76F8) in font nullfont!
Missing character: There is no 平 ("5E73) in font nullfont!
Missing character: There is no 面 ("9762) in font nullfont!
Missing character: There is no 分 ("5206) in font nullfont!
Missing character: There is no 析 ("6790) in font nullfont!
Missing character: There is no 方 ("65B9) in font nullfont!
Missing character: There is no 法 ("6CD5) in font nullfont!
Missing character: There is no ， ("FF0C) in font nullfont!
Missing character: There is no 定 ("5B9A) in font nullfont!
Missing character: There is no 性 ("6027) in font nullfont!
Missing character: There is no 绘 ("7ED8) in font nullfont!
Missing character: There is no 制 ("5236) in font nullfont!
Missing character: There is no 硬 ("786C) in font nullfont!
Missing character: There is no 弹 ("5F39) in font nullfont!
Missing character: There is no 簧 ("7C27) in font nullfont!
Missing character: There is no D ("44) in font nullfont!
Missing character: There is no u ("75) in font nullfont!
Missing character: There is no f ("66) in font nullfont!
Missing character: There is no f ("66) in font nullfont!
Missing character: There is no i ("69) in font nullfont!
Missing character: There is no n ("6E) in font nullfont!
Missing character: There is no g ("67) in font nullfont!
Missing character: There is no 方 ("65B9) in font nullfont!
Missing character: There is no 程 ("7A0B) in font nullfont!
Missing character: There is no （ ("FF08) in font nullfont!
Missing character: There is no ） ("FF09) in font nullfont!
Missing character: There is no 与 ("4E0E) in font nullfont!
Missing character: There is no 双 ("53CC) in font nullfont!
Missing character: There is no 势 ("52BF) in font nullfont!
Missing character: There is no 阱 ("9631) in font nullfont!
Missing character: There is no D ("44) in font nullfont!
Missing character: There is no u ("75) in font nullfont!
Missing character: There is no f ("66) in font nullfont!
Missing character: There is no f ("66) in font nullfont!
Missing character: There is no i ("69) in font nullfont!
Missing character: There is no n ("6E) in font nullfont!
Missing character: There is no g ("67) in font nullfont!
Missing character: There is no 方 ("65B9) in font nullfont!
Missing character: There is no 程 ("7A0B) in font nullfont!
Missing character: There is no （ ("FF08) in font nullfont!
Missing character: There is no ） ("FF09) in font nullfont!
Missing character: There is no 的 ("7684) in font nullfont!
Missing character: There is no 相 ("76F8) in font nullfont!
Missing character: There is no 图 ("56FE) in font nullfont!
Missing character: There is no 差 ("5DEE) in font nullfont!
Missing character: There is no 异 ("5F02) in font nullfont!
Missing character: There is no 。 ("3002) in font nullfont!

Overfull \hbox (16.98955pt too wide) in paragraph at lines 668--669
\OML/cmm/m/it/10 ^^K >
 []


Overfull \hbox (26.18396pt too wide) in paragraph at lines 668--669
\/lmr/m/n/10 0\OML/cmm/m/it/10 ; ^^L >
 []


Overfull \hbox (5.00002pt too wide) in paragraph at lines 668--669
\/lmr/m/n/10 0$
 []


Overfull \hbox (16.98955pt too wide) in paragraph at lines 668--669
\OML/cmm/m/it/10 ^^K <
 []


Overfull \hbox (26.18396pt too wide) in paragraph at lines 668--669
\/lmr/m/n/10 0\OML/cmm/m/it/10 ; ^^L >
 []


Overfull \hbox (5.00002pt too wide) in paragraph at lines 668--669
\/lmr/m/n/10 0$ 
 []

Missing character: There is no 用 ("7528) in font nullfont!
Missing character: There is no P ("50) in font nullfont!
Missing character: There is no o ("6F) in font nullfont!
Missing character: There is no i ("69) in font nullfont!
Missing character: There is no n ("6E) in font nullfont!
Missing character: There is no c ("63) in font nullfont!
Missing character: There is no a ("61) in font nullfont!
Missing character: There is no r ("72) in font nullfont!
Missing character: There is no 截 ("622A) in font nullfont!
Missing character: There is no 面 ("9762) in font nullfont!
Missing character: There is no 法 ("6CD5) in font nullfont!
Missing character: There is no 判 ("5224) in font nullfont!
Missing character: There is no 断 ("65AD) in font nullfont!
Missing character: There is no D ("44) in font nullfont!
Missing character: There is no u ("75) in font nullfont!
Missing character: There is no f ("66) in font nullfont!
Missing character: There is no f ("66) in font nullfont!
Missing character: There is no i ("69) in font nullfont!
Missing character: There is no n ("6E) in font nullfont!
Missing character: There is no g ("67) in font nullfont!
Missing character: There is no 方 ("65B9) in font nullfont!
Missing character: There is no 程 ("7A0B) in font nullfont!
Missing character: There is no 在 ("5728) in font nullfont!
Missing character: There is no 不 ("4E0D) in font nullfont!
Missing character: There is no 同 ("540C) in font nullfont!
Missing character: There is no 参 ("53C2) in font nullfont!
Missing character: There is no 数 ("6570) in font nullfont!
Missing character: There is no 下 ("4E0B) in font nullfont!
Missing character: There is no 的 ("7684) in font nullfont!
Missing character: There is no 运 ("8FD0) in font nullfont!
Missing character: There is no 动 ("52A8) in font nullfont!
Missing character: There is no 状 ("72B6) in font nullfont!
Missing character: There is no 态 ("6001) in font nullfont!
Missing character: There is no （ ("FF08) in font nullfont!
Missing character: There is no 周 ("5468) in font nullfont!
Missing character: There is no 期 ("671F) in font nullfont!
Missing character: There is no 、 ("3001) in font nullfont!
Missing character: There is no 准 ("51C6) in font nullfont!
Missing character: There is no 周 ("5468) in font nullfont!
Missing character: There is no 期 ("671F) in font nullfont!
Missing character: There is no 、 ("3001) in font nullfont!
Missing character: There is no 混 ("6DF7) in font nullfont!
Missing character: There is no 沌 ("6C8C) in font nullfont!
Missing character: There is no ） ("FF09) in font nullfont!
Missing character: There is no 。 ("3002) in font nullfont!

Overfull \hbox (4.44444pt too wide) in paragraph at lines 669--670
[]\/lmr/m/n/10 e
 []

Missing character: There is no 推 ("63A8) in font nullfont!
Missing character: There is no 导 ("5BFC) in font nullfont!
Missing character: There is no 单 ("5355) in font nullfont!
Missing character: There is no 摆 ("6446) in font nullfont!
Missing character: There is no 大 ("5927) in font nullfont!
Missing character: There is no 振 ("632F) in font nullfont!
Missing character: There is no 幅 ("5E45) in font nullfont!
Missing character: There is no 周 ("5468) in font nullfont!
Missing character: There is no 期 ("671F) in font nullfont!
Missing character: There is no 的 ("7684) in font nullfont!
Missing character: There is no 积 ("79EF) in font nullfont!
Missing character: There is no 分 ("5206) in font nullfont!
Missing character: There is no 表 ("8868) in font nullfont!
Missing character: There is no 达 ("8FBE) in font nullfont!
Missing character: There is no 式 ("5F0F) in font nullfont!
Missing character: There is no ， ("FF0C) in font nullfont!
Missing character: There is no 将 ("5C06) in font nullfont!
Missing character: There is no 椭 ("692D) in font nullfont!
Missing character: There is no 圆 ("5706) in font nullfont!
Missing character: There is no 积 ("79EF) in font nullfont!
Missing character: There is no 分 ("5206) in font nullfont!
Missing character: There is no 展 ("5C55) in font nullfont!
Missing character: There is no 至 ("81F3) in font nullfont!
Missing character: There is no 阶 ("9636) in font nullfont!
Missing character: There is no 并 ("5E76) in font nullfont!
Missing character: There is no 评 ("8BC4) in font nullfont!
Missing character: There is no 估 ("4F30) in font nullfont!
Missing character: There is no 小 ("5C0F) in font nullfont!
Missing character: There is no 角 ("89D2) in font nullfont!
Missing character: There is no 度 ("5EA6) in font nullfont!
Missing character: There is no 近 ("8FD1) in font nullfont!
Missing character: There is no 似 ("4F3C) in font nullfont!
Missing character: There is no 的 ("7684) in font nullfont!
Missing character: There is no 误 ("8BEF) in font nullfont!
Missing character: There is no 差 ("5DEE) in font nullfont!
Missing character: There is no （ ("FF08) in font nullfont!
Missing character: There is no ） ("FF09) in font nullfont!
Missing character: There is no 。 ("3002) in font nullfont!

Overfull \hbox (19.95146pt too wide) in paragraph at lines 670--671
\OML/cmm/m/it/10 ^^R[]$
 []


Overfull \hbox (30.50697pt too wide) in paragraph at lines 670--671
\OML/cmm/m/it/10 ^^R[] \/lmr/m/n/10 =
 []


Overfull \hbox (52.6806pt too wide) in paragraph at lines 670--671
\/lmr/m/n/10 30[]\OML/cmm/m/it/10 ; \/lmr/m/n/10 60[]\OML/cmm/m/it/10 ; \/lmr/m
/n/10 90[]$ 
 []

Missing character: There is no 解 ("89E3) in font nullfont!
Missing character: There is no 释 ("91CA) in font nullfont!
Missing character: There is no ： ("FF1A) in font nullfont!
Missing character: There is no 为 ("4E3A) in font nullfont!
Missing character: There is no 什 ("4EC0) in font nullfont!
Missing character: There is no 么 ("4E48) in font nullfont!
Missing character: There is no 非 ("975E) in font nullfont!
Missing character: There is no 线 ("7EBF) in font nullfont!
Missing character: There is no 性 ("6027) in font nullfont!
Missing character: There is no 系 ("7CFB) in font nullfont!
Missing character: There is no 统 ("7EDF) in font nullfont!
Missing character: There is no 的 ("7684) in font nullfont!
Missing character: There is no 共 ("5171) in font nullfont!
Missing character: There is no 振 ("632F) in font nullfont!
Missing character: There is no 峰 ("5CF0) in font nullfont!
Missing character: There is no 会 ("4F1A) in font nullfont!
Missing character: There is no 出 ("51FA) in font nullfont!
Missing character: There is no 现 ("73B0) in font nullfont!
Missing character: There is no " ("22) in font nullfont!
Missing character: There is no 弯 ("5F2F) in font nullfont!
Missing character: There is no 曲 ("66F2) in font nullfont!
Missing character: There is no " ("22) in font nullfont!
Missing character: There is no （ ("FF08) in font nullfont!
Missing character: There is no s ("73) in font nullfont!
Missing character: There is no k ("6B) in font nullfont!
Missing character: There is no e ("65) in font nullfont!
Missing character: There is no w ("77) in font nullfont!
Missing character: There is no e ("65) in font nullfont!
Missing character: There is no d ("64) in font nullfont!
Missing character: There is no r ("72) in font nullfont!
Missing character: There is no e ("65) in font nullfont!
Missing character: There is no s ("73) in font nullfont!
Missing character: There is no o ("6F) in font nullfont!
Missing character: There is no n ("6E) in font nullfont!
Missing character: There is no a ("61) in font nullfont!
Missing character: There is no n ("6E) in font nullfont!
Missing character: There is no c ("63) in font nullfont!
Missing character: There is no e ("65) in font nullfont!
Missing character: There is no ） ("FF09) in font nullfont!
Missing character: There is no ？ ("FF1F) in font nullfont!
Missing character: There is no 与 ("4E0E) in font nullfont!
Missing character: There is no 线 ("7EBF) in font nullfont!
Missing character: There is no 性 ("6027) in font nullfont!
Missing character: There is no 系 ("7CFB) in font nullfont!
Missing character: There is no 统 ("7EDF) in font nullfont!
Missing character: There is no 相 ("76F8) in font nullfont!
Missing character: There is no 比 ("6BD4) in font nullfont!
Missing character: There is no ， ("FF0C) in font nullfont!
Missing character: There is no 弯 ("5F2F) in font nullfont!
Missing character: There is no 曲 ("66F2) in font nullfont!
Missing character: There is no 方 ("65B9) in font nullfont!
Missing character: There is no 向 ("5411) in font nullfont!
Missing character: There is no 由 ("7531) in font nullfont!
Missing character: There is no 什 ("4EC0) in font nullfont!
Missing character: There is no 么 ("4E48) in font nullfont!
Missing character: There is no 决 ("51B3) in font nullfont!
Missing character: There is no 定 ("5B9A) in font nullfont!
Missing character: There is no ？ ("FF1F) in font nullfont!
Missing character: There is no 编 ("7F16) in font nullfont!
Missing character: There is no 程 ("7A0B) in font nullfont!
Missing character: There is no 实 ("5B9E) in font nullfont!
Missing character: There is no 现 ("73B0) in font nullfont!
Missing character: There is no D ("44) in font nullfont!
Missing character: There is no u ("75) in font nullfont!
Missing character: There is no f ("66) in font nullfont!
Missing character: There is no f ("66) in font nullfont!
Missing character: There is no i ("69) in font nullfont!
Missing character: There is no n ("6E) in font nullfont!
Missing character: There is no g ("67) in font nullfont!
Missing character: There is no 方 ("65B9) in font nullfont!
Missing character: There is no 程 ("7A0B) in font nullfont!
Missing character: There is no 的 ("7684) in font nullfont!
Missing character: There is no 相 ("76F8) in font nullfont!
Missing character: There is no 图 ("56FE) in font nullfont!
Missing character: There is no 绘 ("7ED8) in font nullfont!
Missing character: There is no 制 ("5236) in font nullfont!
Missing character: There is no ， ("FF0C) in font nullfont!
Missing character: There is no 验 ("9A8C) in font nullfont!
Missing character: There is no 证 ("8BC1) in font nullfont!
Missing character: There is no 跳 ("8DF3) in font nullfont!
Missing character: There is no 跃 ("8DC3) in font nullfont!
Missing character: There is no 现 ("73B0) in font nullfont!
Missing character: There is no 象 ("8C61) in font nullfont!
Missing character: There is no （ ("FF08) in font nullfont!
Missing character: There is no 扫 ("626B) in font nullfont!
Missing character: There is no 频 ("9891) in font nullfont!
Missing character: There is no 上 ("4E0A) in font nullfont!
Missing character: There is no 下 ("4E0B) in font nullfont!
Missing character: There is no 行 ("884C) in font nullfont!
Missing character: There is no ） ("FF09) in font nullfont!
Missing character: There is no ， ("FF0C) in font nullfont!
Missing character: There is no 画 ("753B) in font nullfont!
Missing character: There is no 出 ("51FA) in font nullfont!
Missing character: There is no 系 ("7CFB) in font nullfont!
Missing character: There is no 统 ("7EDF) in font nullfont!
Missing character: There is no 的 ("7684) in font nullfont!
Missing character: There is no 分 ("5206) in font nullfont!
Missing character: There is no 岔 ("5C94) in font nullfont!
Missing character: There is no 图 ("56FE) in font nullfont!
Missing character: There is no 并 ("5E76) in font nullfont!
Missing character: There is no 对 ("5BF9) in font nullfont!
Missing character: There is no 主 ("4E3B) in font nullfont!
Missing character: There is no 要 ("8981) in font nullfont!
Missing character: There is no 分 ("5206) in font nullfont!
Missing character: There is no 岔 ("5C94) in font nullfont!
Missing character: There is no 类 ("7C7B) in font nullfont!
Missing character: There is no 型 ("578B) in font nullfont!
Missing character: There is no 进 ("8FDB) in font nullfont!
Missing character: There is no 行 ("884C) in font nullfont!
Missing character: There is no 标 ("6807) in font nullfont!
Missing character: There is no 注 ("6CE8) in font nullfont!
Missing character: There is no 。 ("3002) in font nullfont!
)
! Emergency stop.
<*> Chapter10.tex
                 
*** (job aborted, no legal \end found)

 
Here is how much of TeX's memory you used:
 145 strings out of 473832
 2915 string characters out of 5721224
 414383 words of memory out of 5000000
 23299 multiletter control sequences out of 15000+600000
 563088 words of font info for 43 fonts, out of 8000000 for 9000
 1348 hyphenation exceptions out of 8191
 26i,10n,32p,222b,156s stack positions out of 10000i,1000n,20000p,200000b,200000s
Output written on Chapter10.pdf (1 page).
