This is XeTeX, Version 3.141592653-2.6-0.999997 (TeX Live 2025) (preloaded format=xelatex 2026.2.15)  13 JUL 2026 21:04
entering extended mode
 \write18 enabled.
 file:line:error style messages enabled.
 %&-line parsing enabled.
**KINEMATICS
(./KINEMATICS.tex
LaTeX2e <2024-11-01> patch level 2
L3 programming layer <2025-01-18>
./KINEMATICS.tex:1: Undefined control sequence.
l.1 \chapter
            {KINEMATICS 运动学}
The control sequence at the end of the top line
of your error message was never \def'ed. If you have
misspelled it (e.g., `\hobx'), type `I' and the correct
spelling (e.g., `I\hbox'). Otherwise just continue,
and I'll forget about whatever was undefined.


./KINEMATICS.tex:1: LaTeX Error: Missing \begin{document}.

See the LaTeX manual or LaTeX Companion for explanation.
Type  H <return>  for immediate help.
 ...                                              
                                                  
l.1 \chapter{K
              INEMATICS 运动学}
You're in trouble here.  Try typing  <return>  to proceed.
If that doesn't work, type  X <return>  to quit.

Missing character: There is no K ("4B) in font nullfont!
Missing character: There is no I ("49) in font nullfont!
Missing character: There is no N ("4E) in font nullfont!
Missing character: There is no E ("45) in font nullfont!
Missing character: There is no M ("4D) in font nullfont!
Missing character: There is no A ("41) in font nullfont!
Missing character: There is no T ("54) in font nullfont!
Missing character: There is no I ("49) in font nullfont!
Missing character: There is no C ("43) in font nullfont!
Missing character: There is no S ("53) in font nullfont!
Missing character: There is no 运 ("8FD0) in font nullfont!
Missing character: There is no 动 ("52A8) in font nullfont!
Missing character: There is no 学 ("5B66) in font nullfont!
./KINEMATICS.tex:2: Undefined control sequence.
l.2 \intro
          {盖周天之变，先天领周天，化吾为王。}
The control sequence at the end of the top line
of your error message was never \def'ed. If you have
misspelled it (e.g., `\hobx'), type `I' and the correct
spelling (e.g., `I\hbox'). Otherwise just continue,
and I'll forget about whatever was undefined.

Missing character: There is no 盖 ("76D6) in font nullfont!
Missing character: There is no 周 ("5468) in font nullfont!
Missing character: There is no 天 ("5929) in font nullfont!
Missing character: There is no 之 ("4E4B) in font nullfont!
Missing character: There is no 变 ("53D8) in font nullfont!
Missing character: There is no ， ("FF0C) in font nullfont!
Missing character: There is no 先 ("5148) in font nullfont!
Missing character: There is no 天 ("5929) in font nullfont!
Missing character: There is no 领 ("9886) in font nullfont!
Missing character: There is no 周 ("5468) in font nullfont!
Missing character: There is no 天 ("5929) in font nullfont!
Missing character: There is no ， ("FF0C) in font nullfont!
Missing character: There is no 化 ("5316) in font nullfont!
Missing character: There is no 吾 ("543E) in font nullfont!
Missing character: There is no 为 ("4E3A) in font nullfont!
Missing character: There is no 王 ("738B) in font nullfont!
Missing character: There is no 。 ("3002) in font nullfont!
./KINEMATICS.tex:3: Undefined control sequence.
l.3 \section
            {简单转动(Simple Rotation)}
The control sequence at the end of the top line
of your error message was never \def'ed. If you have
misspelled it (e.g., `\hobx'), type `I' and the correct
spelling (e.g., `I\hbox'). Otherwise just continue,
and I'll forget about whatever was undefined.

Missing character: There is no 简 ("7B80) in font nullfont!
Missing character: There is no 单 ("5355) in font nullfont!
Missing character: There is no 转 ("8F6C) in font nullfont!
Missing character: There is no 动 ("52A8) in font nullfont!
Missing character: There is no ( ("28) in font nullfont!
Missing character: There is no S ("53) in font nullfont!
Missing character: There is no i ("69) in font nullfont!
Missing character: There is no m ("6D) in font nullfont!
Missing character: There is no p ("70) in font nullfont!
Missing character: There is no l ("6C) in font nullfont!
Missing character: There is no e ("65) in font nullfont!
Missing character: There is no R ("52) in font nullfont!
Missing character: There is no o ("6F) in font nullfont!
Missing character: There is no t ("74) in font nullfont!
Missing character: There is no a ("61) in font nullfont!
Missing character: There is no t ("74) in font nullfont!
Missing character: There is no i ("69) in font nullfont!
Missing character: There is no o ("6F) in font nullfont!
Missing character: There is no n ("6E) in font nullfont!
Missing character: There is no ) ("29) in font nullfont!
LaTeX Font Info:    External font `cmex10' loaded for size
(Font)              <7> on input line 4.
LaTeX Font Info:    External font `cmex10' loaded for size
(Font)              <5> on input line 4.
Missing character: There is no 是 ("662F) in font nullfont!
Missing character: There is no 坐 ("5750) in font nullfont!
Missing character: There is no 标 ("6807) in font nullfont!
Missing character: There is no 系 ("7CFB) in font nullfont!
./KINEMATICS.tex:4: Undefined control sequence.
<recently read> \mathbb 
                        
l.4 $\vec{a}$是坐标系$\mathbb
                         {A}$中的一个向量。$\vec{b}$是坐标系$\mathbb{B}$中的一个向量。
The control sequence at the end of the top line
of your error message was never \def'ed. If you have
misspelled it (e.g., `\hobx'), type `I' and the correct
spelling (e.g., `I\hbox'). Otherwise just continue,
and I'll forget about whatever was undefined.

Missing character: There is no 中 ("4E2D) in font nullfont!
Missing character: There is no 的 ("7684) in font nullfont!
Missing character: There is no 一 ("4E00) in font nullfont!
Missing character: There is no 个 ("4E2A) in font nullfont!
Missing character: There is no 向 ("5411) in font nullfont!
Missing character: There is no 量 ("91CF) in font nullfont!
Missing character: There is no 。 ("3002) in font nullfont!
Missing character: There is no 是 ("662F) in font nullfont!
Missing character: There is no 坐 ("5750) in font nullfont!
Missing character: There is no 标 ("6807) in font nullfont!
Missing character: There is no 系 ("7CFB) in font nullfont!
./KINEMATICS.tex:4: Undefined control sequence.
<recently read> \mathbb 
                        
l.4 ...坐标系$\mathbb{A}$中的一个向量。$\vec{b}$是坐标系$\mathbb
                                                  {B}$中的一个向量。
The control sequence at the end of the top line
of your error message was never \def'ed. If you have
misspelled it (e.g., `\hobx'), type `I' and the correct
spelling (e.g., `I\hbox'). Otherwise just continue,
and I'll forget about whatever was undefined.

Missing character: There is no 中 ("4E2D) in font nullfont!
Missing character: There is no 的 ("7684) in font nullfont!
Missing character: There is no 一 ("4E00) in font nullfont!
Missing character: There is no 个 ("4E2A) in font nullfont!
Missing character: There is no 向 ("5411) in font nullfont!
Missing character: There is no 量 ("91CF) in font nullfont!
Missing character: There is no 。 ("3002) in font nullfont!
Missing character: There is no 且 ("4E14) in font nullfont!
Missing character: There is no 坐 ("5750) in font nullfont!
Missing character: There is no 标 ("6807) in font nullfont!
Missing character: There is no 系 ("7CFB) in font nullfont!
Missing character: There is no A ("41) in font nullfont!
Missing character: There is no 和 ("548C) in font nullfont!
Missing character: There is no B ("42) in font nullfont!
Missing character: There is no 之 ("4E4B) in font nullfont!
Missing character: There is no 间 ("95F4) in font nullfont!
Missing character: There is no 存 ("5B58) in font nullfont!
Missing character: There is no 在 ("5728) in font nullfont!
Missing character: There is no 一 ("4E00) in font nullfont!
Missing character: There is no 个 ("4E2A) in font nullfont!
Missing character: There is no 旋 ("65CB) in font nullfont!
Missing character: There is no 转 ("8F6C) in font nullfont!
Missing character: There is no 关 ("5173) in font nullfont!
Missing character: There is no 系 ("7CFB) in font nullfont!
Missing character: There is no 。 ("3002) in font nullfont!
Missing character: There is no 则 ("5219) in font nullfont!
Missing character: There is no 有 ("6709) in font nullfont!
Missing character: There is no ： ("FF1A) in font nullfont!

./KINEMATICS.tex:6: LaTeX Error: Environment myformula undefined.

See the LaTeX manual or LaTeX Companion for explanation.
Type  H <return>  for immediate help.
 ...                                              
                                                  
l.6 \begin{myformula}
                     [title={Rodrigues 旋转公式}]
Your command was ignored.
Type  I <command> <return>  to replace it with another command,
or  <return>  to continue without it.

Missing character: There is no [ ("5B) in font nullfont!
Missing character: There is no t ("74) in font nullfont!
Missing character: There is no i ("69) in font nullfont!
Missing character: There is no t ("74) in font nullfont!
Missing character: There is no l ("6C) in font nullfont!
Missing character: There is no e ("65) in font nullfont!
Missing character: There is no = ("3D) in font nullfont!
Missing character: There is no R ("52) in font nullfont!
Missing character: There is no o ("6F) in font nullfont!
Missing character: There is no d ("64) in font nullfont!
Missing character: There is no r ("72) in font nullfont!
Missing character: There is no i ("69) in font nullfont!
Missing character: There is no g ("67) in font nullfont!
Missing character: There is no u ("75) in font nullfont!
Missing character: There is no e ("65) in font nullfont!
Missing character: There is no s ("73) in font nullfont!
Missing character: There is no 旋 ("65CB) in font nullfont!
Missing character: There is no 转 ("8F6C) in font nullfont!
Missing character: There is no 公 ("516C) in font nullfont!
Missing character: There is no 式 ("5F0F) in font nullfont!
Missing character: There is no ] ("5D) in font nullfont!
./KINEMATICS.tex:7: Missing $ inserted.
<inserted text> 
                $
l.7     \vec
            {b}=\vec{a}\cos\theta-\vec{a}\times\vec{\lambda}\sin\theta+\vec{...
I've inserted a begin-math/end-math symbol since I think
you left one out. Proceed, with fingers crossed.


./KINEMATICS.tex:8: LaTeX Error: \begin{document} ended by \end{myformula}.

See the LaTeX manual or LaTeX Companion for explanation.
Type  H <return>  for immediate help.
 ...                                              
                                                  
l.8 \end{myformula}
                   
Your command was ignored.
Type  I <command> <return>  to replace it with another command,
or  <return>  to continue without it.

./KINEMATICS.tex:8: Missing $ inserted.
<inserted text> 
                $
l.8 \end{myformula}
                   
I've inserted something that you may have forgotten.
(See the <inserted text> above.)
With luck, this will get me unwedged. But if you
really didn't forget anything, try typing `2' now; then
my insertion and my current dilemma will both disappear.

Missing character: There is no 其 ("5176) in font nullfont!
Missing character: There is no 中 ("4E2D) in font nullfont!
Missing character: There is no ： ("FF1A) in font nullfont!

Overfull \hbox (20.0pt too wide) in paragraph at lines 1--10
[]
 []


Overfull \hbox (25.16437pt too wide) in paragraph at lines 1--10
[]$$\OML/cmm/m/it/10 A$$[]$$B$
 []


Overfull \hbox (14.84717pt too wide) in paragraph at lines 1--10
[] \OT1/cmr/m/n/10 =
 []


Overfull \hbox (34.75807pt too wide) in paragraph at lines 1--10
[] [] \OML/cmm/m/it/10 ^^R \OMS/cmsy/m/n/10 ^^@
 []


Overfull \hbox (13.06369pt too wide) in paragraph at lines 1--10
[] \OMS/cmsy/m/n/10 ^^B
 []


Overfull \hbox (34.19444pt too wide) in paragraph at lines 1--10
[] [] \OML/cmm/m/it/10 ^^R \OT1/cmr/m/n/10 +
 []


Overfull \hbox (18.3334pt too wide) in paragraph at lines 1--10
[]\OT1/cmr/m/n/10 ([] \OMS/cmsy/m/n/10 ^^A
 []


Overfull \hbox (25.8415pt too wide) in paragraph at lines 1--10
[]\OT1/cmr/m/n/10 )(1 \OMS/cmsy/m/n/10 ^^@
 []


Overfull \hbox (23.91666pt too wide) in paragraph at lines 1--10
[] \OML/cmm/m/it/10 ^^R\OT1/cmr/m/n/10 )$ 
 []

Missing character: There is no 是 ("662F) in font nullfont!
Missing character: There is no 旋 ("65CB) in font nullfont!
Missing character: There is no 转 ("8F6C) in font nullfont!
Missing character: There is no 角 ("89D2) in font nullfont!
Missing character: There is no 度 ("5EA6) in font nullfont!

Overfull \hbox (4.97223pt too wide) in paragraph at lines 11--12
\OML/cmm/m/it/10 ^^R$ 
 []

Missing character: There is no 是 ("662F) in font nullfont!
Missing character: There is no 旋 ("65CB) in font nullfont!
Missing character: There is no 转 ("8F6C) in font nullfont!
Missing character: There is no 轴 ("8F74) in font nullfont!
Missing character: There is no 的 ("7684) in font nullfont!
Missing character: There is no 单 ("5355) in font nullfont!
Missing character: There is no 位 ("4F4D) in font nullfont!
Missing character: There is no 向 ("5411) in font nullfont!
Missing character: There is no 量 ("91CF) in font nullfont!

Overfull \hbox (5.83336pt too wide) in paragraph at lines 12--13
[]$ 
 []


./KINEMATICS.tex:15: LaTeX Error: Environment proof undefined.

See the LaTeX manual or LaTeX Companion for explanation.
Type  H <return>  for immediate help.
 ...                                              
                                                  
l.15 \begin{proof}
                  [Rodrigues 旋转公式的推导]
Your command was ignored.
Type  I <command> <return>  to replace it with another command,
or  <return>  to continue without it.

Missing character: There is no [ ("5B) in font nullfont!
Missing character: There is no R ("52) in font nullfont!
Missing character: There is no o ("6F) in font nullfont!
Missing character: There is no d ("64) in font nullfont!
Missing character: There is no r ("72) in font nullfont!
Missing character: There is no i ("69) in font nullfont!
Missing character: There is no g ("67) in font nullfont!
Missing character: There is no u ("75) in font nullfont!
Missing character: There is no e ("65) in font nullfont!
Missing character: There is no s ("73) in font nullfont!
Missing character: There is no 旋 ("65CB) in font nullfont!
Missing character: There is no 转 ("8F6C) in font nullfont!
Missing character: There is no 公 ("516C) in font nullfont!
Missing character: There is no 式 ("5F0F) in font nullfont!
Missing character: There is no 的 ("7684) in font nullfont!
Missing character: There is no 推 ("63A8) in font nullfont!
Missing character: There is no 导 ("5BFC) in font nullfont!
Missing character: There is no ] ("5D) in font nullfont!
Missing character: There is no 在 ("5728) in font nullfont!
Missing character: There is no 坐 ("5750) in font nullfont!
Missing character: There is no 标 ("6807) in font nullfont!
Missing character: There is no 系 ("7CFB) in font nullfont!
./KINEMATICS.tex:16: Undefined control sequence.
<recently read> \mathbb 
                        
l.16 在坐标系 $\mathbb
                  {A}$ 中，以转轴 $\vec{\lambda}$ 为第一个基向量，构造右手标准正交基 $\{\vec{\lamb...
The control sequence at the end of the top line
of your error message was never \def'ed. If you have
misspelled it (e.g., `\hobx'), type `I' and the correct
spelling (e.g., `I\hbox'). Otherwise just continue,
and I'll forget about whatever was undefined.

Missing character: There is no 中 ("4E2D) in font nullfont!
Missing character: There is no ， ("FF0C) in font nullfont!
Missing character: There is no 以 ("4EE5) in font nullfont!
Missing character: There is no 转 ("8F6C) in font nullfont!
Missing character: There is no 轴 ("8F74) in font nullfont!
Missing character: There is no 为 ("4E3A) in font nullfont!
Missing character: There is no 第 ("7B2C) in font nullfont!
Missing character: There is no 一 ("4E00) in font nullfont!
Missing character: There is no 个 ("4E2A) in font nullfont!
Missing character: There is no 基 ("57FA) in font nullfont!
Missing character: There is no 向 ("5411) in font nullfont!
Missing character: There is no 量 ("91CF) in font nullfont!
Missing character: There is no ， ("FF0C) in font nullfont!
Missing character: There is no 构 ("6784) in font nullfont!
Missing character: There is no 造 ("9020) in font nullfont!
Missing character: There is no 右 ("53F3) in font nullfont!
Missing character: There is no 手 ("624B) in font nullfont!
Missing character: There is no 标 ("6807) in font nullfont!
Missing character: There is no 准 ("51C6) in font nullfont!
Missing character: There is no 正 ("6B63) in font nullfont!
Missing character: There is no 交 ("4EA4) in font nullfont!
Missing character: There is no 基 ("57FA) in font nullfont!
Missing character: There is no ， ("FF0C) in font nullfont!
Missing character: There is no 其 ("5176) in font nullfont!
Missing character: There is no 中 ("4E2D) in font nullfont!
Missing character: There is no 。 ("3002) in font nullfont!
Missing character: There is no 将 ("5C06) in font nullfont!
Missing character: There is no 在 ("5728) in font nullfont!
Missing character: There is no 此 ("6B64) in font nullfont!
Missing character: There is no 基 ("57FA) in font nullfont!
Missing character: There is no 下 ("4E0B) in font nullfont!
Missing character: There is no 展 ("5C55) in font nullfont!
Missing character: There is no 开 ("5F00) in font nullfont!
Missing character: There is no ： ("FF1A) in font nullfont!

Overfull \hbox (20.0pt too wide) in paragraph at lines 15--17
[]
 []


Overfull \hbox (7.50002pt too wide) in paragraph at lines 15--17
\OML/cmm/m/it/10 A$
 []


Overfull \hbox (5.83336pt too wide) in paragraph at lines 15--17
[]$
 []


Overfull \hbox (52.0486pt too wide) in paragraph at lines 15--17
\OMS/cmsy/m/n/10 f[]\OML/cmm/m/it/10 ;  [];  []\OMS/cmsy/m/n/10 g$
 []


Overfull \hbox (22.00925pt too wide) in paragraph at lines 15--17
[] \OT1/cmr/m/n/10 =
 []


Overfull \hbox (13.61116pt too wide) in paragraph at lines 15--17
[] \OMS/cmsy/m/n/10 ^^B
 []


Overfull \hbox (12.5394pt too wide) in paragraph at lines 15--17
[]$
 []


Overfull \hbox (5.28589pt too wide) in paragraph at lines 15--17
[]$
 []


Overfull \hbox (239.7846pt too wide) detected at line 23
[] \OT1/cmr/m/n/10 = \OML/cmm/m/it/10 a[][] \OT1/cmr/m/n/10 + \OML/cmm/m/it/10 a[][] \OT1/cmr/m/n/10 + \OML/cmm/m/it/10 a[][];  a[] \OT1/cmr/m/n/10 = [] \OMS/cmsy/m/n/10 ^^A []\OML/cmm/m/it/10 ;  a[] \OT1/cmr/m/n/10 = [] \OMS/cmsy/m/n/10 ^^A []\OML/cmm/m/it/10 ;  a[] \OT1/cmr/m/n/10 = [] \OMS/cmsy/m/n/10 ^^A []
 []

Missing character: There is no 坐 ("5750) in font nullfont!
Missing character: There is no 标 ("6807) in font nullfont!
Missing character: There is no 系 ("7CFB) in font nullfont!
./KINEMATICS.tex:25: Undefined control sequence.
<recently read> \mathbb 
                        
l.25 坐标系 $\mathbb
                 {B}$ 由 $\mathbb{A}$ 绕 $\vec{\lambda}$ 旋转角度 $\theta$ 得到，其基向量...
The control sequence at the end of the top line
of your error message was never \def'ed. If you have
misspelled it (e.g., `\hobx'), type `I' and the correct
spelling (e.g., `I\hbox'). Otherwise just continue,
and I'll forget about whatever was undefined.

Missing character: There is no 由 ("7531) in font nullfont!
./KINEMATICS.tex:25: Undefined control sequence.
<recently read> \mathbb 
                        
l.25 坐标系 $\mathbb{B}$ 由 $\mathbb
                                {A}$ 绕 $\vec{\lambda}$ 旋转角度 $\theta$ 得到，其基向量...
The control sequence at the end of the top line
of your error message was never \def'ed. If you have
misspelled it (e.g., `\hobx'), type `I' and the correct
spelling (e.g., `I\hbox'). Otherwise just continue,
and I'll forget about whatever was undefined.

Missing character: There is no 绕 ("7ED5) in font nullfont!
Missing character: There is no 旋 ("65CB) in font nullfont!
Missing character: There is no 转 ("8F6C) in font nullfont!
Missing character: There is no 角 ("89D2) in font nullfont!
Missing character: There is no 度 ("5EA6) in font nullfont!
Missing character: There is no 得 ("5F97) in font nullfont!
Missing character: There is no 到 ("5230) in font nullfont!
Missing character: There is no ， ("FF0C) in font nullfont!
Missing character: There is no 其 ("5176) in font nullfont!
Missing character: There is no 基 ("57FA) in font nullfont!
Missing character: There is no 向 ("5411) in font nullfont!
Missing character: There is no 量 ("91CF) in font nullfont!
Missing character: There is no 在 ("5728) in font nullfont!
./KINEMATICS.tex:25: Undefined control sequence.
<recently read> \mathbb 
                        
l.25 ...,\,\vec{\mu}_B,\,\vec{\nu}_B\}$ 在 $\mathbb
                                                  {A}$ 系中表为：
The control sequence at the end of the top line
of your error message was never \def'ed. If you have
misspelled it (e.g., `\hobx'), type `I' and the correct
spelling (e.g., `I\hbox'). Otherwise just continue,
and I'll forget about whatever was undefined.

Missing character: There is no 系 ("7CFB) in font nullfont!
Missing character: There is no 中 ("4E2D) in font nullfont!
Missing character: There is no 表 ("8868) in font nullfont!
Missing character: There is no 为 ("4E3A) in font nullfont!
Missing character: There is no ： ("FF1A) in font nullfont!

./KINEMATICS.tex:26: LaTeX Error: Environment align* undefined.

See the LaTeX manual or LaTeX Companion for explanation.
Type  H <return>  for immediate help.
 ...                                              
                                                  
l.26 \begin{align*}
                   
Your command was ignored.
Type  I <command> <return>  to replace it with another command,
or  <return>  to continue without it.

./KINEMATICS.tex:27: Missing $ inserted.
<inserted text> 
                $
l.27     \vec
             {\mu}_B &= \vec{\mu}_A\cos\theta + \vec{\nu}_A\sin\theta \\
I've inserted a begin-math/end-math symbol since I think
you left one out. Proceed, with fingers crossed.

./KINEMATICS.tex:27: Misplaced alignment tab character &.
l.27     \vec{\mu}_B &
                      = \vec{\mu}_A\cos\theta + \vec{\nu}_A\sin\theta \\
I can't figure out why you would want to use a tab mark
here. If you just want an ampersand, the remedy is
simple: Just type `I\&' now. But if some right brace
up above has ended a previous alignment prematurely,
you're probably due for more error messages, and you
might try typing `S' now just to see what is salvageable.

./KINEMATICS.tex:28: Misplaced alignment tab character &.
l.28     \vec{\nu}_B &
                      = -\vec{\mu}_A\sin\theta + \vec{\nu}_A\cos\theta
I can't figure out why you would want to use a tab mark
here. If you just want an ampersand, the remedy is
simple: Just type `I\&' now. But if some right brace
up above has ended a previous alignment prematurely,
you're probably due for more error messages, and you
might try typing `S' now just to see what is salvageable.


./KINEMATICS.tex:29: LaTeX Error: \begin{document} ended by \end{align*}.

See the LaTeX manual or LaTeX Companion for explanation.
Type  H <return>  for immediate help.
 ...                                              
                                                  
l.29 \end{align*}
                 
Your command was ignored.
Type  I <command> <return>  to replace it with another command,
or  <return>  to continue without it.

./KINEMATICS.tex:29: Missing $ inserted.
<inserted text> 
                $
l.29 \end{align*}
                 
I've inserted something that you may have forgotten.
(See the <inserted text> above.)
With luck, this will get me unwedged. But if you
really didn't forget anything, try typing `2' now; then
my insertion and my current dilemma will both disappear.


Overfull \hbox (20.0pt too wide) in paragraph at lines 25--30
[]
 []


Overfull \hbox (8.0868pt too wide) in paragraph at lines 25--30
\OML/cmm/m/it/10 B$
 []


Overfull \hbox (7.50002pt too wide) in paragraph at lines 25--30
\OML/cmm/m/it/10 A$
 []


Overfull \hbox (5.83336pt too wide) in paragraph at lines 25--30
[]$
 []


Overfull \hbox (4.97223pt too wide) in paragraph at lines 25--30
\OML/cmm/m/it/10 ^^R$
 []


Overfull \hbox (52.78676pt too wide) in paragraph at lines 25--30
\OMS/cmsy/m/n/10 f[]\OML/cmm/m/it/10 ;  [];  []\OMS/cmsy/m/n/10 g$
 []


Overfull \hbox (7.50002pt too wide) in paragraph at lines 25--30
\OML/cmm/m/it/10 A$
 []


Overfull \hbox (23.46399pt too wide) in paragraph at lines 25--30
[] \OT1/cmr/m/n/10 =
 []


Overfull \hbox (42.01158pt too wide) in paragraph at lines 25--30
[] [] \OML/cmm/m/it/10 ^^R \OT1/cmr/m/n/10 +
 []


Overfull \hbox (32.03702pt too wide) in paragraph at lines 25--30
[] [] \OML/cmm/m/it/10 ^^R[] 
 []


Overfull \hbox (22.37833pt too wide) in paragraph at lines 25--30
[] \OT1/cmr/m/n/10 =
 []


Overfull \hbox (48.67828pt too wide) in paragraph at lines 25--30
\OMS/cmsy/m/n/10 ^^@[] [] \OML/cmm/m/it/10 ^^R \OT1/cmr/m/n/10 +
 []


Overfull \hbox (33.14812pt too wide) in paragraph at lines 25--30
[] [] \OML/cmm/m/it/10 ^^R$ 
 []

Missing character: There is no 同 ("540C) in font nullfont!
Missing character: There is no 一 ("4E00) in font nullfont!
Missing character: There is no 物 ("7269) in font nullfont!
Missing character: There is no 理 ("7406) in font nullfont!
Missing character: There is no 向 ("5411) in font nullfont!
Missing character: There is no 量 ("91CF) in font nullfont!
Missing character: There is no 在 ("5728) in font nullfont!
./KINEMATICS.tex:31: Undefined control sequence.
<recently read> \mathbb 
                        
l.31 同一物理向量在 $\mathbb
                     {B}$ 系中的坐标与 $\mathbb{A}$ 系相同（均为 $a_\lambda,a_\mu,a_\nu$...
The control sequence at the end of the top line
of your error message was never \def'ed. If you have
misspelled it (e.g., `\hobx'), type `I' and the correct
spelling (e.g., `I\hbox'). Otherwise just continue,
and I'll forget about whatever was undefined.

Missing character: There is no 系 ("7CFB) in font nullfont!
Missing character: There is no 中 ("4E2D) in font nullfont!
Missing character: There is no 的 ("7684) in font nullfont!
Missing character: There is no 坐 ("5750) in font nullfont!
Missing character: There is no 标 ("6807) in font nullfont!
Missing character: There is no 与 ("4E0E) in font nullfont!
./KINEMATICS.tex:31: Undefined control sequence.
<recently read> \mathbb 
                        
l.31 同一物理向量在 $\mathbb{B}$ 系中的坐标与 $\mathbb
                                         {A}$ 系相同（均为 $a_\lambda,a_\mu,a_\nu$...
The control sequence at the end of the top line
of your error message was never \def'ed. If you have
misspelled it (e.g., `\hobx'), type `I' and the correct
spelling (e.g., `I\hbox'). Otherwise just continue,
and I'll forget about whatever was undefined.

Missing character: There is no 系 ("7CFB) in font nullfont!
Missing character: There is no 相 ("76F8) in font nullfont!
Missing character: There is no 同 ("540C) in font nullfont!
Missing character: There is no （ ("FF08) in font nullfont!
Missing character: There is no 均 ("5747) in font nullfont!
Missing character: There is no 为 ("4E3A) in font nullfont!
Missing character: There is no ） ("FF09) in font nullfont!
Missing character: There is no ， ("FF0C) in font nullfont!
Missing character: There is no 故 ("6545) in font nullfont!
Missing character: There is no ： ("FF1A) in font nullfont!

./KINEMATICS.tex:32: LaTeX Error: Environment align* undefined.

See the LaTeX manual or LaTeX Companion for explanation.
Type  H <return>  for immediate help.
 ...                                              
                                                  
l.32 \begin{align*}
                   
Your command was ignored.
Type  I <command> <return>  to replace it with another command,
or  <return>  to continue without it.

./KINEMATICS.tex:33: Missing $ inserted.
<inserted text> 
                $
l.33     \vec
             {b} &= a_\lambda\vec{\lambda} + a_\mu\vec{\mu}_B + a_\nu\vec{\n...
I've inserted a begin-math/end-math symbol since I think
you left one out. Proceed, with fingers crossed.

./KINEMATICS.tex:33: Misplaced alignment tab character &.
l.33     \vec{b} &
                  = a_\lambda\vec{\lambda} + a_\mu\vec{\mu}_B + a_\nu\vec{\n...
I can't figure out why you would want to use a tab mark
here. If you just want an ampersand, the remedy is
simple: Just type `I\&' now. But if some right brace
up above has ended a previous alignment prematurely,
you're probably due for more error messages, and you
might try typing `S' now just to see what is salvageable.

./KINEMATICS.tex:34: Misplaced alignment tab character &.
<recently read> &
                 
l.34             &
                  = a_\lambda\vec{\lambda} + a_\mu(\vec{\mu}_A\cos\theta + \...
I can't figure out why you would want to use a tab mark
here. If you just want an ampersand, the remedy is
simple: Just type `I\&' now. But if some right brace
up above has ended a previous alignment prematurely,
you're probably due for more error messages, and you
might try typing `S' now just to see what is salvageable.

./KINEMATICS.tex:36: Misplaced alignment tab character &.
<recently read> &
                 
l.36             &
                  = a_\lambda\vec{\lambda} + \cos\theta\,(a_\mu\vec{\mu}_A +...
I can't figure out why you would want to use a tab mark
here. If you just want an ampersand, the remedy is
simple: Just type `I\&' now. But if some right brace
up above has ended a previous alignment prematurely,
you're probably due for more error messages, and you
might try typing `S' now just to see what is salvageable.


./KINEMATICS.tex:38: LaTeX Error: \begin{document} ended by \end{align*}.

See the LaTeX manual or LaTeX Companion for explanation.
Type  H <return>  for immediate help.
 ...                                              
                                                  
l.38 \end{align*}
                 
Your command was ignored.
Type  I <command> <return>  to replace it with another command,
or  <return>  to continue without it.

./KINEMATICS.tex:38: Missing $ inserted.
<inserted text> 
                $
l.38 \end{align*}
                 
I've inserted something that you may have forgotten.
(See the <inserted text> above.)
With luck, this will get me unwedged. But if you
really didn't forget anything, try typing `2' now; then
my insertion and my current dilemma will both disappear.


Overfull \hbox (20.0pt too wide) in paragraph at lines 31--39
[]
 []


Overfull \hbox (8.0868pt too wide) in paragraph at lines 31--39
\OML/cmm/m/it/10 B$
 []


Overfull \hbox (7.50002pt too wide) in paragraph at lines 31--39
\OML/cmm/m/it/10 A$
 []


Overfull \hbox (40.3276pt too wide) in paragraph at lines 31--39
\OML/cmm/m/it/10 a[]; a[]; a[]$
 []


Overfull \hbox (14.84717pt too wide) in paragraph at lines 31--39
[] \OT1/cmr/m/n/10 =
 []


Overfull \hbox (24.14012pt too wide) in paragraph at lines 31--39
\OML/cmm/m/it/10 a[][] \OT1/cmr/m/n/10 +
 []


Overfull \hbox (31.33449pt too wide) in paragraph at lines 31--39
\OML/cmm/m/it/10 a[][] \OT1/cmr/m/n/10 +
 []


Overfull \hbox (22.08443pt too wide) in paragraph at lines 31--39
\OML/cmm/m/it/10 a[][][] 
 []


Overfull \hbox (7.7778pt too wide) in paragraph at lines 31--39
\OT1/cmr/m/n/10 =
 []


Overfull \hbox (24.14012pt too wide) in paragraph at lines 31--39
\OML/cmm/m/it/10 a[][] \OT1/cmr/m/n/10 +
 []


Overfull \hbox (56.54869pt too wide) in paragraph at lines 31--39
\OML/cmm/m/it/10 a[]\OT1/cmr/m/n/10 ([] [] \OML/cmm/m/it/10 ^^R \OT1/cmr/m/n/10 +
 []


Overfull \hbox (43.70372pt too wide) in paragraph at lines 31--39
[] [] \OML/cmm/m/it/10 ^^R\OT1/cmr/m/n/10 ) +
 []


Overfull \hbox (62.8288pt too wide) in paragraph at lines 31--39
\OML/cmm/m/it/10 a[]\OT1/cmr/m/n/10 (\OMS/cmsy/m/n/10 ^^@[] [] \OML/cmm/m/it/10 ^^R \OT1/cmr/m/n/10 +
 []


Overfull \hbox (37.03702pt too wide) in paragraph at lines 31--39
[] [] \OML/cmm/m/it/10 ^^R\OT1/cmr/m/n/10 )[] 
 []


Overfull \hbox (7.7778pt too wide) in paragraph at lines 31--39
\OT1/cmr/m/n/10 =
 []


Overfull \hbox (24.14012pt too wide) in paragraph at lines 31--39
\OML/cmm/m/it/10 a[][] \OT1/cmr/m/n/10 +
 []


Overfull \hbox (56.54869pt too wide) in paragraph at lines 31--39
[] \OML/cmm/m/it/10 ^^R \OT1/cmr/m/n/10 (\OML/cmm/m/it/10 a[][] \OT1/cmr/m/n/10 +
 []


Overfull \hbox (33.38205pt too wide) in paragraph at lines 31--39
\OML/cmm/m/it/10 a[][]\OT1/cmr/m/n/10 ) +
 []


Overfull \hbox (54.35193pt too wide) in paragraph at lines 31--39
[] \OML/cmm/m/it/10 ^^R \OT1/cmr/m/n/10 (\OML/cmm/m/it/10 a[][] \OMS/cmsy/m/n/10 ^^@
 []


Overfull \hbox (26.68991pt too wide) in paragraph at lines 31--39
\OML/cmm/m/it/10 a[][]\OT1/cmr/m/n/10 )$ 
 []

Missing character: There is no 由 ("7531) in font nullfont!
Missing character: There is no 计 ("8BA1) in font nullfont!
Missing character: There is no 算 ("7B97) in font nullfont!
Missing character: There is no 叉 ("53C9) in font nullfont!
Missing character: There is no 积 ("79EF) in font nullfont!
Missing character: There is no ： ("FF1A) in font nullfont!

Overfull \hbox (20.0pt too wide) in paragraph at lines 40--41
[]
 []


Overfull \hbox (22.00925pt too wide) in paragraph at lines 40--41
[] \OT1/cmr/m/n/10 =
 []


Overfull \hbox (13.61116pt too wide) in paragraph at lines 40--41
[] \OMS/cmsy/m/n/10 ^^B
 []


Overfull \hbox (12.5394pt too wide) in paragraph at lines 40--41
[]$
 []


Overfull \hbox (201.48073pt too wide) detected at line 44
[] \OMS/cmsy/m/n/10 ^^B [] \OT1/cmr/m/n/10 = \OML/cmm/m/it/10 a[]\OT1/cmr/m/n/10 ([] \OMS/cmsy/m/n/10 ^^B []\OT1/cmr/m/n/10 ) + \OML/cmm/m/it/10 a[]\OT1/cmr/m/n/10 ([] \OMS/cmsy/m/n/10 ^^B []\OT1/cmr/m/n/10 ) = \OMS/cmsy/m/n/10 ^^@\OML/cmm/m/it/10 a[][] \OT1/cmr/m/n/10 + \OML/cmm/m/it/10 a[][]
 []

Missing character: There is no 即 ("5373) in font nullfont!
Missing character: There is no ， ("FF0C) in font nullfont!
Missing character: There is no 又 ("53C8) in font nullfont!
Missing character: There is no ， ("FF0C) in font nullfont!
Missing character: There is no 代 ("4EE3) in font nullfont!
Missing character: There is no 入 ("5165) in font nullfont!
Missing character: There is no 的 ("7684) in font nullfont!
Missing character: There is no 表 ("8868) in font nullfont!
Missing character: There is no 达 ("8FBE) in font nullfont!
Missing character: There is no 式 ("5F0F) in font nullfont!
Missing character: There is no ： ("FF1A) in font nullfont!

./KINEMATICS.tex:46: LaTeX Error: Environment align* undefined.

See the LaTeX manual or LaTeX Companion for explanation.
Type  H <return>  for immediate help.
 ...                                              
                                                  
l.46 \begin{align*}
                   
Your command was ignored.
Type  I <command> <return>  to replace it with another command,
or  <return>  to continue without it.

./KINEMATICS.tex:47: Missing $ inserted.
<inserted text> 
                $
l.47     \vec
             {b} &= (\vec{a}\cdot\vec{\lambda})\vec{\lambda}
I've inserted a begin-math/end-math symbol since I think
you left one out. Proceed, with fingers crossed.

./KINEMATICS.tex:47: Misplaced alignment tab character &.
l.47     \vec{b} &
                  = (\vec{a}\cdot\vec{\lambda})\vec{\lambda}
I can't figure out why you would want to use a tab mark
here. If you just want an ampersand, the remedy is
simple: Just type `I\&' now. But if some right brace
up above has ended a previous alignment prematurely,
you're probably due for more error messages, and you
might try typing `S' now just to see what is salvageable.

./KINEMATICS.tex:50: Misplaced alignment tab character &.
l.50             &
                  = \vec{a}\cos\theta - \vec{a}\times\vec{\lambda}\sin\theta
I can't figure out why you would want to use a tab mark
here. If you just want an ampersand, the remedy is
simple: Just type `I\&' now. But if some right brace
up above has ended a previous alignment prematurely,
you're probably due for more error messages, and you
might try typing `S' now just to see what is salvageable.


./KINEMATICS.tex:52: LaTeX Error: \begin{document} ended by \end{align*}.

See the LaTeX manual or LaTeX Companion for explanation.
Type  H <return>  for immediate help.
 ...                                              
                                                  
l.52 \end{align*}
                 
Your command was ignored.
Type  I <command> <return>  to replace it with another command,
or  <return>  to continue without it.

./KINEMATICS.tex:52: Missing $ inserted.
<inserted text> 
                $
l.52 \end{align*}
                 
I've inserted something that you may have forgotten.
(See the <inserted text> above.)
With luck, this will get me unwedged. But if you
really didn't forget anything, try typing `2' now; then
my insertion and my current dilemma will both disappear.


./KINEMATICS.tex:53: LaTeX Error: \begin{document} ended by \end{proof}.

See the LaTeX manual or LaTeX Companion for explanation.
Type  H <return>  for immediate help.
 ...                                              
                                                  
l.53 \end{proof}
                
Your command was ignored.
Type  I <command> <return>  to replace it with another command,
or  <return>  to continue without it.


Overfull \hbox (29.87975pt too wide) in paragraph at lines 44--54
 $\OML/cmm/m/it/10 a[][] \OMS/cmsy/m/n/10 ^^@
 []


Overfull \hbox (33.35652pt too wide) in paragraph at lines 44--54
\OML/cmm/m/it/10 a[][] \OT1/cmr/m/n/10 =
 []


Overfull \hbox (20.84149pt too wide) in paragraph at lines 44--54
\OMS/cmsy/m/n/10 ^^@[] ^^B
 []


Overfull \hbox (5.83336pt too wide) in paragraph at lines 44--54
[]$
 []


Overfull \hbox (30.96541pt too wide) in paragraph at lines 44--54
\OML/cmm/m/it/10 a[][] \OT1/cmr/m/n/10 +
 []


Overfull \hbox (32.27086pt too wide) in paragraph at lines 44--54
\OML/cmm/m/it/10 a[][] \OT1/cmr/m/n/10 =
 []


Overfull \hbox (13.06369pt too wide) in paragraph at lines 44--54
[] \OMS/cmsy/m/n/10 ^^@
 []


Overfull \hbox (16.36232pt too wide) in paragraph at lines 44--54
\OML/cmm/m/it/10 a[][]$
 []


Overfull \hbox (4.29166pt too wide) in paragraph at lines 44--54
[]$
 []


Overfull \hbox (14.84717pt too wide) in paragraph at lines 44--54
[] \OT1/cmr/m/n/10 =
 []


Overfull \hbox (11.95258pt too wide) in paragraph at lines 44--54
\OT1/cmr/m/n/10 ([] \OMS/cmsy/m/n/10 ^^A
 []


Overfull \hbox (23.33342pt too wide) in paragraph at lines 44--54
[]\OT1/cmr/m/n/10 )[] +
 []


Overfull \hbox (17.23038pt too wide) in paragraph at lines 44--54
[][] \OMS/cmsy/m/n/10 ^^@
 []


Overfull \hbox (11.95258pt too wide) in paragraph at lines 44--54
\OT1/cmr/m/n/10 ([] \OMS/cmsy/m/n/10 ^^A
 []


Overfull \hbox (49.19449pt too wide) in paragraph at lines 44--54
[]\OT1/cmr/m/n/10 )[][] [] \OML/cmm/m/it/10 ^^R \OMS/cmsy/m/n/10 ^^@
 []


Overfull \hbox (16.95259pt too wide) in paragraph at lines 44--54
\OT1/cmr/m/n/10 ([] \OMS/cmsy/m/n/10 ^^B
 []


Overfull \hbox (30.30554pt too wide) in paragraph at lines 44--54
[]\OT1/cmr/m/n/10 ) [] \OML/cmm/m/it/10 ^^R 
 []


Overfull \hbox (7.7778pt too wide) in paragraph at lines 44--54
\OT1/cmr/m/n/10 =
 []


Overfull \hbox (34.75807pt too wide) in paragraph at lines 44--54
[] [] \OML/cmm/m/it/10 ^^R \OMS/cmsy/m/n/10 ^^@
 []


Overfull \hbox (13.06369pt too wide) in paragraph at lines 44--54
[] \OMS/cmsy/m/n/10 ^^B
 []


Overfull \hbox (34.19444pt too wide) in paragraph at lines 44--54
[] [] \OML/cmm/m/it/10 ^^R \OT1/cmr/m/n/10 +
 []


Overfull \hbox (18.3334pt too wide) in paragraph at lines 44--54
[]\OT1/cmr/m/n/10 ([] \OMS/cmsy/m/n/10 ^^A
 []


Overfull \hbox (25.8415pt too wide) in paragraph at lines 44--54
[]\OT1/cmr/m/n/10 )(1 \OMS/cmsy/m/n/10 ^^@
 []


Overfull \hbox (23.91666pt too wide) in paragraph at lines 44--54
[] \OML/cmm/m/it/10 ^^R\OT1/cmr/m/n/10 )$
 []

Missing character: There is no 同 ("540C) in font nullfont!
Missing character: There is no 样 ("6837) in font nullfont!
Missing character: There is no 的 ("7684) in font nullfont!
Missing character: There is no ， ("FF0C) in font nullfont!
Missing character: There is no 对 ("5BF9) in font nullfont!
Missing character: There is no 任 ("4EFB) in font nullfont!
Missing character: There is no 意 ("610F) in font nullfont!
Missing character: There is no 一 ("4E00) in font nullfont!
Missing character: There is no 个 ("4E2A) in font nullfont!
Missing character: There is no 并 ("5E76) in font nullfont!
Missing character: There is no 矢 ("77E2) in font nullfont!
Missing character: There is no （ ("FF08) in font nullfont!
Missing character: There is no D ("44) in font nullfont!
Missing character: There is no y ("79) in font nullfont!
Missing character: There is no a ("61) in font nullfont!
Missing character: There is no d ("64) in font nullfont!
Missing character: There is no i ("69) in font nullfont!
Missing character: There is no c ("63) in font nullfont!
Missing character: There is no ） ("FF09) in font nullfont!
Missing character: There is no 也 ("4E5F) in font nullfont!
Missing character: There is no 有 ("6709) in font nullfont!
Missing character: There is no 类 ("7C7B) in font nullfont!
Missing character: There is no 似 ("4F3C) in font nullfont!
Missing character: There is no 的 ("7684) in font nullfont!
Missing character: There is no 旋 ("65CB) in font nullfont!
Missing character: There is no 转 ("8F6C) in font nullfont!
Missing character: There is no 公 ("516C) in font nullfont!
Missing character: There is no 式 ("5F0F) in font nullfont!
Missing character: There is no 。 ("3002) in font nullfont!

./KINEMATICS.tex:56: LaTeX Error: Environment myformula undefined.

See the LaTeX manual or LaTeX Companion for explanation.
Type  H <return>  for immediate help.
 ...                                              
                                                  
l.56 \begin{myformula}
                      
Your command was ignored.
Type  I <command> <return>  to replace it with another command,
or  <return>  to continue without it.


./KINEMATICS.tex:57: LaTeX Error: \mathbf allowed only in math mode.

See the LaTeX manual or LaTeX Companion for explanation.
Type  H <return>  for immediate help.
 ...                                              
                                                  
l.57     \mathbf{C}
                     = \mathbf{U} \cos\theta - \mathbf{U} \times\vec{\lambda...
You're in trouble here.  Try typing  <return>  to proceed.
If that doesn't work, type  X <return>  to quit.

Missing character: There is no C ("43) in font nullfont!
Missing character: There is no = ("3D) in font nullfont!

./KINEMATICS.tex:57: LaTeX Error: \mathbf allowed only in math mode.

See the LaTeX manual or LaTeX Companion for explanation.
Type  H <return>  for immediate help.
 ...                                              
                                                  
l.57     \mathbf{C}  = \mathbf{U}
                                  \cos\theta - \mathbf{U} \times\vec{\lambda...
You're in trouble here.  Try typing  <return>  to proceed.
If that doesn't work, type  X <return>  to quit.

Missing character: There is no U ("55) in font nullfont!
./KINEMATICS.tex:57: Missing $ inserted.
<inserted text> 
                $
l.57     \mathbf{C}  = \mathbf{U} \cos
                                      \theta - \mathbf{U} \times\vec{\lambda...
I've inserted a begin-math/end-math symbol since I think
you left one out. Proceed, with fingers crossed.


./KINEMATICS.tex:58: LaTeX Error: \begin{document} ended by \end{myformula}.

See the LaTeX manual or LaTeX Companion for explanation.
Type  H <return>  for immediate help.
 ...                                              
                                                  
l.58 \end{myformula}
                    
Your command was ignored.
Type  I <command> <return>  to replace it with another command,
or  <return>  to continue without it.

./KINEMATICS.tex:58: Missing $ inserted.
<inserted text> 
                $
l.58 \end{myformula}
                    
I've inserted something that you may have forgotten.
(See the <inserted text> above.)
With luck, this will get me unwedged. But if you
really didn't forget anything, try typing `2' now; then
my insertion and my current dilemma will both disappear.


Overfull \hbox (20.0pt too wide) in paragraph at lines 55--59
[]
 []


Overfull \hbox (27.80556pt too wide) in paragraph at lines 55--59
[] \OML/cmm/m/it/10 ^^R \OMS/cmsy/m/n/10 ^^@
 []


Overfull \hbox (16.62497pt too wide) in paragraph at lines 55--59
\OT1/cmr/bx/n/10 U \OMS/cmsy/m/n/10 ^^B
 []


Overfull \hbox (34.19444pt too wide) in paragraph at lines 55--59
[] [] \OML/cmm/m/it/10 ^^R \OT1/cmr/m/n/10 +
 []


Overfull \hbox (28.33344pt too wide) in paragraph at lines 55--59
[][]\OT1/cmr/m/n/10 (1 \OMS/cmsy/m/n/10 ^^@
 []


Overfull \hbox (23.91666pt too wide) in paragraph at lines 55--59
[] \OML/cmm/m/it/10 ^^R\OT1/cmr/m/n/10 )$ 
 []

./KINEMATICS.tex:60: Undefined control sequence.
l.60 \section
             {方向余弦 (Direction Cosines)}
The control sequence at the end of the top line
of your error message was never \def'ed. If you have
misspelled it (e.g., `\hobx'), type `I' and the correct
spelling (e.g., `I\hbox'). Otherwise just continue,
and I'll forget about whatever was undefined.

Missing character: There is no 方 ("65B9) in font nullfont!
Missing character: There is no 向 ("5411) in font nullfont!
Missing character: There is no 余 ("4F59) in font nullfont!
Missing character: There is no 弦 ("5F26) in font nullfont!
Missing character: There is no ( ("28) in font nullfont!
Missing character: There is no D ("44) in font nullfont!
Missing character: There is no i ("69) in font nullfont!
Missing character: There is no r ("72) in font nullfont!
Missing character: There is no e ("65) in font nullfont!
Missing character: There is no c ("63) in font nullfont!
Missing character: There is no t ("74) in font nullfont!
Missing character: There is no i ("69) in font nullfont!
Missing character: There is no o ("6F) in font nullfont!
Missing character: There is no n ("6E) in font nullfont!
Missing character: There is no C ("43) in font nullfont!
Missing character: There is no o ("6F) in font nullfont!
Missing character: There is no s ("73) in font nullfont!
Missing character: There is no i ("69) in font nullfont!
Missing character: There is no n ("6E) in font nullfont!
Missing character: There is no e ("65) in font nullfont!
Missing character: There is no s ("73) in font nullfont!
Missing character: There is no ) ("29) in font nullfont!

Overfull \hbox (20.0pt too wide) in paragraph at lines 60--61
[]
 []

Missing character: There is no 若 ("82E5) in font nullfont!
Missing character: There is no 和 ("548C) in font nullfont!
Missing character: There is no 是 ("662F) in font nullfont!
Missing character: There is no 两 ("4E24) in font nullfont!
Missing character: There is no 组 ("7EC4) in font nullfont!
Missing character: There is no 正 ("6B63) in font nullfont!
Missing character: There is no 交 ("4EA4) in font nullfont!
Missing character: There is no 单 ("5355) in font nullfont!
Missing character: There is no 位 ("4F4D) in font nullfont!
Missing character: There is no 向 ("5411) in font nullfont!
Missing character: There is no 量 ("91CF) in font nullfont!
Missing character: There is no 的 ("7684) in font nullfont!
Missing character: There is no 右 ("53F3) in font nullfont!
Missing character: There is no 手 ("624B) in font nullfont!
Missing character: There is no 系 ("7CFB) in font nullfont!
Missing character: There is no ， ("FF0C) in font nullfont!
Missing character: There is no 那 ("90A3) in font nullfont!
Missing character: There is no 么 ("4E48) in font nullfont!
Missing character: There is no 九 ("4E5D) in font nullfont!
Missing character: There is no 个 ("4E2A) in font nullfont!
Missing character: There is no 量 ("91CF) in font nullfont!
Missing character: There is no （ ("FF08) in font nullfont!
Missing character: There is no ） ("FF09) in font nullfont!
Missing character: There is no ， ("FF0C) in font nullfont!
Missing character: There is no 称 ("79F0) in font nullfont!
Missing character: There is no 为 ("4E3A) in font nullfont!
Missing character: There is no 方 (U+65B9) in font [lmroman10-bold]:mapping=tex-text;!
Missing character: There is no 向 (U+5411) in font [lmroman10-bold]:mapping=tex-text;!
Missing character: There is no 余 (U+4F59) in font [lmroman10-bold]:mapping=tex-text;!
Missing character: There is no 弦 (U+5F26) in font [lmroman10-bold]:mapping=tex-text;!
Missing character: There is no ， ("FF0C) in font nullfont!
Missing character: There is no 定 ("5B9A) in font nullfont!
Missing character: There is no 义 ("4E49) in font nullfont!
Missing character: There is no 为 ("4E3A) in font nullfont!
Missing character: There is no ： ("FF1A) in font nullfont!

Overfull \hbox (20.0pt too wide) in paragraph at lines 62--63
[]
 []


Overfull \hbox (39.11789pt too wide) in paragraph at lines 62--63
\OT1/cmr/bx/n/10 a[]\OML/cmm/m/it/10 ; \OT1/cmr/bx/n/10 a[]\OML/cmm/m/it/10 ; \OT1/cmr/bx/n/10 a[]$
 []


Overfull \hbox (41.51378pt too wide) in paragraph at lines 62--63
\OT1/cmr/bx/n/10 b[]\OML/cmm/m/it/10 ; \OT1/cmr/bx/n/10 b[]\OML/cmm/m/it/10 ; \OT1/cmr/bx/n/10 b[]$
 []


Overfull \hbox (37.3256pt too wide) in paragraph at lines 62--63
\OML/cmm/m/it/10 C[]$$i; j \OT1/cmr/m/n/10 =
 []


Overfull \hbox (35.08887pt too wide) in paragraph at lines 62--63
\OT1/cmr/m/n/10 1\OML/cmm/m/it/10 ; \OT1/cmr/m/n/10 2\OML/cmm/m/it/10 ; \OT1/cmr/m/n/10 3$\TU/lmr/bx/n/10 方向余弦 
 []

./KINEMATICS.tex:64: Undefined control sequence.
l.64 C_{ij} \triangleq
                       \mathbf{a}_i \cdot \mathbf{b}_j \qquad (i, j = 1, 2, ...
The control sequence at the end of the top line
of your error message was never \def'ed. If you have
misspelled it (e.g., `\hobx'), type `I' and the correct
spelling (e.g., `I\hbox'). Otherwise just continue,
and I'll forget about whatever was undefined.

./KINEMATICS.tex:64: Undefined control sequence.
l.64 ... \mathbf{b}_j \qquad (i, j = 1, 2, 3) \tag
                                                  {1}
The control sequence at the end of the top line
of your error message was never \def'ed. If you have
misspelled it (e.g., `\hobx'), type `I' and the correct
spelling (e.g., `I\hbox'). Otherwise just continue,
and I'll forget about whatever was undefined.


Overfull \hbox (99.06972pt too wide) detected at line 65
\OML/cmm/m/it/10 C[]\OT1/cmr/bx/n/10 a[] \OMS/cmsy/m/n/10 ^^A \OT1/cmr/bx/n/10 b[] \OT1/cmr/m/n/10 (\OML/cmm/m/it/10 i; j \OT1/cmr/m/n/10 = 1\OML/cmm/m/it/10 ; \OT1/cmr/m/n/10 2\OML/cmm/m/it/10 ; \OT1/cmr/m/n/10 3)1
 []

Missing character: There is no 那 ("90A3) in font nullfont!
Missing character: There is no 么 ("4E48) in font nullfont!
Missing character: There is no 两 ("4E24) in font nullfont!
Missing character: There is no 个 ("4E2A) in font nullfont!
Missing character: There is no 行 ("884C) in font nullfont!
Missing character: There is no 矩 ("77E9) in font nullfont!
Missing character: There is no 阵 ("9635) in font nullfont!
Missing character: There is no 和 ("548C) in font nullfont!
Missing character: There is no 之 ("4E4B) in font nullfont!
Missing character: There is no 间 ("95F4) in font nullfont!
Missing character: There is no 的 ("7684) in font nullfont!
Missing character: There is no 关 ("5173) in font nullfont!
Missing character: There is no 系 ("7CFB) in font nullfont!
Missing character: There is no 如 ("5982) in font nullfont!
Missing character: There is no 下 ("4E0B) in font nullfont!
Missing character: There is no ： ("FF1A) in font nullfont!

Overfull \hbox (35.78464pt too wide) in paragraph at lines 65--67
 $\OT1/cmr/m/n/10 [\OT1/cmr/bx/n/10 a[] a[] a[]\OT1/cmr/m/n/10 ]$
 []


Overfull \hbox (38.18053pt too wide) in paragraph at lines 65--67
\OT1/cmr/m/n/10 [\OT1/cmr/bx/n/10 b[] b[] b[]\OT1/cmr/m/n/10 ]$
 []

./KINEMATICS.tex:68: Undefined control sequence.
l.68 ...ad \mathbf{a}_2 \quad \mathbf{a}_3] C \tag
                                                  {2}
The control sequence at the end of the top line
of your error message was never \def'ed. If you have
misspelled it (e.g., `\hobx'), type `I' and the correct
spelling (e.g., `I\hbox'). Otherwise just continue,
and I'll forget about whatever was undefined.


Overfull \hbox (100.16089pt too wide) detected at line 69
\OT1/cmr/m/n/10 [\OT1/cmr/bx/n/10 b[] b[] b[]\OT1/cmr/m/n/10 ] = [\OT1/cmr/bx/n/10 a[] a[] a[]\OT1/cmr/m/n/10 ]\OML/cmm/m/it/10 C\OT1/cmr/m/n/10 2
 []

Missing character: There is no 其 ("5176) in font nullfont!
Missing character: There is no 中 ("4E2D) in font nullfont!
Missing character: There is no 是 ("662F) in font nullfont!
Missing character: There is no 一 ("4E00) in font nullfont!
Missing character: There is no 个 ("4E2A) in font nullfont!
Missing character: There is no 定 ("5B9A) in font nullfont!
Missing character: There is no 义 ("4E49) in font nullfont!
Missing character: There is no 为 ("4E3A) in font nullfont!
Missing character: There is no 如 ("5982) in font nullfont!
Missing character: There is no 下 ("4E0B) in font nullfont!
Missing character: There is no 的 ("7684) in font nullfont!
Missing character: There is no 方 ("65B9) in font nullfont!
Missing character: There is no 阵 ("9635) in font nullfont!
Missing character: There is no ： ("FF1A) in font nullfont!

Overfull \hbox (7.86249pt too wide) in paragraph at lines 69--71
 $\OML/cmm/m/it/10 C$
 []

./KINEMATICS.tex:72: Undefined control sequence.
l.72 C \triangleq
                  \begin{bmatrix}
The control sequence at the end of the top line
of your error message was never \def'ed. If you have
misspelled it (e.g., `\hobx'), type `I' and the correct
spelling (e.g., `I\hbox'). Otherwise just continue,
and I'll forget about whatever was undefined.


./KINEMATICS.tex:72: LaTeX Error: Environment bmatrix undefined.

See the LaTeX manual or LaTeX Companion for explanation.
Type  H <return>  for immediate help.
 ...                                              
                                                  
l.72 C \triangleq \begin{bmatrix}
                                 
Your command was ignored.
Type  I <command> <return>  to replace it with another command,
or  <return>  to continue without it.

./KINEMATICS.tex:73: Misplaced alignment tab character &.
l.73 C_{11} &
              C_{12} & C_{13} \\
I can't figure out why you would want to use a tab mark
here. If you just want an ampersand, the remedy is
simple: Just type `I\&' now. But if some right brace
up above has ended a previous alignment prematurely,
you're probably due for more error messages, and you
might try typing `S' now just to see what is salvageable.

./KINEMATICS.tex:73: Misplaced alignment tab character &.
l.73 C_{11} & C_{12} &
                       C_{13} \\
I can't figure out why you would want to use a tab mark
here. If you just want an ampersand, the remedy is
simple: Just type `I\&' now. But if some right brace
up above has ended a previous alignment prematurely,
you're probably due for more error messages, and you
might try typing `S' now just to see what is salvageable.

./KINEMATICS.tex:74: Misplaced alignment tab character &.
l.74 C_{21} &
              C_{22} & C_{23} \\
I can't figure out why you would want to use a tab mark
here. If you just want an ampersand, the remedy is
simple: Just type `I\&' now. But if some right brace
up above has ended a previous alignment prematurely,
you're probably due for more error messages, and you
might try typing `S' now just to see what is salvageable.

./KINEMATICS.tex:74: Misplaced alignment tab character &.
l.74 C_{21} & C_{22} &
                       C_{23} \\
I can't figure out why you would want to use a tab mark
here. If you just want an ampersand, the remedy is
simple: Just type `I\&' now. But if some right brace
up above has ended a previous alignment prematurely,
you're probably due for more error messages, and you
might try typing `S' now just to see what is salvageable.

./KINEMATICS.tex:75: Misplaced alignment tab character &.
l.75 C_{31} &
              C_{32} & C_{33}
I can't figure out why you would want to use a tab mark
here. If you just want an ampersand, the remedy is
simple: Just type `I\&' now. But if some right brace
up above has ended a previous alignment prematurely,
you're probably due for more error messages, and you
might try typing `S' now just to see what is salvageable.

./KINEMATICS.tex:75: Misplaced alignment tab character &.
l.75 C_{31} & C_{32} &
                       C_{33}
I can't figure out why you would want to use a tab mark
here. If you just want an ampersand, the remedy is
simple: Just type `I\&' now. But if some right brace
up above has ended a previous alignment prematurely,
you're probably due for more error messages, and you
might try typing `S' now just to see what is salvageable.


./KINEMATICS.tex:76: LaTeX Error: \begin{equation} on input line 71 ended by \end{bmatrix}.

See the LaTeX manual or LaTeX Companion for explanation.
Type  H <return>  for immediate help.
 ...                                              
                                                  
l.76 \end{bmatrix}
                   \tag{3}
Your command was ignored.
Type  I <command> <return>  to replace it with another command,
or  <return>  to continue without it.

./KINEMATICS.tex:76: Undefined control sequence.
l.76 \end{bmatrix} \tag
                       {3}
The control sequence at the end of the top line
of your error message was never \def'ed. If you have
misspelled it (e.g., `\hobx'), type `I' and the correct
spelling (e.g., `I\hbox'). Otherwise just continue,
and I'll forget about whatever was undefined.


Overfull \hbox (153.43779pt too wide) detected at line 77
\OML/cmm/m/it/10 CC[]C[]C[][] C[]C[]C[][] C[]C[]C[]\OT1/cmr/m/n/10 3
 []

Missing character: There is no 如 ("5982) in font nullfont!
Missing character: There is no 果 ("679C) in font nullfont!
Missing character: There is no 使 ("4F7F) in font nullfont!
Missing character: There is no 用 ("7528) in font nullfont!
Missing character: There is no 上 ("4E0A) in font nullfont!
Missing character: There is no 标 ("6807) in font nullfont!
Missing character: There is no 表 ("8868) in font nullfont!
Missing character: There is no 示 ("793A) in font nullfont!
Missing character: There is no 转 ("8F6C) in font nullfont!
Missing character: There is no 置 ("7F6E) in font nullfont!
Missing character: There is no ， ("FF0C) in font nullfont!
Missing character: There is no 即 ("5373) in font nullfont!
Missing character: There is no 定 ("5B9A) in font nullfont!
Missing character: There is no 义 ("4E49) in font nullfont!
Missing character: There is no 为 ("4E3A) in font nullfont!
Missing character: There is no ： ("FF1A) in font nullfont!

Overfull \hbox (7.23265pt too wide) in paragraph at lines 77--79
 $\OML/cmm/m/it/10 T$
 []


Overfull \hbox (14.16214pt too wide) in paragraph at lines 77--79
\OML/cmm/m/it/10 C[]$
 []

./KINEMATICS.tex:80: Undefined control sequence.
l.80 C^T \triangleq
                    \begin{bmatrix}
The control sequence at the end of the top line
of your error message was never \def'ed. If you have
misspelled it (e.g., `\hobx'), type `I' and the correct
spelling (e.g., `I\hbox'). Otherwise just continue,
and I'll forget about whatever was undefined.


./KINEMATICS.tex:80: LaTeX Error: Environment bmatrix undefined.

See the LaTeX manual or LaTeX Companion for explanation.
Type  H <return>  for immediate help.
 ...                                              
                                                  
l.80 C^T \triangleq \begin{bmatrix}
                                   
Your command was ignored.
Type  I <command> <return>  to replace it with another command,
or  <return>  to continue without it.

./KINEMATICS.tex:81: Misplaced alignment tab character &.
l.81 C_{11} &
              C_{21} & C_{31} \\
I can't figure out why you would want to use a tab mark
here. If you just want an ampersand, the remedy is
simple: Just type `I\&' now. But if some right brace
up above has ended a previous alignment prematurely,
you're probably due for more error messages, and you
might try typing `S' now just to see what is salvageable.

./KINEMATICS.tex:81: Misplaced alignment tab character &.
l.81 C_{11} & C_{21} &
                       C_{31} \\
I can't figure out why you would want to use a tab mark
here. If you just want an ampersand, the remedy is
simple: Just type `I\&' now. But if some right brace
up above has ended a previous alignment prematurely,
you're probably due for more error messages, and you
might try typing `S' now just to see what is salvageable.

./KINEMATICS.tex:82: Misplaced alignment tab character &.
l.82 C_{12} &
              C_{22} & C_{32} \\
I can't figure out why you would want to use a tab mark
here. If you just want an ampersand, the remedy is
simple: Just type `I\&' now. But if some right brace
up above has ended a previous alignment prematurely,
you're probably due for more error messages, and you
might try typing `S' now just to see what is salvageable.

./KINEMATICS.tex:82: Misplaced alignment tab character &.
l.82 C_{12} & C_{22} &
                       C_{32} \\
I can't figure out why you would want to use a tab mark
here. If you just want an ampersand, the remedy is
simple: Just type `I\&' now. But if some right brace
up above has ended a previous alignment prematurely,
you're probably due for more error messages, and you
might try typing `S' now just to see what is salvageable.

./KINEMATICS.tex:83: Misplaced alignment tab character &.
l.83 C_{13} &
              C_{23} & C_{33}
I can't figure out why you would want to use a tab mark
here. If you just want an ampersand, the remedy is
simple: Just type `I\&' now. But if some right brace
up above has ended a previous alignment prematurely,
you're probably due for more error messages, and you
might try typing `S' now just to see what is salvageable.

./KINEMATICS.tex:83: Misplaced alignment tab character &.
l.83 C_{13} & C_{23} &
                       C_{33}
I can't figure out why you would want to use a tab mark
here. If you just want an ampersand, the remedy is
simple: Just type `I\&' now. But if some right brace
up above has ended a previous alignment prematurely,
you're probably due for more error messages, and you
might try typing `S' now just to see what is salvageable.


./KINEMATICS.tex:84: LaTeX Error: \begin{equation} on input line 79 ended by \end{bmatrix}.

See the LaTeX manual or LaTeX Companion for explanation.
Type  H <return>  for immediate help.
 ...                                              
                                                  
l.84 \end{bmatrix}
                   \tag{4}
Your command was ignored.
Type  I <command> <return>  to replace it with another command,
or  <return>  to continue without it.

./KINEMATICS.tex:84: Undefined control sequence.
l.84 \end{bmatrix} \tag
                       {4}
The control sequence at the end of the top line
of your error message was never \def'ed. If you have
misspelled it (e.g., `\hobx'), type `I' and the correct
spelling (e.g., `I\hbox'). Otherwise just continue,
and I'll forget about whatever was undefined.


Overfull \hbox (159.73744pt too wide) detected at line 85
\OML/cmm/m/it/10 C[]C[]C[]C[][] C[]C[]C[][] C[]C[]C[]\OT1/cmr/m/n/10 4
 []

Missing character: There is no 那 ("90A3) in font nullfont!
Missing character: There is no 么 ("4E48) in font nullfont!
Missing character: There is no 式 ("5F0F) in font nullfont!
Missing character: There is no ( ("28) in font nullfont!
Missing character: There is no 2 ("32) in font nullfont!
Missing character: There is no ) ("29) in font nullfont!
Missing character: There is no 可 ("53EF) in font nullfont!
Missing character: There is no 由 ("7531) in font nullfont!
Missing character: There is no 等 ("7B49) in font nullfont!
Missing character: There is no 价 ("4EF7) in font nullfont!
Missing character: There is no 的 ("7684) in font nullfont!
Missing character: There is no 如 ("5982) in font nullfont!
Missing character: There is no 下 ("4E0B) in font nullfont!
Missing character: There is no 关 ("5173) in font nullfont!
Missing character: There is no 系 ("7CFB) in font nullfont!
Missing character: There is no 替 ("66FF) in font nullfont!
Missing character: There is no 换 ("6362) in font nullfont!
Missing character: There is no ： ("FF1A) in font nullfont!
./KINEMATICS.tex:88: Undefined control sequence.
l.88 ... \mathbf{b}_2 \quad \mathbf{b}_3] C^T \tag
                                                  {5}
The control sequence at the end of the top line
of your error message was never \def'ed. If you have
misspelled it (e.g., `\hobx'), type `I' and the correct
spelling (e.g., `I\hbox'). Otherwise just continue,
and I'll forget about whatever was undefined.


Overfull \hbox (106.46054pt too wide) detected at line 89
\OT1/cmr/m/n/10 [\OT1/cmr/bx/n/10 a[] a[] a[]\OT1/cmr/m/n/10 ] = [\OT1/cmr/bx/n/10 b[] b[] b[]\OT1/cmr/m/n/10 ]\OML/cmm/m/it/10 C[]\OT1/cmr/m/n/10 5
 []

Missing character: There is no 矩 ("77E9) in font nullfont!
Missing character: There is no 阵 ("9635) in font nullfont!
Missing character: There is no 被 ("88AB) in font nullfont!
Missing character: There is no 称 ("79F0) in font nullfont!
Missing character: There is no 为 ("4E3A) in font nullfont!
Missing character: There is no 方 (U+65B9) in font [lmroman10-bold]:mapping=tex-text;!
Missing character: There is no 向 (U+5411) in font [lmroman10-bold]:mapping=tex-text;!
Missing character: There is no 余 (U+4F59) in font [lmroman10-bold]:mapping=tex-text;!
Missing character: There is no 弦 (U+5F26) in font [lmroman10-bold]:mapping=tex-text;!
Missing character: There is no 矩 (U+77E9) in font [lmroman10-bold]:mapping=tex-text;!
Missing character: There is no 阵 (U+9635) in font [lmroman10-bold]:mapping=tex-text;!
Missing character: There is no ， ("FF0C) in font nullfont!
Missing character: There is no 可 ("53EF) in font nullfont!
Missing character: There is no 用 ("7528) in font nullfont!
Missing character: There is no 于 ("4E8E) in font nullfont!
Missing character: There is no 描 ("63CF) in font nullfont!
Missing character: There is no 述 ("8FF0) in font nullfont!
Missing character: There is no 两 ("4E24) in font nullfont!
Missing character: There is no 个 ("4E2A) in font nullfont!
Missing character: There is no 参 ("53C2) in font nullfont!
Missing character: There is no 考 ("8003) in font nullfont!
Missing character: There is no 系 ("7CFB) in font nullfont!
Missing character: There is no 或 ("6216) in font nullfont!
Missing character: There is no 刚 ("521A) in font nullfont!
Missing character: There is no 体 ("4F53) in font nullfont!
Missing character: There is no 和 ("548C) in font nullfont!
Missing character: There is no 的 ("7684) in font nullfont!
Missing character: There is no 相 ("76F8) in font nullfont!
Missing character: There is no 对 ("5BF9) in font nullfont!
Missing character: There is no 方 ("65B9) in font nullfont!
Missing character: There is no 位 ("4F4D) in font nullfont!
Missing character: There is no 。 ("3002) in font nullfont!
Missing character: There is no 在 ("5728) in font nullfont!
Missing character: There is no 那 ("90A3) in font nullfont!
Missing character: There is no 种 ("79CD) in font nullfont!
Missing character: There is no 语 ("8BED) in font nullfont!
Missing character: There is no 境 ("5883) in font nullfont!
Missing character: There is no 下 ("4E0B) in font nullfont!
Missing character: There is no ， ("FF0C) in font nullfont!
Missing character: There is no 使 ("4F7F) in font nullfont!
Missing character: There is no 用 ("7528) in font nullfont!
Missing character: There is no 更 ("66F4) in font nullfont!
Missing character: There is no 丰 ("4E30) in font nullfont!
Missing character: There is no 富 ("5BCC) in font nullfont!
Missing character: There is no 的 ("7684) in font nullfont!
Missing character: There is no 符 ("7B26) in font nullfont!
Missing character: There is no 号 ("53F7) in font nullfont!
Missing character: There is no 替 ("66FF) in font nullfont!
Missing character: There is no 代 ("4EE3) in font nullfont!
Missing character: There is no 符 ("7B26) in font nullfont!
Missing character: There is no 号 ("53F7) in font nullfont!
Missing character: There is no 会 ("4F1A) in font nullfont!
Missing character: There is no 更 ("66F4) in font nullfont!
Missing character: There is no 有 ("6709) in font nullfont!
Missing character: There is no 优 ("4F18) in font nullfont!
Missing character: There is no 势 ("52BF) in font nullfont!
Missing character: There is no 。 ("3002) in font nullfont!
Missing character: There is no 鉴 ("9274) in font nullfont!
Missing character: There is no 于 ("4E8E) in font nullfont!
Missing character: There is no 式 ("5F0F) in font nullfont!
Missing character: There is no ( ("28) in font nullfont!
Missing character: There is no 2 ("32) in font nullfont!
Missing character: There is no ) ("29) in font nullfont!
Missing character: There is no 和 ("548C) in font nullfont!
Missing character: There is no ( ("28) in font nullfont!
Missing character: There is no 5 ("35) in font nullfont!
Missing character: There is no ) ("29) in font nullfont!
Missing character: There is no ， ("FF0C) in font nullfont!
Missing character: There is no 必 ("5FC5) in font nullfont!
Missing character: There is no 须 ("987B) in font nullfont!
Missing character: There is no 认 ("8BA4) in font nullfont!
Missing character: There is no 为 ("4E3A) in font nullfont!
Missing character: There is no 上 ("4E0A) in font nullfont!
Missing character: There is no 下 ("4E0B) in font nullfont!
Missing character: There is no 标 ("6807) in font nullfont!
Missing character: There is no 的 ("7684) in font nullfont!
Missing character: There is no 互 ("4E92) in font nullfont!
Missing character: There is no 换 ("6362) in font nullfont!
Missing character: There is no 意 ("610F) in font nullfont!
Missing character: There is no 味 ("5473) in font nullfont!
Missing character: There is no 着 ("7740) in font nullfont!
Missing character: There is no 转 ("8F6C) in font nullfont!
Missing character: There is no 置 ("7F6E) in font nullfont!
Missing character: There is no ； ("FF1B) in font nullfont!
Missing character: There is no 即 ("5373) in font nullfont!
Missing character: There is no ： ("FF1A) in font nullfont!

Overfull \hbox (20.0pt too wide) in paragraph at lines 91--92
[]
 []


Overfull \hbox (7.86249pt too wide) in paragraph at lines 91--92
\OML/cmm/m/it/10 C$
 []


Overfull \hbox (16.8pt too wide) in paragraph at lines 91--92
\TU/lmr/bx/n/10 方向余弦矩阵
 []


Overfull \hbox (7.50002pt too wide) in paragraph at lines 91--92
\OML/cmm/m/it/10 A$
 []


Overfull \hbox (8.0868pt too wide) in paragraph at lines 91--92
\OML/cmm/m/it/10 B$
 []


Overfull \hbox (21.2594pt too wide) in paragraph at lines 91--92
[][]\OML/cmm/m/it/10 C[]$
 []


Overfull \hbox (7.86249pt too wide) in paragraph at lines 91--92
\OML/cmm/m/it/10 C$
 []




./KINEMATICS.tex:92: LaTeX Error: The font size command \normalsize is not defined:
               there is probably something wrong with the class file.

See the LaTeX manual or LaTeX Companion for explanation.
Type  H <return>  for immediate help.
 ...                                              
                                                  
l.92 \begin{equation}
                     
Your command was ignored.
Type  I <command> <return>  to replace it with another command,
or  <return>  to continue without it.

[1]
./KINEMATICS.tex:93: Undefined control sequence.
l.93 {}^B C^A = ({}^A C^B)^T \tag
                                 {6}
The control sequence at the end of the top line
of your error message was never \def'ed. If you have
misspelled it (e.g., `\hobx'), type `I' and the correct
spelling (e.g., `I\hbox'). Otherwise just continue,
and I'll forget about whatever was undefined.


Overfull \hbox (74.92949pt too wide) detected at line 94
[][]\OML/cmm/m/it/10 C[] \OT1/cmr/m/n/10 = ([][]\OML/cmm/m/it/10 C[]\OT1/cmr/m/n/10 )[]6
 []

Missing character: There is no 方 ("65B9) in font nullfont!
Missing character: There is no 向 ("5411) in font nullfont!
Missing character: There is no 余 ("4F59) in font nullfont!
Missing character: There is no 弦 ("5F26) in font nullfont!
Missing character: There is no 矩 ("77E9) in font nullfont!
Missing character: There is no 阵 ("9635) in font nullfont!
Missing character: There is no 在 ("5728) in font nullfont!
Missing character: There is no 许 ("8BB8) in font nullfont!
Missing character: There is no 多 ("591A) in font nullfont!
Missing character: There is no 有 ("6709) in font nullfont!
Missing character: There is no 用 ("7528) in font nullfont!
Missing character: There is no 的 ("7684) in font nullfont!
Missing character: There is no 关 ("5173) in font nullfont!
Missing character: There is no 系 ("7CFB) in font nullfont!
Missing character: There is no 中 ("4E2D) in font nullfont!
Missing character: There is no 起 ("8D77) in font nullfont!
Missing character: There is no 着 ("7740) in font nullfont!
Missing character: There is no 重 ("91CD) in font nullfont!
Missing character: There is no 要 ("8981) in font nullfont!
Missing character: There is no 作 ("4F5C) in font nullfont!
Missing character: There is no 用 ("7528) in font nullfont!
Missing character: There is no 。 ("3002) in font nullfont!
Missing character: There is no 例 ("4F8B) in font nullfont!
Missing character: There is no 如 ("5982) in font nullfont!
Missing character: There is no ， ("FF0C) in font nullfont!
Missing character: There is no 如 ("5982) in font nullfont!
Missing character: There is no 果 ("679C) in font nullfont!
Missing character: There is no 是 ("662F) in font nullfont!
Missing character: There is no 任 ("4EFB) in font nullfont!
Missing character: There is no 意 ("610F) in font nullfont!
Missing character: There is no 向 ("5411) in font nullfont!
Missing character: There is no 量 ("91CF) in font nullfont!
Missing character: There is no ， ("FF0C) in font nullfont!
Missing character: There is no 和 ("548C) in font nullfont!
Missing character: There is no （ ("FF08) in font nullfont!
Missing character: There is no ） ("FF09) in font nullfont!
Missing character: There is no 定 ("5B9A) in font nullfont!
Missing character: There is no 义 ("4E49) in font nullfont!
Missing character: There is no 为 ("4E3A) in font nullfont!
Missing character: There is no ： ("FF1A) in font nullfont!

Overfull \hbox (20.0pt too wide) in paragraph at lines 96--97
[]
 []


Overfull \hbox (7.86249pt too wide) in paragraph at lines 96--97
\OML/cmm/m/it/10 C$
 []


Overfull \hbox (6.22914pt too wide) in paragraph at lines 96--97
\OT1/cmr/bx/n/10 v$
 []


Overfull \hbox (14.69043pt too wide) in paragraph at lines 96--97
[][]\OML/cmm/m/it/10 v[]$
 []


Overfull \hbox (29.06015pt too wide) in paragraph at lines 96--97
[][]\OML/cmm/m/it/10 v[]$$i \OT1/cmr/m/n/10 =
 []


Overfull \hbox (23.88887pt too wide) in paragraph at lines 96--97
\OT1/cmr/m/n/10 1\OML/cmm/m/it/10 ; \OT1/cmr/m/n/10 2\OML/cmm/m/it/10 ; \OT1/cmr/m/n/10 3$ 
 []

./KINEMATICS.tex:98: Undefined control sequence.
l.98 {}^A v_i \triangleq
                         \mathbf{v} \cdot \mathbf{a}_i \qquad (i = 1, 2, 3) ...
The control sequence at the end of the top line
of your error message was never \def'ed. If you have
misspelled it (e.g., `\hobx'), type `I' and the correct
spelling (e.g., `I\hbox'). Otherwise just continue,
and I'll forget about whatever was undefined.

./KINEMATICS.tex:98: Undefined control sequence.
l.98 ...dot \mathbf{a}_i \qquad (i = 1, 2, 3) \tag
                                                  {7}
The control sequence at the end of the top line
of your error message was never \def'ed. If you have
misspelled it (e.g., `\hobx'), type `I' and the correct
spelling (e.g., `I\hbox'). Otherwise just continue,
and I'll forget about whatever was undefined.


Overfull \hbox (86.0619pt too wide) detected at line 99
[][]\OML/cmm/m/it/10 v[]\OT1/cmr/bx/n/10 v \OMS/cmsy/m/n/10 ^^A \OT1/cmr/bx/n/10 a[] \OT1/cmr/m/n/10 (\OML/cmm/m/it/10 i \OT1/cmr/m/n/10 = 1\OML/cmm/m/it/10 ; \OT1/cmr/m/n/10 2\OML/cmm/m/it/10 ; \OT1/cmr/m/n/10 3)7
 []

Missing character: There is no 以 ("4EE5) in font nullfont!
Missing character: There is no 及 ("53CA) in font nullfont!
Missing character: There is no ： ("FF1A) in font nullfont!
./KINEMATICS.tex:102: Undefined control sequence.
l.102 {}^B v_i \triangleq
                          \mathbf{v} \cdot \mathbf{b}_i \qquad (i = 1, 2, 3)...
The control sequence at the end of the top line
of your error message was never \def'ed. If you have
misspelled it (e.g., `\hobx'), type `I' and the correct
spelling (e.g., `I\hbox'). Otherwise just continue,
and I'll forget about whatever was undefined.

./KINEMATICS.tex:102: Undefined control sequence.
l.102 ...ot \mathbf{b}_i \qquad (i = 1, 2, 3) \tag
                                                  {8}
The control sequence at the end of the top line
of your error message was never \def'ed. If you have
misspelled it (e.g., `\hobx'), type `I' and the correct
spelling (e.g., `I\hbox'). Otherwise just continue,
and I'll forget about whatever was undefined.


Overfull \hbox (87.22961pt too wide) detected at line 103
[][]\OML/cmm/m/it/10 v[]\OT1/cmr/bx/n/10 v \OMS/cmsy/m/n/10 ^^A \OT1/cmr/bx/n/10 b[] \OT1/cmr/m/n/10 (\OML/cmm/m/it/10 i \OT1/cmr/m/n/10 = 1\OML/cmm/m/it/10 ; \OT1/cmr/m/n/10 2\OML/cmm/m/it/10 ; \OT1/cmr/m/n/10 3)8
 []

Missing character: There is no 同 ("540C) in font nullfont!
Missing character: There is no 时 ("65F6) in font nullfont!
Missing character: There is no 和 ("548C) in font nullfont!
Missing character: There is no 分 ("5206) in font nullfont!
Missing character: There is no 别 ("522B) in font nullfont!
Missing character: There is no 表 ("8868) in font nullfont!
Missing character: There is no 示 ("793A) in font nullfont!
Missing character: There is no 行 ("884C) in font nullfont!
Missing character: There is no 矩 ("77E9) in font nullfont!
Missing character: There is no 阵 ("9635) in font nullfont!
Missing character: There is no ， ("FF0C) in font nullfont!
Missing character: There is no 其 ("5176) in font nullfont!
Missing character: There is no 元 ("5143) in font nullfont!
Missing character: There is no 素 ("7D20) in font nullfont!
Missing character: There is no 为 ("4E3A) in font nullfont!
Missing character: There is no 和 ("548C) in font nullfont!
Missing character: There is no ， ("FF0C) in font nullfont!
Missing character: There is no 那 ("90A3) in font nullfont!
Missing character: There is no 么 ("4E48) in font nullfont!
Missing character: There is no ： ("FF1A) in font nullfont!

Overfull \hbox (11.71992pt too wide) in paragraph at lines 103--105
 $[][]\OML/cmm/m/it/10 v$
 []


Overfull \hbox (12.089pt too wide) in paragraph at lines 103--105
[][]\OML/cmm/m/it/10 v$
 []


Overfull \hbox (56.43065pt too wide) in paragraph at lines 103--105
[][]\OML/cmm/m/it/10 v[]; [][]v[]; [][]v[]$
 []


Overfull \hbox (57.53789pt too wide) in paragraph at lines 103--105
[][]\OML/cmm/m/it/10 v[]; [][]v[]; [][]v[]$ 
 []

./KINEMATICS.tex:106: Undefined control sequence.
l.106 {}^B v = {}^A v C \tag
                            {9}
The control sequence at the end of the top line
of your error message was never \def'ed. If you have
misspelled it (e.g., `\hobx'), type `I' and the correct
spelling (e.g., `I\hbox'). Otherwise just continue,
and I'll forget about whatever was undefined.


Overfull \hbox (50.00465pt too wide) detected at line 107
[][]\OML/cmm/m/it/10 v \OT1/cmr/m/n/10 = [][]\OML/cmm/m/it/10 vC\OT1/cmr/m/n/10 9
 []

Missing character: There is no 类 ("7C7B) in font nullfont!
Missing character: There is no 似 ("4F3C) in font nullfont!
Missing character: There is no 地 ("5730) in font nullfont!
Missing character: There is no ， ("FF0C) in font nullfont!
Missing character: There is no 如 ("5982) in font nullfont!
Missing character: There is no 果 ("679C) in font nullfont!
Missing character: There is no 是 ("662F) in font nullfont!
Missing character: There is no 任 ("4EFB) in font nullfont!
Missing character: There is no 意 ("610F) in font nullfont!
Missing character: There is no 并 ("5E76) in font nullfont!
Missing character: There is no 矢 ("77E2) in font nullfont!
Missing character: There is no ， ("FF0C) in font nullfont!
Missing character: There is no 并 ("5E76) in font nullfont!
Missing character: There is no 且 ("4E14) in font nullfont!
Missing character: There is no 和 ("548C) in font nullfont!
Missing character: There is no （ ("FF08) in font nullfont!
Missing character: There is no ） ("FF09) in font nullfont!
Missing character: There is no 定 ("5B9A) in font nullfont!
Missing character: There is no 义 ("4E49) in font nullfont!
Missing character: There is no 为 ("4E3A) in font nullfont!
Missing character: There is no ： ("FF1A) in font nullfont!

Overfull \hbox (8.8194pt too wide) in paragraph at lines 107--109
 $\OT1/cmr/bx/n/10 D$
 []


Overfull \hbox (21.83592pt too wide) in paragraph at lines 107--109
[][]\OML/cmm/m/it/10 D[]$
 []


Overfull \hbox (45.34055pt too wide) in paragraph at lines 107--109
[][]\OML/cmm/m/it/10 D[]$$i; j \OT1/cmr/m/n/10 =
 []


Overfull \hbox (23.88887pt too wide) in paragraph at lines 107--109
\OT1/cmr/m/n/10 1\OML/cmm/m/it/10 ; \OT1/cmr/m/n/10 2\OML/cmm/m/it/10 ; \OT1/cmr/m/n/10 3$ 
 []

./KINEMATICS.tex:110: Undefined control sequence.
l.110 {}^A D_{ij} \triangleq
                             \mathbf{a}_i \cdot \mathbf{D} \cdot \mathbf{a}_...
The control sequence at the end of the top line
of your error message was never \def'ed. If you have
misspelled it (e.g., `\hobx'), type `I' and the correct
spelling (e.g., `I\hbox'). Otherwise just continue,
and I'll forget about whatever was undefined.

./KINEMATICS.tex:110: Undefined control sequence.
l.110 ...\mathbf{a}_j \qquad (i, j = 1, 2, 3) \tag
                                                  {10}
The control sequence at the end of the top line
of your error message was never \def'ed. If you have
misspelled it (e.g., `\hobx'), type `I' and the correct
spelling (e.g., `I\hbox'). Otherwise just continue,
and I'll forget about whatever was undefined.


Overfull \hbox (122.51414pt too wide) detected at line 111
[][]\OML/cmm/m/it/10 D[]\OT1/cmr/bx/n/10 a[] \OMS/cmsy/m/n/10 ^^A \OT1/cmr/bx/n/10 D \OMS/cmsy/m/n/10 ^^A \OT1/cmr/bx/n/10 a[] \OT1/cmr/m/n/10 (\OML/cmm/m/it/10 i; j \OT1/cmr/m/n/10 = 1\OML/cmm/m/it/10 ; \OT1/cmr/m/n/10 2\OML/cmm/m/it/10 ; \OT1/cmr/m/n/10 3)[]
 []

Missing character: There is no 以 ("4EE5) in font nullfont!
Missing character: There is no 及 ("53CA) in font nullfont!
Missing character: There is no ： ("FF1A) in font nullfont!
./KINEMATICS.tex:114: Undefined control sequence.
l.114 {}^B D_{ij} \triangleq
                             \mathbf{b}_i \cdot \mathbf{D} \cdot \mathbf{b}_...
The control sequence at the end of the top line
of your error message was never \def'ed. If you have
misspelled it (e.g., `\hobx'), type `I' and the correct
spelling (e.g., `I\hbox'). Otherwise just continue,
and I'll forget about whatever was undefined.

./KINEMATICS.tex:114: Undefined control sequence.
l.114 ...\mathbf{b}_j \qquad (i, j = 1, 2, 3) \tag
                                                  {11}
The control sequence at the end of the top line
of your error message was never \def'ed. If you have
misspelled it (e.g., `\hobx'), type `I' and the correct
spelling (e.g., `I\hbox'). Otherwise just continue,
and I'll forget about whatever was undefined.


Overfull \hbox (124.48048pt too wide) detected at line 115
[][]\OML/cmm/m/it/10 D[]\OT1/cmr/bx/n/10 b[] \OMS/cmsy/m/n/10 ^^A \OT1/cmr/bx/n/10 D \OMS/cmsy/m/n/10 ^^A \OT1/cmr/bx/n/10 b[] \OT1/cmr/m/n/10 (\OML/cmm/m/it/10 i; j \OT1/cmr/m/n/10 = 1\OML/cmm/m/it/10 ; \OT1/cmr/m/n/10 2\OML/cmm/m/it/10 ; \OT1/cmr/m/n/10 3)[]
 []

Missing character: There is no 而 ("800C) in font nullfont!
Missing character: There is no 和 ("548C) in font nullfont!
Missing character: There is no 分 ("5206) in font nullfont!
Missing character: There is no 别 ("522B) in font nullfont!
Missing character: There is no 表 ("8868) in font nullfont!
Missing character: There is no 示 ("793A) in font nullfont!
Missing character: There is no 元 ("5143) in font nullfont!
Missing character: There is no 素 ("7D20) in font nullfont!
Missing character: There is no 为 ("4E3A) in font nullfont!
Missing character: There is no 和 ("548C) in font nullfont!
Missing character: There is no 的 ("7684) in font nullfont!
Missing character: There is no 方 ("65B9) in font nullfont!
Missing character: There is no 阵 ("9635) in font nullfont!
Missing character: There is no ， ("FF0C) in font nullfont!
Missing character: There is no 则 ("5219) in font nullfont!
Missing character: There is no ： ("FF1A) in font nullfont!

Overfull \hbox (15.07086pt too wide) in paragraph at lines 115--117
 $[][]\OML/cmm/m/it/10 D$
 []


Overfull \hbox (15.43994pt too wide) in paragraph at lines 115--117
[][]\OML/cmm/m/it/10 D$
 []


Overfull \hbox (21.83592pt too wide) in paragraph at lines 115--117
[][]\OML/cmm/m/it/10 D[]$
 []


Overfull \hbox (22.205pt too wide) in paragraph at lines 115--117
[][]\OML/cmm/m/it/10 D[]$
 []

./KINEMATICS.tex:118: Undefined control sequence.
l.118 {}^B D = C^T {}^A D C \tag
                                {12}
The control sequence at the end of the top line
of your error message was never \def'ed. If you have
misspelled it (e.g., `\hobx'), type `I' and the correct
spelling (e.g., `I\hbox'). Otherwise just continue,
and I'll forget about whatever was undefined.


Overfull \hbox (75.86868pt too wide) detected at line 119
[][]\OML/cmm/m/it/10 D \OT1/cmr/m/n/10 = \OML/cmm/m/it/10 C[][][]DC[]
 []

Missing character: There is no 对 ("5BF9) in font nullfont!
Missing character: There is no 重 ("91CD) in font nullfont!
Missing character: There is no 复 ("590D) in font nullfont!
Missing character: There is no 下 ("4E0B) in font nullfont!
Missing character: There is no 标 ("6807) in font nullfont!
Missing character: There is no 使 ("4F7F) in font nullfont!
Missing character: There is no 用 ("7528) in font nullfont!
Missing character: There is no 求 ("6C42) in font nullfont!
Missing character: There is no 和 ("548C) in font nullfont!
Missing character: There is no 约 ("7EA6) in font nullfont!
Missing character: There is no 定 ("5B9A) in font nullfont!
Missing character: There is no ， ("FF0C) in font nullfont!
Missing character: There is no 通 ("901A) in font nullfont!
Missing character: There is no 常 ("5E38) in font nullfont!
Missing character: There is no 可 ("53EF) in font nullfont!
Missing character: There is no 以 ("4EE5) in font nullfont!
Missing character: There is no 更 ("66F4) in font nullfont!
Missing character: There is no 加 ("52A0) in font nullfont!
Missing character: There is no 简 ("7B80) in font nullfont!
Missing character: There is no 明 ("660E) in font nullfont!
Missing character: There is no 地 ("5730) in font nullfont!
Missing character: There is no 表 ("8868) in font nullfont!
Missing character: There is no 达 ("8FBE) in font nullfont!
Missing character: There is no 重 ("91CD) in font nullfont!
Missing character: There is no 要 ("8981) in font nullfont!
Missing character: There is no 的 ("7684) in font nullfont!
Missing character: There is no 关 ("5173) in font nullfont!
Missing character: There is no 系 ("7CFB) in font nullfont!
Missing character: There is no 式 ("5F0F) in font nullfont!
Missing character: There is no 。 ("3002) in font nullfont!
Missing character: There is no 例 ("4F8B) in font nullfont!
Missing character: There is no 如 ("5982) in font nullfont!
Missing character: There is no ， ("FF0C) in font nullfont!
Missing character: There is no 定 ("5B9A) in font nullfont!
Missing character: There is no 义 ("4E49) in font nullfont!
Missing character: There is no 为 ("4E3A) in font nullfont!
Missing character: There is no ： ("FF1A) in font nullfont!

Overfull \hbox (31.48729pt too wide) in paragraph at lines 121--122
[]$\OML/cmm/m/it/10 ^^N[]$
 []

./KINEMATICS.tex:123: Undefined control sequence.
l.123 \delta_{ij} \triangleq
                             1 - \frac{1}{4}(i-j)^2\left[5-(i-j)^2\right] \q...
The control sequence at the end of the top line
of your error message was never \def'ed. If you have
misspelled it (e.g., `\hobx'), type `I' and the correct
spelling (e.g., `I\hbox'). Otherwise just continue,
and I'll forget about whatever was undefined.

./KINEMATICS.tex:123: Undefined control sequence.
l.123 ...-j)^2\right] \qquad (i, j = 1, 2, 3) \tag
                                                  {13}
The control sequence at the end of the top line
of your error message was never \def'ed. If you have
misspelled it (e.g., `\hobx'), type `I' and the correct
spelling (e.g., `I\hbox'). Otherwise just continue,
and I'll forget about whatever was undefined.


Overfull \hbox (188.93289pt too wide) detected at line 124
\OML/cmm/m/it/10 ^^N[]\OT1/cmr/m/n/10 1 \OMS/cmsy/m/n/10 ^^@ []\OT1/cmr/m/n/10 (\OML/cmm/m/it/10 i \OMS/cmsy/m/n/10 ^^@ \OML/cmm/m/it/10 j\OT1/cmr/m/n/10 )[] []  (\OML/cmm/m/it/10 i; j \OT1/cmr/m/n/10 = 1\OML/cmm/m/it/10 ; \OT1/cmr/m/n/10 2\OML/cmm/m/it/10 ; \OT1/cmr/m/n/10 3)[]
 []

Missing character: There is no 使 ("4F7F) in font nullfont!
Missing character: There is no 得 ("5F97) in font nullfont!
Missing character: There is no 当 ("5F53) in font nullfont!
Missing character: There is no 两 ("4E24) in font nullfont!
Missing character: There is no 个 ("4E2A) in font nullfont!
Missing character: There is no 下 ("4E0B) in font nullfont!
Missing character: There is no 标 ("6807) in font nullfont!
Missing character: There is no 相 ("76F8) in font nullfont!
Missing character: There is no 同 ("540C) in font nullfont!
Missing character: There is no 时 ("65F6) in font nullfont!
Missing character: There is no ， ("FF0C) in font nullfont!
Missing character: There is no 等 ("7B49) in font nullfont!
Missing character: There is no 于 ("4E8E) in font nullfont!
Missing character: There is no ， ("FF0C) in font nullfont!
Missing character: There is no 不 ("4E0D) in font nullfont!
Missing character: There is no 相 ("76F8) in font nullfont!
Missing character: There is no 同 ("540C) in font nullfont!
Missing character: There is no 时 ("65F6) in font nullfont!
Missing character: There is no 等 ("7B49) in font nullfont!
Missing character: There is no 于 ("4E8E) in font nullfont!
Missing character: There is no 。 ("3002) in font nullfont!
Missing character: There is no 利 ("5229) in font nullfont!
Missing character: There is no 用 ("7528) in font nullfont!
Missing character: There is no 求 ("6C42) in font nullfont!
Missing character: There is no 和 ("548C) in font nullfont!
Missing character: There is no 约 ("7EA6) in font nullfont!
Missing character: There is no 定 ("5B9A) in font nullfont!
Missing character: There is no ， ("FF0C) in font nullfont!
Missing character: There is no 可 ("53EF) in font nullfont!
Missing character: There is no 以 ("4EE5) in font nullfont!
Missing character: There is no 导 ("5BFC) in font nullfont!
Missing character: There is no 出 ("51FA) in font nullfont!
Missing character: There is no 一 ("4E00) in font nullfont!
Missing character: There is no 组 ("7EC4) in font nullfont!
Missing character: There is no 控 ("63A7) in font nullfont!
Missing character: There is no 制 ("5236) in font nullfont!
Missing character: There is no 方 ("65B9) in font nullfont!
Missing character: There is no 向 ("5411) in font nullfont!
Missing character: There is no 余 ("4F59) in font nullfont!
Missing character: There is no 弦 ("5F26) in font nullfont!
Missing character: There is no 的 ("7684) in font nullfont!
Missing character: There is no 六 ("516D) in font nullfont!
Missing character: There is no 个 ("4E2A) in font nullfont!
Missing character: There is no 关 ("5173) in font nullfont!
Missing character: There is no 系 ("7CFB) in font nullfont!
Missing character: There is no 式 ("5F0F) in font nullfont!
Missing character: There is no ： ("FF1A) in font nullfont!

Overfull \hbox (11.48729pt too wide) in paragraph at lines 124--126
$\OML/cmm/m/it/10 ^^N[]$
 []


Overfull \hbox (5.00002pt too wide) in paragraph at lines 124--126
\OT1/cmr/m/n/10 1$
 []


Overfull \hbox (5.00002pt too wide) in paragraph at lines 124--126
\OT1/cmr/m/n/10 0$ 
 []

./KINEMATICS.tex:127: Undefined control sequence.
l.127 ... \delta_{ij} \qquad (i, j = 1, 2, 3) \tag
                                                  {14}
The control sequence at the end of the top line
of your error message was never \def'ed. If you have
misspelled it (e.g., `\hobx'), type `I' and the correct
spelling (e.g., `I\hbox'). Otherwise just continue,
and I'll forget about whatever was undefined.


Overfull \hbox (123.07808pt too wide) detected at line 128
\OML/cmm/m/it/10 C[]C[] \OT1/cmr/m/n/10 = \OML/cmm/m/it/10 ^^N[] \OT1/cmr/m/n/10 (\OML/cmm/m/it/10 i; j \OT1/cmr/m/n/10 = 1\OML/cmm/m/it/10 ; \OT1/cmr/m/n/10 2\OML/cmm/m/it/10 ; \OT1/cmr/m/n/10 3)[]
 []

Missing character: There is no 或 ("6216) in font nullfont!
Missing character: There is no 等 ("7B49) in font nullfont!
Missing character: There is no 价 ("4EF7) in font nullfont!
Missing character: There is no 的 ("7684) in font nullfont!
Missing character: There is no 一 ("4E00) in font nullfont!
Missing character: There is no 组 ("7EC4) in font nullfont!
Missing character: There is no ： ("FF1A) in font nullfont!
./KINEMATICS.tex:131: Undefined control sequence.
l.131 ... \delta_{ij} \qquad (i, j = 1, 2, 3) \tag
                                                  {15}
The control sequence at the end of the top line
of your error message was never \def'ed. If you have
misspelled it (e.g., `\hobx'), type `I' and the correct
spelling (e.g., `I\hbox'). Otherwise just continue,
and I'll forget about whatever was undefined.


Overfull \hbox (123.07808pt too wide) detected at line 132
\OML/cmm/m/it/10 C[]C[] \OT1/cmr/m/n/10 = \OML/cmm/m/it/10 ^^N[] \OT1/cmr/m/n/10 (\OML/cmm/m/it/10 i; j \OT1/cmr/m/n/10 = 1\OML/cmm/m/it/10 ; \OT1/cmr/m/n/10 2\OML/cmm/m/it/10 ; \OT1/cmr/m/n/10 3)[]
 []

Missing character: There is no 或 ("6216) in font nullfont!
Missing character: There is no 者 ("8005) in font nullfont!
Missing character: There is no ， ("FF0C) in font nullfont!
Missing character: There is no 这 ("8FD9) in font nullfont!
Missing character: There is no 些 ("4E9B) in font nullfont!
Missing character: There is no 关 ("5173) in font nullfont!
Missing character: There is no 系 ("7CFB) in font nullfont!
Missing character: There is no 式 ("5F0F) in font nullfont!
Missing character: There is no 可 ("53EF) in font nullfont!
Missing character: There is no 以 ("4EE5) in font nullfont!
Missing character: There is no 用 ("7528) in font nullfont!
Missing character: There is no 矩 ("77E9) in font nullfont!
Missing character: There is no 阵 ("9635) in font nullfont!
Missing character: There is no 形 ("5F62) in font nullfont!
Missing character: There is no 式 ("5F0F) in font nullfont!
Missing character: There is no 表 ("8868) in font nullfont!
Missing character: There is no 示 ("793A) in font nullfont!
Missing character: There is no 为 ("4E3A) in font nullfont!
Missing character: There is no ： ("FF1A) in font nullfont!
./KINEMATICS.tex:135: Undefined control sequence.
l.135 C C^T = U \tag
                    {16}
The control sequence at the end of the top line
of your error message was never \def'ed. If you have
misspelled it (e.g., `\hobx'), type `I' and the correct
spelling (e.g., `I\hbox'). Otherwise just continue,
and I'll forget about whatever was undefined.


Overfull \hbox (53.27591pt too wide) detected at line 136
\OML/cmm/m/it/10 CC[] \OT1/cmr/m/n/10 = \OML/cmm/m/it/10 U[]
 []

Missing character: There is no 和 ("548C) in font nullfont!
Missing character: There is no ： ("FF1A) in font nullfont!
./KINEMATICS.tex:139: Undefined control sequence.
l.139 C^T C = U \tag
                    {17}
The control sequence at the end of the top line
of your error message was never \def'ed. If you have
misspelled it (e.g., `\hobx'), type `I' and the correct
spelling (e.g., `I\hbox'). Otherwise just continue,
and I'll forget about whatever was undefined.


Overfull \hbox (53.27591pt too wide) detected at line 140
\OML/cmm/m/it/10 C[]C \OT1/cmr/m/n/10 = \OML/cmm/m/it/10 U[]
 []

Missing character: There is no 其 ("5176) in font nullfont!
Missing character: There is no 中 ("4E2D) in font nullfont!
Missing character: There is no 表 ("8868) in font nullfont!
Missing character: There is no 示 ("793A) in font nullfont!
Missing character: There is no 单 ("5355) in font nullfont!
Missing character: There is no 位 ("4F4D) in font nullfont!
Missing character: There is no 矩 ("77E9) in font nullfont!
Missing character: There is no 阵 ("9635) in font nullfont!
Missing character: There is no ， ("FF0C) in font nullfont!
Missing character: There is no 定 ("5B9A) in font nullfont!
Missing character: There is no 义 ("4E49) in font nullfont!
Missing character: There is no 为 ("4E3A) in font nullfont!
Missing character: There is no ： ("FF1A) in font nullfont!

Overfull \hbox (7.91803pt too wide) in paragraph at lines 140--142
 $\OML/cmm/m/it/10 U$
 []

./KINEMATICS.tex:143: Undefined control sequence.
l.143 U \triangleq
                   \begin{bmatrix} 1 & 0 & 0 \\ 0 & 1 & 0 \\ 0 & 0 & 1 \end{...
The control sequence at the end of the top line
of your error message was never \def'ed. If you have
misspelled it (e.g., `\hobx'), type `I' and the correct
spelling (e.g., `I\hbox'). Otherwise just continue,
and I'll forget about whatever was undefined.


./KINEMATICS.tex:143: LaTeX Error: Environment bmatrix undefined.

See the LaTeX manual or LaTeX Companion for explanation.
Type  H <return>  for immediate help.
 ...                                              
                                                  
l.143 U \triangleq \begin{bmatrix}
                                   1 & 0 & 0 \\ 0 & 1 & 0 \\ 0 & 0 & 1 \end{...
Your command was ignored.
Type  I <command> <return>  to replace it with another command,
or  <return>  to continue without it.

./KINEMATICS.tex:143: Misplaced alignment tab character &.
l.143 U \triangleq \begin{bmatrix} 1 &
                                       0 & 0 \\ 0 & 1 & 0 \\ 0 & 0 & 1 \end{...
I can't figure out why you would want to use a tab mark
here. If you just want an ampersand, the remedy is
simple: Just type `I\&' now. But if some right brace
up above has ended a previous alignment prematurely,
you're probably due for more error messages, and you
might try typing `S' now just to see what is salvageable.

./KINEMATICS.tex:143: Misplaced alignment tab character &.
l.143 U \triangleq \begin{bmatrix} 1 & 0 &
                                           0 \\ 0 & 1 & 0 \\ 0 & 0 & 1 \end{...
I can't figure out why you would want to use a tab mark
here. If you just want an ampersand, the remedy is
simple: Just type `I\&' now. But if some right brace
up above has ended a previous alignment prematurely,
you're probably due for more error messages, and you
might try typing `S' now just to see what is salvageable.

./KINEMATICS.tex:143: Misplaced alignment tab character &.
l.143 ...riangleq \begin{bmatrix} 1 & 0 & 0 \\ 0 &
                                                   1 & 0 \\ 0 & 0 & 1 \end{b...
I can't figure out why you would want to use a tab mark
here. If you just want an ampersand, the remedy is
simple: Just type `I\&' now. But if some right brace
up above has ended a previous alignment prematurely,
you're probably due for more error messages, and you
might try typing `S' now just to see what is salvageable.

./KINEMATICS.tex:143: Misplaced alignment tab character &.
l.143 ...gleq \begin{bmatrix} 1 & 0 & 0 \\ 0 & 1 &
                                                   0 \\ 0 & 0 & 1 \end{bmatr...
I can't figure out why you would want to use a tab mark
here. If you just want an ampersand, the remedy is
simple: Just type `I\&' now. But if some right brace
up above has ended a previous alignment prematurely,
you're probably due for more error messages, and you
might try typing `S' now just to see what is salvageable.

./KINEMATICS.tex:143: Misplaced alignment tab character &.
l.143 ...in{bmatrix} 1 & 0 & 0 \\ 0 & 1 & 0 \\ 0 &
                                                   0 & 1 \end{bmatrix} \tag{18}
I can't figure out why you would want to use a tab mark
here. If you just want an ampersand, the remedy is
simple: Just type `I\&' now. But if some right brace
up above has ended a previous alignment prematurely,
you're probably due for more error messages, and you
might try typing `S' now just to see what is salvageable.

./KINEMATICS.tex:143: Misplaced alignment tab character &.
l.143 ...matrix} 1 & 0 & 0 \\ 0 & 1 & 0 \\ 0 & 0 &
                                                   1 \end{bmatrix} \tag{18}
I can't figure out why you would want to use a tab mark
here. If you just want an ampersand, the remedy is
simple: Just type `I\&' now. But if some right brace
up above has ended a previous alignment prematurely,
you're probably due for more error messages, and you
might try typing `S' now just to see what is salvageable.


./KINEMATICS.tex:143: LaTeX Error: \begin{equation} on input line 142 ended by \end{bmatrix}.

See the LaTeX manual or LaTeX Companion for explanation.
Type  H <return>  for immediate help.
 ...                                              
                                                  
l.143 ...0 \\ 0 & 1 & 0 \\ 0 & 0 & 1 \end{bmatrix}
                                                   \tag{18}
Your command was ignored.
Type  I <command> <return>  to replace it with another command,
or  <return>  to continue without it.

./KINEMATICS.tex:143: Undefined control sequence.
l.143 ...0 & 1 & 0 \\ 0 & 0 & 1 \end{bmatrix} \tag
                                                  {18}
The control sequence at the end of the top line
of your error message was never \def'ed. If you have
misspelled it (e.g., `\hobx'), type `I' and the correct
spelling (e.g., `I\hbox'). Otherwise just continue,
and I'll forget about whatever was undefined.


Overfull \hbox (62.9182pt too wide) detected at line 144
\OML/cmm/m/it/10 U\OT1/cmr/m/n/10 100[] 010[] 001[]
 []

Missing character: There is no 矩 ("77E9) in font nullfont!
Missing character: There is no 阵 ("9635) in font nullfont!
Missing character: There is no 的 ("7684) in font nullfont!
Missing character: There is no 每 ("6BCF) in font nullfont!
Missing character: There is no 个 ("4E2A) in font nullfont!
Missing character: There is no 元 ("5143) in font nullfont!
Missing character: There is no 素 ("7D20) in font nullfont!
Missing character: There is no 均 ("5747) in font nullfont!
Missing character: There is no 等 ("7B49) in font nullfont!
Missing character: There is no 于 ("4E8E) in font nullfont!
Missing character: There is no 其 ("5176) in font nullfont!
Missing character: There is no 在 ("5728) in font nullfont!
Missing character: There is no 行 ("884C) in font nullfont!
Missing character: There is no 列 ("5217) in font nullfont!
Missing character: There is no 式 ("5F0F) in font nullfont!
Missing character: There is no 中 ("4E2D) in font nullfont!
Missing character: There is no 的 ("7684) in font nullfont!
Missing character: There is no 代 ("4EE3) in font nullfont!
Missing character: There is no 数 ("6570) in font nullfont!
Missing character: There is no 余 ("4F59) in font nullfont!
Missing character: There is no 子 ("5B50) in font nullfont!
Missing character: There is no 式 ("5F0F) in font nullfont!
Missing character: There is no ； ("FF1B) in font nullfont!
Missing character: There is no 若 ("82E5) in font nullfont!
Missing character: There is no 表 ("8868) in font nullfont!
Missing character: There is no 示 ("793A) in font nullfont!
Missing character: There is no 该 ("8BE5) in font nullfont!
Missing character: There is no 行 ("884C) in font nullfont!
Missing character: There is no 列 ("5217) in font nullfont!
Missing character: There is no 式 ("5F0F) in font nullfont!
Missing character: There is no ， ("FF0C) in font nullfont!
Missing character: There is no 则 ("5219) in font nullfont!
Missing character: There is no 有 ("6709) in font nullfont!
Missing character: There is no ： ("FF1A) in font nullfont!

Overfull \hbox (20.0pt too wide) in paragraph at lines 146--147
[]
 []


Overfull \hbox (7.86249pt too wide) in paragraph at lines 146--147
\OML/cmm/m/it/10 C$
 []


Overfull \hbox (13.41806pt too wide) in paragraph at lines 146--147
\OMS/cmsy/m/n/10 j\OML/cmm/m/it/10 C\OMS/cmsy/m/n/10 j$
 []

./KINEMATICS.tex:148: Undefined control sequence.
l.148 |C| = 1 \tag
                  {19}
The control sequence at the end of the top line
of your error message was never \def'ed. If you have
misspelled it (e.g., `\hobx'), type `I' and the correct
spelling (e.g., `I\hbox'). Otherwise just continue,
and I'll forget about whatever was undefined.


Overfull \hbox (41.75133pt too wide) detected at line 149
\OMS/cmsy/m/n/10 j\OML/cmm/m/it/10 C\OMS/cmsy/m/n/10 j \OT1/cmr/m/n/10 = 1[]
 []

Missing character: There is no 因 ("56E0) in font nullfont!
Missing character: There is no 此 ("6B64) in font nullfont!
Missing character: There is no ， ("FF0C) in font nullfont!
Missing character: There is no 是 ("662F) in font nullfont!
Missing character: There is no 一 ("4E00) in font nullfont!
Missing character: There is no 个 ("4E2A) in font nullfont!
Missing character: There is no 正 ("6B63) in font nullfont!
Missing character: There is no 交 ("4EA4) in font nullfont!
Missing character: There is no 矩 ("77E9) in font nullfont!
Missing character: There is no 阵 ("9635) in font nullfont!
Missing character: There is no ， ("FF0C) in font nullfont!
Missing character: There is no 即 ("5373) in font nullfont!
Missing character: There is no 其 ("5176) in font nullfont!
Missing character: There is no 逆 ("9006) in font nullfont!
Missing character: There is no 矩 ("77E9) in font nullfont!
Missing character: There is no 阵 ("9635) in font nullfont!
Missing character: There is no 等 ("7B49) in font nullfont!
Missing character: There is no 于 ("4E8E) in font nullfont!
Missing character: There is no 其 ("5176) in font nullfont!
Missing character: There is no 转 ("8F6C) in font nullfont!
Missing character: There is no 置 ("7F6E) in font nullfont!
Missing character: There is no 矩 ("77E9) in font nullfont!
Missing character: There is no 阵 ("9635) in font nullfont!
Missing character: There is no 。 ("3002) in font nullfont!
Missing character: There is no 此 ("6B64) in font nullfont!
Missing character: There is no 外 ("5916) in font nullfont!
Missing character: There is no ： ("FF1A) in font nullfont!

Overfull \hbox (7.86249pt too wide) in paragraph at lines 149--151
$\OML/cmm/m/it/10 C$
 []

./KINEMATICS.tex:152: Undefined control sequence.
l.152 |C - U| = 0 \tag
                      {20}
The control sequence at the end of the top line
of your error message was never \def'ed. If you have
misspelled it (e.g., `\hobx'), type `I' and the correct
spelling (e.g., `I\hbox'). Otherwise just continue,
and I'll forget about whatever was undefined.


Overfull \hbox (57.44716pt too wide) detected at line 153
\OMS/cmsy/m/n/10 j\OML/cmm/m/it/10 C \OMS/cmsy/m/n/10 ^^@ \OML/cmm/m/it/10 U\OMS/cmsy/m/n/10 j \OT1/cmr/m/n/10 = 0[]
 []

Missing character: There is no 因 ("56E0) in font nullfont!
Missing character: There is no 此 ("6B64) in font nullfont!
Missing character: There is no ， ("FF0C) in font nullfont!
Missing character: There is no 1 ("31) in font nullfont!
Missing character: There is no 是 ("662F) in font nullfont!
Missing character: There is no 每 ("6BCF) in font nullfont!
Missing character: There is no 一 ("4E00) in font nullfont!
Missing character: There is no 个 ("4E2A) in font nullfont!
Missing character: There is no 方 ("65B9) in font nullfont!
Missing character: There is no 向 ("5411) in font nullfont!
Missing character: There is no 余 ("4F59) in font nullfont!
Missing character: There is no 弦 ("5F26) in font nullfont!
Missing character: There is no 矩 ("77E9) in font nullfont!
Missing character: There is no 阵 ("9635) in font nullfont!
Missing character: There is no 的 ("7684) in font nullfont!
Missing character: There is no 一 ("4E00) in font nullfont!
Missing character: There is no 个 ("4E2A) in font nullfont!
Missing character: There is no 特 ("7279) in font nullfont!
Missing character: There is no 征 ("5F81) in font nullfont!
Missing character: There is no 值 ("503C) in font nullfont!
Missing character: There is no 。 ("3002) in font nullfont!
Missing character: There is no 换 ("6362) in font nullfont!
Missing character: There is no 言 ("8A00) in font nullfont!
Missing character: There is no 之 ("4E4B) in font nullfont!
Missing character: There is no ， ("FF0C) in font nullfont!
Missing character: There is no 对 ("5BF9) in font nullfont!
Missing character: There is no 于 ("4E8E) in font nullfont!
Missing character: There is no 每 ("6BCF) in font nullfont!
Missing character: There is no 一 ("4E00) in font nullfont!
Missing character: There is no 个 ("4E2A) in font nullfont!
Missing character: There is no 方 ("65B9) in font nullfont!
Missing character: There is no 向 ("5411) in font nullfont!
Missing character: There is no 余 ("4F59) in font nullfont!
Missing character: There is no 弦 ("5F26) in font nullfont!
Missing character: There is no 矩 ("77E9) in font nullfont!
Missing character: There is no 阵 ("9635) in font nullfont!
Missing character: There is no ， ("FF0C) in font nullfont!
Missing character: There is no 存 ("5B58) in font nullfont!
Missing character: There is no 在 ("5728) in font nullfont!
Missing character: There is no 行 ("884C) in font nullfont!
Missing character: There is no 矩 ("77E9) in font nullfont!
Missing character: There is no 阵 ("9635) in font nullfont!
Missing character: There is no ， ("FF0C) in font nullfont!
Missing character: There is no 称 ("79F0) in font nullfont!
Missing character: There is no 为 ("4E3A) in font nullfont!
Missing character: There is no 特 (U+7279) in font [lmroman10-bold]:mapping=tex-text;!
Missing character: There is no 征 (U+5F81) in font [lmroman10-bold]:mapping=tex-text;!
Missing character: There is no 向 (U+5411) in font [lmroman10-bold]:mapping=tex-text;!
Missing character: There is no 量 (U+91CF) in font [lmroman10-bold]:mapping=tex-text;!
Missing character: There is no ， ("FF0C) in font nullfont!
Missing character: There is no 满 ("6EE1) in font nullfont!
Missing character: There is no 足 ("8DB3) in font nullfont!
Missing character: There is no 方 ("65B9) in font nullfont!
Missing character: There is no 程 ("7A0B) in font nullfont!
Missing character: There is no ： ("FF1A) in font nullfont!

Overfull \hbox (7.86249pt too wide) in paragraph at lines 153--155
  $\OML/cmm/m/it/10 C$
 []


Overfull \hbox (47.4987pt too wide) in paragraph at lines 153--155
\OT1/cmr/m/n/10 [\OML/cmm/m/it/10 ^^T[] ^^T[] ^^T[]\OT1/cmr/m/n/10 ]$\TU/lmr/bx/n/10 特征向量 
 []

./KINEMATICS.tex:156: Undefined control sequence.
l.156 ...ppa_1 \quad \kappa_2 \quad \kappa_3] \tag
                                                  {21}
The control sequence at the end of the top line
of your error message was never \def'ed. If you have
misspelled it (e.g., `\hobx'), type `I' and the correct
spelling (e.g., `I\hbox'). Otherwise just continue,
and I'll forget about whatever was undefined.


Overfull \hbox (103.79315pt too wide) detected at line 157
\OT1/cmr/m/n/10 [\OML/cmm/m/it/10 ^^T[] ^^T[] ^^T[]\OT1/cmr/m/n/10 ]\OML/cmm/m/it/10 C \OT1/cmr/m/n/10 = [\OML/cmm/m/it/10 ^^T[] ^^T[] ^^T[]\OT1/cmr/m/n/10 ][]
 []

Missing character: There is no 现 ("73B0) in font nullfont!
Missing character: There is no 在 ("5728) in font nullfont!
Missing character: There is no 假 ("5047) in font nullfont!
Missing character: There is no 定 ("5B9A) in font nullfont!
Missing character: There is no 和 ("548C) in font nullfont!
Missing character: There is no （ ("FF08) in font nullfont!
Missing character: There is no ） ("FF09) in font nullfont!
Missing character: There is no 分 ("5206) in font nullfont!
Missing character: There is no 别 ("522B) in font nullfont!
Missing character: There is no 在 ("5728) in font nullfont!
Missing character: There is no 参 ("53C2) in font nullfont!
Missing character: There is no 考 ("8003) in font nullfont!
Missing character: There is no 系 ("7CFB) in font nullfont!
Missing character: There is no 或 ("6216) in font nullfont!
Missing character: There is no 刚 ("521A) in font nullfont!
Missing character: There is no 体 ("4F53) in font nullfont!
Missing character: There is no 和 ("548C) in font nullfont!
Missing character: There is no 中 ("4E2D) in font nullfont!
Missing character: There is no 固 ("56FA) in font nullfont!
Missing character: There is no 定 ("5B9A) in font nullfont!
Missing character: There is no ； ("FF1B) in font nullfont!
Missing character: There is no 进 ("8FDB) in font nullfont!
Missing character: There is no 一 ("4E00) in font nullfont!
Missing character: There is no 步 ("6B65) in font nullfont!
Missing character: There is no 假 ("5047) in font nullfont!
Missing character: There is no 定 ("5B9A) in font nullfont!
Missing character: There is no 在 ("5728) in font nullfont!
Missing character: There is no 旋 ("65CB) in font nullfont!
Missing character: There is no 转 ("8F6C) in font nullfont!
Missing character: There is no 前 ("524D) in font nullfont!
Missing character: There is no （ ("FF08) in font nullfont!
Missing character: There is no ） ("FF09) in font nullfont!
Missing character: There is no ， ("FF0C) in font nullfont!
Missing character: There is no 且 ("4E14) in font nullfont!
Missing character: There is no 和 ("548C) in font nullfont!
Missing character: There is no 如 ("5982) in font nullfont!
Missing character: There is no 前 ("524D) in font nullfont!
Missing character: There is no 文 ("6587) in font nullfont!
Missing character: There is no 所 ("6240) in font nullfont!
Missing character: There is no 定 ("5B9A) in font nullfont!
Missing character: There is no 义 ("4E49) in font nullfont!
Missing character: There is no ， ("FF0C) in font nullfont!
Missing character: There is no 那 ("90A3) in font nullfont!
Missing character: There is no 么 ("4E48) in font nullfont!
Missing character: There is no 定 ("5B9A) in font nullfont!
Missing character: There is no 义 ("4E49) in font nullfont!
Missing character: There is no 为 ("4E3A) in font nullfont!
Missing character: There is no ： ("FF1A) in font nullfont!

Overfull \hbox (20.0pt too wide) in paragraph at lines 159--160
[]
 []


Overfull \hbox (8.91951pt too wide) in paragraph at lines 159--160
\OT1/cmr/bx/n/10 a[]$
 []


Overfull \hbox (23.71878pt too wide) in paragraph at lines 159--160
\OT1/cmr/bx/n/10 b[]$$\OML/cmm/m/it/10 i \OT1/cmr/m/n/10 =
 []


Overfull \hbox (23.88887pt too wide) in paragraph at lines 159--160
\OT1/cmr/m/n/10 1\OML/cmm/m/it/10 ; \OT1/cmr/m/n/10 2\OML/cmm/m/it/10 ; \OT1/cmr/m/n/10 3$
 []


Overfull \hbox (7.50002pt too wide) in paragraph at lines 159--160
\OML/cmm/m/it/10 A$
 []


Overfull \hbox (8.0868pt too wide) in paragraph at lines 159--160
\OML/cmm/m/it/10 B$
 []


Overfull \hbox (19.47502pt too wide) in paragraph at lines 159--160
\OT1/cmr/bx/n/10 a[] \OT1/cmr/m/n/10 =
 []


Overfull \hbox (23.71878pt too wide) in paragraph at lines 159--160
\OT1/cmr/bx/n/10 b[]$$\OML/cmm/m/it/10 i \OT1/cmr/m/n/10 =
 []


Overfull \hbox (23.88887pt too wide) in paragraph at lines 159--160
\OT1/cmr/m/n/10 1\OML/cmm/m/it/10 ; \OT1/cmr/m/n/10 2\OML/cmm/m/it/10 ; \OT1/cmr/m/n/10 3$
 []


Overfull \hbox (5.83336pt too wide) in paragraph at lines 159--160
[]$
 []


Overfull \hbox (4.97223pt too wide) in paragraph at lines 159--160
\OML/cmm/m/it/10 ^^R$
 []


Overfull \hbox (9.16264pt too wide) in paragraph at lines 159--160
\OML/cmm/m/it/10 ^^U[]$
 []

./KINEMATICS.tex:161: Undefined control sequence.
l.161 \lambda_i \triangleq
                           \vec{\lambda} \cdot \mathbf{a}_i = \vec{\lambda} ...
The control sequence at the end of the top line
of your error message was never \def'ed. If you have
misspelled it (e.g., `\hobx'), type `I' and the correct
spelling (e.g., `I\hbox'). Otherwise just continue,
and I'll forget about whatever was undefined.

./KINEMATICS.tex:161: Undefined control sequence.
l.161 ...ot \mathbf{b}_i \qquad (i = 1, 2, 3) \tag
                                                  {22}
The control sequence at the end of the top line
of your error message was never \def'ed. If you have
misspelled it (e.g., `\hobx'), type `I' and the correct
spelling (e.g., `I\hbox'). Otherwise just continue,
and I'll forget about whatever was undefined.


Overfull \hbox (116.80086pt too wide) detected at line 162
\OML/cmm/m/it/10 ^^U[][] \OMS/cmsy/m/n/10 ^^A \OT1/cmr/bx/n/10 a[] \OT1/cmr/m/n/10 = [] \OMS/cmsy/m/n/10 ^^A \OT1/cmr/bx/n/10 b[] \OT1/cmr/m/n/10 (\OML/cmm/m/it/10 i \OT1/cmr/m/n/10 = 1\OML/cmm/m/it/10 ; \OT1/cmr/m/n/10 2\OML/cmm/m/it/10 ; \OT1/cmr/m/n/10 3)[]
 []

Missing character: There is no 那 ("90A3) in font nullfont!
Missing character: There is no 么 ("4E48) in font nullfont!
Missing character: There is no 矩 ("77E9) in font nullfont!
Missing character: There is no 阵 ("9635) in font nullfont!
Missing character: There is no 的 ("7684) in font nullfont!
Missing character: There is no 元 ("5143) in font nullfont!
Missing character: There is no 素 ("7D20) in font nullfont!
Missing character: There is no 由 ("7531) in font nullfont!
Missing character: There is no 下 ("4E0B) in font nullfont!
Missing character: There is no 式 ("5F0F) in font nullfont!
Missing character: There is no 给 ("7ED9) in font nullfont!
Missing character: There is no 出 ("51FA) in font nullfont!
Missing character: There is no ： ("FF1A) in font nullfont!

./KINEMATICS.tex:164: LaTeX Error: Environment align undefined.

See the LaTeX manual or LaTeX Companion for explanation.
Type  H <return>  for immediate help.
 ...                                              
                                                  
l.164 \begin{align}
                   
Your command was ignored.
Type  I <command> <return>  to replace it with another command,
or  <return>  to continue without it.

Missing character: There is no C ("43) in font nullfont!
./KINEMATICS.tex:165: Missing $ inserted.
<inserted text> 
                $
l.165 C_
        {11} &= \cos\theta + \lambda_1^2(1-\cos\theta) \tag{23} \\
I've inserted a begin-math/end-math symbol since I think
you left one out. Proceed, with fingers crossed.

./KINEMATICS.tex:165: Misplaced alignment tab character &.
l.165 C_{11} &
              = \cos\theta + \lambda_1^2(1-\cos\theta) \tag{23} \\
I can't figure out why you would want to use a tab mark
here. If you just want an ampersand, the remedy is
simple: Just type `I\&' now. But if some right brace
up above has ended a previous alignment prematurely,
you're probably due for more error messages, and you
might try typing `S' now just to see what is salvageable.

./KINEMATICS.tex:165: Undefined control sequence.
l.165 ...os\theta + \lambda_1^2(1-\cos\theta) \tag
                                                  {23} \\
The control sequence at the end of the top line
of your error message was never \def'ed. If you have
misspelled it (e.g., `\hobx'), type `I' and the correct
spelling (e.g., `I\hbox'). Otherwise just continue,
and I'll forget about whatever was undefined.

./KINEMATICS.tex:166: Misplaced alignment tab character &.
l.166 C_{12} &
              = -\lambda_3 \sin\theta + \lambda_1\lambda_2(1-\cos\theta) \ta...
I can't figure out why you would want to use a tab mark
here. If you just want an ampersand, the remedy is
simple: Just type `I\&' now. But if some right brace
up above has ended a previous alignment prematurely,
you're probably due for more error messages, and you
might try typing `S' now just to see what is salvageable.

./KINEMATICS.tex:166: Undefined control sequence.
l.166 ...a + \lambda_1\lambda_2(1-\cos\theta) \tag
                                                  {24} \\
The control sequence at the end of the top line
of your error message was never \def'ed. If you have
misspelled it (e.g., `\hobx'), type `I' and the correct
spelling (e.g., `I\hbox'). Otherwise just continue,
and I'll forget about whatever was undefined.

./KINEMATICS.tex:167: Misplaced alignment tab character &.
l.167 C_{13} &
              = \lambda_2 \sin\theta + \lambda_3\lambda_1(1-\cos\theta) \tag...
I can't figure out why you would want to use a tab mark
here. If you just want an ampersand, the remedy is
simple: Just type `I\&' now. But if some right brace
up above has ended a previous alignment prematurely,
you're probably due for more error messages, and you
might try typing `S' now just to see what is salvageable.

./KINEMATICS.tex:167: Undefined control sequence.
l.167 ...a + \lambda_3\lambda_1(1-\cos\theta) \tag
                                                  {25} \\
The control sequence at the end of the top line
of your error message was never \def'ed. If you have
misspelled it (e.g., `\hobx'), type `I' and the correct
spelling (e.g., `I\hbox'). Otherwise just continue,
and I'll forget about whatever was undefined.

./KINEMATICS.tex:168: Misplaced alignment tab character &.
l.168 C_{21} &
              = \lambda_3 \sin\theta + \lambda_1\lambda_2(1-\cos\theta) \tag...
I can't figure out why you would want to use a tab mark
here. If you just want an ampersand, the remedy is
simple: Just type `I\&' now. But if some right brace
up above has ended a previous alignment prematurely,
you're probably due for more error messages, and you
might try typing `S' now just to see what is salvageable.

./KINEMATICS.tex:168: Undefined control sequence.
l.168 ...a + \lambda_1\lambda_2(1-\cos\theta) \tag
                                                  {26} \\
The control sequence at the end of the top line
of your error message was never \def'ed. If you have
misspelled it (e.g., `\hobx'), type `I' and the correct
spelling (e.g., `I\hbox'). Otherwise just continue,
and I'll forget about whatever was undefined.

./KINEMATICS.tex:169: Misplaced alignment tab character &.
l.169 C_{22} &
              = \cos\theta + \lambda_2^2(1-\cos\theta) \tag{27} \\
I can't figure out why you would want to use a tab mark
here. If you just want an ampersand, the remedy is
simple: Just type `I\&' now. But if some right brace
up above has ended a previous alignment prematurely,
you're probably due for more error messages, and you
might try typing `S' now just to see what is salvageable.

./KINEMATICS.tex:169: Undefined control sequence.
l.169 ...os\theta + \lambda_2^2(1-\cos\theta) \tag
                                                  {27} \\
The control sequence at the end of the top line
of your error message was never \def'ed. If you have
misspelled it (e.g., `\hobx'), type `I' and the correct
spelling (e.g., `I\hbox'). Otherwise just continue,
and I'll forget about whatever was undefined.

./KINEMATICS.tex:170: Misplaced alignment tab character &.
l.170 C_{23} &
              = -\lambda_1 \sin\theta + \lambda_2\lambda_3(1-\cos\theta) \ta...
I can't figure out why you would want to use a tab mark
here. If you just want an ampersand, the remedy is
simple: Just type `I\&' now. But if some right brace
up above has ended a previous alignment prematurely,
you're probably due for more error messages, and you
might try typing `S' now just to see what is salvageable.

./KINEMATICS.tex:170: Undefined control sequence.
l.170 ...a + \lambda_2\lambda_3(1-\cos\theta) \tag
                                                  {28} \\
The control sequence at the end of the top line
of your error message was never \def'ed. If you have
misspelled it (e.g., `\hobx'), type `I' and the correct
spelling (e.g., `I\hbox'). Otherwise just continue,
and I'll forget about whatever was undefined.

./KINEMATICS.tex:171: Misplaced alignment tab character &.
l.171 C_{31} &
              = -\lambda_2 \sin\theta + \lambda_3\lambda_1(1-\cos\theta) \ta...
I can't figure out why you would want to use a tab mark
here. If you just want an ampersand, the remedy is
simple: Just type `I\&' now. But if some right brace
up above has ended a previous alignment prematurely,
you're probably due for more error messages, and you
might try typing `S' now just to see what is salvageable.

./KINEMATICS.tex:171: Undefined control sequence.
l.171 ...a + \lambda_3\lambda_1(1-\cos\theta) \tag
                                                  {29} \\
The control sequence at the end of the top line
of your error message was never \def'ed. If you have
misspelled it (e.g., `\hobx'), type `I' and the correct
spelling (e.g., `I\hbox'). Otherwise just continue,
and I'll forget about whatever was undefined.

./KINEMATICS.tex:172: Misplaced alignment tab character &.
l.172 C_{32} &
              = \lambda_1 \sin\theta + \lambda_2\lambda_3(1-\cos\theta) \tag...
I can't figure out why you would want to use a tab mark
here. If you just want an ampersand, the remedy is
simple: Just type `I\&' now. But if some right brace
up above has ended a previous alignment prematurely,
you're probably due for more error messages, and you
might try typing `S' now just to see what is salvageable.

./KINEMATICS.tex:172: Undefined control sequence.
l.172 ...a + \lambda_2\lambda_3(1-\cos\theta) \tag
                                                  {30} \\
The control sequence at the end of the top line
of your error message was never \def'ed. If you have
misspelled it (e.g., `\hobx'), type `I' and the correct
spelling (e.g., `I\hbox'). Otherwise just continue,
and I'll forget about whatever was undefined.

./KINEMATICS.tex:173: Misplaced alignment tab character &.
l.173 C_{33} &
              = \cos\theta + \lambda_3^2(1-\cos\theta) \tag{31}
I can't figure out why you would want to use a tab mark
here. If you just want an ampersand, the remedy is
simple: Just type `I\&' now. But if some right brace
up above has ended a previous alignment prematurely,
you're probably due for more error messages, and you
might try typing `S' now just to see what is salvageable.

./KINEMATICS.tex:173: Undefined control sequence.
l.173 ...os\theta + \lambda_3^2(1-\cos\theta) \tag
                                                  {31}
The control sequence at the end of the top line
of your error message was never \def'ed. If you have
misspelled it (e.g., `\hobx'), type `I' and the correct
spelling (e.g., `I\hbox'). Otherwise just continue,
and I'll forget about whatever was undefined.


./KINEMATICS.tex:174: LaTeX Error: \begin{document} ended by \end{align}.

See the LaTeX manual or LaTeX Companion for explanation.
Type  H <return>  for immediate help.
 ...                                              
                                                  
l.174 \end{align}
                 
Your command was ignored.
Type  I <command> <return>  to replace it with another command,
or  <return>  to continue without it.

./KINEMATICS.tex:174: Missing $ inserted.
<inserted text> 
                $
l.174 \end{align}
                 
I've inserted something that you may have forgotten.
(See the <inserted text> above.)
With luck, this will get me unwedged. But if you
really didn't forget anything, try typing `2' now; then
my insertion and my current dilemma will both disappear.

Missing character: There is no 在 ("5728) in font nullfont!
Missing character: There is no 定 ("5B9A) in font nullfont!
Missing character: There is no 义 ("4E49) in font nullfont!
Missing character: There is no 之 ("4E4B) in font nullfont!
Missing character: There is no 后 ("540E) in font nullfont!
Missing character: There is no ， ("FF0C) in font nullfont!
Missing character: There is no 方 ("65B9) in font nullfont!
Missing character: There is no 程 ("7A0B) in font nullfont!
Missing character: There is no ( ("28) in font nullfont!
Missing character: There is no 2 ("32) in font nullfont!
Missing character: There is no 3 ("33) in font nullfont!
Missing character: There is no ) ("29) in font nullfont!
Missing character: There is no - ("2D) in font nullfont!
Missing character: There is no - ("2D) in font nullfont!
Missing character: There is no ( ("28) in font nullfont!
Missing character: There is no 3 ("33) in font nullfont!
Missing character: There is no 1 ("31) in font nullfont!
Missing character: There is no ) ("29) in font nullfont!
Missing character: There is no 可 ("53EF) in font nullfont!
Missing character: There is no 以 ("4EE5) in font nullfont!
Missing character: There is no 用 ("7528) in font nullfont!
Missing character: There is no 更 ("66F4) in font nullfont!
Missing character: There is no 简 ("7B80) in font nullfont!
Missing character: There is no 洁 ("6D01) in font nullfont!
Missing character: There is no 的 ("7684) in font nullfont!
Missing character: There is no 形 ("5F62) in font nullfont!
Missing character: There is no 式 ("5F0F) in font nullfont!
Missing character: There is no 表 ("8868) in font nullfont!
Missing character: There is no 达 ("8FBE) in font nullfont!
Missing character: There is no 为 ("4E3A) in font nullfont!
Missing character: There is no ： ("FF1A) in font nullfont!

Overfull \hbox (7.86249pt too wide) in paragraph at lines 162--176
 $\OML/cmm/m/it/10 C$
 []


Overfull \hbox (19.02777pt too wide) in paragraph at lines 162--176
[] \OT1/cmr/m/n/10 =
 []


Overfull \hbox (27.80556pt too wide) in paragraph at lines 162--176
[] \OML/cmm/m/it/10 ^^R \OT1/cmr/m/n/10 +
 []


Overfull \hbox (26.9862pt too wide) in paragraph at lines 162--176
\OML/cmm/m/it/10 ^^U[]\OT1/cmr/m/n/10 (1 \OMS/cmsy/m/n/10 ^^@
 []


Overfull \hbox (33.91669pt too wide) in paragraph at lines 162--176
[] \OML/cmm/m/it/10 ^^R\OT1/cmr/m/n/10 )[][] 
 []


Overfull \hbox (26.17499pt too wide) in paragraph at lines 162--176
\OML/cmm/m/it/10 C[] \OT1/cmr/m/n/10 =
 []


Overfull \hbox (46.45837pt too wide) in paragraph at lines 162--176
\OMS/cmsy/m/n/10 ^^@\OML/cmm/m/it/10 ^^U[] [] ^^R \OT1/cmr/m/n/10 +
 []


Overfull \hbox (37.3057pt too wide) in paragraph at lines 162--176
\OML/cmm/m/it/10 ^^U[]^^U[]\OT1/cmr/m/n/10 (1 \OMS/cmsy/m/n/10 ^^@
 []


Overfull \hbox (33.91669pt too wide) in paragraph at lines 162--176
[] \OML/cmm/m/it/10 ^^R\OT1/cmr/m/n/10 )[][] 
 []


Overfull \hbox (26.17499pt too wide) in paragraph at lines 162--176
\OML/cmm/m/it/10 C[] \OT1/cmr/m/n/10 =
 []


Overfull \hbox (38.68057pt too wide) in paragraph at lines 162--176
\OML/cmm/m/it/10 ^^U[] [] ^^R \OT1/cmr/m/n/10 +
 []


Overfull \hbox (37.3057pt too wide) in paragraph at lines 162--176
\OML/cmm/m/it/10 ^^U[]^^U[]\OT1/cmr/m/n/10 (1 \OMS/cmsy/m/n/10 ^^@
 []


Overfull \hbox (33.91669pt too wide) in paragraph at lines 162--176
[] \OML/cmm/m/it/10 ^^R\OT1/cmr/m/n/10 )[][] 
 []


Overfull \hbox (26.17499pt too wide) in paragraph at lines 162--176
\OML/cmm/m/it/10 C[] \OT1/cmr/m/n/10 =
 []


Overfull \hbox (38.68057pt too wide) in paragraph at lines 162--176
\OML/cmm/m/it/10 ^^U[] [] ^^R \OT1/cmr/m/n/10 +
 []


Overfull \hbox (37.3057pt too wide) in paragraph at lines 162--176
\OML/cmm/m/it/10 ^^U[]^^U[]\OT1/cmr/m/n/10 (1 \OMS/cmsy/m/n/10 ^^@
 []


Overfull \hbox (33.91669pt too wide) in paragraph at lines 162--176
[] \OML/cmm/m/it/10 ^^R\OT1/cmr/m/n/10 )[][] 
 []


Overfull \hbox (26.17499pt too wide) in paragraph at lines 162--176
\OML/cmm/m/it/10 C[] \OT1/cmr/m/n/10 =
 []


Overfull \hbox (27.80556pt too wide) in paragraph at lines 162--176
[] \OML/cmm/m/it/10 ^^R \OT1/cmr/m/n/10 +
 []


Overfull \hbox (26.9862pt too wide) in paragraph at lines 162--176
\OML/cmm/m/it/10 ^^U[]\OT1/cmr/m/n/10 (1 \OMS/cmsy/m/n/10 ^^@
 []


Overfull \hbox (33.91669pt too wide) in paragraph at lines 162--176
[] \OML/cmm/m/it/10 ^^R\OT1/cmr/m/n/10 )[][] 
 []


Overfull \hbox (26.17499pt too wide) in paragraph at lines 162--176
\OML/cmm/m/it/10 C[] \OT1/cmr/m/n/10 =
 []


Overfull \hbox (46.45837pt too wide) in paragraph at lines 162--176
\OMS/cmsy/m/n/10 ^^@\OML/cmm/m/it/10 ^^U[] [] ^^R \OT1/cmr/m/n/10 +
 []


Overfull \hbox (37.3057pt too wide) in paragraph at lines 162--176
\OML/cmm/m/it/10 ^^U[]^^U[]\OT1/cmr/m/n/10 (1 \OMS/cmsy/m/n/10 ^^@
 []


Overfull \hbox (33.91669pt too wide) in paragraph at lines 162--176
[] \OML/cmm/m/it/10 ^^R\OT1/cmr/m/n/10 )[][] 
 []


Overfull \hbox (26.17499pt too wide) in paragraph at lines 162--176
\OML/cmm/m/it/10 C[] \OT1/cmr/m/n/10 =
 []


Overfull \hbox (46.45837pt too wide) in paragraph at lines 162--176
\OMS/cmsy/m/n/10 ^^@\OML/cmm/m/it/10 ^^U[] [] ^^R \OT1/cmr/m/n/10 +
 []


Overfull \hbox (37.3057pt too wide) in paragraph at lines 162--176
\OML/cmm/m/it/10 ^^U[]^^U[]\OT1/cmr/m/n/10 (1 \OMS/cmsy/m/n/10 ^^@
 []


Overfull \hbox (33.91669pt too wide) in paragraph at lines 162--176
[] \OML/cmm/m/it/10 ^^R\OT1/cmr/m/n/10 )[][] 
 []


Overfull \hbox (26.17499pt too wide) in paragraph at lines 162--176
\OML/cmm/m/it/10 C[] \OT1/cmr/m/n/10 =
 []


Overfull \hbox (38.68057pt too wide) in paragraph at lines 162--176
\OML/cmm/m/it/10 ^^U[] [] ^^R \OT1/cmr/m/n/10 +
 []


Overfull \hbox (37.3057pt too wide) in paragraph at lines 162--176
\OML/cmm/m/it/10 ^^U[]^^U[]\OT1/cmr/m/n/10 (1 \OMS/cmsy/m/n/10 ^^@
 []


Overfull \hbox (33.91669pt too wide) in paragraph at lines 162--176
[] \OML/cmm/m/it/10 ^^R\OT1/cmr/m/n/10 )[][] 
 []


Overfull \hbox (26.17499pt too wide) in paragraph at lines 162--176
\OML/cmm/m/it/10 C[] \OT1/cmr/m/n/10 =
 []


Overfull \hbox (27.80556pt too wide) in paragraph at lines 162--176
[] \OML/cmm/m/it/10 ^^R \OT1/cmr/m/n/10 +
 []


Overfull \hbox (26.9862pt too wide) in paragraph at lines 162--176
\OML/cmm/m/it/10 ^^U[]\OT1/cmr/m/n/10 (1 \OMS/cmsy/m/n/10 ^^@
 []


Overfull \hbox (33.91669pt too wide) in paragraph at lines 162--176
[] \OML/cmm/m/it/10 ^^R\OT1/cmr/m/n/10 )[]$
 []


Overfull \hbox (15.52205pt too wide) in paragraph at lines 162--176
\OML/cmm/m/it/10 ^^O[]$
 []

./KINEMATICS.tex:177: Undefined control sequence.
l.177 \epsilon_{ijk} \triangleq
                                \frac{1}{2}(i-j)(j-k)(k-i) \qquad (i, j, k =...
The control sequence at the end of the top line
of your error message was never \def'ed. If you have
misspelled it (e.g., `\hobx'), type `I' and the correct
spelling (e.g., `I\hbox'). Otherwise just continue,
and I'll forget about whatever was undefined.

./KINEMATICS.tex:177: Undefined control sequence.
l.177 ...j-k)(k-i) \qquad (i, j, k = 1, 2, 3) \tag
                                                  {32}
The control sequence at the end of the top line
of your error message was never \def'ed. If you have
misspelled it (e.g., `\hobx'), type `I' and the correct
spelling (e.g., `I\hbox'). Otherwise just continue,
and I'll forget about whatever was undefined.


Overfull \hbox (173.89145pt too wide) detected at line 178
\OML/cmm/m/it/10 ^^O[][]\OT1/cmr/m/n/10 (\OML/cmm/m/it/10 i \OMS/cmsy/m/n/10 ^^@ \OML/cmm/m/it/10 j\OT1/cmr/m/n/10 )(\OML/cmm/m/it/10 j \OMS/cmsy/m/n/10 ^^@ \OML/cmm/m/it/10 k\OT1/cmr/m/n/10 )(\OML/cmm/m/it/10 k \OMS/cmsy/m/n/10 ^^@ \OML/cmm/m/it/10 i\OT1/cmr/m/n/10 ) (\OML/cmm/m/it/10 i; j; k \OT1/cmr/m/n/10 = 1\OML/cmm/m/it/10 ; \OT1/cmr/m/n/10 2\OML/cmm/m/it/10 ; \OT1/cmr/m/n/10 3)[]
 []

Missing character: There is no （ ("FF08) in font nullfont!
Missing character: There is no 注 ("6CE8) in font nullfont!
Missing character: There is no ： ("FF1A) in font nullfont!
Missing character: There is no 当 ("5F53) in font nullfont!
Missing character: There is no 两 ("4E24) in font nullfont!
Missing character: There is no 个 ("4E2A) in font nullfont!
Missing character: There is no 或 ("6216) in font nullfont!
Missing character: There is no 三 ("4E09) in font nullfont!
Missing character: There is no 个 ("4E2A) in font nullfont!
Missing character: There is no 下 ("4E0B) in font nullfont!
Missing character: There is no 标 ("6807) in font nullfont!
Missing character: There is no 相 ("76F8) in font nullfont!
Missing character: There is no 同 ("540C) in font nullfont!
Missing character: There is no 时 ("65F6) in font nullfont!
Missing character: There is no ， ("FF0C) in font nullfont!
Missing character: There is no 为 ("4E3A) in font nullfont!
Missing character: There is no 0 ("30) in font nullfont!
Missing character: There is no ； ("FF1B) in font nullfont!
Missing character: There is no 当 ("5F53) in font nullfont!
Missing character: There is no 下 ("4E0B) in font nullfont!
Missing character: There is no 标 ("6807) in font nullfont!
Missing character: There is no 呈 ("5448) in font nullfont!
Missing character: There is no 循 ("5FAA) in font nullfont!
Missing character: There is no 环 ("73AF) in font nullfont!
Missing character: There is no 顺 ("987A) in font nullfont!
Missing character: There is no 序 ("5E8F) in font nullfont!
Missing character: There is no 时 ("65F6) in font nullfont!
Missing character: There is no ， ("FF0C) in font nullfont!
Missing character: There is no 即 ("5373) in font nullfont!
Missing character: There is no 、 ("3001) in font nullfont!
Missing character: There is no 或 ("6216) in font nullfont!
Missing character: There is no 时 ("65F6) in font nullfont!
Missing character: There is no ， ("FF0C) in font nullfont!
Missing character: There is no 为 ("4E3A) in font nullfont!
Missing character: There is no 1 ("31) in font nullfont!
Missing character: There is no ； ("FF1B) in font nullfont!
Missing character: There is no 其 ("5176) in font nullfont!
Missing character: There is no 余 ("4F59) in font nullfont!
Missing character: There is no 情 ("60C5) in font nullfont!
Missing character: There is no 况 ("51B5) in font nullfont!
Missing character: There is no 为 ("4E3A) in font nullfont!
Missing character: There is no - ("2D) in font nullfont!
Missing character: There is no 1 ("31) in font nullfont!
Missing character: There is no ） ("FF09) in font nullfont!
Missing character: There is no 。 ("3002) in font nullfont!
Missing character: There is no 利 ("5229) in font nullfont!
Missing character: There is no 用 ("7528) in font nullfont!
Missing character: There is no 求 ("6C42) in font nullfont!
Missing character: There is no 和 ("548C) in font nullfont!
Missing character: There is no 约 ("7EA6) in font nullfont!
Missing character: There is no 定 ("5B9A) in font nullfont!
Missing character: There is no ， ("FF0C) in font nullfont!
Missing character: There is no 式 ("5F0F) in font nullfont!
Missing character: There is no ( ("28) in font nullfont!
Missing character: There is no 2 ("32) in font nullfont!
Missing character: There is no 3 ("33) in font nullfont!
Missing character: There is no ) ("29) in font nullfont!
Missing character: There is no - ("2D) in font nullfont!
Missing character: There is no - ("2D) in font nullfont!
Missing character: There is no ( ("28) in font nullfont!
Missing character: There is no 3 ("33) in font nullfont!
Missing character: There is no 1 ("31) in font nullfont!
Missing character: There is no ) ("29) in font nullfont!
Missing character: There is no 可 ("53EF) in font nullfont!
Missing character: There is no 以 ("4EE5) in font nullfont!
Missing character: There is no 替 ("66FF) in font nullfont!
Missing character: There is no 换 ("6362) in font nullfont!
Missing character: There is no 为 ("4E3A) in font nullfont!
Missing character: There is no ： ("FF1A) in font nullfont!

Overfull \hbox (15.52205pt too wide) in paragraph at lines 178--180
$\OML/cmm/m/it/10 ^^O[]$
 []


Overfull \hbox (63.33334pt too wide) in paragraph at lines 178--180
\OT1/cmr/m/n/10 (1\OML/cmm/m/it/10 ; \OT1/cmr/m/n/10 2\OML/cmm/m/it/10 ; \OT1/cmr/m/n/10 3)$$(2\OML/cmm/m/it/10 ; \OT1/cmr/m/n/10 3\OML/cmm/m/it/10 ; \OT1/cmr/m/n/10 1)$
 []


Overfull \hbox (31.66667pt too wide) in paragraph at lines 178--180
\OT1/cmr/m/n/10 (3\OML/cmm/m/it/10 ; \OT1/cmr/m/n/10 1\OML/cmm/m/it/10 ; \OT1/cmr/m/n/10 2)$
 []


Overfull \hbox (15.52205pt too wide) in paragraph at lines 178--180
\OML/cmm/m/it/10 ^^O[]$
 []

./KINEMATICS.tex:181: Undefined control sequence.
l.181 ...-\cos\theta) \qquad (i, j = 1, 2, 3) \tag
                                                  {33}
The control sequence at the end of the top line
of your error message was never \def'ed. If you have
misspelled it (e.g., `\hobx'), type `I' and the correct
spelling (e.g., `I\hbox'). Otherwise just continue,
and I'll forget about whatever was undefined.


Overfull \hbox (250.49231pt too wide) detected at line 182
\OML/cmm/m/it/10 C[] \OT1/cmr/m/n/10 = \OML/cmm/m/it/10 ^^N[] [] ^^R \OMS/cmsy/m/n/10 ^^@ \OML/cmm/m/it/10 ^^O[]^^U[] [] ^^R \OT1/cmr/m/n/10 + \OML/cmm/m/it/10 ^^U[]^^U[]\OT1/cmr/m/n/10 (1 \OMS/cmsy/m/n/10 ^^@ [] \OML/cmm/m/it/10 ^^R\OT1/cmr/m/n/10 ) (\OML/cmm/m/it/10 i; j \OT1/cmr/m/n/10 = 1\OML/cmm/m/it/10 ; \OT1/cmr/m/n/10 2\OML/cmm/m/it/10 ; \OT1/cmr/m/n/10 3)[]
 []

Missing character: There is no 或 ("6216) in font nullfont!
Missing character: There is no 者 ("8005) in font nullfont!
Missing character: There is no ， ("FF0C) in font nullfont!
Missing character: There is no 可 ("53EF) in font nullfont!
Missing character: There is no 以 ("4EE5) in font nullfont!
Missing character: There is no 用 ("7528) in font nullfont!
Missing character: There is no 式 ("5F0F) in font nullfont!
Missing character: There is no ( ("28) in font nullfont!
Missing character: There is no 1 ("31) in font nullfont!
Missing character: There is no . ("2E) in font nullfont!
Missing character: There is no 1 ("31) in font nullfont!
Missing character: There is no . ("2E) in font nullfont!
Missing character: There is no 2 ("32) in font nullfont!
Missing character: There is no ) ("29) in font nullfont!
Missing character: There is no 中 ("4E2D) in font nullfont!
Missing character: There is no 定 ("5B9A) in font nullfont!
Missing character: There is no 义 ("4E49) in font nullfont!
Missing character: There is no 的 ("7684) in font nullfont!
Missing character: There is no 并 ("5E76) in font nullfont!
Missing character: There is no 矢 ("77E2) in font nullfont!
Missing character: There is no 表 ("8868) in font nullfont!
Missing character: There is no 示 ("793A) in font nullfont!
Missing character: There is no 为 ("4E3A) in font nullfont!
Missing character: There is no ： ("FF1A) in font nullfont!

Overfull \hbox (14.19006pt too wide) in paragraph at lines 182--184
$\OML/cmm/m/it/10 C[]$
 []


Overfull \hbox (8.30551pt too wide) in paragraph at lines 182--184
\OT1/cmr/bx/n/10 C$
 []

./KINEMATICS.tex:185: Undefined control sequence.
l.185 ... \mathbf{C}) \qquad (i, j = 1, 2, 3) \tag
                                                  {34}
The control sequence at the end of the top line
of your error message was never \def'ed. If you have
misspelled it (e.g., `\hobx'), type `I' and the correct
spelling (e.g., `I\hbox'). Otherwise just continue,
and I'll forget about whatever was undefined.


Overfull \hbox (135.46542pt too wide) detected at line 186
\OML/cmm/m/it/10 C[] \OT1/cmr/m/n/10 = \OT1/cmr/bx/n/10 a[] \OMS/cmsy/m/n/10 ^^A \OT1/cmr/m/n/10 (\OT1/cmr/bx/n/10 a[] \OMS/cmsy/m/n/10 ^^A \OT1/cmr/bx/n/10 C\OT1/cmr/m/n/10 ) (\OML/cmm/m/it/10 i; j \OT1/cmr/m/n/10 = 1\OML/cmm/m/it/10 ; \OT1/cmr/m/n/10 2\OML/cmm/m/it/10 ; \OT1/cmr/m/n/10 3)[]
 []

Missing character: There is no 当 ("5F53) in font nullfont!
Missing character: There is no 平 ("5E73) in font nullfont!
Missing character: There is no 行 ("884C) in font nullfont!
Missing character: There is no 于 ("4E8E) in font nullfont!
Missing character: There is no ， ("FF0C) in font nullfont!
Missing character: There is no 进 ("8FDB) in font nullfont!
Missing character: There is no 而 ("800C) in font nullfont!
Missing character: There is no 平 ("5E73) in font nullfont!
Missing character: There is no 行 ("884C) in font nullfont!
Missing character: There is no 于 ("4E8E) in font nullfont!
Missing character: There is no （ ("FF08) in font nullfont!
Missing character: There is no ） ("FF09) in font nullfont!
Missing character: There is no 时 ("65F6) in font nullfont!
Missing character: There is no ， ("FF0C) in font nullfont!
Missing character: There is no 上 ("4E0A) in font nullfont!
Missing character: There is no 述 ("8FF0) in font nullfont!
Missing character: There is no 所 ("6240) in font nullfont!
Missing character: There is no 有 ("6709) in font nullfont!
Missing character: There is no 结 ("7ED3) in font nullfont!
Missing character: There is no 果 ("679C) in font nullfont!
Missing character: There is no 将 ("5C06) in font nullfont!
Missing character: There is no 大 ("5927) in font nullfont!
Missing character: There is no 幅 ("5E45) in font nullfont!
Missing character: There is no 简 ("7B80) in font nullfont!
Missing character: There is no 化 ("5316) in font nullfont!
Missing character: There is no 。 ("3002) in font nullfont!
Missing character: There is no 如 ("5982) in font nullfont!
Missing character: There is no 果 ("679C) in font nullfont!
Missing character: There is no 用 ("7528) in font nullfont!
Missing character: There is no 表 ("8868) in font nullfont!
Missing character: There is no 示 ("793A) in font nullfont!
Missing character: There is no 当 ("5F53) in font nullfont!
Missing character: There is no 时 ("65F6) in font nullfont!
Missing character: There is no 对 ("5BF9) in font nullfont!
Missing character: There is no 应 ("5E94) in font nullfont!
Missing character: There is no 的 ("7684) in font nullfont!
Missing character: There is no 矩 ("77E9) in font nullfont!
Missing character: There is no 阵 ("9635) in font nullfont!
Missing character: There is no ， ("FF0C) in font nullfont!
Missing character: There is no 则 ("5219) in font nullfont!
Missing character: There is no 有 ("6709) in font nullfont!
Missing character: There is no ： ("FF1A) in font nullfont!

./KINEMATICS.tex:189: LaTeX Error: Environment align undefined.

See the LaTeX manual or LaTeX Companion for explanation.
Type  H <return>  for immediate help.
 ...                                              
                                                  
l.189 \begin{align}
                   
Your command was ignored.
Type  I <command> <return>  to replace it with another command,
or  <return>  to continue without it.

Missing character: There is no C ("43) in font nullfont!
./KINEMATICS.tex:190: Missing $ inserted.
<inserted text> 
                $
l.190 C_
        1(\theta) &= \begin{bmatrix} 1 & 0 & 0 \\ 0 & \cos\theta & -\sin\the...
I've inserted a begin-math/end-math symbol since I think
you left one out. Proceed, with fingers crossed.

./KINEMATICS.tex:190: Misplaced alignment tab character &.
l.190 C_1(\theta) &
                   = \begin{bmatrix} 1 & 0 & 0 \\ 0 & \cos\theta & -\sin\the...
I can't figure out why you would want to use a tab mark
here. If you just want an ampersand, the remedy is
simple: Just type `I\&' now. But if some right brace
up above has ended a previous alignment prematurely,
you're probably due for more error messages, and you
might try typing `S' now just to see what is salvageable.


./KINEMATICS.tex:190: LaTeX Error: Environment bmatrix undefined.

See the LaTeX manual or LaTeX Companion for explanation.
Type  H <return>  for immediate help.
 ...                                              
                                                  
l.190 C_1(\theta) &= \begin{bmatrix}
                                     1 & 0 & 0 \\ 0 & \cos\theta & -\sin\the...
Your command was ignored.
Type  I <command> <return>  to replace it with another command,
or  <return>  to continue without it.

./KINEMATICS.tex:190: Misplaced alignment tab character &.
l.190 C_1(\theta) &= \begin{bmatrix} 1 &
                                         0 & 0 \\ 0 & \cos\theta & -\sin\the...
I can't figure out why you would want to use a tab mark
here. If you just want an ampersand, the remedy is
simple: Just type `I\&' now. But if some right brace
up above has ended a previous alignment prematurely,
you're probably due for more error messages, and you
might try typing `S' now just to see what is salvageable.

./KINEMATICS.tex:190: Misplaced alignment tab character &.
l.190 C_1(\theta) &= \begin{bmatrix} 1 & 0 &
                                             0 \\ 0 & \cos\theta & -\sin\the...
I can't figure out why you would want to use a tab mark
here. If you just want an ampersand, the remedy is
simple: Just type `I\&' now. But if some right brace
up above has ended a previous alignment prematurely,
you're probably due for more error messages, and you
might try typing `S' now just to see what is salvageable.

./KINEMATICS.tex:190: Misplaced alignment tab character &.
l.190 ...heta) &= \begin{bmatrix} 1 & 0 & 0 \\ 0 &
                                                   \cos\theta & -\sin\theta ...
I can't figure out why you would want to use a tab mark
here. If you just want an ampersand, the remedy is
simple: Just type `I\&' now. But if some right brace
up above has ended a previous alignment prematurely,
you're probably due for more error messages, and you
might try typing `S' now just to see what is salvageable.

./KINEMATICS.tex:190: Misplaced alignment tab character &.
l.190 ...in{bmatrix} 1 & 0 & 0 \\ 0 & \cos\theta &
                                                   -\sin\theta \\ 0 & \sin\t...
I can't figure out why you would want to use a tab mark
here. If you just want an ampersand, the remedy is
simple: Just type `I\&' now. But if some right brace
up above has ended a previous alignment prematurely,
you're probably due for more error messages, and you
might try typing `S' now just to see what is salvageable.

./KINEMATICS.tex:190: Misplaced alignment tab character &.
l.190 ... 0 \\ 0 & \cos\theta & -\sin\theta \\ 0 &
                                                   \sin\theta & \cos\theta \...
I can't figure out why you would want to use a tab mark
here. If you just want an ampersand, the remedy is
simple: Just type `I\&' now. But if some right brace
up above has ended a previous alignment prematurely,
you're probably due for more error messages, and you
might try typing `S' now just to see what is salvageable.

./KINEMATICS.tex:190: Misplaced alignment tab character &.
l.190 ...s\theta & -\sin\theta \\ 0 & \sin\theta &
                                                   \cos\theta \end{bmatrix} ...
I can't figure out why you would want to use a tab mark
here. If you just want an ampersand, the remedy is
simple: Just type `I\&' now. But if some right brace
up above has ended a previous alignment prematurely,
you're probably due for more error messages, and you
might try typing `S' now just to see what is salvageable.


./KINEMATICS.tex:190: LaTeX Error: \begin{document} ended by \end{bmatrix}.

See the LaTeX manual or LaTeX Companion for explanation.
Type  H <return>  for immediate help.
 ...                                              
                                                  
l.190 ...0 & \sin\theta & \cos\theta \end{bmatrix}
                                                   \tag{35} \\
Your command was ignored.
Type  I <command> <return>  to replace it with another command,
or  <return>  to continue without it.

./KINEMATICS.tex:190: Undefined control sequence.
l.190 ...sin\theta & \cos\theta \end{bmatrix} \tag
                                                  {35} \\
The control sequence at the end of the top line
of your error message was never \def'ed. If you have
misspelled it (e.g., `\hobx'), type `I' and the correct
spelling (e.g., `I\hbox'). Otherwise just continue,
and I'll forget about whatever was undefined.

./KINEMATICS.tex:191: Misplaced alignment tab character &.
l.191 C_2(\theta) &
                   = \begin{bmatrix} \cos\theta & 0 & \sin\theta \\ 0 & 1 & ...
I can't figure out why you would want to use a tab mark
here. If you just want an ampersand, the remedy is
simple: Just type `I\&' now. But if some right brace
up above has ended a previous alignment prematurely,
you're probably due for more error messages, and you
might try typing `S' now just to see what is salvageable.


./KINEMATICS.tex:191: LaTeX Error: Environment bmatrix undefined.

See the LaTeX manual or LaTeX Companion for explanation.
Type  H <return>  for immediate help.
 ...                                              
                                                  
l.191 C_2(\theta) &= \begin{bmatrix}
                                     \cos\theta & 0 & \sin\theta \\ 0 & 1 & ...
Your command was ignored.
Type  I <command> <return>  to replace it with another command,
or  <return>  to continue without it.

./KINEMATICS.tex:191: Misplaced alignment tab character &.
l.191 C_2(\theta) &= \begin{bmatrix} \cos\theta &
                                                  0 & \sin\theta \\ 0 & 1 & ...
I can't figure out why you would want to use a tab mark
here. If you just want an ampersand, the remedy is
simple: Just type `I\&' now. But if some right brace
up above has ended a previous alignment prematurely,
you're probably due for more error messages, and you
might try typing `S' now just to see what is salvageable.

./KINEMATICS.tex:191: Misplaced alignment tab character &.
l.191 ...heta) &= \begin{bmatrix} \cos\theta & 0 &
                                                   \sin\theta \\ 0 & 1 & 0 \...
I can't figure out why you would want to use a tab mark
here. If you just want an ampersand, the remedy is
simple: Just type `I\&' now. But if some right brace
up above has ended a previous alignment prematurely,
you're probably due for more error messages, and you
might try typing `S' now just to see what is salvageable.

./KINEMATICS.tex:191: Misplaced alignment tab character &.
l.191 ...atrix} \cos\theta & 0 & \sin\theta \\ 0 &
                                                   1 & 0 \\ -\sin\theta & 0 ...
I can't figure out why you would want to use a tab mark
here. If you just want an ampersand, the remedy is
simple: Just type `I\&' now. But if some right brace
up above has ended a previous alignment prematurely,
you're probably due for more error messages, and you
might try typing `S' now just to see what is salvageable.

./KINEMATICS.tex:191: Misplaced alignment tab character &.
l.191 ...x} \cos\theta & 0 & \sin\theta \\ 0 & 1 &
                                                   0 \\ -\sin\theta & 0 & \c...
I can't figure out why you would want to use a tab mark
here. If you just want an ampersand, the remedy is
simple: Just type `I\&' now. But if some right brace
up above has ended a previous alignment prematurely,
you're probably due for more error messages, and you
might try typing `S' now just to see what is salvageable.

./KINEMATICS.tex:191: Misplaced alignment tab character &.
l.191 ... \sin\theta \\ 0 & 1 & 0 \\ -\sin\theta &
                                                   0 & \cos\theta \end{bmatr...
I can't figure out why you would want to use a tab mark
here. If you just want an ampersand, the remedy is
simple: Just type `I\&' now. But if some right brace
up above has ended a previous alignment prematurely,
you're probably due for more error messages, and you
might try typing `S' now just to see what is salvageable.

./KINEMATICS.tex:191: Misplaced alignment tab character &.
l.191 ...n\theta \\ 0 & 1 & 0 \\ -\sin\theta & 0 &
                                                   \cos\theta \end{bmatrix} ...
I can't figure out why you would want to use a tab mark
here. If you just want an ampersand, the remedy is
simple: Just type `I\&' now. But if some right brace
up above has ended a previous alignment prematurely,
you're probably due for more error messages, and you
might try typing `S' now just to see what is salvageable.


./KINEMATICS.tex:191: LaTeX Error: \begin{document} ended by \end{bmatrix}.

See the LaTeX manual or LaTeX Companion for explanation.
Type  H <return>  for immediate help.
 ...                                              
                                                  
l.191 ...\sin\theta & 0 & \cos\theta \end{bmatrix}
                                                   \tag{36} \\
Your command was ignored.
Type  I <command> <return>  to replace it with another command,
or  <return>  to continue without it.

./KINEMATICS.tex:191: Undefined control sequence.
l.191 ...theta & 0 & \cos\theta \end{bmatrix} \tag
                                                  {36} \\
The control sequence at the end of the top line
of your error message was never \def'ed. If you have
misspelled it (e.g., `\hobx'), type `I' and the correct
spelling (e.g., `I\hbox'). Otherwise just continue,
and I'll forget about whatever was undefined.

./KINEMATICS.tex:192: Misplaced alignment tab character &.
l.192 C_3(\theta) &
                   = \begin{bmatrix} \cos\theta & -\sin\theta & 0 \\ \sin\th...
I can't figure out why you would want to use a tab mark
here. If you just want an ampersand, the remedy is
simple: Just type `I\&' now. But if some right brace
up above has ended a previous alignment prematurely,
you're probably due for more error messages, and you
might try typing `S' now just to see what is salvageable.


./KINEMATICS.tex:192: LaTeX Error: Environment bmatrix undefined.

See the LaTeX manual or LaTeX Companion for explanation.
Type  H <return>  for immediate help.
 ...                                              
                                                  
l.192 C_3(\theta) &= \begin{bmatrix}
                                     \cos\theta & -\sin\theta & 0 \\ \sin\th...
Your command was ignored.
Type  I <command> <return>  to replace it with another command,
or  <return>  to continue without it.

./KINEMATICS.tex:192: Misplaced alignment tab character &.
l.192 C_3(\theta) &= \begin{bmatrix} \cos\theta &
                                                  -\sin\theta & 0 \\ \sin\th...
I can't figure out why you would want to use a tab mark
here. If you just want an ampersand, the remedy is
simple: Just type `I\&' now. But if some right brace
up above has ended a previous alignment prematurely,
you're probably due for more error messages, and you
might try typing `S' now just to see what is salvageable.

./KINEMATICS.tex:192: Misplaced alignment tab character &.
l.192 ...begin{bmatrix} \cos\theta & -\sin\theta &
                                                   0 \\ \sin\theta & \cos\th...
I can't figure out why you would want to use a tab mark
here. If you just want an ampersand, the remedy is
simple: Just type `I\&' now. But if some right brace
up above has ended a previous alignment prematurely,
you're probably due for more error messages, and you
might try typing `S' now just to see what is salvageable.

./KINEMATICS.tex:192: Misplaced alignment tab character &.
l.192 ...s\theta & -\sin\theta & 0 \\ \sin\theta &
                                                   \cos\theta & 0 \\ 0 & 0 &...
I can't figure out why you would want to use a tab mark
here. If you just want an ampersand, the remedy is
simple: Just type `I\&' now. But if some right brace
up above has ended a previous alignment prematurely,
you're probably due for more error messages, and you
might try typing `S' now just to see what is salvageable.

./KINEMATICS.tex:192: Misplaced alignment tab character &.
l.192 ...in\theta & 0 \\ \sin\theta & \cos\theta &
                                                   0 \\ 0 & 0 & 1 \end{bmatr...
I can't figure out why you would want to use a tab mark
here. If you just want an ampersand, the remedy is
simple: Just type `I\&' now. But if some right brace
up above has ended a previous alignment prematurely,
you're probably due for more error messages, and you
might try typing `S' now just to see what is salvageable.

./KINEMATICS.tex:192: Misplaced alignment tab character &.
l.192 ...& 0 \\ \sin\theta & \cos\theta & 0 \\ 0 &
                                                   0 & 1 \end{bmatrix} \tag{37}
I can't figure out why you would want to use a tab mark
here. If you just want an ampersand, the remedy is
simple: Just type `I\&' now. But if some right brace
up above has ended a previous alignment prematurely,
you're probably due for more error messages, and you
might try typing `S' now just to see what is salvageable.

./KINEMATICS.tex:192: Misplaced alignment tab character &.
l.192 ...\\ \sin\theta & \cos\theta & 0 \\ 0 & 0 &
                                                   1 \end{bmatrix} \tag{37}
I can't figure out why you would want to use a tab mark
here. If you just want an ampersand, the remedy is
simple: Just type `I\&' now. But if some right brace
up above has ended a previous alignment prematurely,
you're probably due for more error messages, and you
might try typing `S' now just to see what is salvageable.


./KINEMATICS.tex:192: LaTeX Error: \begin{document} ended by \end{bmatrix}.

See the LaTeX manual or LaTeX Companion for explanation.
Type  H <return>  for immediate help.
 ...                                              
                                                  
l.192 ...\cos\theta & 0 \\ 0 & 0 & 1 \end{bmatrix}
                                                   \tag{37}
Your command was ignored.
Type  I <command> <return>  to replace it with another command,
or  <return>  to continue without it.

./KINEMATICS.tex:192: Undefined control sequence.
l.192 ...theta & 0 \\ 0 & 0 & 1 \end{bmatrix} \tag
                                                  {37}
The control sequence at the end of the top line
of your error message was never \def'ed. If you have
misspelled it (e.g., `\hobx'), type `I' and the correct
spelling (e.g., `I\hbox'). Otherwise just continue,
and I'll forget about whatever was undefined.


./KINEMATICS.tex:193: LaTeX Error: \begin{document} ended by \end{align}.

See the LaTeX manual or LaTeX Companion for explanation.
Type  H <return>  for immediate help.
 ...                                              
                                                  
l.193 \end{align}
                 
Your command was ignored.
Type  I <command> <return>  to replace it with another command,
or  <return>  to continue without it.

./KINEMATICS.tex:193: Missing $ inserted.
<inserted text> 
                $
l.193 \end{align}
                 
I've inserted something that you may have forgotten.
(See the <inserted text> above.)
With luck, this will get me unwedged. But if you
really didn't forget anything, try typing `2' now; then
my insertion and my current dilemma will both disappear.


Overfull \hbox (20.0pt too wide) in paragraph at lines 188--194
[]
 []


Overfull \hbox (5.83336pt too wide) in paragraph at lines 188--194
[]$
 []


Overfull \hbox (8.91951pt too wide) in paragraph at lines 188--194
\OT1/cmr/bx/n/10 a[]$
 []


Overfull \hbox (23.71878pt too wide) in paragraph at lines 188--194
\OT1/cmr/bx/n/10 b[]$$\OML/cmm/m/it/10 i \OT1/cmr/m/n/10 =
 []


Overfull \hbox (23.88887pt too wide) in paragraph at lines 188--194
\OT1/cmr/m/n/10 1\OML/cmm/m/it/10 ; \OT1/cmr/m/n/10 2\OML/cmm/m/it/10 ; \OT1/cmr/m/n/10 3$
 []


Overfull \hbox (23.22653pt too wide) in paragraph at lines 188--194
\OML/cmm/m/it/10 C[]\OT1/cmr/m/n/10 (\OML/cmm/m/it/10 ^^R\OT1/cmr/m/n/10 )$
 []


Overfull \hbox (16.38887pt too wide) in paragraph at lines 188--194
[] \OT1/cmr/m/n/10 =
 []


Overfull \hbox (19.47502pt too wide) in paragraph at lines 188--194
\OT1/cmr/bx/n/10 a[] \OT1/cmr/m/n/10 =
 []


Overfull \hbox (9.71814pt too wide) in paragraph at lines 188--194
\OT1/cmr/bx/n/10 b[]$
 []


Overfull \hbox (7.86249pt too wide) in paragraph at lines 188--194
\OML/cmm/m/it/10 C$
 []


Overfull \hbox (27.79167pt too wide) in paragraph at lines 188--194
[]\OT1/cmr/m/n/10 (\OML/cmm/m/it/10 ^^R\OT1/cmr/m/n/10 ) =
 []


Overfull \hbox (15.00005pt too wide) in paragraph at lines 188--194
\OT1/cmr/m/n/10 100[] 
 []


Overfull \hbox (34.4722pt too wide) in paragraph at lines 188--194
\OT1/cmr/m/n/10 0 [] \OML/cmm/m/it/10 ^^R \OMS/cmsy/m/n/10 ^^@
 []


Overfull \hbox (18.91666pt too wide) in paragraph at lines 188--194
[] \OML/cmm/m/it/10 ^^R[] 
 []


Overfull \hbox (57.27771pt too wide) in paragraph at lines 188--194
\OT1/cmr/m/n/10 0 [] \OML/cmm/m/it/10 ^^R [] ^^R[][] 
 []


Overfull \hbox (34.93889pt too wide) in paragraph at lines 188--194
\OML/cmm/m/it/10 C[]\OT1/cmr/m/n/10 (\OML/cmm/m/it/10 ^^R\OT1/cmr/m/n/10 ) =
 []


Overfull \hbox (45.61105pt too wide) in paragraph at lines 188--194
[] \OML/cmm/m/it/10 ^^R\OT1/cmr/m/n/10 0 [] \OML/cmm/m/it/10 ^^R[] 
 []


Overfull \hbox (15.00005pt too wide) in paragraph at lines 188--194
\OT1/cmr/m/n/10 010[] 
 []


Overfull \hbox (7.7778pt too wide) in paragraph at lines 188--194
\OMS/cmsy/m/n/10 ^^@
 []


Overfull \hbox (55.61108pt too wide) in paragraph at lines 188--194
[] \OML/cmm/m/it/10 ^^R\OT1/cmr/m/n/10 0 [] \OML/cmm/m/it/10 ^^R[][] 
 []


Overfull \hbox (34.93889pt too wide) in paragraph at lines 188--194
\OML/cmm/m/it/10 C[]\OT1/cmr/m/n/10 (\OML/cmm/m/it/10 ^^R\OT1/cmr/m/n/10 ) =
 []


Overfull \hbox (27.80556pt too wide) in paragraph at lines 188--194
[] \OML/cmm/m/it/10 ^^R \OMS/cmsy/m/n/10 ^^@
 []


Overfull \hbox (23.91667pt too wide) in paragraph at lines 188--194
[] \OML/cmm/m/it/10 ^^R\OT1/cmr/m/n/10 0[] 
 []


Overfull \hbox (45.61105pt too wide) in paragraph at lines 188--194
[] \OML/cmm/m/it/10 ^^R [] ^^R\OT1/cmr/m/n/10 0[] 
 []


Overfull \hbox (25.00008pt too wide) in paragraph at lines 188--194
\OT1/cmr/m/n/10 001[]$ 
 []

Missing character: There is no 前 ("524D) in font nullfont!
Missing character: There is no 面 ("9762) in font nullfont!
Missing character: There is no 曾 ("66FE) in font nullfont!
Missing character: There is no 提 ("63D0) in font nullfont!
Missing character: There is no 及 ("53CA) in font nullfont!
Missing character: There is no ， ("FF0C) in font nullfont!
Missing character: There is no 1 ("31) in font nullfont!
Missing character: There is no 是 ("662F) in font nullfont!
Missing character: There is no 每 ("6BCF) in font nullfont!
Missing character: There is no 个 ("4E2A) in font nullfont!
Missing character: There is no 方 ("65B9) in font nullfont!
Missing character: There is no 向 ("5411) in font nullfont!
Missing character: There is no 余 ("4F59) in font nullfont!
Missing character: There is no 弦 ("5F26) in font nullfont!
Missing character: There is no 矩 ("77E9) in font nullfont!
Missing character: There is no 阵 ("9635) in font nullfont!
Missing character: There is no 的 ("7684) in font nullfont!
Missing character: There is no 一 ("4E00) in font nullfont!
Missing character: There is no 个 ("4E2A) in font nullfont!
Missing character: There is no 特 ("7279) in font nullfont!
Missing character: There is no 征 ("5F81) in font nullfont!
Missing character: There is no 值 ("503C) in font nullfont!
Missing character: There is no 。 ("3002) in font nullfont!
Missing character: There is no 如 ("5982) in font nullfont!
Missing character: There is no 果 ("679C) in font nullfont!
Missing character: There is no 矩 ("77E9) in font nullfont!
Missing character: There is no 阵 ("9635) in font nullfont!
Missing character: There is no 的 ("7684) in font nullfont!
Missing character: There is no 元 ("5143) in font nullfont!
Missing character: There is no 素 ("7D20) in font nullfont!
Missing character: There is no 由 ("7531) in font nullfont!
Missing character: There is no 式 ("5F0F) in font nullfont!
Missing character: There is no ( ("28) in font nullfont!
Missing character: There is no 2 ("32) in font nullfont!
Missing character: There is no 3 ("33) in font nullfont!
Missing character: There is no ) ("29) in font nullfont!
Missing character: There is no - ("2D) in font nullfont!
Missing character: There is no - ("2D) in font nullfont!
Missing character: There is no ( ("28) in font nullfont!
Missing character: There is no 3 ("33) in font nullfont!
Missing character: There is no 1 ("31) in font nullfont!
Missing character: There is no ) ("29) in font nullfont!
Missing character: There is no 给 ("7ED9) in font nullfont!
Missing character: There is no 出 ("51FA) in font nullfont!
Missing character: There is no ， ("FF0C) in font nullfont!
Missing character: There is no 那 ("90A3) in font nullfont!
Missing character: There is no 么 ("4E48) in font nullfont!
Missing character: There is no 行 ("884C) in font nullfont!
Missing character: There is no 矩 ("77E9) in font nullfont!
Missing character: There is no 阵 ("9635) in font nullfont!
Missing character: There is no 即 ("5373) in font nullfont!
Missing character: There is no 为 ("4E3A) in font nullfont!
Missing character: There is no 与 ("4E0E) in font nullfont!
Missing character: There is no 单 ("5355) in font nullfont!
Missing character: There is no 位 ("4F4D) in font nullfont!
Missing character: There is no 特 ("7279) in font nullfont!
Missing character: There is no 征 ("5F81) in font nullfont!
Missing character: There is no 值 ("503C) in font nullfont!
Missing character: There is no 对 ("5BF9) in font nullfont!
Missing character: There is no 应 ("5E94) in font nullfont!
Missing character: There is no 的 ("7684) in font nullfont!
Missing character: There is no 特 ("7279) in font nullfont!
Missing character: There is no 征 ("5F81) in font nullfont!
Missing character: There is no 向 ("5411) in font nullfont!
Missing character: There is no 量 ("91CF) in font nullfont!
Missing character: There is no ， ("FF0C) in font nullfont!
Missing character: There is no 即 ("5373) in font nullfont!
Missing character: There is no ： ("FF1A) in font nullfont!

Overfull \hbox (20.0pt too wide) in paragraph at lines 195--196
[]
 []


Overfull \hbox (7.86249pt too wide) in paragraph at lines 195--196
\OML/cmm/m/it/10 C$
 []


Overfull \hbox (36.51404pt too wide) in paragraph at lines 195--196
\OT1/cmr/m/n/10 [\OML/cmm/m/it/10 ^^U[] ^^U[] ^^U[]\OT1/cmr/m/n/10 ]$
 []


Overfull \hbox (5.00002pt too wide) in paragraph at lines 195--196
\OT1/cmr/m/n/10 1$
 []

./KINEMATICS.tex:197: Undefined control sequence.
l.197 ...a_1 \quad \lambda_2 \quad \lambda_3] \tag
                                                  {38}
The control sequence at the end of the top line
of your error message was never \def'ed. If you have
misspelled it (e.g., `\hobx'), type `I' and the correct
spelling (e.g., `I\hbox'). Otherwise just continue,
and I'll forget about whatever was undefined.


Overfull \hbox (104.22382pt too wide) detected at line 198
\OT1/cmr/m/n/10 [\OML/cmm/m/it/10 ^^U[] ^^U[] ^^U[]\OT1/cmr/m/n/10 ]\OML/cmm/m/it/10 C \OT1/cmr/m/n/10 = [\OML/cmm/m/it/10 ^^U[] ^^U[] ^^U[]\OT1/cmr/m/n/10 ][]
 []

Missing character: There is no 等 ("7B49) in font nullfont!
Missing character: There is no 价 ("4EF7) in font nullfont!
Missing character: There is no 地 ("5730) in font nullfont!
Missing character: There is no ， ("FF0C) in font nullfont!
Missing character: There is no 当 ("5F53) in font nullfont!
Missing character: There is no 为 ("4E3A) in font nullfont!
Missing character: There is no 式 ("5F0F) in font nullfont!
Missing character: There is no ( ("28) in font nullfont!
Missing character: There is no 1 ("31) in font nullfont!
Missing character: There is no . ("2E) in font nullfont!
Missing character: There is no 1 ("31) in font nullfont!
Missing character: There is no . ("2E) in font nullfont!
Missing character: There is no 2 ("32) in font nullfont!
Missing character: There is no ) ("29) in font nullfont!
Missing character: There is no 中 ("4E2D) in font nullfont!
Missing character: There is no 所 ("6240) in font nullfont!
Missing character: There is no 定 ("5B9A) in font nullfont!
Missing character: There is no 义 ("4E49) in font nullfont!
Missing character: There is no 的 ("7684) in font nullfont!
Missing character: There is no 并 ("5E76) in font nullfont!
Missing character: There is no 矢 ("77E2) in font nullfont!
Missing character: There is no 时 ("65F6) in font nullfont!
Missing character: There is no ： ("FF1A) in font nullfont!

Overfull \hbox (8.30551pt too wide) in paragraph at lines 198--200
 $\OT1/cmr/bx/n/10 C$
 []

./KINEMATICS.tex:201: Undefined control sequence.
l.201 ...da} \cdot \mathbf{C} = \vec{\lambda} \tag
                                                  {39}
The control sequence at the end of the top line
of your error message was never \def'ed. If you have
misspelled it (e.g., `\hobx'), type `I' and the correct
spelling (e.g., `I\hbox'). Otherwise just continue,
and I'll forget about whatever was undefined.


Overfull \hbox (46.08327pt too wide) detected at line 202
[] \OMS/cmsy/m/n/10 ^^A \OT1/cmr/bx/n/10 C \OT1/cmr/m/n/10 = [][]
 []

./KINEMATICS.tex:204: Undefined control sequence.
l.204 \paragraph
                {推导部分}
The control sequence at the end of the top line
of your error message was never \def'ed. If you have
misspelled it (e.g., `\hobx'), type `I' and the correct
spelling (e.g., `I\hbox'). Otherwise just continue,
and I'll forget about whatever was undefined.

Missing character: There is no 推 ("63A8) in font nullfont!
Missing character: There is no 导 ("5BFC) in font nullfont!
Missing character: There is no 部 ("90E8) in font nullfont!
Missing character: There is no 分 ("5206) in font nullfont!
Missing character: There is no 对 ("5BF9) in font nullfont!
Missing character: There is no 于 ("4E8E) in font nullfont!
Missing character: There is no 任 ("4EFB) in font nullfont!
Missing character: There is no 意 ("610F) in font nullfont!
Missing character: There is no 向 ("5411) in font nullfont!
Missing character: There is no 量 ("91CF) in font nullfont!
Missing character: There is no ， ("FF0C) in font nullfont!
Missing character: There is no 以 ("4EE5) in font nullfont!
Missing character: There is no 下 ("4E0B) in font nullfont!
Missing character: There is no 恒 ("6052) in font nullfont!
Missing character: There is no 等 ("7B49) in font nullfont!
Missing character: There is no 式 ("5F0F) in font nullfont!
Missing character: There is no 成 ("6210) in font nullfont!
Missing character: There is no 立 ("7ACB) in font nullfont!
Missing character: There is no ： ("FF1A) in font nullfont!

Overfull \hbox (20.0pt too wide) in paragraph at lines 204--206
[]
 []


Overfull \hbox (6.22914pt too wide) in paragraph at lines 204--206
\OT1/cmr/bx/n/10 v$ 
 []

./KINEMATICS.tex:207: Undefined control sequence.
l.207 ...f{a}_3 \cdot \mathbf{v})\mathbf{a}_3 \tag
                                                  {40}
The control sequence at the end of the top line
of your error message was never \def'ed. If you have
misspelled it (e.g., `\hobx'), type `I' and the correct
spelling (e.g., `I\hbox'). Otherwise just continue,
and I'll forget about whatever was undefined.


Overfull \hbox (155.93031pt too wide) detected at line 208
\OT1/cmr/bx/n/10 v \OT1/cmr/m/n/10 = (\OT1/cmr/bx/n/10 a[] \OMS/cmsy/m/n/10 ^^A \OT1/cmr/bx/n/10 v\OT1/cmr/m/n/10 )\OT1/cmr/bx/n/10 a[] \OT1/cmr/m/n/10 + (\OT1/cmr/bx/n/10 a[] \OMS/cmsy/m/n/10 ^^A \OT1/cmr/bx/n/10 v\OT1/cmr/m/n/10 )\OT1/cmr/bx/n/10 a[] \OT1/cmr/m/n/10 + (\OT1/cmr/bx/n/10 a[] \OMS/cmsy/m/n/10 ^^A \OT1/cmr/bx/n/10 v\OT1/cmr/m/n/10 )\OT1/cmr/bx/n/10 a[][]
 []

Missing character: There is no 因 ("56E0) in font nullfont!
Missing character: There is no 此 ("6B64) in font nullfont!
Missing character: There is no ， ("FF0C) in font nullfont!
Missing character: There is no 令 ("4EE4) in font nullfont!
Missing character: There is no 扮 ("626E) in font nullfont!
Missing character: There is no 演 ("6F14) in font nullfont!
Missing character: There is no 的 ("7684) in font nullfont!
Missing character: There is no 角 ("89D2) in font nullfont!
Missing character: There is no 色 ("8272) in font nullfont!
Missing character: There is no ， ("FF0C) in font nullfont!
Missing character: There is no 可 ("53EF) in font nullfont!
Missing character: There is no 将 ("5C06) in font nullfont!
Missing character: There is no 表 ("8868) in font nullfont!
Missing character: There is no 示 ("793A) in font nullfont!
Missing character: There is no 为 ("4E3A) in font nullfont!
Missing character: There is no ： ("FF1A) in font nullfont!

Overfull \hbox (10.87498pt too wide) in paragraph at lines 208--210
 $\OT1/cmr/bx/n/10 b[]$
 []


Overfull \hbox (6.22914pt too wide) in paragraph at lines 208--210
\OT1/cmr/bx/n/10 v$
 []


Overfull \hbox (10.87498pt too wide) in paragraph at lines 208--210
\OT1/cmr/bx/n/10 b[]$
 []

./KINEMATICS.tex:211: Undefined control sequence.
l.211 ...a}_3 \cdot \mathbf{b}_1)\mathbf{a}_3 \tag
                                                  {41}
The control sequence at the end of the top line
of your error message was never \def'ed. If you have
misspelled it (e.g., `\hobx'), type `I' and the correct
spelling (e.g., `I\hbox'). Otherwise just continue,
and I'll forget about whatever was undefined.


Overfull \hbox (174.51369pt too wide) detected at line 212
\OT1/cmr/bx/n/10 b[] \OT1/cmr/m/n/10 = (\OT1/cmr/bx/n/10 a[] \OMS/cmsy/m/n/10 ^^A \OT1/cmr/bx/n/10 b[]\OT1/cmr/m/n/10 )\OT1/cmr/bx/n/10 a[] \OT1/cmr/m/n/10 + (\OT1/cmr/bx/n/10 a[] \OMS/cmsy/m/n/10 ^^A \OT1/cmr/bx/n/10 b[]\OT1/cmr/m/n/10 )\OT1/cmr/bx/n/10 a[] \OT1/cmr/m/n/10 + (\OT1/cmr/bx/n/10 a[] \OMS/cmsy/m/n/10 ^^A \OT1/cmr/bx/n/10 b[]\OT1/cmr/m/n/10 )\OT1/cmr/bx/n/10 a[][]
 []

Missing character: There is no 或 ("6216) in font nullfont!
Missing character: There is no 者 ("8005) in font nullfont!
Missing character: There is no ， ("FF0C) in font nullfont!
Missing character: There is no 利 ("5229) in font nullfont!
Missing character: There is no 用 ("7528) in font nullfont!
Missing character: There is no 式 ("5F0F) in font nullfont!
Missing character: There is no ( ("28) in font nullfont!
Missing character: There is no 1 ("31) in font nullfont!
Missing character: There is no ) ("29) in font nullfont!
Missing character: There is no ， ("FF0C) in font nullfont!
Missing character: There is no 可 ("53EF) in font nullfont!
Missing character: There is no 得 ("5F97) in font nullfont!
Missing character: There is no ： ("FF1A) in font nullfont!
./KINEMATICS.tex:215: Undefined control sequence.
l.215 ...21}\mathbf{a}_2 + C_{31}\mathbf{a}_3 \tag
                                                  {42}
The control sequence at the end of the top line
of your error message was never \def'ed. If you have
misspelled it (e.g., `\hobx'), type `I' and the correct
spelling (e.g., `I\hbox'). Otherwise just continue,
and I'll forget about whatever was undefined.


Overfull \hbox (126.85133pt too wide) detected at line 216
\OT1/cmr/bx/n/10 b[] \OT1/cmr/m/n/10 = \OML/cmm/m/it/10 C[]\OT1/cmr/bx/n/10 a[] \OT1/cmr/m/n/10 + \OML/cmm/m/it/10 C[]\OT1/cmr/bx/n/10 a[] \OT1/cmr/m/n/10 + \OML/cmm/m/it/10 C[]\OT1/cmr/bx/n/10 a[][]
 []

Missing character: There is no 同 ("540C) in font nullfont!
Missing character: There is no 理 ("7406) in font nullfont!
Missing character: There is no ： ("FF1A) in font nullfont!

./KINEMATICS.tex:218: LaTeX Error: Environment align undefined.

See the LaTeX manual or LaTeX Companion for explanation.
Type  H <return>  for immediate help.
 ...                                              
                                                  
l.218 \begin{align}
                   
Your command was ignored.
Type  I <command> <return>  to replace it with another command,
or  <return>  to continue without it.


./KINEMATICS.tex:219: LaTeX Error: \mathbf allowed only in math mode.

See the LaTeX manual or LaTeX Companion for explanation.
Type  H <return>  for immediate help.
 ...                                              
                                                  
l.219 \mathbf{b}
                _2 &= C_{12}\mathbf{a}_1 + C_{22}\mathbf{a}_2 + C_{32}\mathb...
You're in trouble here.  Try typing  <return>  to proceed.
If that doesn't work, type  X <return>  to quit.

Missing character: There is no b ("62) in font nullfont!
./KINEMATICS.tex:219: Missing $ inserted.
<inserted text> 
                $
l.219 \mathbf{b}_
                 2 &= C_{12}\mathbf{a}_1 + C_{22}\mathbf{a}_2 + C_{32}\mathb...
I've inserted a begin-math/end-math symbol since I think
you left one out. Proceed, with fingers crossed.

./KINEMATICS.tex:219: Misplaced alignment tab character &.
l.219 \mathbf{b}_2 &
                    = C_{12}\mathbf{a}_1 + C_{22}\mathbf{a}_2 + C_{32}\mathb...
I can't figure out why you would want to use a tab mark
here. If you just want an ampersand, the remedy is
simple: Just type `I\&' now. But if some right brace
up above has ended a previous alignment prematurely,
you're probably due for more error messages, and you
might try typing `S' now just to see what is salvageable.

./KINEMATICS.tex:219: Undefined control sequence.
l.219 ...22}\mathbf{a}_2 + C_{32}\mathbf{a}_3 \tag
                                                  {43} \\
The control sequence at the end of the top line
of your error message was never \def'ed. If you have
misspelled it (e.g., `\hobx'), type `I' and the correct
spelling (e.g., `I\hbox'). Otherwise just continue,
and I'll forget about whatever was undefined.

./KINEMATICS.tex:220: Misplaced alignment tab character &.
l.220 \mathbf{b}_3 &
                    = C_{13}\mathbf{a}_1 + C_{23}\mathbf{a}_2 + C_{33}\mathb...
I can't figure out why you would want to use a tab mark
here. If you just want an ampersand, the remedy is
simple: Just type `I\&' now. But if some right brace
up above has ended a previous alignment prematurely,
you're probably due for more error messages, and you
might try typing `S' now just to see what is salvageable.

./KINEMATICS.tex:220: Undefined control sequence.
l.220 ...23}\mathbf{a}_2 + C_{33}\mathbf{a}_3 \tag
                                                  {44}
The control sequence at the end of the top line
of your error message was never \def'ed. If you have
misspelled it (e.g., `\hobx'), type `I' and the correct
spelling (e.g., `I\hbox'). Otherwise just continue,
and I'll forget about whatever was undefined.


./KINEMATICS.tex:221: LaTeX Error: \begin{document} ended by \end{align}.

See the LaTeX manual or LaTeX Companion for explanation.
Type  H <return>  for immediate help.
 ...                                              
                                                  
l.221 \end{align}
                 
Your command was ignored.
Type  I <command> <return>  to replace it with another command,
or  <return>  to continue without it.

./KINEMATICS.tex:221: Missing $ inserted.
<inserted text> 
                $
l.221 \end{align}
                 
I've inserted something that you may have forgotten.
(See the <inserted text> above.)
With luck, this will get me unwedged. But if you
really didn't forget anything, try typing `2' now; then
my insertion and my current dilemma will both disappear.

Missing character: There is no 这 ("8FD9) in font nullfont!
Missing character: There is no 三 ("4E09) in font nullfont!
Missing character: There is no 个 ("4E2A) in font nullfont!
Missing character: There is no 方 ("65B9) in font nullfont!
Missing character: There is no 程 ("7A0B) in font nullfont!
Missing character: There is no 正 ("6B63) in font nullfont!
Missing character: There is no 是 ("662F) in font nullfont!
Missing character: There is no 基 ("57FA) in font nullfont!
Missing character: There is no 于 ("4E8E) in font nullfont!
Missing character: There is no 式 ("5F0F) in font nullfont!
Missing character: There is no ( ("28) in font nullfont!
Missing character: There is no 2 ("32) in font nullfont!
Missing character: There is no ) ("29) in font nullfont!
Missing character: There is no 和 ("548C) in font nullfont!
Missing character: There is no 矩 ("77E9) in font nullfont!
Missing character: There is no 阵 ("9635) in font nullfont!
Missing character: There is no 乘 ("4E58) in font nullfont!
Missing character: There is no 法 ("6CD5) in font nullfont!
Missing character: There is no 规 ("89C4) in font nullfont!
Missing character: There is no 则 ("5219) in font nullfont!
Missing character: There is no 形 ("5F62) in font nullfont!
Missing character: There is no 成 ("6210) in font nullfont!
Missing character: There is no 表 ("8868) in font nullfont!
Missing character: There is no 达 ("8FBE) in font nullfont!
Missing character: There is no 式 ("5F0F) in font nullfont!
Missing character: There is no 时 ("65F6) in font nullfont!
Missing character: There is no 所 ("6240) in font nullfont!
Missing character: There is no 得 ("5F97) in font nullfont!
Missing character: There is no 到 ("5230) in font nullfont!
Missing character: There is no 的 ("7684) in font nullfont!
Missing character: There is no 结 ("7ED3) in font nullfont!
Missing character: There is no 果 ("679C) in font nullfont!
Missing character: There is no ， ("FF0C) in font nullfont!
Missing character: There is no 类 ("7C7B) in font nullfont!
Missing character: There is no 似 ("4F3C) in font nullfont!
Missing character: There is no 地 ("5730) in font nullfont!
Missing character: There is no 通 ("901A) in font nullfont!
Missing character: There is no 过 ("8FC7) in font nullfont!
Missing character: There is no 推 ("63A8) in font nullfont!
Missing character: There is no 理 ("7406) in font nullfont!
Missing character: There is no 可 ("53EF) in font nullfont!
Missing character: There is no 得 ("5F97) in font nullfont!
Missing character: There is no 到 ("5230) in font nullfont!
Missing character: There is no 式 ("5F0F) in font nullfont!
Missing character: There is no ( ("28) in font nullfont!
Missing character: There is no 5 ("35) in font nullfont!
Missing character: There is no ) ("29) in font nullfont!
Missing character: There is no 。 ("3002) in font nullfont!

Overfull \hbox (15.04164pt too wide) in paragraph at lines 216--223
  $[] \OT1/cmr/m/n/10 =
 []


Overfull \hbox (33.47363pt too wide) in paragraph at lines 216--223
\OML/cmm/m/it/10 C[]\OT1/cmr/bx/n/10 a[] \OT1/cmr/m/n/10 +
 []


Overfull \hbox (33.47363pt too wide) in paragraph at lines 216--223
\OML/cmm/m/it/10 C[]\OT1/cmr/bx/n/10 a[] \OT1/cmr/m/n/10 +
 []


Overfull \hbox (35.69586pt too wide) in paragraph at lines 216--223
\OML/cmm/m/it/10 C[]\OT1/cmr/bx/n/10 a[][][] 
 []


Overfull \hbox (21.4305pt too wide) in paragraph at lines 216--223
\OT1/cmr/bx/n/10 b[] \OT1/cmr/m/n/10 =
 []


Overfull \hbox (33.47363pt too wide) in paragraph at lines 216--223
\OML/cmm/m/it/10 C[]\OT1/cmr/bx/n/10 a[] \OT1/cmr/m/n/10 +
 []


Overfull \hbox (33.47363pt too wide) in paragraph at lines 216--223
\OML/cmm/m/it/10 C[]\OT1/cmr/bx/n/10 a[] \OT1/cmr/m/n/10 +
 []


Overfull \hbox (35.69586pt too wide) in paragraph at lines 216--223
\OML/cmm/m/it/10 C[]\OT1/cmr/bx/n/10 a[][]$
 []


Overfull \hbox (41.51378pt too wide) in paragraph at lines 216--223
\OT1/cmr/bx/n/10 b[]\OML/cmm/m/it/10 ; \OT1/cmr/bx/n/10 b[]\OML/cmm/m/it/10 ; \OT1/cmr/bx/n/10 b[]$
 []

Missing character: There is no 要 ("8981) in font nullfont!
Missing character: There is no 验 ("9A8C) in font nullfont!
Missing character: There is no 证 ("8BC1) in font nullfont!
Missing character: There is no 式 ("5F0F) in font nullfont!
Missing character: There is no ( ("28) in font nullfont!
Missing character: There is no 9 ("39) in font nullfont!
Missing character: There is no ) ("29) in font nullfont!
Missing character: There is no 成 ("6210) in font nullfont!
Missing character: There is no 立 ("7ACB) in font nullfont!
Missing character: There is no ， ("FF0C) in font nullfont!
Missing character: There is no 只 ("53EA) in font nullfont!
Missing character: There is no 需 ("9700) in font nullfont!
Missing character: There is no 观 ("89C2) in font nullfont!
Missing character: There is no 察 ("5BDF) in font nullfont!
Missing character: There is no ： ("FF1A) in font nullfont!

Overfull \hbox (20.0pt too wide) in paragraph at lines 224--225
[]
 []

./KINEMATICS.tex:226: Undefined control sequence.
l.226 ... + {}^A v_2 C_{2i} + {}^A v_3 C_{3i} \tag
                                                  {45}
The control sequence at the end of the top line
of your error message was never \def'ed. If you have
misspelled it (e.g., `\hobx'), type `I' and the correct
spelling (e.g., `I\hbox'). Otherwise just continue,
and I'll forget about whatever was undefined.


Overfull \hbox (393.69516pt too wide) detected at line 227
[][]\OML/cmm/m/it/10 v[] \OT1/cmr/m/n/10 = \OT1/cmr/bx/n/10 v \OMS/cmsy/m/n/10 ^^A \OT1/cmr/m/n/10 (\OT1/cmr/bx/n/10 a[]\OML/cmm/m/it/10 C[] \OT1/cmr/m/n/10 + \OT1/cmr/bx/n/10 a[]\OML/cmm/m/it/10 C[] \OT1/cmr/m/n/10 + \OT1/cmr/bx/n/10 a[]\OML/cmm/m/it/10 C[]\OT1/cmr/m/n/10 ) = \OT1/cmr/bx/n/10 v \OMS/cmsy/m/n/10 ^^A \OT1/cmr/bx/n/10 a[]\OML/cmm/m/it/10 C[] \OT1/cmr/m/n/10 + \OT1/cmr/bx/n/10 v \OMS/cmsy/m/n/10 ^^A \OT1/cmr/bx/n/10 a[]\OML/cmm/m/it/10 C[] \OT1/cmr/m/n/10 + \OT1/cmr/bx/n/10 v \OMS/cmsy/m/n/10 ^^A \OT1/cmr/bx/n/10 a[]\OML/cmm/m/it/10 C[] \OT1/cmr/m/n/10 = [][]\OML/cmm/m/it/10 v[]C[] \OT1/cmr/m/n/10 + [][]\OML/cmm/m/it/10 v[]C[] \OT1/cmr/m/n/10 + [][]\OML/cmm/m/it/10 v[]C[][]
 []

Missing character: There is no 并 ("5E76) in font nullfont!
Missing character: There is no 回 ("56DE) in font nullfont!
Missing character: There is no 顾 ("987E) in font nullfont!
Missing character: There is no 和 ("548C) in font nullfont!
Missing character: There is no 的 ("7684) in font nullfont!
Missing character: There is no 定 ("5B9A) in font nullfont!
Missing character: There is no 义 ("4E49) in font nullfont!
Missing character: There is no 即 ("5373) in font nullfont!
Missing character: There is no 可 ("53EF) in font nullfont!
Missing character: There is no 。 ("3002) in font nullfont!
Missing character: There is no 同 ("540C) in font nullfont!
Missing character: There is no 理 ("7406) in font nullfont!
Missing character: There is no ， ("FF0C) in font nullfont!
Missing character: There is no 式 ("5F0F) in font nullfont!
Missing character: There is no ( ("28) in font nullfont!
Missing character: There is no 1 ("31) in font nullfont!
Missing character: There is no 2 ("32) in font nullfont!
Missing character: There is no ) ("29) in font nullfont!
Missing character: There is no 可 ("53EF) in font nullfont!
Missing character: There is no 由 ("7531) in font nullfont!
Missing character: There is no 下 ("4E0B) in font nullfont!
Missing character: There is no 式 ("5F0F) in font nullfont!
Missing character: There is no 推 ("63A8) in font nullfont!
Missing character: There is no 导 ("5BFC) in font nullfont!
Missing character: There is no 得 ("5F97) in font nullfont!
Missing character: There is no 出 ("51FA) in font nullfont!
Missing character: There is no ： ("FF1A) in font nullfont!

./KINEMATICS.tex:229: LaTeX Error: Environment align undefined.

See the LaTeX manual or LaTeX Companion for explanation.
Type  H <return>  for immediate help.
 ...                                              
                                                  
l.229 \begin{align}
                   
Your command was ignored.
Type  I <command> <return>  to replace it with another command,
or  <return>  to continue without it.

./KINEMATICS.tex:230: Missing $ inserted.
<inserted text> 
                $
l.230 {}^
         B D_{ij} &= (\mathbf{a}_1 C_{1i} + \mathbf{a}_2 C_{2i} + \mathbf{a}...
I've inserted a begin-math/end-math symbol since I think
you left one out. Proceed, with fingers crossed.

./KINEMATICS.tex:230: Misplaced alignment tab character &.
l.230 {}^B D_{ij} &
                   = (\mathbf{a}_1 C_{1i} + \mathbf{a}_2 C_{2i} + \mathbf{a}...
I can't figure out why you would want to use a tab mark
here. If you just want an ampersand, the remedy is
simple: Just type `I\&' now. But if some right brace
up above has ended a previous alignment prematurely,
you're probably due for more error messages, and you
might try typing `S' now just to see what is salvageable.

./KINEMATICS.tex:231: Misplaced alignment tab character &.
<recently read> &
                 
l.231 &
       = C_{1i} ({}^A D_{11} C_{1j} + {}^A D_{12} C_{2j} + {}^A D_{13} C_{3j...
I can't figure out why you would want to use a tab mark
here. If you just want an ampersand, the remedy is
simple: Just type `I\&' now. But if some right brace
up above has ended a previous alignment prematurely,
you're probably due for more error messages, and you
might try typing `S' now just to see what is salvageable.

./KINEMATICS.tex:232: Misplaced alignment tab character &.
<recently read> &
                 
l.232 &
       \quad + C_{2i} ({}^A D_{21} C_{1j} + {}^A D_{22} C_{2j} + {}^A D_{23}...
I can't figure out why you would want to use a tab mark
here. If you just want an ampersand, the remedy is
simple: Just type `I\&' now. But if some right brace
up above has ended a previous alignment prematurely,
you're probably due for more error messages, and you
might try typing `S' now just to see what is salvageable.

./KINEMATICS.tex:233: Misplaced alignment tab character &.
<recently read> &
                 
l.233 &
       \quad + C_{3i} ({}^A D_{31} C_{1j} + {}^A D_{32} C_{2j} + {}^A D_{33}...
I can't figure out why you would want to use a tab mark
here. If you just want an ampersand, the remedy is
simple: Just type `I\&' now. But if some right brace
up above has ended a previous alignment prematurely,
you're probably due for more error messages, and you
might try typing `S' now just to see what is salvageable.

./KINEMATICS.tex:233: Undefined control sequence.
l.233 ... D_{32} C_{2j} + {}^A D_{33} C_{3j}) \tag
                                                  {46}
The control sequence at the end of the top line
of your error message was never \def'ed. If you have
misspelled it (e.g., `\hobx'), type `I' and the correct
spelling (e.g., `I\hbox'). Otherwise just continue,
and I'll forget about whatever was undefined.


./KINEMATICS.tex:234: LaTeX Error: \begin{document} ended by \end{align}.

See the LaTeX manual or LaTeX Companion for explanation.
Type  H <return>  for immediate help.
 ...                                              
                                                  
l.234 \end{align}
                 
Your command was ignored.
Type  I <command> <return>  to replace it with another command,
or  <return>  to continue without it.

./KINEMATICS.tex:234: Missing $ inserted.
<inserted text> 
                $
l.234 \end{align}
                 
I've inserted something that you may have forgotten.
(See the <inserted text> above.)
With luck, this will get me unwedged. But if you
really didn't forget anything, try typing `2' now; then
my insertion and my current dilemma will both disappear.

Missing character: There is no 并 ("5E76) in font nullfont!
Missing character: There is no 由 ("7531) in font nullfont!
Missing character: There is no 和 ("548C) in font nullfont!
Missing character: There is no 的 ("7684) in font nullfont!
Missing character: There is no 定 ("5B9A) in font nullfont!
Missing character: There is no 义 ("4E49) in font nullfont!
Missing character: There is no 得 ("5F97) in font nullfont!
Missing character: There is no 出 ("51FA) in font nullfont!
Missing character: There is no 上 ("4E0A) in font nullfont!
Missing character: There is no 述 ("8FF0) in font nullfont!
Missing character: There is no 结 ("7ED3) in font nullfont!
Missing character: There is no 果 ("679C) in font nullfont!
Missing character: There is no 。 ("3002) in font nullfont!

Overfull \hbox (11.71992pt too wide) in paragraph at lines 227--236
 $[][]\OML/cmm/m/it/10 v$
 []


Overfull \hbox (12.089pt too wide) in paragraph at lines 227--236
[][]\OML/cmm/m/it/10 v$
 []


Overfull \hbox (32.76051pt too wide) in paragraph at lines 227--236
[]\OML/cmm/m/it/10 D[] \OT1/cmr/m/n/10 =
 []


Overfull \hbox (36.20569pt too wide) in paragraph at lines 227--236
\OT1/cmr/m/n/10 (\OT1/cmr/bx/n/10 a[]\OML/cmm/m/it/10 C[] \OT1/cmr/m/n/10 +
 []


Overfull \hbox (32.31679pt too wide) in paragraph at lines 227--236
\OT1/cmr/bx/n/10 a[]\OML/cmm/m/it/10 C[] \OT1/cmr/m/n/10 +
 []


Overfull \hbox (31.20567pt too wide) in paragraph at lines 227--236
\OT1/cmr/bx/n/10 a[]\OML/cmm/m/it/10 C[]\OT1/cmr/m/n/10 ) \OMS/cmsy/m/n/10 ^^A
 []


Overfull \hbox (11.59718pt too wide) in paragraph at lines 227--236
\OT1/cmr/bx/n/10 D \OMS/cmsy/m/n/10 ^^A
 []


Overfull \hbox (37.08997pt too wide) in paragraph at lines 227--236
\OT1/cmr/m/n/10 (\OT1/cmr/bx/n/10 a[]\OML/cmm/m/it/10 C[] \OT1/cmr/m/n/10 +
 []


Overfull \hbox (33.20107pt too wide) in paragraph at lines 227--236
\OT1/cmr/bx/n/10 a[]\OML/cmm/m/it/10 C[] \OT1/cmr/m/n/10 +
 []


Overfull \hbox (29.31216pt too wide) in paragraph at lines 227--236
\OT1/cmr/bx/n/10 a[]\OML/cmm/m/it/10 C[]\OT1/cmr/m/n/10 )[] 
 []


Overfull \hbox (7.7778pt too wide) in paragraph at lines 227--236
\OT1/cmr/m/n/10 =
 []


Overfull \hbox (64.74158pt too wide) in paragraph at lines 227--236
\OML/cmm/m/it/10 C[]\OT1/cmr/m/n/10 ([][]\OML/cmm/m/it/10 D[]C[] \OT1/cmr/m/n/10 +
 []


Overfull \hbox (46.39005pt too wide) in paragraph at lines 227--236
[][]\OML/cmm/m/it/10 D[]C[] \OT1/cmr/m/n/10 +
 []


Overfull \hbox (42.50114pt too wide) in paragraph at lines 227--236
[][]\OML/cmm/m/it/10 D[]C[]\OT1/cmr/m/n/10 )[] 
 []


Overfull \hbox (7.7778pt too wide) in paragraph at lines 227--236
\OT1/cmr/m/n/10 +
 []


Overfull \hbox (64.74158pt too wide) in paragraph at lines 227--236
\OML/cmm/m/it/10 C[]\OT1/cmr/m/n/10 ([][]\OML/cmm/m/it/10 D[]C[] \OT1/cmr/m/n/10 +
 []


Overfull \hbox (46.39005pt too wide) in paragraph at lines 227--236
[][]\OML/cmm/m/it/10 D[]C[] \OT1/cmr/m/n/10 +
 []


Overfull \hbox (42.50114pt too wide) in paragraph at lines 227--236
[][]\OML/cmm/m/it/10 D[]C[]\OT1/cmr/m/n/10 )[] 
 []


Overfull \hbox (7.7778pt too wide) in paragraph at lines 227--236
\OT1/cmr/m/n/10 +
 []


Overfull \hbox (64.74158pt too wide) in paragraph at lines 227--236
\OML/cmm/m/it/10 C[]\OT1/cmr/m/n/10 ([][]\OML/cmm/m/it/10 D[]C[] \OT1/cmr/m/n/10 +
 []


Overfull \hbox (46.39005pt too wide) in paragraph at lines 227--236
[][]\OML/cmm/m/it/10 D[]C[] \OT1/cmr/m/n/10 +
 []


Overfull \hbox (52.50117pt too wide) in paragraph at lines 227--236
[][]\OML/cmm/m/it/10 D[]C[]\OT1/cmr/m/n/10 )[]$
 []


Overfull \hbox (15.07086pt too wide) in paragraph at lines 227--236
[][]\OML/cmm/m/it/10 D$
 []


Overfull \hbox (15.43994pt too wide) in paragraph at lines 227--236
[][]\OML/cmm/m/it/10 D$
 []

Missing character: There is no 至 ("81F3) in font nullfont!
Missing character: There is no 于 ("4E8E) in font nullfont!
Missing character: There is no 式 ("5F0F) in font nullfont!
Missing character: There is no ( ("28) in font nullfont!
Missing character: There is no 1 ("31) in font nullfont!
Missing character: There is no 4 ("34) in font nullfont!
Missing character: There is no ) ("29) in font nullfont!
Missing character: There is no 和 ("548C) in font nullfont!
Missing character: There is no ( ("28) in font nullfont!
Missing character: There is no 1 ("31) in font nullfont!
Missing character: There is no 5 ("35) in font nullfont!
Missing character: There is no ) ("29) in font nullfont!
Missing character: There is no ， ("FF0C) in font nullfont!
Missing character: There is no 它 ("5B83) in font nullfont!
Missing character: There is no 们 ("4EEC) in font nullfont!
Missing character: There is no 是 ("662F) in font nullfont!
Missing character: There is no 利 ("5229) in font nullfont!
Missing character: There is no 用 ("7528) in font nullfont!
Missing character: There is no 求 ("6C42) in font nullfont!
Missing character: There is no 和 ("548C) in font nullfont!
Missing character: There is no 约 ("7EA6) in font nullfont!
Missing character: There is no 定 ("5B9A) in font nullfont!
Missing character: There is no 产 ("4EA7) in font nullfont!
Missing character: There is no 生 ("751F) in font nullfont!
Missing character: There is no 的 ("7684) in font nullfont!
Missing character: There is no ： ("FF1A) in font nullfont!

./KINEMATICS.tex:238: LaTeX Error: Environment align undefined.

See the LaTeX manual or LaTeX Companion for explanation.
Type  H <return>  for immediate help.
 ...                                              
                                                  
l.238 \begin{align}
                   
Your command was ignored.
Type  I <command> <return>  to replace it with another command,
or  <return>  to continue without it.


./KINEMATICS.tex:239: LaTeX Error: \mathbf allowed only in math mode.

See the LaTeX manual or LaTeX Companion for explanation.
Type  H <return>  for immediate help.
 ...                                              
                                                  
l.239 \mathbf{a}
                _i \cdot \mathbf{a}_j &= C_{ik} C_{jk} \qquad (i, j = 1, 2, ...
You're in trouble here.  Try typing  <return>  to proceed.
If that doesn't work, type  X <return>  to quit.

Missing character: There is no a ("61) in font nullfont!
./KINEMATICS.tex:239: Missing $ inserted.
<inserted text> 
                $
l.239 \mathbf{a}_
                 i \cdot \mathbf{a}_j &= C_{ik} C_{jk} \qquad (i, j = 1, 2, ...
I've inserted a begin-math/end-math symbol since I think
you left one out. Proceed, with fingers crossed.

./KINEMATICS.tex:239: Misplaced alignment tab character &.
l.239 \mathbf{a}_i \cdot \mathbf{a}_j &
                                       = C_{ik} C_{jk} \qquad (i, j = 1, 2, ...
I can't figure out why you would want to use a tab mark
here. If you just want an ampersand, the remedy is
simple: Just type `I\&' now. But if some right brace
up above has ended a previous alignment prematurely,
you're probably due for more error messages, and you
might try typing `S' now just to see what is salvageable.

./KINEMATICS.tex:239: Undefined control sequence.
l.239 ..._{ik} C_{jk} \qquad (i, j = 1, 2, 3) \tag
                                                  {47} \\
The control sequence at the end of the top line
of your error message was never \def'ed. If you have
misspelled it (e.g., `\hobx'), type `I' and the correct
spelling (e.g., `I\hbox'). Otherwise just continue,
and I'll forget about whatever was undefined.

./KINEMATICS.tex:240: Misplaced alignment tab character &.
l.240 \mathbf{b}_i \cdot \mathbf{b}_j &
                                       = C_{ki} C_{kj} \qquad (i, j = 1, 2, ...
I can't figure out why you would want to use a tab mark
here. If you just want an ampersand, the remedy is
simple: Just type `I\&' now. But if some right brace
up above has ended a previous alignment prematurely,
you're probably due for more error messages, and you
might try typing `S' now just to see what is salvageable.

./KINEMATICS.tex:240: Undefined control sequence.
l.240 ..._{ki} C_{kj} \qquad (i, j = 1, 2, 3) \tag
                                                  {48}
The control sequence at the end of the top line
of your error message was never \def'ed. If you have
misspelled it (e.g., `\hobx'), type `I' and the correct
spelling (e.g., `I\hbox'). Otherwise just continue,
and I'll forget about whatever was undefined.


./KINEMATICS.tex:241: LaTeX Error: \begin{document} ended by \end{align}.

See the LaTeX manual or LaTeX Companion for explanation.
Type  H <return>  for immediate help.
 ...                                              
                                                  
l.241 \end{align}
                 
Your command was ignored.
Type  I <command> <return>  to replace it with another command,
or  <return>  to continue without it.

./KINEMATICS.tex:241: Missing $ inserted.
<inserted text> 
                $
l.241 \end{align}
                 
I've inserted something that you may have forgotten.
(See the <inserted text> above.)
With luck, this will get me unwedged. But if you
really didn't forget anything, try typing `2' now; then
my insertion and my current dilemma will both disappear.

Missing character: There is no 分 ("5206) in font nullfont!
Missing character: There is no 别 ("522B) in font nullfont!
Missing character: There is no 成 ("6210) in font nullfont!
Missing character: There is no 立 ("7ACB) in font nullfont!
Missing character: There is no ， ("FF0C) in font nullfont!
Missing character: There is no 因 ("56E0) in font nullfont!
Missing character: There is no 为 ("4E3A) in font nullfont!
Missing character: There is no 当 ("5F53) in font nullfont!
Missing character: There is no 时 ("65F6) in font nullfont!
Missing character: There is no 等 ("7B49) in font nullfont!
Missing character: There is no 于 ("4E8E) in font nullfont!
Missing character: There is no 1 ("31) in font nullfont!
Missing character: There is no ， ("FF0C) in font nullfont!
Missing character: There is no 当 ("5F53) in font nullfont!
Missing character: There is no 时 ("65F6) in font nullfont!
Missing character: There is no 等 ("7B49) in font nullfont!
Missing character: There is no 于 ("4E8E) in font nullfont!
Missing character: There is no 0 ("30) in font nullfont!
Missing character: There is no （ ("FF08) in font nullfont!
Missing character: There is no 同 ("540C) in font nullfont!
Missing character: There is no 理 ("7406) in font nullfont!
Missing character: There is no ） ("FF09) in font nullfont!
Missing character: There is no ； ("FF1B) in font nullfont!
Missing character: There is no 从 ("4ECE) in font nullfont!
Missing character: There is no 而 ("800C) in font nullfont!
Missing character: There is no 可 ("53EF) in font nullfont!
Missing character: There is no 见 ("89C1) in font nullfont!
Missing character: There is no 式 ("5F0F) in font nullfont!
Missing character: There is no ( ("28) in font nullfont!
Missing character: There is no 1 ("31) in font nullfont!
Missing character: There is no 6 ("36) in font nullfont!
Missing character: There is no ) ("29) in font nullfont!
Missing character: There is no 和 ("548C) in font nullfont!
Missing character: There is no ( ("28) in font nullfont!
Missing character: There is no 1 ("31) in font nullfont!
Missing character: There is no 7 ("37) in font nullfont!
Missing character: There is no ) ("29) in font nullfont!
Missing character: There is no 是 ("662F) in font nullfont!
Missing character: There is no 成 ("6210) in font nullfont!
Missing character: There is no 立 ("7ACB) in font nullfont!
Missing character: There is no 的 ("7684) in font nullfont!
Missing character: There is no 。 ("3002) in font nullfont!

Overfull \hbox (20.0pt too wide) in paragraph at lines 237--243
[]
 []


Overfull \hbox (6.10707pt too wide) in paragraph at lines 237--243
[] \OMS/cmsy/m/n/10 ^^A
 []


Overfull \hbox (20.3593pt too wide) in paragraph at lines 237--243
\OT1/cmr/bx/n/10 a[] \OT1/cmr/m/n/10 =
 []


Overfull \hbox (57.70206pt too wide) in paragraph at lines 237--243
\OML/cmm/m/it/10 C[]C[] \OT1/cmr/m/n/10 (\OML/cmm/m/it/10 i; j \OT1/cmr/m/n/10 =
 []


Overfull \hbox (37.7778pt too wide) in paragraph at lines 237--243
\OT1/cmr/m/n/10 1\OML/cmm/m/it/10 ; \OT1/cmr/m/n/10 2\OML/cmm/m/it/10 ; \OT1/cmr/m/n/10 3)[][] 
 []


Overfull \hbox (12.49593pt too wide) in paragraph at lines 237--243
\OT1/cmr/bx/n/10 b[] \OMS/cmsy/m/n/10 ^^A
 []


Overfull \hbox (21.15793pt too wide) in paragraph at lines 237--243
\OT1/cmr/bx/n/10 b[] \OT1/cmr/m/n/10 =
 []


Overfull \hbox (57.70206pt too wide) in paragraph at lines 237--243
\OML/cmm/m/it/10 C[]C[] \OT1/cmr/m/n/10 (\OML/cmm/m/it/10 i; j \OT1/cmr/m/n/10 =
 []


Overfull \hbox (37.7778pt too wide) in paragraph at lines 237--243
\OT1/cmr/m/n/10 1\OML/cmm/m/it/10 ; \OT1/cmr/m/n/10 2\OML/cmm/m/it/10 ; \OT1/cmr/m/n/10 3)[]$
 []


Overfull \hbox (14.00064pt too wide) in paragraph at lines 237--243
\OML/cmm/m/it/10 i \OT1/cmr/m/n/10 =
 []


Overfull \hbox (4.69049pt too wide) in paragraph at lines 237--243
\OML/cmm/m/it/10 j$
 []


Overfull \hbox (11.6973pt too wide) in paragraph at lines 237--243
\OT1/cmr/bx/n/10 a[] \OMS/cmsy/m/n/10 ^^A
 []


Overfull \hbox (8.91951pt too wide) in paragraph at lines 237--243
\OT1/cmr/bx/n/10 a[]$
 []


Overfull \hbox (14.00064pt too wide) in paragraph at lines 237--243
\OML/cmm/m/it/10 i \OMS/cmsy/m/n/10 6\OT1/cmr/m/n/10 =
 []


Overfull \hbox (4.69049pt too wide) in paragraph at lines 237--243
\OML/cmm/m/it/10 j$
 []


Overfull \hbox (12.49593pt too wide) in paragraph at lines 237--243
\OT1/cmr/bx/n/10 b[] \OMS/cmsy/m/n/10 ^^A
 []


Overfull \hbox (10.60242pt too wide) in paragraph at lines 237--243
\OT1/cmr/bx/n/10 b[]$
 []

Missing character: There is no 此 ("6B64) in font nullfont!
Missing character: There is no 外 ("5916) in font nullfont!
Missing character: There is no ， ("FF0C) in font nullfont!
Missing character: There is no 将 ("5C06) in font nullfont!
Missing character: There is no 式 ("5F0F) in font nullfont!
Missing character: There is no ( ("28) in font nullfont!
Missing character: There is no 1 ("31) in font nullfont!
Missing character: There is no . ("2E) in font nullfont!
Missing character: There is no 1 ("31) in font nullfont!
Missing character: There is no . ("2E) in font nullfont!
Missing character: There is no 2 ("32) in font nullfont!
Missing character: There is no ) ("29) in font nullfont!
Missing character: There is no 中 ("4E2D) in font nullfont!
Missing character: There is no 给 ("7ED9) in font nullfont!
Missing character: There is no 出 ("51FA) in font nullfont!
Missing character: There is no 的 ("7684) in font nullfont!
Missing character: There is no 并 ("5E76) in font nullfont!
Missing character: There is no 矢 ("77E2) in font nullfont!
Missing character: There is no 的 ("7684) in font nullfont!
Missing character: There is no 表 ("8868) in font nullfont!
Missing character: There is no 达 ("8FBE) in font nullfont!
Missing character: There is no 式 ("5F0F) in font nullfont!
Missing character: There is no 代 ("4EE3) in font nullfont!
Missing character: There is no 入 ("5165) in font nullfont!
Missing character: There is no ， ("FF0C) in font nullfont!
Missing character: There is no 可 ("53EF) in font nullfont!
Missing character: There is no 以 ("4EE5) in font nullfont!
Missing character: There is no 发 ("53D1) in font nullfont!
Missing character: There is no 现 ("73B0) in font nullfont!
Missing character: There is no ： ("FF1A) in font nullfont!

Overfull \hbox (20.0pt too wide) in paragraph at lines 244--245
[]
 []


Overfull \hbox (8.30551pt too wide) in paragraph at lines 244--245
\OT1/cmr/bx/n/10 C$
 []

./KINEMATICS.tex:246: Undefined control sequence.
l.246 ...-\cos\theta) \qquad (i, j = 1, 2, 3) \tag
                                                  {58}
The control sequence at the end of the top line
of your error message was never \def'ed. If you have
misspelled it (e.g., `\hobx'), type `I' and the correct
spelling (e.g., `I\hbox'). Otherwise just continue,
and I'll forget about whatever was undefined.


Overfull \hbox (286.0788pt too wide) detected at line 247
\OML/cmm/m/it/10 C[] \OT1/cmr/m/n/10 = \OT1/cmr/bx/n/10 a[] \OMS/cmsy/m/n/10 ^^A \OT1/cmr/bx/n/10 a[] [] \OML/cmm/m/it/10 ^^R \OMS/cmsy/m/n/10 ^^@ \OT1/cmr/bx/n/10 a[] \OMS/cmsy/m/n/10 ^^A \OT1/cmr/bx/n/10 a[] \OMS/cmsy/m/n/10 ^^B [] [] \OML/cmm/m/it/10 ^^R \OT1/cmr/m/n/10 + \OT1/cmr/bx/n/10 a[] \OMS/cmsy/m/n/10 ^^A [][] ^^A \OT1/cmr/bx/n/10 a[]\OT1/cmr/m/n/10 (1 \OMS/cmsy/m/n/10 ^^@ [] \OML/cmm/m/it/10 ^^R\OT1/cmr/m/n/10 ) (\OML/cmm/m/it/10 i; j \OT1/cmr/m/n/10 = 1\OML/cmm/m/it/10 ; \OT1/cmr/m/n/10 2\OML/cmm/m/it/10 ; \OT1/cmr/m/n/10 3)[]
 []

Missing character: There is no 这 ("8FD9) in font nullfont!
Missing character: There is no 与 ("4E0E) in font nullfont!
Missing character: There is no 式 ("5F0F) in font nullfont!
Missing character: There is no ( ("28) in font nullfont!
Missing character: There is no 2 ("32) in font nullfont!
Missing character: There is no 2 ("32) in font nullfont!
Missing character: There is no ) ("29) in font nullfont!
Missing character: There is no 一 ("4E00) in font nullfont!
Missing character: There is no 起 ("8D77) in font nullfont!
Missing character: There is no 可 ("53EF) in font nullfont!
Missing character: There is no 直 ("76F4) in font nullfont!
Missing character: There is no 接 ("63A5) in font nullfont!
Missing character: There is no 推 ("63A8) in font nullfont!
Missing character: There is no 导 ("5BFC) in font nullfont!
Missing character: There is no 出 ("51FA) in font nullfont!
Missing character: There is no 式 ("5F0F) in font nullfont!
Missing character: There is no ( ("28) in font nullfont!
Missing character: There is no 2 ("32) in font nullfont!
Missing character: There is no 3 ("33) in font nullfont!
Missing character: There is no ) ("29) in font nullfont!
Missing character: There is no - ("2D) in font nullfont!
Missing character: There is no - ("2D) in font nullfont!
Missing character: There is no ( ("28) in font nullfont!
Missing character: There is no 3 ("33) in font nullfont!
Missing character: There is no 1 ("31) in font nullfont!
Missing character: There is no ) ("29) in font nullfont!
Missing character: There is no ； ("FF1B) in font nullfont!
Missing character: There is no 或 ("6216) in font nullfont!
Missing character: There is no 者 ("8005) in font nullfont!
Missing character: There is no 结 ("7ED3) in font nullfont!
Missing character: There is no 合 ("5408) in font nullfont!
Missing character: There is no 式 ("5F0F) in font nullfont!
Missing character: There is no ( ("28) in font nullfont!
Missing character: There is no 3 ("33) in font nullfont!
Missing character: There is no 2 ("32) in font nullfont!
Missing character: There is no ) ("29) in font nullfont!
Missing character: There is no ， ("FF0C) in font nullfont!
Missing character: There is no 推 ("63A8) in font nullfont!
Missing character: There is no 导 ("5BFC) in font nullfont!
Missing character: There is no 出 ("51FA) in font nullfont!
Missing character: There is no 式 ("5F0F) in font nullfont!
Missing character: There is no ( ("28) in font nullfont!
Missing character: There is no 3 ("33) in font nullfont!
Missing character: There is no 3 ("33) in font nullfont!
Missing character: There is no ) ("29) in font nullfont!
Missing character: There is no 。 ("3002) in font nullfont!
Missing character: There is no 可 ("53EF) in font nullfont!
Missing character: There is no 以 ("4EE5) in font nullfont!
Missing character: There is no 通 ("901A) in font nullfont!
Missing character: There is no 过 ("8FC7) in font nullfont!
Missing character: There is no 在 ("5728) in font nullfont!
Missing character: There is no 式 ("5F0F) in font nullfont!
Missing character: There is no ( ("28) in font nullfont!
Missing character: There is no 2 ("32) in font nullfont!
Missing character: There is no 3 ("33) in font nullfont!
Missing character: There is no ) ("29) in font nullfont!
Missing character: There is no - ("2D) in font nullfont!
Missing character: There is no - ("2D) in font nullfont!
Missing character: There is no ( ("28) in font nullfont!
Missing character: There is no 3 ("33) in font nullfont!
Missing character: There is no 1 ("31) in font nullfont!
Missing character: There is no ) ("29) in font nullfont!
Missing character: There is no 中 ("4E2D) in font nullfont!
Missing character: There is no 令 ("4EE4) in font nullfont!
Missing character: There is no 且 ("4E14) in font nullfont!
Missing character: There is no ， ("FF0C) in font nullfont!
Missing character: There is no 然 ("7136) in font nullfont!
Missing character: There is no 后 ("540E) in font nullfont!
Missing character: There is no 利 ("5229) in font nullfont!
Missing character: There is no 用 ("7528) in font nullfont!
Missing character: There is no 式 ("5F0F) in font nullfont!
Missing character: There is no ( ("28) in font nullfont!
Missing character: There is no 3 ("33) in font nullfont!
Missing character: There is no ) ("29) in font nullfont!
Missing character: There is no 得 ("5F97) in font nullfont!
Missing character: There is no 到 ("5230) in font nullfont!
Missing character: There is no 式 ("5F0F) in font nullfont!
Missing character: There is no ( ("28) in font nullfont!
Missing character: There is no 3 ("33) in font nullfont!
Missing character: There is no 5 ("35) in font nullfont!
Missing character: There is no ) ("29) in font nullfont!
Missing character: There is no 。 ("3002) in font nullfont!
Missing character: There is no 同 ("540C) in font nullfont!
Missing character: There is no 理 ("7406) in font nullfont!
Missing character: There is no ， ("FF0C) in font nullfont!
Missing character: There is no 、 ("3001) in font nullfont!
Missing character: There is no 、 ("3001) in font nullfont!
Missing character: There is no 可 ("53EF) in font nullfont!
Missing character: There is no 得 ("5F97) in font nullfont!
Missing character: There is no 到 ("5230) in font nullfont!
Missing character: There is no 式 ("5F0F) in font nullfont!
Missing character: There is no ( ("28) in font nullfont!
Missing character: There is no 3 ("33) in font nullfont!
Missing character: There is no 6 ("36) in font nullfont!
Missing character: There is no ) ("29) in font nullfont!
Missing character: There is no ， ("FF0C) in font nullfont!
Missing character: There is no 而 ("800C) in font nullfont!
Missing character: There is no 、 ("3001) in font nullfont!
Missing character: There is no 可 ("53EF) in font nullfont!
Missing character: There is no 得 ("5F97) in font nullfont!
Missing character: There is no 到 ("5230) in font nullfont!
Missing character: There is no 式 ("5F0F) in font nullfont!
Missing character: There is no ( ("28) in font nullfont!
Missing character: There is no 3 ("33) in font nullfont!
Missing character: There is no 7 ("37) in font nullfont!
Missing character: There is no ) ("29) in font nullfont!
Missing character: There is no 。 ("3002) in font nullfont!

Overfull \hbox (20.0pt too wide) in paragraph at lines 250--251
[]
 []


Overfull \hbox (20.875pt too wide) in paragraph at lines 250--251
\OML/cmm/m/it/10 ^^U[] \OT1/cmr/m/n/10 =
 []


Overfull \hbox (5.00002pt too wide) in paragraph at lines 250--251
\OT1/cmr/m/n/10 1$
 []


Overfull \hbox (20.875pt too wide) in paragraph at lines 250--251
\OML/cmm/m/it/10 ^^U[] \OT1/cmr/m/n/10 =
 []


Overfull \hbox (20.875pt too wide) in paragraph at lines 250--251
\OML/cmm/m/it/10 ^^U[] \OT1/cmr/m/n/10 =
 []


Overfull \hbox (5.00002pt too wide) in paragraph at lines 250--251
\OT1/cmr/m/n/10 0$
 []


Overfull \hbox (20.875pt too wide) in paragraph at lines 250--251
\OML/cmm/m/it/10 ^^U[] \OT1/cmr/m/n/10 =
 []


Overfull \hbox (25.87502pt too wide) in paragraph at lines 250--251
\OT1/cmr/m/n/10 0$$\OML/cmm/m/it/10 ^^U[] \OT1/cmr/m/n/10 =
 []


Overfull \hbox (25.87502pt too wide) in paragraph at lines 250--251
\OT1/cmr/m/n/10 1$$\OML/cmm/m/it/10 ^^U[] \OT1/cmr/m/n/10 =
 []


Overfull \hbox (5.00002pt too wide) in paragraph at lines 250--251
\OT1/cmr/m/n/10 0$
 []


Overfull \hbox (20.875pt too wide) in paragraph at lines 250--251
\OML/cmm/m/it/10 ^^U[] \OT1/cmr/m/n/10 =
 []


Overfull \hbox (20.875pt too wide) in paragraph at lines 250--251
\OML/cmm/m/it/10 ^^U[] \OT1/cmr/m/n/10 =
 []


Overfull \hbox (25.87502pt too wide) in paragraph at lines 250--251
\OT1/cmr/m/n/10 0$$\OML/cmm/m/it/10 ^^U[] \OT1/cmr/m/n/10 =
 []


Overfull \hbox (5.00002pt too wide) in paragraph at lines 250--251
\OT1/cmr/m/n/10 1$
 []

Missing character: There is no 最 ("6700) in font nullfont!
Missing character: There is no 后 ("540E) in font nullfont!
Missing character: There is no ， ("FF0C) in font nullfont!
Missing character: There is no 式 ("5F0F) in font nullfont!
Missing character: There is no ( ("28) in font nullfont!
Missing character: There is no 3 ("33) in font nullfont!
Missing character: There is no 9 ("39) in font nullfont!
Missing character: There is no ) ("29) in font nullfont!
Missing character: There is no 由 ("7531) in font nullfont!
Missing character: There is no 以 ("4EE5) in font nullfont!
Missing character: There is no 下 ("4E0B) in font nullfont!
Missing character: There is no 观 ("89C2) in font nullfont!
Missing character: There is no 察 ("5BDF) in font nullfont!
Missing character: There is no 推 ("63A8) in font nullfont!
Missing character: There is no 导 ("5BFC) in font nullfont!
Missing character: There is no 得 ("5F97) in font nullfont!
Missing character: There is no 出 ("51FA) in font nullfont!
Missing character: There is no ： ("FF1A) in font nullfont!

./KINEMATICS.tex:253: LaTeX Error: Environment align undefined.

See the LaTeX manual or LaTeX Companion for explanation.
Type  H <return>  for immediate help.
 ...                                              
                                                  
l.253 \begin{align}
                   
Your command was ignored.
Type  I <command> <return>  to replace it with another command,
or  <return>  to continue without it.

./KINEMATICS.tex:254: Missing $ inserted.
<inserted text> 
                $
l.254 \vec
          {\lambda} \cdot \mathbf{C} &= \vec{\lambda} \cdot \mathbf{U} \cos\...
I've inserted a begin-math/end-math symbol since I think
you left one out. Proceed, with fingers crossed.

./KINEMATICS.tex:254: Misplaced alignment tab character &.
l.254 \vec{\lambda} \cdot \mathbf{C} &
                                      = \vec{\lambda} \cdot \mathbf{U} \cos\...
I can't figure out why you would want to use a tab mark
here. If you just want an ampersand, the remedy is
simple: Just type `I\&' now. But if some right brace
up above has ended a previous alignment prematurely,
you're probably due for more error messages, and you
might try typing `S' now just to see what is salvageable.

./KINEMATICS.tex:255: Misplaced alignment tab character &.
<recently read> &
                 
l.255 &
       = \vec{\lambda} \cos\theta + 0 + \vec{\lambda} (1-\cos\theta) = \vec{...
I can't figure out why you would want to use a tab mark
here. If you just want an ampersand, the remedy is
simple: Just type `I\&' now. But if some right brace
up above has ended a previous alignment prematurely,
you're probably due for more error messages, and you
might try typing `S' now just to see what is salvageable.

./KINEMATICS.tex:255: Undefined control sequence.
l.255 ...mbda} (1-\cos\theta) = \vec{\lambda} \tag
                                                  {59}
The control sequence at the end of the top line
of your error message was never \def'ed. If you have
misspelled it (e.g., `\hobx'), type `I' and the correct
spelling (e.g., `I\hbox'). Otherwise just continue,
and I'll forget about whatever was undefined.


./KINEMATICS.tex:256: LaTeX Error: \begin{document} ended by \end{align}.

See the LaTeX manual or LaTeX Companion for explanation.
Type  H <return>  for immediate help.
 ...                                              
                                                  
l.256 \end{align}
                 
Your command was ignored.
Type  I <command> <return>  to replace it with another command,
or  <return>  to continue without it.

./KINEMATICS.tex:256: Missing $ inserted.
<inserted text> 
                $
l.256 \end{align}
                 
I've inserted something that you may have forgotten.
(See the <inserted text> above.)
With luck, this will get me unwedged. But if you
really didn't forget anything, try typing `2' now; then
my insertion and my current dilemma will both disappear.

Missing character: There is no 因 ("56E0) in font nullfont!
Missing character: There is no 为 ("4E3A) in font nullfont!
Missing character: There is no 是 ("662F) in font nullfont!
Missing character: There is no 单 ("5355) in font nullfont!
Missing character: There is no 位 ("4F4D) in font nullfont!
Missing character: There is no 向 ("5411) in font nullfont!
Missing character: There is no 量 ("91CF) in font nullfont!
Missing character: There is no ， ("FF0C) in font nullfont!
Missing character: There is no 故 ("6545) in font nullfont!
./KINEMATICS.tex:257: Undefined control sequence.
l.257 ...a}\) 是单位向量，故 \(\vec{\lambda}^2 \triangleq
                                                   \vec{\lambda} \cdot \vec{...
The control sequence at the end of the top line
of your error message was never \def'ed. If you have
misspelled it (e.g., `\hobx'), type `I' and the correct
spelling (e.g., `I\hbox'). Otherwise just continue,
and I'll forget about whatever was undefined.

Missing character: There is no ； ("FF1B) in font nullfont!
Missing character: There is no 而 ("800C) in font nullfont!
Missing character: There is no 由 ("7531) in font nullfont!
Missing character: There is no 式 ("5F0F) in font nullfont!
Missing character: There is no ( ("28) in font nullfont!
Missing character: There is no 2 ("32) in font nullfont!
Missing character: There is no 2 ("32) in font nullfont!
Missing character: There is no ) ("29) in font nullfont!
Missing character: There is no 和 ("548C) in font nullfont!
Missing character: There is no ( ("28) in font nullfont!
Missing character: There is no 3 ("33) in font nullfont!
Missing character: There is no 4 ("34) in font nullfont!
Missing character: There is no ) ("29) in font nullfont!
Missing character: There is no 即 ("5373) in font nullfont!
Missing character: There is no 可 ("53EF) in font nullfont!
Missing character: There is no 证 ("8BC1) in font nullfont!
Missing character: There is no 明 ("660E) in font nullfont!
Missing character: There is no 式 ("5F0F) in font nullfont!
Missing character: There is no ( ("28) in font nullfont!
Missing character: There is no 3 ("33) in font nullfont!
Missing character: There is no 8 ("38) in font nullfont!
Missing character: There is no ) ("29) in font nullfont!
Missing character: There is no 与 ("4E0E) in font nullfont!
Missing character: There is no ( ("28) in font nullfont!
Missing character: There is no 3 ("33) in font nullfont!
Missing character: There is no 9 ("39) in font nullfont!
Missing character: There is no ) ("29) in font nullfont!
Missing character: There is no 的 ("7684) in font nullfont!
Missing character: There is no 等 ("7B49) in font nullfont!
Missing character: There is no 价 ("4EF7) in font nullfont!
Missing character: There is no 性 ("6027) in font nullfont!
Missing character: There is no 。 ("3002) in font nullfont!

Overfull \hbox (20.0pt too wide) in paragraph at lines 252--258
[]
 []


Overfull \hbox (8.61115pt too wide) in paragraph at lines 252--258
[] \OMS/cmsy/m/n/10 ^^A
 []


Overfull \hbox (18.86102pt too wide) in paragraph at lines 252--258
\OT1/cmr/bx/n/10 C \OT1/cmr/m/n/10 =
 []


Overfull \hbox (8.61115pt too wide) in paragraph at lines 252--258
[] \OMS/cmsy/m/n/10 ^^A
 []


Overfull \hbox (38.31935pt too wide) in paragraph at lines 252--258
\OT1/cmr/bx/n/10 U [] \OML/cmm/m/it/10 ^^R \OMS/cmsy/m/n/10 ^^@
 []


Overfull \hbox (13.61116pt too wide) in paragraph at lines 252--258
[] \OMS/cmsy/m/n/10 ^^B
 []


Overfull \hbox (34.19444pt too wide) in paragraph at lines 252--258
[] [] \OML/cmm/m/it/10 ^^R \OT1/cmr/m/n/10 +
 []


Overfull \hbox (32.81956pt too wide) in paragraph at lines 252--258
[][]\OT1/cmr/m/n/10 (1 \OMS/cmsy/m/n/10 ^^@
 []


Overfull \hbox (23.91666pt too wide) in paragraph at lines 252--258
[] \OML/cmm/m/it/10 ^^R\OT1/cmr/m/n/10 )[] 
 []


Overfull \hbox (7.7778pt too wide) in paragraph at lines 252--258
\OT1/cmr/m/n/10 =
 []


Overfull \hbox (35.30554pt too wide) in paragraph at lines 252--258
[] [] \OML/cmm/m/it/10 ^^R \OT1/cmr/m/n/10 +
 []


Overfull \hbox (12.77782pt too wide) in paragraph at lines 252--258
\OT1/cmr/m/n/10 0 +
 []


Overfull \hbox (22.50008pt too wide) in paragraph at lines 252--258
[]\OT1/cmr/m/n/10 (1 \OMS/cmsy/m/n/10 ^^@
 []


Overfull \hbox (34.47217pt too wide) in paragraph at lines 252--258
[] \OML/cmm/m/it/10 ^^R\OT1/cmr/m/n/10 ) =
 []


Overfull \hbox (15.83339pt too wide) in paragraph at lines 252--258
[][]$
 []


Overfull \hbox (5.83336pt too wide) in paragraph at lines 252--258
[]$
 []


Overfull \hbox (18.93063pt too wide) in paragraph at lines 252--258
[][] \OMS/cmsy/m/n/10 ^^A
 []


Overfull \hbox (16.38887pt too wide) in paragraph at lines 252--258
[] \OT1/cmr/m/n/10 =
 []


Overfull \hbox (5.00002pt too wide) in paragraph at lines 252--258
\OT1/cmr/m/n/10 1$
 []

./KINEMATICS.tex:259: Undefined control sequence.
l.259 \section
              {欧拉参数 (Euler Parameters)}
The control sequence at the end of the top line
of your error message was never \def'ed. If you have
misspelled it (e.g., `\hobx'), type `I' and the correct
spelling (e.g., `I\hbox'). Otherwise just continue,
and I'll forget about whatever was undefined.

Missing character: There is no 欧 ("6B27) in font nullfont!
Missing character: There is no 拉 ("62C9) in font nullfont!
Missing character: There is no 参 ("53C2) in font nullfont!
Missing character: There is no 数 ("6570) in font nullfont!
Missing character: There is no ( ("28) in font nullfont!
Missing character: There is no E ("45) in font nullfont!
Missing character: There is no u ("75) in font nullfont!
Missing character: There is no l ("6C) in font nullfont!
Missing character: There is no e ("65) in font nullfont!
Missing character: There is no r ("72) in font nullfont!
Missing character: There is no P ("50) in font nullfont!
Missing character: There is no a ("61) in font nullfont!
Missing character: There is no r ("72) in font nullfont!
Missing character: There is no a ("61) in font nullfont!
Missing character: There is no m ("6D) in font nullfont!
Missing character: There is no e ("65) in font nullfont!
Missing character: There is no t ("74) in font nullfont!
Missing character: There is no e ("65) in font nullfont!
Missing character: There is no r ("72) in font nullfont!
Missing character: There is no s ("73) in font nullfont!
Missing character: There is no ) ("29) in font nullfont!

Overfull \hbox (20.0pt too wide) in paragraph at lines 259--260
[]
 []

Missing character: There is no 在 ("5728) in font nullfont!
Missing character: There is no 1 ("31) in font nullfont!
Missing character: There is no . ("2E) in font nullfont!
Missing character: There is no 1 ("31) in font nullfont!
Missing character: There is no 节 ("8282) in font nullfont!
Missing character: There is no 中 ("4E2D) in font nullfont!
Missing character: There is no 引 ("5F15) in font nullfont!
Missing character: There is no 入 ("5165) in font nullfont!
Missing character: There is no 的 ("7684) in font nullfont!
Missing character: There is no 单 ("5355) in font nullfont!
Missing character: There is no 位 ("4F4D) in font nullfont!
Missing character: There is no 向 ("5411) in font nullfont!
Missing character: There is no 量 ("91CF) in font nullfont!
./KINEMATICS.tex:261: Undefined control sequence.
l.261 在 1.1 节中引入的单位向量 \(\boldsymbol
                                   {\lambda}\) 和角度 \(\theta\)，可用于关联一个向量 \(\b...
The control sequence at the end of the top line
of your error message was never \def'ed. If you have
misspelled it (e.g., `\hobx'), type `I' and the correct
spelling (e.g., `I\hbox'). Otherwise just continue,
and I'll forget about whatever was undefined.

Missing character: There is no 和 ("548C) in font nullfont!
Missing character: There is no 角 ("89D2) in font nullfont!
Missing character: There is no 度 ("5EA6) in font nullfont!
Missing character: There is no ， ("FF0C) in font nullfont!
Missing character: There is no 可 ("53EF) in font nullfont!
Missing character: There is no 用 ("7528) in font nullfont!
Missing character: There is no 于 ("4E8E) in font nullfont!
Missing character: There is no 关 ("5173) in font nullfont!
Missing character: There is no 联 ("8054) in font nullfont!
Missing character: There is no 一 ("4E00) in font nullfont!
Missing character: There is no 个 ("4E2A) in font nullfont!
Missing character: There is no 向 ("5411) in font nullfont!
Missing character: There is no 量 ("91CF) in font nullfont!
./KINEMATICS.tex:261: Undefined control sequence.
l.261 ...\) 和角度 \(\theta\)，可用于关联一个向量 \(\boldsymbol
                                                  {\epsilon}\)（称为**欧拉向量**）以及...
The control sequence at the end of the top line
of your error message was never \def'ed. If you have
misspelled it (e.g., `\hobx'), type `I' and the correct
spelling (e.g., `I\hbox'). Otherwise just continue,
and I'll forget about whatever was undefined.

Missing character: There is no （ ("FF08) in font nullfont!
Missing character: There is no 称 ("79F0) in font nullfont!
Missing character: There is no 为 ("4E3A) in font nullfont!
Missing character: There is no * ("2A) in font nullfont!
Missing character: There is no * ("2A) in font nullfont!
Missing character: There is no 欧 ("6B27) in font nullfont!
Missing character: There is no 拉 ("62C9) in font nullfont!
Missing character: There is no 向 ("5411) in font nullfont!
Missing character: There is no 量 ("91CF) in font nullfont!
Missing character: There is no * ("2A) in font nullfont!
Missing character: There is no * ("2A) in font nullfont!
Missing character: There is no ） ("FF09) in font nullfont!
Missing character: There is no 以 ("4EE5) in font nullfont!
Missing character: There is no 及 ("53CA) in font nullfont!
Missing character: There is no 四 ("56DB) in font nullfont!
Missing character: There is no 个 ("4E2A) in font nullfont!
Missing character: There is no 标 ("6807) in font nullfont!
Missing character: There is no 量 ("91CF) in font nullfont!
Missing character: There is no （ ("FF08) in font nullfont!
Missing character: There is no 称 ("79F0) in font nullfont!
Missing character: There is no 为 ("4E3A) in font nullfont!
Missing character: There is no * ("2A) in font nullfont!
Missing character: There is no * ("2A) in font nullfont!
Missing character: There is no 欧 ("6B27) in font nullfont!
Missing character: There is no 拉 ("62C9) in font nullfont!
Missing character: There is no 参 ("53C2) in font nullfont!
Missing character: There is no 数 ("6570) in font nullfont!
Missing character: There is no * ("2A) in font nullfont!
Missing character: There is no * ("2A) in font nullfont!
Missing character: There is no ） ("FF09) in font nullfont!
Missing character: There is no 到 ("5230) in font nullfont!
Missing character: There is no 刚 ("521A) in font nullfont!
Missing character: There is no 体 ("4F53) in font nullfont!
Missing character: There is no 在 ("5728) in font nullfont!
Missing character: There is no 参 ("53C2) in font nullfont!
Missing character: There is no 考 ("8003) in font nullfont!
Missing character: There is no 系 ("7CFB) in font nullfont!
Missing character: There is no 中 ("4E2D) in font nullfont!
Missing character: There is no 的 ("7684) in font nullfont!
Missing character: There is no 一 ("4E00) in font nullfont!
Missing character: There is no 次 ("6B21) in font nullfont!
Missing character: There is no 简 ("7B80) in font nullfont!
Missing character: There is no 单 ("5355) in font nullfont!
Missing character: There is no 旋 ("65CB) in font nullfont!
Missing character: There is no 转 ("8F6C) in font nullfont!
Missing character: There is no ， ("FF0C) in font nullfont!
Missing character: There is no 规 ("89C4) in font nullfont!
Missing character: There is no 定 ("5B9A) in font nullfont!
Missing character: There is no ： ("FF1A) in font nullfont!

Overfull \hbox (20.0pt too wide) in paragraph at lines 261--262
[]
 []


Overfull \hbox (5.83336pt too wide) in paragraph at lines 261--262
\OML/cmm/m/it/10 ^^U$
 []


Overfull \hbox (4.97223pt too wide) in paragraph at lines 261--262
\OML/cmm/m/it/10 ^^R$
 []


Overfull \hbox (4.05904pt too wide) in paragraph at lines 261--262
\OML/cmm/m/it/10 ^^O$
 []


Overfull \hbox (39.3124pt too wide) in paragraph at lines 261--262
\OML/cmm/m/it/10 ^^O[]; [] ; ^^O[]$
 []


Overfull \hbox (8.0868pt too wide) in paragraph at lines 261--262
\OML/cmm/m/it/10 B$
 []


Overfull \hbox (7.50002pt too wide) in paragraph at lines 261--262
\OML/cmm/m/it/10 A$
 []

./KINEMATICS.tex:263: Undefined control sequence.
l.263 \boldsymbol
                 {\epsilon} \triangleq \boldsymbol{\lambda} \sin\frac{\theta...
The control sequence at the end of the top line
of your error message was never \def'ed. If you have
misspelled it (e.g., `\hobx'), type `I' and the correct
spelling (e.g., `I\hbox'). Otherwise just continue,
and I'll forget about whatever was undefined.

./KINEMATICS.tex:263: Undefined control sequence.
l.263 \boldsymbol{\epsilon} \triangleq
                                       \boldsymbol{\lambda} \sin\frac{\theta...
The control sequence at the end of the top line
of your error message was never \def'ed. If you have
misspelled it (e.g., `\hobx'), type `I' and the correct
spelling (e.g., `I\hbox'). Otherwise just continue,
and I'll forget about whatever was undefined.

./KINEMATICS.tex:263: Undefined control sequence.
l.263 \boldsymbol{\epsilon} \triangleq \boldsymbol
                                                  {\lambda} \sin\frac{\theta...
The control sequence at the end of the top line
of your error message was never \def'ed. If you have
misspelled it (e.g., `\hobx'), type `I' and the correct
spelling (e.g., `I\hbox'). Otherwise just continue,
and I'll forget about whatever was undefined.

./KINEMATICS.tex:263: Undefined control sequence.
l.263 ...symbol{\lambda} \sin\frac{\theta}{2} \tag
                                                  {1}
The control sequence at the end of the top line
of your error message was never \def'ed. If you have
misspelled it (e.g., `\hobx'), type `I' and the correct
spelling (e.g., `I\hbox'). Otherwise just continue,
and I'll forget about whatever was undefined.


Overfull \hbox (37.90347pt too wide) detected at line 264
\OML/cmm/m/it/10 ^^O^^U [] []\OT1/cmr/m/n/10 1
 []

Missing character: There is no 且 ("4E14) in font nullfont!
Missing character: There is no ： ("FF1A) in font nullfont!
./KINEMATICS.tex:267: Undefined control sequence.
l.267 \epsilon_i \triangleq
                            \boldsymbol{\epsilon} \cdot \mathbf{a}_i = \bold...
The control sequence at the end of the top line
of your error message was never \def'ed. If you have
misspelled it (e.g., `\hobx'), type `I' and the correct
spelling (e.g., `I\hbox'). Otherwise just continue,
and I'll forget about whatever was undefined.

./KINEMATICS.tex:267: Undefined control sequence.
l.267 \epsilon_i \triangleq \boldsymbol
                                       {\epsilon} \cdot \mathbf{a}_i = \bold...
The control sequence at the end of the top line
of your error message was never \def'ed. If you have
misspelled it (e.g., `\hobx'), type `I' and the correct
spelling (e.g., `I\hbox'). Otherwise just continue,
and I'll forget about whatever was undefined.

./KINEMATICS.tex:267: Undefined control sequence.
l.267 ...epsilon} \cdot \mathbf{a}_i = \boldsymbol
                                                  {\epsilon} \cdot \mathbf{b...
The control sequence at the end of the top line
of your error message was never \def'ed. If you have
misspelled it (e.g., `\hobx'), type `I' and the correct
spelling (e.g., `I\hbox'). Otherwise just continue,
and I'll forget about whatever was undefined.

./KINEMATICS.tex:267: Undefined control sequence.
l.267 ...ot \mathbf{b}_i \qquad (i = 1, 2, 3) \tag
                                                  {2}
The control sequence at the end of the top line
of your error message was never \def'ed. If you have
misspelled it (e.g., `\hobx'), type `I' and the correct
spelling (e.g., `I\hbox'). Otherwise just continue,
and I'll forget about whatever was undefined.


Overfull \hbox (106.47787pt too wide) detected at line 268
\OML/cmm/m/it/10 ^^O[]^^O \OMS/cmsy/m/n/10 ^^A \OT1/cmr/bx/n/10 a[] \OT1/cmr/m/n/10 = \OML/cmm/m/it/10 ^^O \OMS/cmsy/m/n/10 ^^A \OT1/cmr/bx/n/10 b[] \OT1/cmr/m/n/10 (\OML/cmm/m/it/10 i \OT1/cmr/m/n/10 = 1\OML/cmm/m/it/10 ; \OT1/cmr/m/n/10 2\OML/cmm/m/it/10 ; \OT1/cmr/m/n/10 3)2
 []

Missing character: There is no 以 ("4EE5) in font nullfont!
Missing character: There is no 及 ("53CA) in font nullfont!
Missing character: There is no ： ("FF1A) in font nullfont!
./KINEMATICS.tex:271: Undefined control sequence.
l.271 \epsilon_4 \triangleq
                            \cos\frac{\theta}{2} \tag{3}
The control sequence at the end of the top line
of your error message was never \def'ed. If you have
misspelled it (e.g., `\hobx'), type `I' and the correct
spelling (e.g., `I\hbox'). Otherwise just continue,
and I'll forget about whatever was undefined.

./KINEMATICS.tex:271: Undefined control sequence.
l.271 ...on_4 \triangleq \cos\frac{\theta}{2} \tag
                                                  {3}
The control sequence at the end of the top line
of your error message was never \def'ed. If you have
misspelled it (e.g., `\hobx'), type `I' and the correct
spelling (e.g., `I\hbox'). Otherwise just continue,
and I'll forget about whatever was undefined.


Overfull \hbox (37.66734pt too wide) detected at line 272
\OML/cmm/m/it/10 ^^O[] [] []\OT1/cmr/m/n/10 3
 []

Missing character: There is no 其 ("5176) in font nullfont!
Missing character: There is no 中 ("4E2D) in font nullfont!
Missing character: There is no 和 ("548C) in font nullfont!
Missing character: There is no 分 ("5206) in font nullfont!
Missing character: There is no 别 ("522B) in font nullfont!
Missing character: There is no 为 ("4E3A) in font nullfont!
Missing character: There is no 固 ("56FA) in font nullfont!
Missing character: There is no 定 ("5B9A) in font nullfont!
Missing character: There is no 在 ("5728) in font nullfont!
Missing character: There is no 和 ("548C) in font nullfont!
Missing character: There is no 中 ("4E2D) in font nullfont!
Missing character: There is no 的 ("7684) in font nullfont!
Missing character: There is no 单 ("5355) in font nullfont!
Missing character: There is no 位 ("4F4D) in font nullfont!
Missing character: There is no 正 ("6B63) in font nullfont!
Missing character: There is no 交 ("4EA4) in font nullfont!
Missing character: There is no 右 ("53F3) in font nullfont!
Missing character: There is no 手 ("624B) in font nullfont!
Missing character: There is no 向 ("5411) in font nullfont!
Missing character: There is no 量 ("91CF) in font nullfont!
Missing character: There is no 组 ("7EC4) in font nullfont!
Missing character: There is no ， ("FF0C) in font nullfont!
Missing character: There is no 且 ("4E14) in font nullfont!
Missing character: There is no 在 ("5728) in font nullfont!
Missing character: There is no 旋 ("65CB) in font nullfont!
Missing character: There is no 转 ("8F6C) in font nullfont!
Missing character: There is no 前 ("524D) in font nullfont!
Missing character: There is no 满 ("6EE1) in font nullfont!
Missing character: There is no 足 ("8DB3) in font nullfont!
Missing character: There is no （ ("FF08) in font nullfont!
Missing character: There is no ） ("FF09) in font nullfont!
Missing character: There is no 。 ("3002) in font nullfont!
Missing character: There is no （ ("FF08) in font nullfont!
Missing character: There is no 在 ("5728) in font nullfont!
Missing character: There is no 涉 ("6D89) in font nullfont!
Missing character: There is no 及 ("53CA) in font nullfont!
Missing character: There is no 两 ("4E24) in font nullfont!
Missing character: There is no 个 ("4E2A) in font nullfont!
Missing character: There is no 以 ("4EE5) in font nullfont!
Missing character: There is no 上 ("4E0A) in font nullfont!
Missing character: There is no 的 ("7684) in font nullfont!
Missing character: There is no 物 ("7269) in font nullfont!
Missing character: There is no 体 ("4F53) in font nullfont!
Missing character: There is no 或 ("6216) in font nullfont!
Missing character: There is no 参 ("53C2) in font nullfont!
Missing character: There is no 考 ("8003) in font nullfont!
Missing character: There is no 系 ("7CFB) in font nullfont!
Missing character: There is no 的 ("7684) in font nullfont!
Missing character: There is no 讨 ("8BA8) in font nullfont!
Missing character: There is no 论 ("8BBA) in font nullfont!
Missing character: There is no 中 ("4E2D) in font nullfont!
Missing character: There is no ， ("FF0C) in font nullfont!
Missing character: There is no 将 ("5C06) in font nullfont!
Missing character: There is no 使 ("4F7F) in font nullfont!
Missing character: There is no 用 ("7528) in font nullfont!
Missing character: There is no 类 ("7C7B) in font nullfont!
Missing character: There is no 似 ("4F3C) in font nullfont!
./KINEMATICS.tex:273: Undefined control sequence.
l.273 ...及两个以上的物体或参考系的讨论中，将使用类似 \({}^A \boldsymbol
                                                  {\epsilon}^B\) 和 \({}^A\ep...
The control sequence at the end of the top line
of your error message was never \def'ed. If you have
misspelled it (e.g., `\hobx'), type `I' and the correct
spelling (e.g., `I\hbox'). Otherwise just continue,
and I'll forget about whatever was undefined.

Missing character: There is no 和 ("548C) in font nullfont!
Missing character: There is no 的 ("7684) in font nullfont!
Missing character: There is no 记 ("8BB0) in font nullfont!
Missing character: There is no 法 ("6CD5) in font nullfont!
Missing character: There is no 。 ("3002) in font nullfont!
Missing character: There is no ） ("FF09) in font nullfont!

Overfull \hbox (39.11789pt too wide) in paragraph at lines 272--274
 $\OT1/cmr/bx/n/10 a[]\OML/cmm/m/it/10 ; \OT1/cmr/bx/n/10 a[]\OML/cmm/m/it/10 ; \OT1/cmr/bx/n/10 a[]$
 []


Overfull \hbox (41.51378pt too wide) in paragraph at lines 272--274
\OT1/cmr/bx/n/10 b[]\OML/cmm/m/it/10 ; \OT1/cmr/bx/n/10 b[]\OML/cmm/m/it/10 ; \OT1/cmr/bx/n/10 b[]$
 []


Overfull \hbox (7.50002pt too wide) in paragraph at lines 272--274
\OML/cmm/m/it/10 A$
 []


Overfull \hbox (8.0868pt too wide) in paragraph at lines 272--274
\OML/cmm/m/it/10 B$
 []


Overfull \hbox (19.47502pt too wide) in paragraph at lines 272--274
\OT1/cmr/bx/n/10 a[] \OT1/cmr/m/n/10 =
 []


Overfull \hbox (23.71878pt too wide) in paragraph at lines 272--274
\OT1/cmr/bx/n/10 b[]$$\OML/cmm/m/it/10 i \OT1/cmr/m/n/10 =
 []


Overfull \hbox (23.88887pt too wide) in paragraph at lines 272--274
\OT1/cmr/m/n/10 1\OML/cmm/m/it/10 ; \OT1/cmr/m/n/10 2\OML/cmm/m/it/10 ; \OT1/cmr/m/n/10 3$
 []


Overfull \hbox (17.45595pt too wide) in paragraph at lines 272--274
[][]\OML/cmm/m/it/10 ^^O[]$
 []


Overfull \hbox (17.45595pt too wide) in paragraph at lines 272--274
[][]\OML/cmm/m/it/10 ^^O[]$
 []

Missing character: There is no 欧 ("6B27) in font nullfont!
Missing character: There is no 拉 ("62C9) in font nullfont!
Missing character: There is no 参 ("53C2) in font nullfont!
Missing character: There is no 数 ("6570) in font nullfont!
Missing character: There is no 并 ("5E76) in font nullfont!
Missing character: There is no 非 ("975E) in font nullfont!
Missing character: There is no 相 ("76F8) in font nullfont!
Missing character: There is no 互 ("4E92) in font nullfont!
Missing character: There is no 独 ("72EC) in font nullfont!
Missing character: There is no 立 ("7ACB) in font nullfont!
Missing character: There is no 的 ("7684) in font nullfont!
Missing character: There is no ， ("FF0C) in font nullfont!
Missing character: There is no 因 ("56E0) in font nullfont!
Missing character: There is no 为 ("4E3A) in font nullfont!
Missing character: There is no 它 ("5B83) in font nullfont!
Missing character: There is no 们 ("4EEC) in font nullfont!
Missing character: There is no 的 ("7684) in font nullfont!
Missing character: There is no 平 ("5E73) in font nullfont!
Missing character: There is no 方 ("65B9) in font nullfont!
Missing character: There is no 和 ("548C) in font nullfont!
Missing character: There is no 必 ("5FC5) in font nullfont!
Missing character: There is no 然 ("7136) in font nullfont!
Missing character: There is no 等 ("7B49) in font nullfont!
Missing character: There is no 于 ("4E8E) in font nullfont!
Missing character: There is no 1 ("31) in font nullfont!
Missing character: There is no ： ("FF1A) in font nullfont!

Overfull \hbox (20.0pt too wide) in paragraph at lines 275--276
[]
 []

./KINEMATICS.tex:277: Undefined control sequence.
l.277 ...\epsilon_3^2 + \epsilon_4^2 = \boldsymbol
                                                  {\epsilon}^2 + \epsilon_4^...
The control sequence at the end of the top line
of your error message was never \def'ed. If you have
misspelled it (e.g., `\hobx'), type `I' and the correct
spelling (e.g., `I\hbox'). Otherwise just continue,
and I'll forget about whatever was undefined.

./KINEMATICS.tex:277: Undefined control sequence.
l.277 ...ymbol{\epsilon}^2 + \epsilon_4^2 = 1 \tag
                                                  {4}
The control sequence at the end of the top line
of your error message was never \def'ed. If you have
misspelled it (e.g., `\hobx'), type `I' and the correct
spelling (e.g., `I\hbox'). Otherwise just continue,
and I'll forget about whatever was undefined.


Overfull \hbox (119.04868pt too wide) detected at line 278
\OML/cmm/m/it/10 ^^O[] \OT1/cmr/m/n/10 + \OML/cmm/m/it/10 ^^O[] \OT1/cmr/m/n/10 + \OML/cmm/m/it/10 ^^O[] \OT1/cmr/m/n/10 + \OML/cmm/m/it/10 ^^O[] \OT1/cmr/m/n/10 = \OML/cmm/m/it/10 ^^O[] \OT1/cmr/m/n/10 + \OML/cmm/m/it/10 ^^O[] \OT1/cmr/m/n/10 = 14
 []

Missing character: There is no 由 ("7531) in font nullfont!
Missing character: There is no 1 ("31) in font nullfont!
Missing character: There is no . ("2E) in font nullfont!
Missing character: There is no 2 ("32) in font nullfont!
Missing character: There is no 节 ("8282) in font nullfont!
Missing character: There is no 引 ("5F15) in font nullfont!
Missing character: There is no 入 ("5165) in font nullfont!
Missing character: There is no 的 ("7684) in font nullfont!
Missing character: There is no 方 ("65B9) in font nullfont!
Missing character: There is no 向 ("5411) in font nullfont!
Missing character: There is no 余 ("4F59) in font nullfont!
Missing character: There is no 弦 ("5F26) in font nullfont!
Missing character: There is no 矩 ("77E9) in font nullfont!
Missing character: There is no 阵 ("9635) in font nullfont!
Missing character: There is no 的 ("7684) in font nullfont!
Missing character: There is no 元 ("5143) in font nullfont!
Missing character: There is no 素 ("7D20) in font nullfont!
Missing character: There is no ， ("FF0C) in font nullfont!
Missing character: There is no 若 ("82E5) in font nullfont!
Missing character: There is no 用 ("7528) in font nullfont!
Missing character: There is no 表 ("8868) in font nullfont!
Missing character: There is no 示 ("793A) in font nullfont!
Missing character: There is no ， ("FF0C) in font nullfont!
Missing character: There is no 将 ("5C06) in font nullfont!
Missing character: There is no 呈 ("5448) in font nullfont!
Missing character: There is no 现 ("73B0) in font nullfont!
Missing character: There is no 出 ("51FA) in font nullfont!
Missing character: There is no 一 ("4E00) in font nullfont!
Missing character: There is no 种 ("79CD) in font nullfont!
Missing character: There is no 特 ("7279) in font nullfont!
Missing character: There is no 别 ("522B) in font nullfont!
Missing character: There is no 简 ("7B80) in font nullfont!
Missing character: There is no 单 ("5355) in font nullfont!
Missing character: There is no 而 ("800C) in font nullfont!
Missing character: There is no 有 ("6709) in font nullfont!
Missing character: There is no 规 ("89C4) in font nullfont!
Missing character: There is no 律 ("5F8B) in font nullfont!
Missing character: There is no 的 ("7684) in font nullfont!
Missing character: There is no 形 ("5F62) in font nullfont!
Missing character: There is no 式 ("5F0F) in font nullfont!
Missing character: There is no 。 ("3002) in font nullfont!
Missing character: There is no 若 ("82E5) in font nullfont!
Missing character: There is no 定 ("5B9A) in font nullfont!
Missing character: There is no 义 ("4E49) in font nullfont!
Missing character: There is no 为 ("4E3A) in font nullfont!
Missing character: There is no ： ("FF1A) in font nullfont!

Overfull \hbox (20.0pt too wide) in paragraph at lines 280--281
[]
 []


Overfull \hbox (7.86249pt too wide) in paragraph at lines 280--281
\OML/cmm/m/it/10 C$
 []


Overfull \hbox (39.3124pt too wide) in paragraph at lines 280--281
\OML/cmm/m/it/10 ^^O[]; [] ; ^^O[]$
 []


Overfull \hbox (14.19006pt too wide) in paragraph at lines 280--281
\OML/cmm/m/it/10 C[]$
 []

./KINEMATICS.tex:282: Undefined control sequence.
l.282 C_{ij} \triangleq
                        \mathbf{a}_i \cdot \mathbf{b}_j \qquad (i, j = 1, 2,...
The control sequence at the end of the top line
of your error message was never \def'ed. If you have
misspelled it (e.g., `\hobx'), type `I' and the correct
spelling (e.g., `I\hbox'). Otherwise just continue,
and I'll forget about whatever was undefined.

./KINEMATICS.tex:282: Undefined control sequence.
l.282 ...\mathbf{b}_j \qquad (i, j = 1, 2, 3) \tag
                                                  {5}
The control sequence at the end of the top line
of your error message was never \def'ed. If you have
misspelled it (e.g., `\hobx'), type `I' and the correct
spelling (e.g., `I\hbox'). Otherwise just continue,
and I'll forget about whatever was undefined.


Overfull \hbox (99.06972pt too wide) detected at line 283
\OML/cmm/m/it/10 C[]\OT1/cmr/bx/n/10 a[] \OMS/cmsy/m/n/10 ^^A \OT1/cmr/bx/n/10 b[] \OT1/cmr/m/n/10 (\OML/cmm/m/it/10 i; j \OT1/cmr/m/n/10 = 1\OML/cmm/m/it/10 ; \OT1/cmr/m/n/10 2\OML/cmm/m/it/10 ; \OT1/cmr/m/n/10 3)5
 []

Missing character: There is no 则 ("5219) in font nullfont!
Missing character: There is no 有 ("6709) in font nullfont!
Missing character: There is no ： ("FF1A) in font nullfont!

./KINEMATICS.tex:285: LaTeX Error: Environment align undefined.

See the LaTeX manual or LaTeX Companion for explanation.
Type  H <return>  for immediate help.
 ...                                              
                                                  
l.285 \begin{align}
                   
Your command was ignored.
Type  I <command> <return>  to replace it with another command,
or  <return>  to continue without it.

Missing character: There is no C ("43) in font nullfont!
./KINEMATICS.tex:286: Missing $ inserted.
<inserted text> 
                $
l.286 C_
        {11} &= \epsilon_1^2 - \epsilon_2^2 - \epsilon_3^2 + \epsilon_4^2 = ...
I've inserted a begin-math/end-math symbol since I think
you left one out. Proceed, with fingers crossed.

./KINEMATICS.tex:286: Misplaced alignment tab character &.
l.286 C_{11} &
              = \epsilon_1^2 - \epsilon_2^2 - \epsilon_3^2 + \epsilon_4^2 = ...
I can't figure out why you would want to use a tab mark
here. If you just want an ampersand, the remedy is
simple: Just type `I\&' now. But if some right brace
up above has ended a previous alignment prematurely,
you're probably due for more error messages, and you
might try typing `S' now just to see what is salvageable.

./KINEMATICS.tex:286: Undefined control sequence.
l.286 ... = 1 - 2\epsilon_2^2 - 2\epsilon_3^2 \tag
                                                  {6} \\
The control sequence at the end of the top line
of your error message was never \def'ed. If you have
misspelled it (e.g., `\hobx'), type `I' and the correct
spelling (e.g., `I\hbox'). Otherwise just continue,
and I'll forget about whatever was undefined.

./KINEMATICS.tex:287: Misplaced alignment tab character &.
l.287 C_{12} &
              = 2(\epsilon_1 \epsilon_2 - \epsilon_3 \epsilon_4) \tag{7} \\
I can't figure out why you would want to use a tab mark
here. If you just want an ampersand, the remedy is
simple: Just type `I\&' now. But if some right brace
up above has ended a previous alignment prematurely,
you're probably due for more error messages, and you
might try typing `S' now just to see what is salvageable.

./KINEMATICS.tex:287: Undefined control sequence.
l.287 ... \epsilon_2 - \epsilon_3 \epsilon_4) \tag
                                                  {7} \\
The control sequence at the end of the top line
of your error message was never \def'ed. If you have
misspelled it (e.g., `\hobx'), type `I' and the correct
spelling (e.g., `I\hbox'). Otherwise just continue,
and I'll forget about whatever was undefined.

./KINEMATICS.tex:288: Misplaced alignment tab character &.
l.288 C_{13} &
              = 2(\epsilon_3 \epsilon_1 + \epsilon_2 \epsilon_4) \tag{8} \\
I can't figure out why you would want to use a tab mark
here. If you just want an ampersand, the remedy is
simple: Just type `I\&' now. But if some right brace
up above has ended a previous alignment prematurely,
you're probably due for more error messages, and you
might try typing `S' now just to see what is salvageable.

./KINEMATICS.tex:288: Undefined control sequence.
l.288 ... \epsilon_1 + \epsilon_2 \epsilon_4) \tag
                                                  {8} \\
The control sequence at the end of the top line
of your error message was never \def'ed. If you have
misspelled it (e.g., `\hobx'), type `I' and the correct
spelling (e.g., `I\hbox'). Otherwise just continue,
and I'll forget about whatever was undefined.

./KINEMATICS.tex:289: Misplaced alignment tab character &.
l.289 C_{21} &
              = 2(\epsilon_1 \epsilon_2 + \epsilon_3 \epsilon_4) \tag{9} \\
I can't figure out why you would want to use a tab mark
here. If you just want an ampersand, the remedy is
simple: Just type `I\&' now. But if some right brace
up above has ended a previous alignment prematurely,
you're probably due for more error messages, and you
might try typing `S' now just to see what is salvageable.

./KINEMATICS.tex:289: Undefined control sequence.
l.289 ... \epsilon_2 + \epsilon_3 \epsilon_4) \tag
                                                  {9} \\
The control sequence at the end of the top line
of your error message was never \def'ed. If you have
misspelled it (e.g., `\hobx'), type `I' and the correct
spelling (e.g., `I\hbox'). Otherwise just continue,
and I'll forget about whatever was undefined.

./KINEMATICS.tex:290: Misplaced alignment tab character &.
l.290 C_{22} &
              = \epsilon_2^2 - \epsilon_3^2 - \epsilon_1^2 + \epsilon_4^2 = ...
I can't figure out why you would want to use a tab mark
here. If you just want an ampersand, the remedy is
simple: Just type `I\&' now. But if some right brace
up above has ended a previous alignment prematurely,
you're probably due for more error messages, and you
might try typing `S' now just to see what is salvageable.

./KINEMATICS.tex:290: Undefined control sequence.
l.290 ... = 1 - 2\epsilon_3^2 - 2\epsilon_1^2 \tag
                                                  {10} \\
The control sequence at the end of the top line
of your error message was never \def'ed. If you have
misspelled it (e.g., `\hobx'), type `I' and the correct
spelling (e.g., `I\hbox'). Otherwise just continue,
and I'll forget about whatever was undefined.

./KINEMATICS.tex:291: Misplaced alignment tab character &.
l.291 C_{23} &
              = 2(\epsilon_2 \epsilon_3 - \epsilon_1 \epsilon_4) \tag{11} \\
I can't figure out why you would want to use a tab mark
here. If you just want an ampersand, the remedy is
simple: Just type `I\&' now. But if some right brace
up above has ended a previous alignment prematurely,
you're probably due for more error messages, and you
might try typing `S' now just to see what is salvageable.

./KINEMATICS.tex:291: Undefined control sequence.
l.291 ... \epsilon_3 - \epsilon_1 \epsilon_4) \tag
                                                  {11} \\
The control sequence at the end of the top line
of your error message was never \def'ed. If you have
misspelled it (e.g., `\hobx'), type `I' and the correct
spelling (e.g., `I\hbox'). Otherwise just continue,
and I'll forget about whatever was undefined.

./KINEMATICS.tex:292: Misplaced alignment tab character &.
l.292 C_{31} &
              = 2(\epsilon_3 \epsilon_1 - \epsilon_2 \epsilon_4) \tag{12} \\
I can't figure out why you would want to use a tab mark
here. If you just want an ampersand, the remedy is
simple: Just type `I\&' now. But if some right brace
up above has ended a previous alignment prematurely,
you're probably due for more error messages, and you
might try typing `S' now just to see what is salvageable.

./KINEMATICS.tex:292: Undefined control sequence.
l.292 ... \epsilon_1 - \epsilon_2 \epsilon_4) \tag
                                                  {12} \\
The control sequence at the end of the top line
of your error message was never \def'ed. If you have
misspelled it (e.g., `\hobx'), type `I' and the correct
spelling (e.g., `I\hbox'). Otherwise just continue,
and I'll forget about whatever was undefined.

./KINEMATICS.tex:293: Misplaced alignment tab character &.
l.293 C_{32} &
              = 2(\epsilon_2 \epsilon_3 + \epsilon_1 \epsilon_4) \tag{13} \\
I can't figure out why you would want to use a tab mark
here. If you just want an ampersand, the remedy is
simple: Just type `I\&' now. But if some right brace
up above has ended a previous alignment prematurely,
you're probably due for more error messages, and you
might try typing `S' now just to see what is salvageable.

./KINEMATICS.tex:293: Undefined control sequence.
l.293 ... \epsilon_3 + \epsilon_1 \epsilon_4) \tag
                                                  {13} \\
The control sequence at the end of the top line
of your error message was never \def'ed. If you have
misspelled it (e.g., `\hobx'), type `I' and the correct
spelling (e.g., `I\hbox'). Otherwise just continue,
and I'll forget about whatever was undefined.

./KINEMATICS.tex:294: Misplaced alignment tab character &.
l.294 C_{33} &
              = \epsilon_3^2 - \epsilon_1^2 - \epsilon_2^2 + \epsilon_4^2 = ...
I can't figure out why you would want to use a tab mark
here. If you just want an ampersand, the remedy is
simple: Just type `I\&' now. But if some right brace
up above has ended a previous alignment prematurely,
you're probably due for more error messages, and you
might try typing `S' now just to see what is salvageable.

./KINEMATICS.tex:294: Undefined control sequence.
l.294 ... = 1 - 2\epsilon_1^2 - 2\epsilon_2^2 \tag
                                                  {14}
The control sequence at the end of the top line
of your error message was never \def'ed. If you have
misspelled it (e.g., `\hobx'), type `I' and the correct
spelling (e.g., `I\hbox'). Otherwise just continue,
and I'll forget about whatever was undefined.


./KINEMATICS.tex:295: LaTeX Error: \begin{document} ended by \end{align}.

See the LaTeX manual or LaTeX Companion for explanation.
Type  H <return>  for immediate help.
 ...                                              
                                                  
l.295 \end{align}
                 
Your command was ignored.
Type  I <command> <return>  to replace it with another command,
or  <return>  to continue without it.

./KINEMATICS.tex:295: Missing $ inserted.
<inserted text> 
                $
l.295 \end{align}
                 
I've inserted something that you may have forgotten.
(See the <inserted text> above.)
With luck, this will get me unwedged. But if you
really didn't forget anything, try typing `2' now; then
my insertion and my current dilemma will both disappear.


Overfull \hbox (19.02777pt too wide) in paragraph at lines 283--296
  $[] \OT1/cmr/m/n/10 =
 []


Overfull \hbox (16.32297pt too wide) in paragraph at lines 283--296
\OML/cmm/m/it/10 ^^O[] \OMS/cmsy/m/n/10 ^^@
 []


Overfull \hbox (16.32297pt too wide) in paragraph at lines 283--296
\OML/cmm/m/it/10 ^^O[] \OMS/cmsy/m/n/10 ^^@
 []


Overfull \hbox (16.32297pt too wide) in paragraph at lines 283--296
\OML/cmm/m/it/10 ^^O[] \OT1/cmr/m/n/10 +
 []


Overfull \hbox (19.10068pt too wide) in paragraph at lines 283--296
\OML/cmm/m/it/10 ^^O[] \OT1/cmr/m/n/10 =
 []


Overfull \hbox (12.77782pt too wide) in paragraph at lines 283--296
\OT1/cmr/m/n/10 1 \OMS/cmsy/m/n/10 ^^@
 []


Overfull \hbox (21.32298pt too wide) in paragraph at lines 283--296
\OT1/cmr/m/n/10 2\OML/cmm/m/it/10 ^^O[] \OMS/cmsy/m/n/10 ^^@
 []


Overfull \hbox (18.5452pt too wide) in paragraph at lines 283--296
\OT1/cmr/m/n/10 2\OML/cmm/m/it/10 ^^O[]\OT1/cmr/m/n/10 6[] 
 []


Overfull \hbox (26.17499pt too wide) in paragraph at lines 283--296
\OML/cmm/m/it/10 C[] \OT1/cmr/m/n/10 =
 []


Overfull \hbox (33.75705pt too wide) in paragraph at lines 283--296
\OT1/cmr/m/n/10 2(\OML/cmm/m/it/10 ^^O[]^^O[] \OMS/cmsy/m/n/10 ^^@
 []


Overfull \hbox (25.97925pt too wide) in paragraph at lines 283--296
\OML/cmm/m/it/10 ^^O[]^^O[]\OT1/cmr/m/n/10 )7[] 
 []


Overfull \hbox (26.17499pt too wide) in paragraph at lines 283--296
\OML/cmm/m/it/10 C[] \OT1/cmr/m/n/10 =
 []


Overfull \hbox (33.75705pt too wide) in paragraph at lines 283--296
\OT1/cmr/m/n/10 2(\OML/cmm/m/it/10 ^^O[]^^O[] \OT1/cmr/m/n/10 +
 []


Overfull \hbox (25.97925pt too wide) in paragraph at lines 283--296
\OML/cmm/m/it/10 ^^O[]^^O[]\OT1/cmr/m/n/10 )8[] 
 []


Overfull \hbox (26.17499pt too wide) in paragraph at lines 283--296
\OML/cmm/m/it/10 C[] \OT1/cmr/m/n/10 =
 []


Overfull \hbox (33.75705pt too wide) in paragraph at lines 283--296
\OT1/cmr/m/n/10 2(\OML/cmm/m/it/10 ^^O[]^^O[] \OT1/cmr/m/n/10 +
 []


Overfull \hbox (25.97925pt too wide) in paragraph at lines 283--296
\OML/cmm/m/it/10 ^^O[]^^O[]\OT1/cmr/m/n/10 )9[] 
 []


Overfull \hbox (26.17499pt too wide) in paragraph at lines 283--296
\OML/cmm/m/it/10 C[] \OT1/cmr/m/n/10 =
 []


Overfull \hbox (16.32297pt too wide) in paragraph at lines 283--296
\OML/cmm/m/it/10 ^^O[] \OMS/cmsy/m/n/10 ^^@
 []


Overfull \hbox (16.32297pt too wide) in paragraph at lines 283--296
\OML/cmm/m/it/10 ^^O[] \OMS/cmsy/m/n/10 ^^@
 []


Overfull \hbox (16.32297pt too wide) in paragraph at lines 283--296
\OML/cmm/m/it/10 ^^O[] \OT1/cmr/m/n/10 +
 []


Overfull \hbox (19.10068pt too wide) in paragraph at lines 283--296
\OML/cmm/m/it/10 ^^O[] \OT1/cmr/m/n/10 =
 []


Overfull \hbox (12.77782pt too wide) in paragraph at lines 283--296
\OT1/cmr/m/n/10 1 \OMS/cmsy/m/n/10 ^^@
 []


Overfull \hbox (21.32298pt too wide) in paragraph at lines 283--296
\OT1/cmr/m/n/10 2\OML/cmm/m/it/10 ^^O[] \OMS/cmsy/m/n/10 ^^@
 []


Overfull \hbox (23.54521pt too wide) in paragraph at lines 283--296
\OT1/cmr/m/n/10 2\OML/cmm/m/it/10 ^^O[][][] 
 []


Overfull \hbox (26.17499pt too wide) in paragraph at lines 283--296
\OML/cmm/m/it/10 C[] \OT1/cmr/m/n/10 =
 []


Overfull \hbox (33.75705pt too wide) in paragraph at lines 283--296
\OT1/cmr/m/n/10 2(\OML/cmm/m/it/10 ^^O[]^^O[] \OMS/cmsy/m/n/10 ^^@
 []


Overfull \hbox (30.97926pt too wide) in paragraph at lines 283--296
\OML/cmm/m/it/10 ^^O[]^^O[]\OT1/cmr/m/n/10 )[][] 
 []


Overfull \hbox (26.17499pt too wide) in paragraph at lines 283--296
\OML/cmm/m/it/10 C[] \OT1/cmr/m/n/10 =
 []


Overfull \hbox (33.75705pt too wide) in paragraph at lines 283--296
\OT1/cmr/m/n/10 2(\OML/cmm/m/it/10 ^^O[]^^O[] \OMS/cmsy/m/n/10 ^^@
 []


Overfull \hbox (30.97926pt too wide) in paragraph at lines 283--296
\OML/cmm/m/it/10 ^^O[]^^O[]\OT1/cmr/m/n/10 )[][] 
 []


Overfull \hbox (26.17499pt too wide) in paragraph at lines 283--296
\OML/cmm/m/it/10 C[] \OT1/cmr/m/n/10 =
 []


Overfull \hbox (33.75705pt too wide) in paragraph at lines 283--296
\OT1/cmr/m/n/10 2(\OML/cmm/m/it/10 ^^O[]^^O[] \OT1/cmr/m/n/10 +
 []


Overfull \hbox (30.97926pt too wide) in paragraph at lines 283--296
\OML/cmm/m/it/10 ^^O[]^^O[]\OT1/cmr/m/n/10 )[][] 
 []


Overfull \hbox (26.17499pt too wide) in paragraph at lines 283--296
\OML/cmm/m/it/10 C[] \OT1/cmr/m/n/10 =
 []


Overfull \hbox (16.32297pt too wide) in paragraph at lines 283--296
\OML/cmm/m/it/10 ^^O[] \OMS/cmsy/m/n/10 ^^@
 []


Overfull \hbox (16.32297pt too wide) in paragraph at lines 283--296
\OML/cmm/m/it/10 ^^O[] \OMS/cmsy/m/n/10 ^^@
 []


Overfull \hbox (16.32297pt too wide) in paragraph at lines 283--296
\OML/cmm/m/it/10 ^^O[] \OT1/cmr/m/n/10 +
 []


Overfull \hbox (19.10068pt too wide) in paragraph at lines 283--296
\OML/cmm/m/it/10 ^^O[] \OT1/cmr/m/n/10 =
 []


Overfull \hbox (12.77782pt too wide) in paragraph at lines 283--296
\OT1/cmr/m/n/10 1 \OMS/cmsy/m/n/10 ^^@
 []


Overfull \hbox (21.32298pt too wide) in paragraph at lines 283--296
\OT1/cmr/m/n/10 2\OML/cmm/m/it/10 ^^O[] \OMS/cmsy/m/n/10 ^^@
 []


Overfull \hbox (23.54521pt too wide) in paragraph at lines 283--296
\OT1/cmr/m/n/10 2\OML/cmm/m/it/10 ^^O[][]$ 
 []

Missing character: There is no 欧 ("6B27) in font nullfont!
Missing character: There is no 拉 ("62C9) in font nullfont!
Missing character: There is no 参 ("53C2) in font nullfont!
Missing character: There is no 数 ("6570) in font nullfont!
Missing character: There is no 也 ("4E5F) in font nullfont!
Missing character: There is no 可 ("53EF) in font nullfont!
Missing character: There is no 以 ("4EE5) in font nullfont!
Missing character: There is no 用 ("7528) in font nullfont!
Missing character: There is no 方 ("65B9) in font nullfont!
Missing character: There is no 向 ("5411) in font nullfont!
Missing character: There is no 余 ("4F59) in font nullfont!
Missing character: There is no 弦 ("5F26) in font nullfont!
Missing character: There is no 来 ("6765) in font nullfont!
Missing character: There is no 表 ("8868) in font nullfont!
Missing character: There is no 示 ("793A) in font nullfont!
Missing character: There is no ， ("FF0C) in font nullfont!
Missing character: There is no 从 ("4ECE) in font nullfont!
Missing character: There is no 而 ("800C) in font nullfont!
Missing character: There is no 使 ("4F7F) in font nullfont!
Missing character: There is no 得 ("5F97) in font nullfont!
Missing character: There is no 式 ("5F0F) in font nullfont!
Missing character: There is no ( ("28) in font nullfont!
Missing character: There is no 6 ("36) in font nullfont!
Missing character: There is no ) ("29) in font nullfont!
Missing character: There is no - ("2D) in font nullfont!
Missing character: There is no - ("2D) in font nullfont!
Missing character: There is no ( ("28) in font nullfont!
Missing character: There is no 1 ("31) in font nullfont!
Missing character: There is no 4 ("34) in font nullfont!
Missing character: There is no ) ("29) in font nullfont!
Missing character: There is no 能 ("80FD) in font nullfont!
Missing character: There is no 够 ("591F) in font nullfont!
Missing character: There is no 恒 ("6052) in font nullfont!
Missing character: There is no 等 ("7B49) in font nullfont!
Missing character: There is no 地 ("5730) in font nullfont!
Missing character: There is no 成 ("6210) in font nullfont!
Missing character: There is no 立 ("7ACB) in font nullfont!
Missing character: There is no 。 ("3002) in font nullfont!
Missing character: There is no 这 ("8FD9) in font nullfont!
Missing character: There is no 可 ("53EF) in font nullfont!
Missing character: There is no 以 ("4EE5) in font nullfont!
Missing character: There is no 通 ("901A) in font nullfont!
Missing character: There is no 过 ("8FC7) in font nullfont!
Missing character: There is no 取 ("53D6) in font nullfont!
Missing character: There is no 以 ("4EE5) in font nullfont!
Missing character: There is no 下 ("4E0B) in font nullfont!
Missing character: There is no 方 ("65B9) in font nullfont!
Missing character: There is no 式 ("5F0F) in font nullfont!
Missing character: There is no 实 ("5B9E) in font nullfont!
Missing character: There is no 现 ("73B0) in font nullfont!
Missing character: There is no ： ("FF1A) in font nullfont!

./KINEMATICS.tex:298: LaTeX Error: Environment align undefined.

See the LaTeX manual or LaTeX Companion for explanation.
Type  H <return>  for immediate help.
 ...                                              
                                                  
l.298 \begin{align}
                   
Your command was ignored.
Type  I <command> <return>  to replace it with another command,
or  <return>  to continue without it.

./KINEMATICS.tex:299: Missing $ inserted.
<inserted text> 
                $
l.299 \epsilon
              _1 &= \frac{C_{32} - C_{23}}{4\epsilon_4} \tag{15} \\
I've inserted a begin-math/end-math symbol since I think
you left one out. Proceed, with fingers crossed.

./KINEMATICS.tex:299: Misplaced alignment tab character &.
l.299 \epsilon_1 &
                  = \frac{C_{32} - C_{23}}{4\epsilon_4} \tag{15} \\
I can't figure out why you would want to use a tab mark
here. If you just want an ampersand, the remedy is
simple: Just type `I\&' now. But if some right brace
up above has ended a previous alignment prematurely,
you're probably due for more error messages, and you
might try typing `S' now just to see what is salvageable.

./KINEMATICS.tex:299: Undefined control sequence.
l.299 ... \frac{C_{32} - C_{23}}{4\epsilon_4} \tag
                                                  {15} \\
The control sequence at the end of the top line
of your error message was never \def'ed. If you have
misspelled it (e.g., `\hobx'), type `I' and the correct
spelling (e.g., `I\hbox'). Otherwise just continue,
and I'll forget about whatever was undefined.

./KINEMATICS.tex:300: Misplaced alignment tab character &.
l.300 \epsilon_2 &
                  = \frac{C_{13} - C_{31}}{4\epsilon_4} \tag{16} \\
I can't figure out why you would want to use a tab mark
here. If you just want an ampersand, the remedy is
simple: Just type `I\&' now. But if some right brace
up above has ended a previous alignment prematurely,
you're probably due for more error messages, and you
might try typing `S' now just to see what is salvageable.

./KINEMATICS.tex:300: Undefined control sequence.
l.300 ... \frac{C_{13} - C_{31}}{4\epsilon_4} \tag
                                                  {16} \\
The control sequence at the end of the top line
of your error message was never \def'ed. If you have
misspelled it (e.g., `\hobx'), type `I' and the correct
spelling (e.g., `I\hbox'). Otherwise just continue,
and I'll forget about whatever was undefined.

./KINEMATICS.tex:301: Misplaced alignment tab character &.
l.301 \epsilon_3 &
                  = \frac{C_{21} - C_{12}}{4\epsilon_4} \tag{17}
I can't figure out why you would want to use a tab mark
here. If you just want an ampersand, the remedy is
simple: Just type `I\&' now. But if some right brace
up above has ended a previous alignment prematurely,
you're probably due for more error messages, and you
might try typing `S' now just to see what is salvageable.

./KINEMATICS.tex:301: Undefined control sequence.
l.301 ... \frac{C_{21} - C_{12}}{4\epsilon_4} \tag
                                                  {17}
The control sequence at the end of the top line
of your error message was never \def'ed. If you have
misspelled it (e.g., `\hobx'), type `I' and the correct
spelling (e.g., `I\hbox'). Otherwise just continue,
and I'll forget about whatever was undefined.


./KINEMATICS.tex:302: LaTeX Error: \begin{document} ended by \end{align}.

See the LaTeX manual or LaTeX Companion for explanation.
Type  H <return>  for immediate help.
 ...                                              
                                                  
l.302 \end{align}
                 
Your command was ignored.
Type  I <command> <return>  to replace it with another command,
or  <return>  to continue without it.

./KINEMATICS.tex:302: Missing $ inserted.
<inserted text> 
                $
l.302 \end{align}
                 
I've inserted something that you may have forgotten.
(See the <inserted text> above.)
With luck, this will get me unwedged. But if you
really didn't forget anything, try typing `2' now; then
my insertion and my current dilemma will both disappear.

Missing character: There is no 以 ("4EE5) in font nullfont!
Missing character: There is no 及 ("53CA) in font nullfont!
Missing character: There is no ： ("FF1A) in font nullfont!

Overfull \hbox (20.0pt too wide) in paragraph at lines 297--304
[]
 []


Overfull \hbox (19.10068pt too wide) in paragraph at lines 297--304
\OML/cmm/m/it/10 ^^O[] \OT1/cmr/m/n/10 =
 []


Overfull \hbox (44.7328pt too wide) in paragraph at lines 297--304
[][][] 
 []


Overfull \hbox (19.10068pt too wide) in paragraph at lines 297--304
\OML/cmm/m/it/10 ^^O[] \OT1/cmr/m/n/10 =
 []


Overfull \hbox (44.7328pt too wide) in paragraph at lines 297--304
[][][] 
 []


Overfull \hbox (19.10068pt too wide) in paragraph at lines 297--304
\OML/cmm/m/it/10 ^^O[] \OT1/cmr/m/n/10 =
 []


Overfull \hbox (44.7328pt too wide) in paragraph at lines 297--304
[][]$
 []

./KINEMATICS.tex:305: Undefined control sequence.
l.305 ...(1 + C_{11} + C_{22} + C_{33})^{1/2} \tag
                                                  {18}
The control sequence at the end of the top line
of your error message was never \def'ed. If you have
misspelled it (e.g., `\hobx'), type `I' and the correct
spelling (e.g., `I\hbox'). Otherwise just continue,
and I'll forget about whatever was undefined.


Overfull \hbox (134.81757pt too wide) detected at line 306
\OML/cmm/m/it/10 ^^O[] \OT1/cmr/m/n/10 = [](1 + \OML/cmm/m/it/10 C[] \OT1/cmr/m/n/10 + \OML/cmm/m/it/10 C[] \OT1/cmr/m/n/10 + \OML/cmm/m/it/10 C[]\OT1/cmr/m/n/10 )[][]
 []

Missing character: There is no 如 ("5982) in font nullfont!
Missing character: There is no 果 ("679C) in font nullfont!
Missing character: There is no 满 ("6EE1) in font nullfont!
Missing character: There is no 足 ("8DB3) in font nullfont!
Missing character: There is no 条 ("6761) in font nullfont!
Missing character: There is no 件 ("4EF6) in font nullfont!
Missing character: There is no ： ("FF1A) in font nullfont!

Overfull \hbox (20.0pt too wide) in paragraph at lines 308--309
[] 
 []

./KINEMATICS.tex:310: Undefined control sequence.
l.310 \boldsymbol
                 {\lambda} = \frac{\epsilon_1 \mathbf{a}_1 + \epsilon_2 \mat...
The control sequence at the end of the top line
of your error message was never \def'ed. If you have
misspelled it (e.g., `\hobx'), type `I' and the correct
spelling (e.g., `I\hbox'). Otherwise just continue,
and I'll forget about whatever was undefined.

./KINEMATICS.tex:310: Undefined control sequence.
l.310 ... \epsilon_2^2 + \epsilon_3^2)^{1/2}} \tag
                                                  {19}
The control sequence at the end of the top line
of your error message was never \def'ed. If you have
misspelled it (e.g., `\hobx'), type `I' and the correct
spelling (e.g., `I\hbox'). Otherwise just continue,
and I'll forget about whatever was undefined.


Overfull \hbox (111.87544pt too wide) detected at line 311
\OML/cmm/m/it/10 ^^U \OT1/cmr/m/n/10 = [][]
 []

Missing character: There is no 以 ("4EE5) in font nullfont!
Missing character: There is no 及 ("53CA) in font nullfont!
Missing character: There is no ： ("FF1A) in font nullfont!
./KINEMATICS.tex:314: Undefined control sequence.
l.314 ...lon_4, \qquad 0 \leq \theta \leq \pi \tag
                                                  {20}
The control sequence at the end of the top line
of your error message was never \def'ed. If you have
misspelled it (e.g., `\hobx'), type `I' and the correct
spelling (e.g., `I\hbox'). Otherwise just continue,
and I'll forget about whatever was undefined.


Overfull \hbox (116.45111pt too wide) detected at line 315
\OML/cmm/m/it/10 ^^R \OT1/cmr/m/n/10 = 2 [][] \OML/cmm/m/it/10 ^^O[];  \OT1/cmr/m/n/10 0 \OMS/cmsy/m/n/10 ^^T \OML/cmm/m/it/10 ^^R \OMS/cmsy/m/n/10 ^^T \OML/cmm/m/it/10 ^^Y[]
 []

Missing character: There is no 那 ("90A3) in font nullfont!
Missing character: There is no 么 ("4E48) in font nullfont!
Missing character: There is no 由 ("7531) in font nullfont!
Missing character: There is no 于 ("4E8E) in font nullfont!
Missing character: There is no 式 ("5F0F) in font nullfont!
Missing character: There is no ( ("28) in font nullfont!
Missing character: There is no 1 ("31) in font nullfont!
Missing character: There is no ) ("29) in font nullfont!
Missing character: There is no 和 ("548C) in font nullfont!
Missing character: There is no ( ("28) in font nullfont!
Missing character: There is no 3 ("33) in font nullfont!
Missing character: There is no ) ("29) in font nullfont!
Missing character: There is no 成 ("6210) in font nullfont!
Missing character: There is no 立 ("7ACB) in font nullfont!
Missing character: There is no ， ("FF0C) in font nullfont!
Missing character: There is no 我 ("6211) in font nullfont!
Missing character: There is no 们 ("4EEC) in font nullfont!
Missing character: There is no 总 ("603B) in font nullfont!
Missing character: There is no 可 ("53EF) in font nullfont!
Missing character: There is no 以 ("4EE5) in font nullfont!
Missing character: There is no 找 ("627E) in font nullfont!
Missing character: There is no 到 ("5230) in font nullfont!
Missing character: There is no 一 ("4E00) in font nullfont!
Missing character: There is no 个 ("4E2A) in font nullfont!
Missing character: There is no 简 ("7B80) in font nullfont!
Missing character: There is no 单 ("5355) in font nullfont!
Missing character: There is no 的 ("7684) in font nullfont!
Missing character: There is no 旋 ("65CB) in font nullfont!
Missing character: There is no 转 ("8F6C) in font nullfont!
Missing character: There is no ， ("FF0C) in font nullfont!
Missing character: There is no 使 ("4F7F) in font nullfont!
Missing character: There is no 得 ("5F97) in font nullfont!
Missing character: There is no 与 ("4E0E) in font nullfont!
Missing character: There is no 该 ("8BE5) in font nullfont!
Missing character: There is no 旋 ("65CB) in font nullfont!
Missing character: There is no 转 ("8F6C) in font nullfont!
Missing character: There is no 相 ("76F8) in font nullfont!
Missing character: There is no 关 ("5173) in font nullfont!
Missing character: There is no 的 ("7684) in font nullfont!
Missing character: There is no 方 ("65B9) in font nullfont!
Missing character: There is no 向 ("5411) in font nullfont!
Missing character: There is no 余 ("4F59) in font nullfont!
Missing character: There is no 弦 ("5F26) in font nullfont!
Missing character: There is no 与 ("4E0E) in font nullfont!
Missing character: There is no 满 ("6EE1) in font nullfont!
Missing character: There is no 足 ("8DB3) in font nullfont!
Missing character: There is no 式 ("5F0F) in font nullfont!
Missing character: There is no ( ("28) in font nullfont!
Missing character: There is no 1 ("31) in font nullfont!
Missing character: There is no . ("2E) in font nullfont!
Missing character: There is no 2 ("32) in font nullfont!
Missing character: There is no . ("2E) in font nullfont!
Missing character: There is no 2 ("32) in font nullfont!
Missing character: There is no ) ("29) in font nullfont!
Missing character: There is no 的 ("7684) in font nullfont!
Missing character: There is no 任 ("4EFB) in font nullfont!
Missing character: There is no 何 ("4F55) in font nullfont!
Missing character: There is no 方 ("65B9) in font nullfont!
Missing character: There is no 向 ("5411) in font nullfont!
Missing character: There is no 余 ("4F59) in font nullfont!
Missing character: There is no 弦 ("5F26) in font nullfont!
Missing character: There is no 矩 ("77E9) in font nullfont!
Missing character: There is no 阵 ("9635) in font nullfont!
Missing character: There is no 的 ("7684) in font nullfont!
Missing character: There is no 元 ("5143) in font nullfont!
Missing character: There is no 素 ("7D20) in font nullfont!
Missing character: There is no 对 ("5BF9) in font nullfont!
Missing character: There is no 应 ("5E94) in font nullfont!
Missing character: There is no 。 ("3002) in font nullfont!
Missing character: There is no 换 ("6362) in font nullfont!
Missing character: There is no 句 ("53E5) in font nullfont!
Missing character: There is no 话 ("8BDD) in font nullfont!
Missing character: There is no 说 ("8BF4) in font nullfont!
Missing character: There is no ， ("FF0C) in font nullfont!
Missing character: There is no 参 ("53C2) in font nullfont!
Missing character: There is no 考 ("8003) in font nullfont!
Missing character: There is no 系 ("7CFB) in font nullfont!
Missing character: There is no 和 ("548C) in font nullfont!
Missing character: There is no 之 ("4E4B) in font nullfont!
Missing character: There is no 间 ("95F4) in font nullfont!
Missing character: There is no 的 ("7684) in font nullfont!
Missing character: There is no 任 ("4EFB) in font nullfont!
Missing character: There is no 意 ("610F) in font nullfont!
Missing character: There is no 相 ("76F8) in font nullfont!
Missing character: There is no 对 ("5BF9) in font nullfont!
Missing character: There is no 方 ("65B9) in font nullfont!
Missing character: There is no 向 ("5411) in font nullfont!
Missing character: There is no 变 ("53D8) in font nullfont!
Missing character: There is no 化 ("5316) in font nullfont!
Missing character: There is no ， ("FF0C) in font nullfont!
Missing character: There is no 都 ("90FD) in font nullfont!
Missing character: There is no 可 ("53EF) in font nullfont!
Missing character: There is no 以 ("4EE5) in font nullfont!
Missing character: There is no 通 ("901A) in font nullfont!
Missing character: There is no 过 ("8FC7) in font nullfont!
Missing character: There is no 在 ("5728) in font nullfont!
Missing character: There is no 中 ("4E2D) in font nullfont!
Missing character: There is no 发 ("53D1) in font nullfont!
Missing character: There is no 生 ("751F) in font nullfont!
Missing character: There is no 一 ("4E00) in font nullfont!
Missing character: There is no 次 ("6B21) in font nullfont!
Missing character: There is no 简 ("7B80) in font nullfont!
Missing character: There is no 单 ("5355) in font nullfont!
Missing character: There is no 的 ("7684) in font nullfont!
Missing character: There is no 旋 ("65CB) in font nullfont!
Missing character: There is no 转 ("8F6C) in font nullfont!
Missing character: There is no 来 ("6765) in font nullfont!
Missing character: There is no 实 ("5B9E) in font nullfont!
Missing character: There is no 现 ("73B0) in font nullfont!
Missing character: There is no 。 ("3002) in font nullfont!
Missing character: There is no 这 ("8FD9) in font nullfont!
Missing character: There is no 一 ("4E00) in font nullfont!
Missing character: There is no 命 ("547D) in font nullfont!
Missing character: There is no 题 ("9898) in font nullfont!
Missing character: There is no 被 ("88AB) in font nullfont!
Missing character: There is no 称 ("79F0) in font nullfont!
Missing character: There is no 为 ("4E3A) in font nullfont!
Missing character: There is no * ("2A) in font nullfont!
Missing character: There is no * ("2A) in font nullfont!
Missing character: There is no 欧 ("6B27) in font nullfont!
Missing character: There is no 拉 ("62C9) in font nullfont!
Missing character: There is no 旋 ("65CB) in font nullfont!
Missing character: There is no 转 ("8F6C) in font nullfont!
Missing character: There is no 定 ("5B9A) in font nullfont!
Missing character: There is no 理 ("7406) in font nullfont!
Missing character: There is no ( ("28) in font nullfont!
Missing character: There is no E ("45) in font nullfont!
Missing character: There is no u ("75) in font nullfont!
Missing character: There is no l ("6C) in font nullfont!
Missing character: There is no e ("65) in font nullfont!
Missing character: There is no r ("72) in font nullfont!
Missing character: There is no ' ("27) in font nullfont!
Missing character: There is no s ("73) in font nullfont!
Missing character: There is no t ("74) in font nullfont!
Missing character: There is no h ("68) in font nullfont!
Missing character: There is no e ("65) in font nullfont!
Missing character: There is no o ("6F) in font nullfont!
Missing character: There is no r ("72) in font nullfont!
Missing character: There is no e ("65) in font nullfont!
Missing character: There is no m ("6D) in font nullfont!
Missing character: There is no o ("6F) in font nullfont!
Missing character: There is no n ("6E) in font nullfont!
Missing character: There is no r ("72) in font nullfont!
Missing character: There is no o ("6F) in font nullfont!
Missing character: There is no t ("74) in font nullfont!
Missing character: There is no a ("61) in font nullfont!
Missing character: There is no t ("74) in font nullfont!
Missing character: There is no i ("69) in font nullfont!
Missing character: There is no o ("6F) in font nullfont!
Missing character: There is no n ("6E) in font nullfont!
Missing character: There is no ) ("29) in font nullfont!
Missing character: There is no * ("2A) in font nullfont!
Missing character: There is no * ("2A) in font nullfont!
Missing character: There is no 。 ("3002) in font nullfont!

Overfull \hbox (7.86249pt too wide) in paragraph at lines 315--317
       $\OML/cmm/m/it/10 C$
 []


Overfull \hbox (7.50002pt too wide) in paragraph at lines 315--317
\OML/cmm/m/it/10 A$
 []


Overfull \hbox (8.0868pt too wide) in paragraph at lines 315--317
\OML/cmm/m/it/10 B$
 []


Overfull \hbox (8.0868pt too wide) in paragraph at lines 315--317
\OML/cmm/m/it/10 B$
 []


Overfull \hbox (7.50002pt too wide) in paragraph at lines 315--317
\OML/cmm/m/it/10 A$
 []

Missing character: There is no 作 ("4F5C) in font nullfont!
Missing character: There is no 为 ("4E3A) in font nullfont!
Missing character: There is no 式 ("5F0F) in font nullfont!
Missing character: There is no ( ("28) in font nullfont!
Missing character: There is no 1 ("31) in font nullfont!
Missing character: There is no . ("2E) in font nullfont!
Missing character: There is no 1 ("31) in font nullfont!
Missing character: There is no . ("2E) in font nullfont!
Missing character: There is no 1 ("31) in font nullfont!
Missing character: There is no ) ("29) in font nullfont!
Missing character: There is no 和 ("548C) in font nullfont!
Missing character: There is no ( ("28) in font nullfont!
Missing character: There is no 1 ("31) in font nullfont!
Missing character: There is no . ("2E) in font nullfont!
Missing character: There is no 1 ("31) in font nullfont!
Missing character: There is no . ("2E) in font nullfont!
Missing character: There is no 3 ("33) in font nullfont!
Missing character: There is no ) ("29) in font nullfont!
Missing character: There is no 的 ("7684) in font nullfont!
Missing character: There is no 一 ("4E00) in font nullfont!
Missing character: There is no 个 ("4E2A) in font nullfont!
Missing character: There is no 替 ("66FF) in font nullfont!
Missing character: There is no 代 ("4EE3) in font nullfont!
Missing character: There is no 方 ("65B9) in font nullfont!
Missing character: There is no 案 ("6848) in font nullfont!
Missing character: There is no ， ("FF0C) in font nullfont!
Missing character: There is no 在 ("5728) in font nullfont!
Missing character: There is no 参 ("53C2) in font nullfont!
Missing character: There is no 考 ("8003) in font nullfont!
Missing character: There is no 系 ("7CFB) in font nullfont!
Missing character: There is no 中 ("4E2D) in font nullfont!
Missing character: There is no 固 ("56FA) in font nullfont!
Missing character: There is no 定 ("5B9A) in font nullfont!
Missing character: There is no 的 ("7684) in font nullfont!
Missing character: There is no 向 ("5411) in font nullfont!
Missing character: There is no 量 ("91CF) in font nullfont!
Missing character: There is no 与 ("4E0E) in font nullfont!
Missing character: There is no 在 ("5728) in font nullfont!
Missing character: There is no 旋 ("65CB) in font nullfont!
Missing character: There is no 转 ("8F6C) in font nullfont!
Missing character: There is no 前 ("524D) in font nullfont!
Missing character: There is no 与 ("4E0E) in font nullfont!
Missing character: There is no 其 ("5176) in font nullfont!
Missing character: There is no 相 ("76F8) in font nullfont!
Missing character: There is no 等 ("7B49) in font nullfont!
Missing character: There is no 的 ("7684) in font nullfont!
Missing character: There is no 、 ("3001) in font nullfont!
Missing character: There is no 固 ("56FA) in font nullfont!
Missing character: There is no 定 ("5B9A) in font nullfont!
Missing character: There is no 在 ("5728) in font nullfont!
Missing character: There is no 刚 ("521A) in font nullfont!
Missing character: There is no 体 ("4F53) in font nullfont!
Missing character: There is no 中 ("4E2D) in font nullfont!
Missing character: There is no 的 ("7684) in font nullfont!
Missing character: There is no 向 ("5411) in font nullfont!
Missing character: There is no 量 ("91CF) in font nullfont!
Missing character: There is no 之 ("4E4B) in font nullfont!
Missing character: There is no 间 ("95F4) in font nullfont!
Missing character: There is no 的 ("7684) in font nullfont!
Missing character: There is no 关 ("5173) in font nullfont!
Missing character: There is no 系 ("7CFB) in font nullfont!
Missing character: There is no ， ("FF0C) in font nullfont!
Missing character: There is no 可 ("53EF) in font nullfont!
Missing character: There is no 以 ("4EE5) in font nullfont!
Missing character: There is no 用 ("7528) in font nullfont!
./KINEMATICS.tex:318: Undefined control sequence.
l.318 ...向量 \(\mathbf{b}\) 之间的关系，可以用 \(\boldsymbol
                                                  {\epsilon}\) 和 \(\epsilon_...
The control sequence at the end of the top line
of your error message was never \def'ed. If you have
misspelled it (e.g., `\hobx'), type `I' and the correct
spelling (e.g., `I\hbox'). Otherwise just continue,
and I'll forget about whatever was undefined.

Missing character: There is no 和 ("548C) in font nullfont!
Missing character: There is no 表 ("8868) in font nullfont!
Missing character: There is no 示 ("793A) in font nullfont!
Missing character: There is no 为 ("4E3A) in font nullfont!
Missing character: There is no ： ("FF1A) in font nullfont!

Overfull \hbox (20.0pt too wide) in paragraph at lines 318--319
[]
 []


Overfull \hbox (7.50002pt too wide) in paragraph at lines 318--319
\OML/cmm/m/it/10 A$
 []


Overfull \hbox (5.59023pt too wide) in paragraph at lines 318--319
\OT1/cmr/bx/n/10 a$
 []


Overfull \hbox (8.0868pt too wide) in paragraph at lines 318--319
\OML/cmm/m/it/10 B$
 []


Overfull \hbox (6.38885pt too wide) in paragraph at lines 318--319
\OT1/cmr/bx/n/10 b$
 []


Overfull \hbox (4.05904pt too wide) in paragraph at lines 318--319
\OML/cmm/m/it/10 ^^O$
 []


Overfull \hbox (8.54517pt too wide) in paragraph at lines 318--319
\OML/cmm/m/it/10 ^^O[]$
 []

./KINEMATICS.tex:320: Undefined control sequence.
l.320 ...} = \mathbf{a} + 2[\epsilon_4 \boldsymbol
                                                  {\epsilon} \times \mathbf{...
The control sequence at the end of the top line
of your error message was never \def'ed. If you have
misspelled it (e.g., `\hobx'), type `I' and the correct
spelling (e.g., `I\hbox'). Otherwise just continue,
and I'll forget about whatever was undefined.

./KINEMATICS.tex:320: Undefined control sequence.
l.320 ...\epsilon} \times \mathbf{a} + \boldsymbol
                                                  {\epsilon} \times (\boldsy...
The control sequence at the end of the top line
of your error message was never \def'ed. If you have
misspelled it (e.g., `\hobx'), type `I' and the correct
spelling (e.g., `I\hbox'). Otherwise just continue,
and I'll forget about whatever was undefined.

./KINEMATICS.tex:320: Undefined control sequence.
l.320 ...\boldsymbol{\epsilon} \times (\boldsymbol
                                                  {\epsilon} \times \mathbf{...
The control sequence at the end of the top line
of your error message was never \def'ed. If you have
misspelled it (e.g., `\hobx'), type `I' and the correct
spelling (e.g., `I\hbox'). Otherwise just continue,
and I'll forget about whatever was undefined.

./KINEMATICS.tex:320: Undefined control sequence.
l.320 ...symbol{\epsilon} \times \mathbf{a})] \tag
                                                  {21}
The control sequence at the end of the top line
of your error message was never \def'ed. If you have
misspelled it (e.g., `\hobx'), type `I' and the correct
spelling (e.g., `I\hbox'). Otherwise just continue,
and I'll forget about whatever was undefined.


Overfull \hbox (124.43745pt too wide) detected at line 321
\OT1/cmr/bx/n/10 b \OT1/cmr/m/n/10 = \OT1/cmr/bx/n/10 a \OT1/cmr/m/n/10 + 2[\OML/cmm/m/it/10 ^^O[]^^O \OMS/cmsy/m/n/10 ^^B \OT1/cmr/bx/n/10 a \OT1/cmr/m/n/10 + \OML/cmm/m/it/10 ^^O \OMS/cmsy/m/n/10 ^^B \OT1/cmr/m/n/10 (\OML/cmm/m/it/10 ^^O \OMS/cmsy/m/n/10 ^^B \OT1/cmr/bx/n/10 a\OT1/cmr/m/n/10 )][]
 []

./KINEMATICS.tex:323: Undefined control sequence.
l.323 \paragraph
                {推导过程}
The control sequence at the end of the top line
of your error message was never \def'ed. If you have
misspelled it (e.g., `\hobx'), type `I' and the correct
spelling (e.g., `I\hbox'). Otherwise just continue,
and I'll forget about whatever was undefined.

Missing character: There is no 推 ("63A8) in font nullfont!
Missing character: There is no 导 ("5BFC) in font nullfont!
Missing character: There is no 过 ("8FC7) in font nullfont!
Missing character: There is no 程 ("7A0B) in font nullfont!
./KINEMATICS.tex:324: Undefined control sequence.
l.324 \(\boldsymbol
                   {\epsilon} \cdot \mathbf{a}_i\) 与 \(\boldsymbol{\epsilon}...
The control sequence at the end of the top line
of your error message was never \def'ed. If you have
misspelled it (e.g., `\hobx'), type `I' and the correct
spelling (e.g., `I\hbox'). Otherwise just continue,
and I'll forget about whatever was undefined.

Missing character: There is no 与 ("4E0E) in font nullfont!
./KINEMATICS.tex:324: Undefined control sequence.
l.324 ...lon} \cdot \mathbf{a}_i\) 与 \(\boldsymbol
                                                  {\epsilon} \cdot \mathbf{b...
The control sequence at the end of the top line
of your error message was never \def'ed. If you have
misspelled it (e.g., `\hobx'), type `I' and the correct
spelling (e.g., `I\hbox'). Otherwise just continue,
and I'll forget about whatever was undefined.

Missing character: There is no 的 ("7684) in font nullfont!
Missing character: There is no 相 ("76F8) in font nullfont!
Missing character: There is no 等 ("7B49) in font nullfont!
Missing character: There is no 性 ("6027) in font nullfont!
Missing character: There is no [ ("5B) in font nullfont!
Missing character: There is no 参 ("53C2) in font nullfont!
Missing character: There is no 见 ("89C1) in font nullfont!
Missing character: There is no 式 ("5F0F) in font nullfont!
Missing character: There is no ( ("28) in font nullfont!
Missing character: There is no 2 ("32) in font nullfont!
Missing character: There is no ) ("29) in font nullfont!
Missing character: There is no ] ("5D) in font nullfont!
Missing character: There is no 可 ("53EF) in font nullfont!
Missing character: There is no 由 ("7531) in font nullfont!
Missing character: There is no 式 ("5F0F) in font nullfont!
Missing character: There is no ( ("28) in font nullfont!
Missing character: There is no 1 ("31) in font nullfont!
Missing character: There is no ) ("29) in font nullfont!
Missing character: There is no 和 ("548C) in font nullfont!
Missing character: There is no ( ("28) in font nullfont!
Missing character: There is no 1 ("31) in font nullfont!
Missing character: There is no . ("2E) in font nullfont!
Missing character: There is no 2 ("32) in font nullfont!
Missing character: There is no . ("2E) in font nullfont!
Missing character: There is no 2 ("32) in font nullfont!
Missing character: There is no 2 ("32) in font nullfont!
Missing character: There is no ) ("29) in font nullfont!
Missing character: There is no 推 ("63A8) in font nullfont!
Missing character: There is no 导 ("5BFC) in font nullfont!
Missing character: There is no 得 ("5F97) in font nullfont!
Missing character: There is no 出 ("51FA) in font nullfont!
Missing character: There is no ； ("FF1B) in font nullfont!
Missing character: There is no 式 ("5F0F) in font nullfont!
Missing character: There is no ( ("28) in font nullfont!
Missing character: There is no 4 ("34) in font nullfont!
Missing character: There is no ) ("29) in font nullfont!
Missing character: There is no 则 ("5219) in font nullfont!
Missing character: There is no 是 ("662F) in font nullfont!
Missing character: There is no 式 ("5F0F) in font nullfont!
Missing character: There is no ( ("28) in font nullfont!
Missing character: There is no 1 ("31) in font nullfont!
Missing character: There is no ) ("29) in font nullfont!
Missing character: There is no - ("2D) in font nullfont!
Missing character: There is no - ("2D) in font nullfont!
Missing character: There is no ( ("28) in font nullfont!
Missing character: There is no 3 ("33) in font nullfont!
Missing character: There is no ) ("29) in font nullfont!
Missing character: There is no 的 ("7684) in font nullfont!
Missing character: There is no 推 ("63A8) in font nullfont!
Missing character: There is no 论 ("8BBA) in font nullfont!
Missing character: There is no ， ("FF0C) in font nullfont!
Missing character: There is no 并 ("5E76) in font nullfont!
Missing character: There is no 且 ("4E14) in font nullfont!
Missing character: There is no 利 ("5229) in font nullfont!
Missing character: There is no 用 ("7528) in font nullfont!
Missing character: There is no 了 ("4E86) in font nullfont!
./KINEMATICS.tex:324: Undefined control sequence.
l.324 ... (4) 则是式 (1)--(3) 的推论，并且利用了 \(\boldsymbol
                                                  {\lambda}\) 是单位向量这一事实；而式 (...
The control sequence at the end of the top line
of your error message was never \def'ed. If you have
misspelled it (e.g., `\hobx'), type `I' and the correct
spelling (e.g., `I\hbox'). Otherwise just continue,
and I'll forget about whatever was undefined.

Missing character: There is no 是 ("662F) in font nullfont!
Missing character: There is no 单 ("5355) in font nullfont!
Missing character: There is no 位 ("4F4D) in font nullfont!
Missing character: There is no 向 ("5411) in font nullfont!
Missing character: There is no 量 ("91CF) in font nullfont!
Missing character: There is no 这 ("8FD9) in font nullfont!
Missing character: There is no 一 ("4E00) in font nullfont!
Missing character: There is no 事 ("4E8B) in font nullfont!
Missing character: There is no 实 ("5B9E) in font nullfont!
Missing character: There is no ； ("FF1B) in font nullfont!
Missing character: There is no 而 ("800C) in font nullfont!
Missing character: There is no 式 ("5F0F) in font nullfont!
Missing character: There is no ( ("28) in font nullfont!
Missing character: There is no 6 ("36) in font nullfont!
Missing character: There is no ) ("29) in font nullfont!
Missing character: There is no - ("2D) in font nullfont!
Missing character: There is no - ("2D) in font nullfont!
Missing character: There is no ( ("28) in font nullfont!
Missing character: There is no 1 ("31) in font nullfont!
Missing character: There is no 4 ("34) in font nullfont!
Missing character: There is no ) ("29) in font nullfont!
Missing character: There is no 可 ("53EF) in font nullfont!
Missing character: There is no 以 ("4EE5) in font nullfont!
Missing character: There is no 通 ("901A) in font nullfont!
Missing character: There is no 过 ("8FC7) in font nullfont!
Missing character: There is no 将 ("5C06) in font nullfont!
Missing character: There is no 式 ("5F0F) in font nullfont!
Missing character: There is no ( ("28) in font nullfont!
Missing character: There is no 1 ("31) in font nullfont!
Missing character: There is no . ("2E) in font nullfont!
Missing character: There is no 2 ("32) in font nullfont!
Missing character: There is no . ("2E) in font nullfont!
Missing character: There is no 2 ("32) in font nullfont!
Missing character: There is no 3 ("33) in font nullfont!
Missing character: There is no ) ("29) in font nullfont!
Missing character: There is no - ("2D) in font nullfont!
Missing character: There is no - ("2D) in font nullfont!
Missing character: There is no ( ("28) in font nullfont!
Missing character: There is no 1 ("31) in font nullfont!
Missing character: There is no . ("2E) in font nullfont!
Missing character: There is no 2 ("32) in font nullfont!
Missing character: There is no . ("2E) in font nullfont!
Missing character: There is no 3 ("33) in font nullfont!
Missing character: There is no 1 ("31) in font nullfont!
Missing character: There is no ) ("29) in font nullfont!
Missing character: There is no 中 ("4E2D) in font nullfont!
Missing character: There is no 的 ("7684) in font nullfont!
Missing character: There is no 替 ("66FF) in font nullfont!
Missing character: There is no 换 ("6362) in font nullfont!
Missing character: There is no 为 ("4E3A) in font nullfont!
Missing character: There is no ， ("FF0C) in font nullfont!
Missing character: There is no 并 ("5E76) in font nullfont!
Missing character: There is no 利 ("5229) in font nullfont!
Missing character: There is no 用 ("7528) in font nullfont!
Missing character: There is no 式 ("5F0F) in font nullfont!
Missing character: There is no ( ("28) in font nullfont!
Missing character: There is no 1 ("31) in font nullfont!
Missing character: There is no . ("2E) in font nullfont!
Missing character: There is no 2 ("32) in font nullfont!
Missing character: There is no . ("2E) in font nullfont!
Missing character: There is no 2 ("32) in font nullfont!
Missing character: There is no 2 ("32) in font nullfont!
Missing character: There is no ) ("29) in font nullfont!
Missing character: There is no 结 ("7ED3) in font nullfont!
Missing character: There is no 合 ("5408) in font nullfont!
Missing character: There is no 式 ("5F0F) in font nullfont!
Missing character: There is no ( ("28) in font nullfont!
Missing character: There is no 1 ("31) in font nullfont!
Missing character: There is no ) ("29) in font nullfont!
Missing character: There is no - ("2D) in font nullfont!
Missing character: There is no - ("2D) in font nullfont!
Missing character: There is no ( ("28) in font nullfont!
Missing character: There is no 4 ("34) in font nullfont!
Missing character: There is no ) ("29) in font nullfont!
Missing character: There is no 得 ("5F97) in font nullfont!
Missing character: There is no 到 ("5230) in font nullfont!
Missing character: There is no 。 ("3002) in font nullfont!
Missing character: There is no 例 ("4F8B) in font nullfont!
Missing character: There is no 如 ("5982) in font nullfont!
Missing character: There is no ： ("FF1A) in font nullfont!

Overfull \hbox (20.0pt too wide) in paragraph at lines 323--325
[]
 []


Overfull \hbox (6.83682pt too wide) in paragraph at lines 323--325
\OML/cmm/m/it/10 ^^O \OMS/cmsy/m/n/10 ^^A
 []


Overfull \hbox (8.91951pt too wide) in paragraph at lines 323--325
\OT1/cmr/bx/n/10 a[]$
 []


Overfull \hbox (6.83682pt too wide) in paragraph at lines 323--325
\OML/cmm/m/it/10 ^^O \OMS/cmsy/m/n/10 ^^A
 []


Overfull \hbox (9.71814pt too wide) in paragraph at lines 323--325
\OT1/cmr/bx/n/10 b[]$
 []


Overfull \hbox (5.83336pt too wide) in paragraph at lines 323--325
\OML/cmm/m/it/10 ^^U$
 []


Overfull \hbox (4.97223pt too wide) in paragraph at lines 323--325
\OML/cmm/m/it/10 ^^R$
 []


Overfull \hbox (14.97226pt too wide) in paragraph at lines 323--325
\OML/cmm/m/it/10 ^^R=\OT1/cmr/m/n/10 2$
 []

./KINEMATICS.tex:326: Undefined control sequence.
l.326 C_{11} \overset
                     {\text{(1.2.23)}}{=} 2 \cos^2\frac{\theta}{2} - 1 + 2\l...
The control sequence at the end of the top line
of your error message was never \def'ed. If you have
misspelled it (e.g., `\hobx'), type `I' and the correct
spelling (e.g., `I\hbox'). Otherwise just continue,
and I'll forget about whatever was undefined.

./KINEMATICS.tex:326: Undefined control sequence.
l.326 C_{11} \overset{\text
                           {(1.2.23)}}{=} 2 \cos^2\frac{\theta}{2} - 1 + 2\l...
The control sequence at the end of the top line
of your error message was never \def'ed. If you have
misspelled it (e.g., `\hobx'), type `I' and the correct
spelling (e.g., `I\hbox'). Otherwise just continue,
and I'll forget about whatever was undefined.

./KINEMATICS.tex:326: Undefined control sequence.
l.326 ... 2\lambda_1^2 \sin^2\frac{\theta}{2} \tag
                                                  {22}
The control sequence at the end of the top line
of your error message was never \def'ed. If you have
misspelled it (e.g., `\hobx'), type `I' and the correct
spelling (e.g., `I\hbox'). Otherwise just continue,
and I'll forget about whatever was undefined.


Overfull \hbox (163.71136pt too wide) detected at line 327
\OML/cmm/m/it/10 C[][][]\OT1/cmr/m/n/10 2 [][] [] \OMS/cmsy/m/n/10 ^^@ \OT1/cmr/m/n/10 1 + 2\OML/cmm/m/it/10 ^^U[] [][] [][]
 []

Missing character: There is no 以 ("4EE5) in font nullfont!
Missing character: There is no 及 ("53CA) in font nullfont!
Missing character: There is no ： ("FF1A) in font nullfont!
./KINEMATICS.tex:330: Undefined control sequence.
l.330 \lambda_1 \sin\frac{\theta}{2} \overset
                                             {\text{(1.2.22)}}{=} \boldsymbo...
The control sequence at the end of the top line
of your error message was never \def'ed. If you have
misspelled it (e.g., `\hobx'), type `I' and the correct
spelling (e.g., `I\hbox'). Otherwise just continue,
and I'll forget about whatever was undefined.

./KINEMATICS.tex:330: Undefined control sequence.
l.330 ...bda_1 \sin\frac{\theta}{2} \overset{\text
                                                  {(1.2.22)}}{=} \boldsymbol...
The control sequence at the end of the top line
of your error message was never \def'ed. If you have
misspelled it (e.g., `\hobx'), type `I' and the correct
spelling (e.g., `I\hbox'). Otherwise just continue,
and I'll forget about whatever was undefined.

./KINEMATICS.tex:330: Undefined control sequence.
l.330 ... \overset{\text{(1.2.22)}}{=} \boldsymbol
                                                  {\lambda} \cdot \mathbf{a}...
The control sequence at the end of the top line
of your error message was never \def'ed. If you have
misspelled it (e.g., `\hobx'), type `I' and the correct
spelling (e.g., `I\hbox'). Otherwise just continue,
and I'll forget about whatever was undefined.

./KINEMATICS.tex:330: Undefined control sequence.
l.330 ...mathbf{a}_1 \sin\frac{\theta}{2} \overset
                                                  {\text{(1)}}{=} \boldsymbo...
The control sequence at the end of the top line
of your error message was never \def'ed. If you have
misspelled it (e.g., `\hobx'), type `I' and the correct
spelling (e.g., `I\hbox'). Otherwise just continue,
and I'll forget about whatever was undefined.

./KINEMATICS.tex:330: Undefined control sequence.
l.330 ...{a}_1 \sin\frac{\theta}{2} \overset{\text
                                                  {(1)}}{=} \boldsymbol{\eps...
The control sequence at the end of the top line
of your error message was never \def'ed. If you have
misspelled it (e.g., `\hobx'), type `I' and the correct
spelling (e.g., `I\hbox'). Otherwise just continue,
and I'll forget about whatever was undefined.

./KINEMATICS.tex:330: Undefined control sequence.
l.330 ...a}{2} \overset{\text{(1)}}{=} \boldsymbol
                                                  {\epsilon} \cdot \mathbf{a...
The control sequence at the end of the top line
of your error message was never \def'ed. If you have
misspelled it (e.g., `\hobx'), type `I' and the correct
spelling (e.g., `I\hbox'). Otherwise just continue,
and I'll forget about whatever was undefined.

./KINEMATICS.tex:330: Undefined control sequence.
l.330 ...bol{\epsilon} \cdot \mathbf{a}_1 \overset
                                                  {\text{(2)}}{=} \epsilon_1...
The control sequence at the end of the top line
of your error message was never \def'ed. If you have
misspelled it (e.g., `\hobx'), type `I' and the correct
spelling (e.g., `I\hbox'). Otherwise just continue,
and I'll forget about whatever was undefined.

./KINEMATICS.tex:330: Undefined control sequence.
l.330 ...psilon} \cdot \mathbf{a}_1 \overset{\text
                                                  {(2)}}{=} \epsilon_1 \tag{23}
The control sequence at the end of the top line
of your error message was never \def'ed. If you have
misspelled it (e.g., `\hobx'), type `I' and the correct
spelling (e.g., `I\hbox'). Otherwise just continue,
and I'll forget about whatever was undefined.

./KINEMATICS.tex:330: Undefined control sequence.
l.330 ...1 \overset{\text{(2)}}{=} \epsilon_1 \tag
                                                  {23}
The control sequence at the end of the top line
of your error message was never \def'ed. If you have
misspelled it (e.g., `\hobx'), type `I' and the correct
spelling (e.g., `I\hbox'). Otherwise just continue,
and I'll forget about whatever was undefined.


Overfull \hbox (192.70996pt too wide) detected at line 331
\OML/cmm/m/it/10 ^^U[] [] [][][]^^U \OMS/cmsy/m/n/10 ^^A \OT1/cmr/bx/n/10 a[] [] [][][]\OML/cmm/m/it/10 ^^O \OMS/cmsy/m/n/10 ^^A \OT1/cmr/bx/n/10 a[][][]\OML/cmm/m/it/10 ^^O[][]
 []

Missing character: There is no 同 ("540C) in font nullfont!
Missing character: There is no 时 ("65F6) in font nullfont!
Missing character: There is no ： ("FF1A) in font nullfont!
./KINEMATICS.tex:334: Undefined control sequence.
l.334 \cos\frac{\theta}{2} \overset
                                   {\text{(3)}}{=} \epsilon_4 \tag{24}
The control sequence at the end of the top line
of your error message was never \def'ed. If you have
misspelled it (e.g., `\hobx'), type `I' and the correct
spelling (e.g., `I\hbox'). Otherwise just continue,
and I'll forget about whatever was undefined.

./KINEMATICS.tex:334: Undefined control sequence.
l.334 \cos\frac{\theta}{2} \overset{\text
                                         {(3)}}{=} \epsilon_4 \tag{24}
The control sequence at the end of the top line
of your error message was never \def'ed. If you have
misspelled it (e.g., `\hobx'), type `I' and the correct
spelling (e.g., `I\hbox'). Otherwise just continue,
and I'll forget about whatever was undefined.

./KINEMATICS.tex:334: Undefined control sequence.
l.334 ...} \overset{\text{(3)}}{=} \epsilon_4 \tag
                                                  {24}
The control sequence at the end of the top line
of your error message was never \def'ed. If you have
misspelled it (e.g., `\hobx'), type `I' and the correct
spelling (e.g., `I\hbox'). Otherwise just continue,
and I'll forget about whatever was undefined.


Overfull \hbox (61.55635pt too wide) detected at line 335
[] [][][]\OML/cmm/m/it/10 ^^O[][]
 []

Missing character: There is no 因 ("56E0) in font nullfont!
Missing character: There is no 此 ("6B64) in font nullfont!
Missing character: There is no ： ("FF1A) in font nullfont!
./KINEMATICS.tex:338: Undefined control sequence.
l.338 ...\epsilon_4^2 - 1 + 2\epsilon_1^2 \overset
                                                  {\text{(4)}}{=} \epsilon_1...
The control sequence at the end of the top line
of your error message was never \def'ed. If you have
misspelled it (e.g., `\hobx'), type `I' and the correct
spelling (e.g., `I\hbox'). Otherwise just continue,
and I'll forget about whatever was undefined.

./KINEMATICS.tex:338: Undefined control sequence.
l.338 ...on_4^2 - 1 + 2\epsilon_1^2 \overset{\text
                                                  {(4)}}{=} \epsilon_1^2 - \...
The control sequence at the end of the top line
of your error message was never \def'ed. If you have
misspelled it (e.g., `\hobx'), type `I' and the correct
spelling (e.g., `I\hbox'). Otherwise just continue,
and I'll forget about whatever was undefined.

./KINEMATICS.tex:338: Undefined control sequence.
l.338 ...on_2^2 - \epsilon_3^2 + \epsilon_4^2 \tag
                                                  {25}
The control sequence at the end of the top line
of your error message was never \def'ed. If you have
misspelled it (e.g., `\hobx'), type `I' and the correct
spelling (e.g., `I\hbox'). Otherwise just continue,
and I'll forget about whatever was undefined.


Overfull \hbox (164.6684pt too wide) detected at line 339
\OML/cmm/m/it/10 C[] \OT1/cmr/m/n/10 = 2\OML/cmm/m/it/10 ^^O[] \OMS/cmsy/m/n/10 ^^@ \OT1/cmr/m/n/10 1 + 2\OML/cmm/m/it/10 ^^O[][][]^^O[] \OMS/cmsy/m/n/10 ^^@ \OML/cmm/m/it/10 ^^O[] \OMS/cmsy/m/n/10 ^^@ \OML/cmm/m/it/10 ^^O[] \OT1/cmr/m/n/10 + \OML/cmm/m/it/10 ^^O[][]
 []

Missing character: There is no 这 ("8FD9) in font nullfont!
Missing character: There is no 与 ("4E0E) in font nullfont!
Missing character: There is no 式 ("5F0F) in font nullfont!
Missing character: There is no ( ("28) in font nullfont!
Missing character: There is no 6 ("36) in font nullfont!
Missing character: There is no ) ("29) in font nullfont!
Missing character: There is no 一 ("4E00) in font nullfont!
Missing character: There is no 致 ("81F4) in font nullfont!
Missing character: There is no 。 ("3002) in font nullfont!
Missing character: There is no 式 ("5F0F) in font nullfont!
Missing character: There is no ( ("28) in font nullfont!
Missing character: There is no 1 ("31) in font nullfont!
Missing character: There is no 5 ("35) in font nullfont!
Missing character: There is no ) ("29) in font nullfont!
Missing character: There is no - ("2D) in font nullfont!
Missing character: There is no - ("2D) in font nullfont!
Missing character: There is no ( ("28) in font nullfont!
Missing character: There is no 1 ("31) in font nullfont!
Missing character: There is no 8 ("38) in font nullfont!
Missing character: There is no ) ("29) in font nullfont!
Missing character: There is no 的 ("7684) in font nullfont!
Missing character: There is no 有 ("6709) in font nullfont!
Missing character: There is no 效 ("6548) in font nullfont!
Missing character: There is no 性 ("6027) in font nullfont!
Missing character: There is no 可 ("53EF) in font nullfont!
Missing character: There is no 以 ("4EE5) in font nullfont!
Missing character: There is no 通 ("901A) in font nullfont!
Missing character: There is no 过 ("8FC7) in font nullfont!
Missing character: There is no 以 ("4EE5) in font nullfont!
Missing character: There is no 下 ("4E0B) in font nullfont!
Missing character: There is no 方 ("65B9) in font nullfont!
Missing character: There is no 式 ("5F0F) in font nullfont!
Missing character: There is no 证 ("8BC1) in font nullfont!
Missing character: There is no 明 ("660E) in font nullfont!
Missing character: There is no ： ("FF1A) in font nullfont!
Missing character: There is no 将 ("5C06) in font nullfont!
Missing character: There is no 式 ("5F0F) in font nullfont!
Missing character: There is no ( ("28) in font nullfont!
Missing character: There is no 1 ("31) in font nullfont!
Missing character: There is no 5 ("35) in font nullfont!
Missing character: There is no ) ("29) in font nullfont!
Missing character: There is no - ("2D) in font nullfont!
Missing character: There is no - ("2D) in font nullfont!
Missing character: There is no ( ("28) in font nullfont!
Missing character: There is no 1 ("31) in font nullfont!
Missing character: There is no 8 ("38) in font nullfont!
Missing character: There is no ) ("29) in font nullfont!
Missing character: There is no 代 ("4EE3) in font nullfont!
Missing character: There is no 入 ("5165) in font nullfont!
Missing character: There is no 式 ("5F0F) in font nullfont!
Missing character: There is no ( ("28) in font nullfont!
Missing character: There is no 6 ("36) in font nullfont!
Missing character: There is no ) ("29) in font nullfont!
Missing character: There is no - ("2D) in font nullfont!
Missing character: There is no - ("2D) in font nullfont!
Missing character: There is no ( ("28) in font nullfont!
Missing character: There is no 1 ("31) in font nullfont!
Missing character: There is no 4 ("34) in font nullfont!
Missing character: There is no ) ("29) in font nullfont!
Missing character: There is no 等 ("7B49) in font nullfont!
Missing character: There is no 号 ("53F7) in font nullfont!
Missing character: There is no 右 ("53F3) in font nullfont!
Missing character: There is no 侧 ("4FA7) in font nullfont!
Missing character: There is no ， ("FF0C) in font nullfont!
Missing character: There is no 并 ("5E76) in font nullfont!
Missing character: There is no 证 ("8BC1) in font nullfont!
Missing character: There is no 明 ("660E) in font nullfont!
Missing character: There is no 能 ("80FD) in font nullfont!
Missing character: There is no 得 ("5F97) in font nullfont!
Missing character: There is no 到 ("5230) in font nullfont!
Missing character: There is no 等 ("7B49) in font nullfont!
Missing character: There is no 号 ("53F7) in font nullfont!
Missing character: There is no 左 ("5DE6) in font nullfont!
Missing character: There is no 侧 ("4FA7) in font nullfont!
Missing character: There is no 的 ("7684) in font nullfont!
Missing character: There is no 表 ("8868) in font nullfont!
Missing character: There is no 达 ("8FBE) in font nullfont!
Missing character: There is no 式 ("5F0F) in font nullfont!
Missing character: There is no 。 ("3002) in font nullfont!
Missing character: There is no 例 ("4F8B) in font nullfont!
Missing character: There is no 如 ("5982) in font nullfont!
Missing character: There is no ： ("FF1A) in font nullfont!

./KINEMATICS.tex:343: LaTeX Error: Environment align undefined.

See the LaTeX manual or LaTeX Companion for explanation.
Type  H <return>  for immediate help.
 ...                                              
                                                  
l.343 \begin{align}
                   
Your command was ignored.
Type  I <command> <return>  to replace it with another command,
or  <return>  to continue without it.

Missing character: There is no 1 ("31) in font nullfont!
Missing character: There is no - ("2D) in font nullfont!
Missing character: There is no 2 ("32) in font nullfont!
./KINEMATICS.tex:344: Missing $ inserted.
<inserted text> 
                $
l.344 1 - 2\epsilon
                   _2^2 - 2\epsilon_3^2 &= \frac{2(1 + C_{11} + C_{22} + C_{...
I've inserted a begin-math/end-math symbol since I think
you left one out. Proceed, with fingers crossed.

./KINEMATICS.tex:344: Misplaced alignment tab character &.
l.344 1 - 2\epsilon_2^2 - 2\epsilon_3^2 &
                                         = \frac{2(1 + C_{11} + C_{22} + C_{...
I can't figure out why you would want to use a tab mark
here. If you just want an ampersand, the remedy is
simple: Just type `I\&' now. But if some right brace
up above has ended a previous alignment prematurely,
you're probably due for more error messages, and you
might try typing `S' now just to see what is salvageable.

./KINEMATICS.tex:345: Misplaced alignment tab character &.
<recently read> &
                 
l.345 &
       = \frac{C_{11} + C_{22} + C_{33} + C_{13}C_{31} + C_{12}C_{21} + C_{1...
I can't figure out why you would want to use a tab mark
here. If you just want an ampersand, the remedy is
simple: Just type `I\&' now. But if some right brace
up above has ended a previous alignment prematurely,
you're probably due for more error messages, and you
might try typing `S' now just to see what is salvageable.

./KINEMATICS.tex:345: Undefined control sequence.
l.345 ...11}^2}{1 + C_{11} + C_{22} + C_{33}} \tag
                                                  {26}
The control sequence at the end of the top line
of your error message was never \def'ed. If you have
misspelled it (e.g., `\hobx'), type `I' and the correct
spelling (e.g., `I\hbox'). Otherwise just continue,
and I'll forget about whatever was undefined.


./KINEMATICS.tex:346: LaTeX Error: \begin{document} ended by \end{align}.

See the LaTeX manual or LaTeX Companion for explanation.
Type  H <return>  for immediate help.
 ...                                              
                                                  
l.346 \end{align}
                 
Your command was ignored.
Type  I <command> <return>  to replace it with another command,
or  <return>  to continue without it.

./KINEMATICS.tex:346: Missing $ inserted.
<inserted text> 
                $
l.346 \end{align}
                 
I've inserted something that you may have forgotten.
(See the <inserted text> above.)
With luck, this will get me unwedged. But if you
really didn't forget anything, try typing `2' now; then
my insertion and my current dilemma will both disappear.

Missing character: There is no 但 ("4F46) in font nullfont!
Missing character: There is no 是 ("662F) in font nullfont!
Missing character: There is no ， ("FF0C) in font nullfont!
Missing character: There is no 由 ("7531) in font nullfont!
Missing character: There is no 于 ("4E8E) in font nullfont!
Missing character: There is no 矩 ("77E9) in font nullfont!
Missing character: There is no 阵 ("9635) in font nullfont!
Missing character: There is no 的 ("7684) in font nullfont!
Missing character: There is no 每 ("6BCF) in font nullfont!
Missing character: There is no 个 ("4E2A) in font nullfont!
Missing character: There is no 元 ("5143) in font nullfont!
Missing character: There is no 素 ("7D20) in font nullfont!
Missing character: There is no 都 ("90FD) in font nullfont!
Missing character: There is no 等 ("7B49) in font nullfont!
Missing character: There is no 于 ("4E8E) in font nullfont!
Missing character: There is no 其 ("5176) in font nullfont!
Missing character: There is no 在 ("5728) in font nullfont!
Missing character: There is no 中 ("4E2D) in font nullfont!
Missing character: There is no 的 ("7684) in font nullfont!
Missing character: There is no 代 ("4EE3) in font nullfont!
Missing character: There is no 数 ("6570) in font nullfont!
Missing character: There is no 余 ("4F59) in font nullfont!
Missing character: There is no 子 ("5B50) in font nullfont!
Missing character: There is no 式 ("5F0F) in font nullfont!
Missing character: There is no ： ("FF1A) in font nullfont!

Overfull \hbox (20.0pt too wide) in paragraph at lines 342--348
[]
 []


Overfull \hbox (16.32297pt too wide) in paragraph at lines 342--348
\OML/cmm/m/it/10 ^^O[] \OMS/cmsy/m/n/10 ^^@
 []


Overfull \hbox (24.1007pt too wide) in paragraph at lines 342--348
\OT1/cmr/m/n/10 2\OML/cmm/m/it/10 ^^O[] \OT1/cmr/m/n/10 =
 []


Overfull \hbox (223.74438pt too wide) in paragraph at lines 342--348
[][] 
 []


Overfull \hbox (7.7778pt too wide) in paragraph at lines 342--348
\OT1/cmr/m/n/10 =
 []


Overfull \hbox (147.42566pt too wide) in paragraph at lines 342--348
[][]$
 []


Overfull \hbox (7.86249pt too wide) in paragraph at lines 342--348
\OML/cmm/m/it/10 C$
 []


Overfull \hbox (13.41806pt too wide) in paragraph at lines 342--348
\OMS/cmsy/m/n/10 j\OML/cmm/m/it/10 C\OMS/cmsy/m/n/10 j$
 []

./KINEMATICS.tex:349: Undefined control sequence.
l.349 C_{13}C_{31} = C_{11}C_{33} - C_{22} \tag
                                               {27}
The control sequence at the end of the top line
of your error message was never \def'ed. If you have
misspelled it (e.g., `\hobx'), type `I' and the correct
spelling (e.g., `I\hbox'). Otherwise just continue,
and I'll forget about whatever was undefined.


Overfull \hbox (109.20844pt too wide) detected at line 350
\OML/cmm/m/it/10 C[]C[] \OT1/cmr/m/n/10 = \OML/cmm/m/it/10 C[]C[] \OMS/cmsy/m/n/10 ^^@ \OML/cmm/m/it/10 C[][]
 []

Missing character: There is no 以 ("4EE5) in font nullfont!
Missing character: There is no 及 ("53CA) in font nullfont!
Missing character: There is no ： ("FF1A) in font nullfont!
./KINEMATICS.tex:353: Undefined control sequence.
l.353 C_{12}C_{21} = C_{11}C_{22} - C_{33} \tag
                                               {28}
The control sequence at the end of the top line
of your error message was never \def'ed. If you have
misspelled it (e.g., `\hobx'), type `I' and the correct
spelling (e.g., `I\hbox'). Otherwise just continue,
and I'll forget about whatever was undefined.


Overfull \hbox (109.20844pt too wide) detected at line 354
\OML/cmm/m/it/10 C[]C[] \OT1/cmr/m/n/10 = \OML/cmm/m/it/10 C[]C[] \OMS/cmsy/m/n/10 ^^@ \OML/cmm/m/it/10 C[][]
 []

Missing character: There is no 因 ("56E0) in font nullfont!
Missing character: There is no 此 ("6B64) in font nullfont!
Missing character: There is no ： ("FF1A) in font nullfont!
./KINEMATICS.tex:357: Undefined control sequence.
l.357 ...+ C_{11} + C_{22} + C_{33}} = C_{11} \tag
                                                  {29}
The control sequence at the end of the top line
of your error message was never \def'ed. If you have
misspelled it (e.g., `\hobx'), type `I' and the correct
spelling (e.g., `I\hbox'). Otherwise just continue,
and I'll forget about whatever was undefined.


Overfull \hbox (232.7152pt too wide) detected at line 358
\OT1/cmr/m/n/10 1 \OMS/cmsy/m/n/10 ^^@ \OT1/cmr/m/n/10 2\OML/cmm/m/it/10 ^^O[] \OMS/cmsy/m/n/10 ^^@ \OT1/cmr/m/n/10 2\OML/cmm/m/it/10 ^^O[] \OT1/cmr/m/n/10 = [] = \OML/cmm/m/it/10 C[][]
 []

Missing character: There is no 正 ("6B63) in font nullfont!
Missing character: There is no 如 ("5982) in font nullfont!
Missing character: There is no 式 ("5F0F) in font nullfont!
Missing character: There is no ( ("28) in font nullfont!
Missing character: There is no 6 ("36) in font nullfont!
Missing character: There is no ) ("29) in font nullfont!
Missing character: There is no 所 ("6240) in font nullfont!
Missing character: There is no 要 ("8981) in font nullfont!
Missing character: There is no 求 ("6C42) in font nullfont!
Missing character: There is no 的 ("7684) in font nullfont!
Missing character: There is no 。 ("3002) in font nullfont!
Missing character: There is no 要 ("8981) in font nullfont!
Missing character: There is no 证 ("8BC1) in font nullfont!
Missing character: There is no 明 ("660E) in font nullfont!
Missing character: There is no 如 ("5982) in font nullfont!
Missing character: There is no 果 ("679C) in font nullfont!
./KINEMATICS.tex:361: Undefined control sequence.
l.361 要证明如果 \(\boldsymbol
                         {\lambda}\) 和 \(\theta\) 分别由式 (19) 和 (20) 给出，则式 (1)...
The control sequence at the end of the top line
of your error message was never \def'ed. If you have
misspelled it (e.g., `\hobx'), type `I' and the correct
spelling (e.g., `I\hbox'). Otherwise just continue,
and I'll forget about whatever was undefined.

Missing character: There is no 和 ("548C) in font nullfont!
Missing character: There is no 分 ("5206) in font nullfont!
Missing character: There is no 别 ("522B) in font nullfont!
Missing character: There is no 由 ("7531) in font nullfont!
Missing character: There is no 式 ("5F0F) in font nullfont!
Missing character: There is no ( ("28) in font nullfont!
Missing character: There is no 1 ("31) in font nullfont!
Missing character: There is no 9 ("39) in font nullfont!
Missing character: There is no ) ("29) in font nullfont!
Missing character: There is no 和 ("548C) in font nullfont!
Missing character: There is no ( ("28) in font nullfont!
Missing character: There is no 2 ("32) in font nullfont!
Missing character: There is no 0 ("30) in font nullfont!
Missing character: There is no ) ("29) in font nullfont!
Missing character: There is no 给 ("7ED9) in font nullfont!
Missing character: There is no 出 ("51FA) in font nullfont!
Missing character: There is no ， ("FF0C) in font nullfont!
Missing character: There is no 则 ("5219) in font nullfont!
Missing character: There is no 式 ("5F0F) in font nullfont!
Missing character: There is no ( ("28) in font nullfont!
Missing character: There is no 1 ("31) in font nullfont!
Missing character: There is no ) ("29) in font nullfont!
Missing character: There is no 和 ("548C) in font nullfont!
Missing character: There is no ( ("28) in font nullfont!
Missing character: There is no 3 ("33) in font nullfont!
Missing character: There is no ) ("29) in font nullfont!
Missing character: There is no 成 ("6210) in font nullfont!
Missing character: There is no 立 ("7ACB) in font nullfont!
Missing character: There is no ， ("FF0C) in font nullfont!
Missing character: There is no 需 ("9700) in font nullfont!
Missing character: There is no 注 ("6CE8) in font nullfont!
Missing character: There is no 意 ("610F) in font nullfont!
Missing character: There is no 到 ("5230) in font nullfont!
Missing character: There is no ： ("FF1A) in font nullfont!

Overfull \hbox (20.0pt too wide) in paragraph at lines 361--362
[]
 []


Overfull \hbox (5.83336pt too wide) in paragraph at lines 361--362
\OML/cmm/m/it/10 ^^U$
 []


Overfull \hbox (4.97223pt too wide) in paragraph at lines 361--362
\OML/cmm/m/it/10 ^^R$
 []

./KINEMATICS.tex:363: Undefined control sequence.
l.363 \cos\frac{\theta}{2} \overset
                                   {\text{(20)}}{=} \epsilon_4 \tag{30}
The control sequence at the end of the top line
of your error message was never \def'ed. If you have
misspelled it (e.g., `\hobx'), type `I' and the correct
spelling (e.g., `I\hbox'). Otherwise just continue,
and I'll forget about whatever was undefined.

./KINEMATICS.tex:363: Undefined control sequence.
l.363 \cos\frac{\theta}{2} \overset{\text
                                         {(20)}}{=} \epsilon_4 \tag{30}
The control sequence at the end of the top line
of your error message was never \def'ed. If you have
misspelled it (e.g., `\hobx'), type `I' and the correct
spelling (e.g., `I\hbox'). Otherwise just continue,
and I'll forget about whatever was undefined.

./KINEMATICS.tex:363: Undefined control sequence.
l.363 ... \overset{\text{(20)}}{=} \epsilon_4 \tag
                                                  {30}
The control sequence at the end of the top line
of your error message was never \def'ed. If you have
misspelled it (e.g., `\hobx'), type `I' and the correct
spelling (e.g., `I\hbox'). Otherwise just continue,
and I'll forget about whatever was undefined.


Overfull \hbox (66.55637pt too wide) detected at line 364
[] [][][]\OML/cmm/m/it/10 ^^O[][]
 []

Missing character: There is no 这 ("8FD9) in font nullfont!
Missing character: There is no 正 ("6B63) in font nullfont!
Missing character: There is no 是 ("662F) in font nullfont!
Missing character: There is no 式 ("5F0F) in font nullfont!
Missing character: There is no ( ("28) in font nullfont!
Missing character: There is no 3 ("33) in font nullfont!
Missing character: There is no ) ("29) in font nullfont!
Missing character: There is no ， ("FF0C) in font nullfont!
Missing character: There is no 并 ("5E76) in font nullfont!
Missing character: There is no 且 ("4E14) in font nullfont!
Missing character: There is no ： ("FF1A) in font nullfont!
./KINEMATICS.tex:367: Undefined control sequence.
l.367 ...a}{2} = (1 - \epsilon_4^2)^{1/2} \overset
                                                  {\text{(4)}}{=} (\epsilon_...
The control sequence at the end of the top line
of your error message was never \def'ed. If you have
misspelled it (e.g., `\hobx'), type `I' and the correct
spelling (e.g., `I\hbox'). Otherwise just continue,
and I'll forget about whatever was undefined.

./KINEMATICS.tex:367: Undefined control sequence.
l.367 ...= (1 - \epsilon_4^2)^{1/2} \overset{\text
                                                  {(4)}}{=} (\epsilon_1^2 + ...
The control sequence at the end of the top line
of your error message was never \def'ed. If you have
misspelled it (e.g., `\hobx'), type `I' and the correct
spelling (e.g., `I\hbox'). Otherwise just continue,
and I'll forget about whatever was undefined.

./KINEMATICS.tex:367: Undefined control sequence.
l.367 ...+ \epsilon_2^2 + \epsilon_3^2)^{1/2} \tag
                                                  {31}
The control sequence at the end of the top line
of your error message was never \def'ed. If you have
misspelled it (e.g., `\hobx'), type `I' and the correct
spelling (e.g., `I\hbox'). Otherwise just continue,
and I'll forget about whatever was undefined.


Overfull \hbox (168.44197pt too wide) detected at line 368
[] [] \OT1/cmr/m/n/10 = (1 \OMS/cmsy/m/n/10 ^^@ \OML/cmm/m/it/10 ^^O[]\OT1/cmr/m/n/10 )[][][](\OML/cmm/m/it/10 ^^O[] \OT1/cmr/m/n/10 + \OML/cmm/m/it/10 ^^O[] \OT1/cmr/m/n/10 + \OML/cmm/m/it/10 ^^O[]\OT1/cmr/m/n/10 )[][]
 []

Missing character: There is no 因 ("56E0) in font nullfont!
Missing character: There is no 此 ("6B64) in font nullfont!
Missing character: There is no ： ("FF1A) in font nullfont!
./KINEMATICS.tex:371: Undefined control sequence.
l.371 \boldsymbol
                 {\lambda} \sin\frac{\theta}{2} \overset{\text{(19)}}{=} \ep...
The control sequence at the end of the top line
of your error message was never \def'ed. If you have
misspelled it (e.g., `\hobx'), type `I' and the correct
spelling (e.g., `I\hbox'). Otherwise just continue,
and I'll forget about whatever was undefined.

./KINEMATICS.tex:371: Undefined control sequence.
l.371 ...ol{\lambda} \sin\frac{\theta}{2} \overset
                                                  {\text{(19)}}{=} \epsilon_...
The control sequence at the end of the top line
of your error message was never \def'ed. If you have
misspelled it (e.g., `\hobx'), type `I' and the correct
spelling (e.g., `I\hbox'). Otherwise just continue,
and I'll forget about whatever was undefined.

./KINEMATICS.tex:371: Undefined control sequence.
l.371 ...mbda} \sin\frac{\theta}{2} \overset{\text
                                                  {(19)}}{=} \epsilon_1 \mat...
The control sequence at the end of the top line
of your error message was never \def'ed. If you have
misspelled it (e.g., `\hobx'), type `I' and the correct
spelling (e.g., `I\hbox'). Otherwise just continue,
and I'll forget about whatever was undefined.

./KINEMATICS.tex:371: Undefined control sequence.
l.371 ...f{a}_2 + \epsilon_3 \mathbf{a}_3 \overset
                                                  {\text{(2)}}{=} \boldsymbo...
The control sequence at the end of the top line
of your error message was never \def'ed. If you have
misspelled it (e.g., `\hobx'), type `I' and the correct
spelling (e.g., `I\hbox'). Otherwise just continue,
and I'll forget about whatever was undefined.

./KINEMATICS.tex:371: Undefined control sequence.
l.371 ... + \epsilon_3 \mathbf{a}_3 \overset{\text
                                                  {(2)}}{=} \boldsymbol{\eps...
The control sequence at the end of the top line
of your error message was never \def'ed. If you have
misspelled it (e.g., `\hobx'), type `I' and the correct
spelling (e.g., `I\hbox'). Otherwise just continue,
and I'll forget about whatever was undefined.

./KINEMATICS.tex:371: Undefined control sequence.
l.371 ...{a}_3 \overset{\text{(2)}}{=} \boldsymbol
                                                  {\epsilon} \tag{32}
The control sequence at the end of the top line
of your error message was never \def'ed. If you have
misspelled it (e.g., `\hobx'), type `I' and the correct
spelling (e.g., `I\hbox'). Otherwise just continue,
and I'll forget about whatever was undefined.

./KINEMATICS.tex:371: Undefined control sequence.
l.371 ...\text{(2)}}{=} \boldsymbol{\epsilon} \tag
                                                  {32}
The control sequence at the end of the top line
of your error message was never \def'ed. If you have
misspelled it (e.g., `\hobx'), type `I' and the correct
spelling (e.g., `I\hbox'). Otherwise just continue,
and I'll forget about whatever was undefined.


Overfull \hbox (160.4349pt too wide) detected at line 372
\OML/cmm/m/it/10 ^^U [] [][][]^^O[]\OT1/cmr/bx/n/10 a[] \OT1/cmr/m/n/10 + \OML/cmm/m/it/10 ^^O[]\OT1/cmr/bx/n/10 a[] \OT1/cmr/m/n/10 + \OML/cmm/m/it/10 ^^O[]\OT1/cmr/bx/n/10 a[][][]\OML/cmm/m/it/10 ^^O[]
 []

Missing character: There is no 正 ("6B63) in font nullfont!
Missing character: There is no 如 ("5982) in font nullfont!
Missing character: There is no 式 ("5F0F) in font nullfont!
Missing character: There is no ( ("28) in font nullfont!
Missing character: There is no 1 ("31) in font nullfont!
Missing character: There is no ) ("29) in font nullfont!
Missing character: There is no 所 ("6240) in font nullfont!
Missing character: There is no 要 ("8981) in font nullfont!
Missing character: There is no 求 ("6C42) in font nullfont!
Missing character: There is no 的 ("7684) in font nullfont!
Missing character: There is no 。 ("3002) in font nullfont!
Missing character: There is no 最 ("6700) in font nullfont!
Missing character: There is no 后 ("540E) in font nullfont!
Missing character: There is no ， ("FF0C) in font nullfont!
Missing character: There is no 式 ("5F0F) in font nullfont!
Missing character: There is no ( ("28) in font nullfont!
Missing character: There is no 1 ("31) in font nullfont!
Missing character: There is no . ("2E) in font nullfont!
Missing character: There is no 1 ("31) in font nullfont!
Missing character: There is no . ("2E) in font nullfont!
Missing character: There is no 1 ("31) in font nullfont!
Missing character: There is no ) ("29) in font nullfont!
Missing character: There is no 等 ("7B49) in font nullfont!
Missing character: There is no 价 ("4EF7) in font nullfont!
Missing character: There is no 于 ("4E8E) in font nullfont!
Missing character: There is no ： ("FF1A) in font nullfont!

./KINEMATICS.tex:374: LaTeX Error: Environment align undefined.

See the LaTeX manual or LaTeX Companion for explanation.
Type  H <return>  for immediate help.
 ...                                              
                                                  
l.374 \begin{align}
                   
Your command was ignored.
Type  I <command> <return>  to replace it with another command,
or  <return>  to continue without it.


./KINEMATICS.tex:375: LaTeX Error: \mathbf allowed only in math mode.

See the LaTeX manual or LaTeX Companion for explanation.
Type  H <return>  for immediate help.
 ...                                              
                                                  
l.375 \mathbf{b}
                 &= \mathbf{a} + \boldsymbol{\lambda} \times \mathbf{a} \sin...
You're in trouble here.  Try typing  <return>  to proceed.
If that doesn't work, type  X <return>  to quit.

Missing character: There is no b ("62) in font nullfont!
./KINEMATICS.tex:375: Misplaced alignment tab character &.
l.375 \mathbf{b} &
                  = \mathbf{a} + \boldsymbol{\lambda} \times \mathbf{a} \sin...
I can't figure out why you would want to use a tab mark
here. If you just want an ampersand, the remedy is
simple: Just type `I\&' now. But if some right brace
up above has ended a previous alignment prematurely,
you're probably due for more error messages, and you
might try typing `S' now just to see what is salvageable.

Missing character: There is no = ("3D) in font nullfont!

./KINEMATICS.tex:375: LaTeX Error: \mathbf allowed only in math mode.

See the LaTeX manual or LaTeX Companion for explanation.
Type  H <return>  for immediate help.
 ...                                              
                                                  
l.375 \mathbf{b} &= \mathbf{a}
                               + \boldsymbol{\lambda} \times \mathbf{a} \sin...
You're in trouble here.  Try typing  <return>  to proceed.
If that doesn't work, type  X <return>  to quit.

Missing character: There is no a ("61) in font nullfont!
Missing character: There is no + ("2B) in font nullfont!
./KINEMATICS.tex:375: Undefined control sequence.
l.375 \mathbf{b} &= \mathbf{a} + \boldsymbol
                                            {\lambda} \times \mathbf{a} \sin...
The control sequence at the end of the top line
of your error message was never \def'ed. If you have
misspelled it (e.g., `\hobx'), type `I' and the correct
spelling (e.g., `I\hbox'). Otherwise just continue,
and I'll forget about whatever was undefined.

./KINEMATICS.tex:375: Missing $ inserted.
<inserted text> 
                $
l.375 ...bf{b} &= \mathbf{a} + \boldsymbol{\lambda
                                                  } \times \mathbf{a} \sin\t...
I've inserted a begin-math/end-math symbol since I think
you left one out. Proceed, with fingers crossed.

./KINEMATICS.tex:375: Extra }, or forgotten $.
l.375 ...f{b} &= \mathbf{a} + \boldsymbol{\lambda}
                                                   \times \mathbf{a} \sin\th...
I've deleted a group-closing symbol because it seems to be
spurious, as in `$x}$'. But perhaps the } is legitimate and
you forgot something else, as in `\hbox{$x}'. In such cases
the way to recover is to insert both the forgotten and the
deleted material, e.g., by typing `I$}'.

./KINEMATICS.tex:375: Undefined control sequence.
l.375 ...times \mathbf{a} \sin\theta + \boldsymbol
                                                  {\lambda} \times (\boldsym...
The control sequence at the end of the top line
of your error message was never \def'ed. If you have
misspelled it (e.g., `\hobx'), type `I' and the correct
spelling (e.g., `I\hbox'). Otherwise just continue,
and I'll forget about whatever was undefined.

./KINEMATICS.tex:375: Undefined control sequence.
l.375 ... \boldsymbol{\lambda} \times (\boldsymbol
                                                  {\lambda} \times \mathbf{a...
The control sequence at the end of the top line
of your error message was never \def'ed. If you have
misspelled it (e.g., `\hobx'), type `I' and the correct
spelling (e.g., `I\hbox'). Otherwise just continue,
and I'll forget about whatever was undefined.

./KINEMATICS.tex:376: Misplaced alignment tab character &.
<recently read> &
                 
l.376 &
       \overset{\text{(1)}}{=} \mathbf{a} + 2\boldsymbol{\epsilon} \times \m...
I can't figure out why you would want to use a tab mark
here. If you just want an ampersand, the remedy is
simple: Just type `I\&' now. But if some right brace
up above has ended a previous alignment prematurely,
you're probably due for more error messages, and you
might try typing `S' now just to see what is salvageable.

./KINEMATICS.tex:376: Undefined control sequence.
l.376 &\overset
               {\text{(1)}}{=} \mathbf{a} + 2\boldsymbol{\epsilon} \times \m...
The control sequence at the end of the top line
of your error message was never \def'ed. If you have
misspelled it (e.g., `\hobx'), type `I' and the correct
spelling (e.g., `I\hbox'). Otherwise just continue,
and I'll forget about whatever was undefined.

./KINEMATICS.tex:376: Undefined control sequence.
l.376 &\overset{\text
                     {(1)}}{=} \mathbf{a} + 2\boldsymbol{\epsilon} \times \m...
The control sequence at the end of the top line
of your error message was never \def'ed. If you have
misspelled it (e.g., `\hobx'), type `I' and the correct
spelling (e.g., `I\hbox'). Otherwise just continue,
and I'll forget about whatever was undefined.

./KINEMATICS.tex:376: Undefined control sequence.
l.376 ...{\text{(1)}}{=} \mathbf{a} + 2\boldsymbol
                                                  {\epsilon} \times \mathbf{...
The control sequence at the end of the top line
of your error message was never \def'ed. If you have
misspelled it (e.g., `\hobx'), type `I' and the correct
spelling (e.g., `I\hbox'). Otherwise just continue,
and I'll forget about whatever was undefined.

./KINEMATICS.tex:376: Undefined control sequence.
l.376 ...bf{a} \cos\frac{\theta}{2} + 2\boldsymbol
                                                  {\epsilon} \times (\boldsy...
The control sequence at the end of the top line
of your error message was never \def'ed. If you have
misspelled it (e.g., `\hobx'), type `I' and the correct
spelling (e.g., `I\hbox'). Otherwise just continue,
and I'll forget about whatever was undefined.

./KINEMATICS.tex:376: Undefined control sequence.
l.376 ...\boldsymbol{\epsilon} \times (\boldsymbol
                                                  {\epsilon} \times \mathbf{...
The control sequence at the end of the top line
of your error message was never \def'ed. If you have
misspelled it (e.g., `\hobx'), type `I' and the correct
spelling (e.g., `I\hbox'). Otherwise just continue,
and I'll forget about whatever was undefined.

./KINEMATICS.tex:376: Undefined control sequence.
l.376 ...bol{\epsilon} \times \mathbf{a}) \overset
                                                  {\text{(3)}}{=} \mathbf{a}...
The control sequence at the end of the top line
of your error message was never \def'ed. If you have
misspelled it (e.g., `\hobx'), type `I' and the correct
spelling (e.g., `I\hbox'). Otherwise just continue,
and I'll forget about whatever was undefined.

./KINEMATICS.tex:376: Undefined control sequence.
l.376 ...psilon} \times \mathbf{a}) \overset{\text
                                                  {(3)}}{=} \mathbf{a} + 2[\...
The control sequence at the end of the top line
of your error message was never \def'ed. If you have
misspelled it (e.g., `\hobx'), type `I' and the correct
spelling (e.g., `I\hbox'). Otherwise just continue,
and I'll forget about whatever was undefined.

./KINEMATICS.tex:376: Undefined control sequence.
l.376 ...{=} \mathbf{a} + 2[\epsilon_4 \boldsymbol
                                                  {\epsilon} \times \mathbf{...
The control sequence at the end of the top line
of your error message was never \def'ed. If you have
misspelled it (e.g., `\hobx'), type `I' and the correct
spelling (e.g., `I\hbox'). Otherwise just continue,
and I'll forget about whatever was undefined.

./KINEMATICS.tex:376: Undefined control sequence.
l.376 ...\epsilon} \times \mathbf{a} + \boldsymbol
                                                  {\epsilon} \times (\boldsy...
The control sequence at the end of the top line
of your error message was never \def'ed. If you have
misspelled it (e.g., `\hobx'), type `I' and the correct
spelling (e.g., `I\hbox'). Otherwise just continue,
and I'll forget about whatever was undefined.

./KINEMATICS.tex:376: Undefined control sequence.
l.376 ...\boldsymbol{\epsilon} \times (\boldsymbol
                                                  {\epsilon} \times \mathbf{...
The control sequence at the end of the top line
of your error message was never \def'ed. If you have
misspelled it (e.g., `\hobx'), type `I' and the correct
spelling (e.g., `I\hbox'). Otherwise just continue,
and I'll forget about whatever was undefined.

./KINEMATICS.tex:376: Undefined control sequence.
l.376 ...symbol{\epsilon} \times \mathbf{a})] \tag
                                                  {33}
The control sequence at the end of the top line
of your error message was never \def'ed. If you have
misspelled it (e.g., `\hobx'), type `I' and the correct
spelling (e.g., `I\hbox'). Otherwise just continue,
and I'll forget about whatever was undefined.


./KINEMATICS.tex:377: LaTeX Error: \begin{document} ended by \end{align}.

See the LaTeX manual or LaTeX Companion for explanation.
Type  H <return>  for immediate help.
 ...                                              
                                                  
l.377 \end{align}
                 
Your command was ignored.
Type  I <command> <return>  to replace it with another command,
or  <return>  to continue without it.

./KINEMATICS.tex:377: Missing $ inserted.
<inserted text> 
                $
l.377 \end{align}
                 
I've inserted something that you may have forgotten.
(See the <inserted text> above.)
With luck, this will get me unwedged. But if you
really didn't forget anything, try typing `2' now; then
my insertion and my current dilemma will both disappear.

./KINEMATICS.tex:377: Missing } inserted.
<inserted text> 
                }
l.377 \end{align}
                 
I've inserted something that you may have forgotten.
(See the <inserted text> above.)
With luck, this will get me unwedged. But if you
really didn't forget anything, try typing `2' now; then
my insertion and my current dilemma will both disappear.

Missing character: There is no 这 ("8FD9) in font nullfont!
Missing character: There is no 与 ("4E0E) in font nullfont!
Missing character: There is no 式 ("5F0F) in font nullfont!
Missing character: There is no ( ("28) in font nullfont!
Missing character: There is no 2 ("32) in font nullfont!
Missing character: There is no 1 ("31) in font nullfont!
Missing character: There is no ) ("29) in font nullfont!
Missing character: There is no 一 ("4E00) in font nullfont!
Missing character: There is no 致 ("81F4) in font nullfont!
Missing character: There is no 。 ("3002) in font nullfont!
./KINEMATICS.tex:379: Undefined control sequence.
l.379 \section
              {罗德里格斯参数 (Rodrigues Parameters)}
The control sequence at the end of the top line
of your error message was never \def'ed. If you have
misspelled it (e.g., `\hobx'), type `I' and the correct
spelling (e.g., `I\hbox'). Otherwise just continue,
and I'll forget about whatever was undefined.

Missing character: There is no 罗 ("7F57) in font nullfont!
Missing character: There is no 德 ("5FB7) in font nullfont!
Missing character: There is no 里 ("91CC) in font nullfont!
Missing character: There is no 格 ("683C) in font nullfont!
Missing character: There is no 斯 ("65AF) in font nullfont!
Missing character: There is no 参 ("53C2) in font nullfont!
Missing character: There is no 数 ("6570) in font nullfont!
Missing character: There is no ( ("28) in font nullfont!
Missing character: There is no R ("52) in font nullfont!
Missing character: There is no o ("6F) in font nullfont!
Missing character: There is no d ("64) in font nullfont!
Missing character: There is no r ("72) in font nullfont!
Missing character: There is no i ("69) in font nullfont!
Missing character: There is no g ("67) in font nullfont!
Missing character: There is no u ("75) in font nullfont!
Missing character: There is no e ("65) in font nullfont!
Missing character: There is no s ("73) in font nullfont!
Missing character: There is no P ("50) in font nullfont!
Missing character: There is no a ("61) in font nullfont!
Missing character: There is no r ("72) in font nullfont!
Missing character: There is no a ("61) in font nullfont!
Missing character: There is no m ("6D) in font nullfont!
Missing character: There is no e ("65) in font nullfont!
Missing character: There is no t ("74) in font nullfont!
Missing character: There is no e ("65) in font nullfont!
Missing character: There is no r ("72) in font nullfont!
Missing character: There is no s ("73) in font nullfont!
Missing character: There is no ) ("29) in font nullfont!

Overfull \hbox (13.61116pt too wide) in paragraph at lines 372--380
          $\OML/cmm/m/it/10 ^^U \OMS/cmsy/m/n/10 ^^B
 []


Overfull \hbox (33.95131pt too wide) in paragraph at lines 372--380
\OT1/cmr/bx/n/10 a [] \OML/cmm/m/it/10 ^^R \OT1/cmr/m/n/10 +
 []


Overfull \hbox (13.61116pt too wide) in paragraph at lines 372--380
\OML/cmm/m/it/10 ^^U \OMS/cmsy/m/n/10 ^^B
 []


Overfull \hbox (17.50006pt too wide) in paragraph at lines 372--380
\OT1/cmr/m/n/10 (\OML/cmm/m/it/10 ^^U \OMS/cmsy/m/n/10 ^^B
 []


Overfull \hbox (26.14584pt too wide) in paragraph at lines 372--380
\OT1/cmr/bx/n/10 a\OT1/cmr/m/n/10 )(1 \OMS/cmsy/m/n/10 ^^@
 []


Overfull \hbox (23.91666pt too wide) in paragraph at lines 372--380
[] \OML/cmm/m/it/10 ^^R\OT1/cmr/m/n/10 )[] 
 []


Overfull \hbox (33.92365pt too wide) in paragraph at lines 372--380
[][]\OT1/cmr/bx/n/10 a \OT1/cmr/m/n/10 +
 []


Overfull \hbox (16.83685pt too wide) in paragraph at lines 372--380
\OT1/cmr/m/n/10 2\OML/cmm/m/it/10 ^^O \OMS/cmsy/m/n/10 ^^B
 []


Overfull \hbox (36.51445pt too wide) in paragraph at lines 372--380
\OT1/cmr/bx/n/10 a [] [] \OT1/cmr/m/n/10 +
 []


Overfull \hbox (16.83685pt too wide) in paragraph at lines 372--380
\OT1/cmr/m/n/10 2\OML/cmm/m/it/10 ^^O \OMS/cmsy/m/n/10 ^^B
 []


Overfull \hbox (15.72574pt too wide) in paragraph at lines 372--380
\OT1/cmr/m/n/10 (\OML/cmm/m/it/10 ^^O \OMS/cmsy/m/n/10 ^^B
 []


Overfull \hbox (43.40277pt too wide) in paragraph at lines 372--380
\OT1/cmr/bx/n/10 a\OT1/cmr/m/n/10 )[][]\OT1/cmr/bx/n/10 a \OT1/cmr/m/n/10 +
 []


Overfull \hbox (28.1598pt too wide) in paragraph at lines 372--380
\OT1/cmr/m/n/10 2[\OML/cmm/m/it/10 ^^O[]^^O \OMS/cmsy/m/n/10 ^^B
 []


Overfull \hbox (13.36803pt too wide) in paragraph at lines 372--380
\OT1/cmr/bx/n/10 a \OT1/cmr/m/n/10 +
 []


Overfull \hbox (11.83684pt too wide) in paragraph at lines 372--380
\OML/cmm/m/it/10 ^^O \OMS/cmsy/m/n/10 ^^B
 []


Overfull \hbox (15.72574pt too wide) in paragraph at lines 372--380
\OT1/cmr/m/n/10 (\OML/cmm/m/it/10 ^^O \OMS/cmsy/m/n/10 ^^B
 []


Overfull \hbox (22.25694pt too wide) in paragraph at lines 372--380
\OT1/cmr/bx/n/10 a\OT1/cmr/m/n/10 )][]$
 []

Missing character: There is no 刚 ("521A) in font nullfont!
Missing character: There is no 体 ("4F53) in font nullfont!
Missing character: There is no 在 ("5728) in font nullfont!
Missing character: There is no 参 ("53C2) in font nullfont!
Missing character: There is no 考 ("8003) in font nullfont!
Missing character: There is no 系 ("7CFB) in font nullfont!
Missing character: There is no 中 ("4E2D) in font nullfont!
Missing character: There is no 的 ("7684) in font nullfont!
Missing character: There is no 一 ("4E00) in font nullfont!
Missing character: There is no 次 ("6B21) in font nullfont!
Missing character: There is no * ("2A) in font nullfont!
Missing character: There is no * ("2A) in font nullfont!
Missing character: There is no 简 ("7B80) in font nullfont!
Missing character: There is no 单 ("5355) in font nullfont!
Missing character: There is no 旋 ("65CB) in font nullfont!
Missing character: There is no 转 ("8F6C) in font nullfont!
Missing character: There is no * ("2A) in font nullfont!
Missing character: There is no * ("2A) in font nullfont!
Missing character: There is no （ ("FF08) in font nullfont!
Missing character: There is no 参 ("53C2) in font nullfont!
Missing character: There is no 见 ("89C1) in font nullfont!
Missing character: There is no 1 ("31) in font nullfont!
Missing character: There is no . ("2E) in font nullfont!
Missing character: There is no 1 ("31) in font nullfont!
Missing character: There is no 节 ("8282) in font nullfont!
Missing character: There is no ） ("FF09) in font nullfont!
Missing character: There is no 可 ("53EF) in font nullfont!
Missing character: There is no 以 ("4EE5) in font nullfont!
Missing character: There is no 关 ("5173) in font nullfont!
Missing character: There is no 联 ("8054) in font nullfont!
Missing character: There is no 一 ("4E00) in font nullfont!
Missing character: There is no 个 ("4E2A) in font nullfont!
Missing character: There is no 向 ("5411) in font nullfont!
Missing character: There is no 量 ("91CF) in font nullfont!
./KINEMATICS.tex:381: Undefined control sequence.
l.381 ...次**简单旋转**（参见 1.1 节）可以关联一个向量 \(\boldsymbol
                                                  {\rho}\) 以及三个标量 \(\rho_1, ...
The control sequence at the end of the top line
of your error message was never \def'ed. If you have
misspelled it (e.g., `\hobx'), type `I' and the correct
spelling (e.g., `I\hbox'). Otherwise just continue,
and I'll forget about whatever was undefined.

Missing character: There is no 以 ("4EE5) in font nullfont!
Missing character: There is no 及 ("53CA) in font nullfont!
Missing character: There is no 三 ("4E09) in font nullfont!
Missing character: There is no 个 ("4E2A) in font nullfont!
Missing character: There is no 标 ("6807) in font nullfont!
Missing character: There is no 量 ("91CF) in font nullfont!
Missing character: There is no 。 ("3002) in font nullfont!
Missing character: There is no 其 ("5176) in font nullfont!
Missing character: There is no 中 ("4E2D) in font nullfont!
Missing character: There is no ， ("FF0C) in font nullfont!
./KINEMATICS.tex:381: Undefined control sequence.
l.381 ...\rho_1, \rho_2, \rho_3\)。其中，\(\boldsymbol
                                                  {\rho}\) 称为\textbf{罗德里格斯向量...
The control sequence at the end of the top line
of your error message was never \def'ed. If you have
misspelled it (e.g., `\hobx'), type `I' and the correct
spelling (e.g., `I\hbox'). Otherwise just continue,
and I'll forget about whatever was undefined.

Missing character: There is no 称 ("79F0) in font nullfont!
Missing character: There is no 为 ("4E3A) in font nullfont!
Missing character: There is no 罗 (U+7F57) in font [lmroman10-bold]:mapping=tex-text;!
Missing character: There is no 德 (U+5FB7) in font [lmroman10-bold]:mapping=tex-text;!
Missing character: There is no 里 (U+91CC) in font [lmroman10-bold]:mapping=tex-text;!
Missing character: There is no 格 (U+683C) in font [lmroman10-bold]:mapping=tex-text;!
Missing character: There is no 斯 (U+65AF) in font [lmroman10-bold]:mapping=tex-text;!
Missing character: There is no 向 (U+5411) in font [lmroman10-bold]:mapping=tex-text;!
Missing character: There is no 量 (U+91CF) in font [lmroman10-bold]:mapping=tex-text;!
Missing character: There is no ， ("FF0C) in font nullfont!
Missing character: There is no 称 ("79F0) in font nullfont!
Missing character: There is no 为 ("4E3A) in font nullfont!
Missing character: There is no 罗 (U+7F57) in font [lmroman10-bold]:mapping=tex-text;!
Missing character: There is no 德 (U+5FB7) in font [lmroman10-bold]:mapping=tex-text;!
Missing character: There is no 里 (U+91CC) in font [lmroman10-bold]:mapping=tex-text;!
Missing character: There is no 格 (U+683C) in font [lmroman10-bold]:mapping=tex-text;!
Missing character: There is no 斯 (U+65AF) in font [lmroman10-bold]:mapping=tex-text;!
Missing character: There is no 参 (U+53C2) in font [lmroman10-bold]:mapping=tex-text;!
Missing character: There is no 数 (U+6570) in font [lmroman10-bold]:mapping=tex-text;!
Missing character: There is no 。 ("3002) in font nullfont!
Missing character: There is no 它 ("5B83) in font nullfont!
Missing character: There is no 们 ("4EEC) in font nullfont!
Missing character: There is no 的 ("7684) in font nullfont!
Missing character: There is no 定 ("5B9A) in font nullfont!
Missing character: There is no 义 ("4E49) in font nullfont!
Missing character: There is no 如 ("5982) in font nullfont!
Missing character: There is no 下 ("4E0B) in font nullfont!
Missing character: There is no ： ("FF1A) in font nullfont!

Overfull \hbox (20.0pt too wide) in paragraph at lines 381--382
[]
 []


Overfull \hbox (8.0868pt too wide) in paragraph at lines 381--382
\OML/cmm/m/it/10 B$
 []


Overfull \hbox (7.50002pt too wide) in paragraph at lines 381--382
\OML/cmm/m/it/10 A$
 []


Overfull \hbox (5.17015pt too wide) in paragraph at lines 381--382
\OML/cmm/m/it/10 ^^Z$
 []


Overfull \hbox (43.02782pt too wide) in paragraph at lines 381--382
\OML/cmm/m/it/10 ^^Z[]; ^^Z[]; ^^Z[]$$^^Z$
 []


Overfull \hbox (19.6pt too wide) in paragraph at lines 381--382
\TU/lmr/bx/n/10 罗德里格斯向量
 []


Overfull \hbox (22.68001pt too wide) in paragraph at lines 381--382
\TU/lmr/bx/n/10 (Ro-
 []


Overfull \hbox (36.27pt too wide) in paragraph at lines 381--382
\TU/lmr/bx/n/10 drigues
 []


Overfull \hbox (19.96pt too wide) in paragraph at lines 381--382
\TU/lmr/bx/n/10 vec-
 []


Overfull \hbox (57.28767pt too wide) in paragraph at lines 381--382
\TU/lmr/bx/n/10 tor)$\OML/cmm/m/it/10 ^^Z[]; ^^Z[]; ^^Z[]$
 []


Overfull \hbox (19.6pt too wide) in paragraph at lines 381--382
\TU/lmr/bx/n/10 罗德里格斯参数
 []


Overfull \hbox (22.68001pt too wide) in paragraph at lines 381--382
\TU/lmr/bx/n/10 (Ro-
 []


Overfull \hbox (36.27pt too wide) in paragraph at lines 381--382
\TU/lmr/bx/n/10 drigues
 []


Overfull \hbox (15.81pt too wide) in paragraph at lines 381--382
\TU/lmr/bx/n/10 pa-
 []


Overfull \hbox (23.74pt too wide) in paragraph at lines 381--382
\TU/lmr/bx/n/10 ram-
 []


Overfull \hbox (9.1pt too wide) in paragraph at lines 381--382
\TU/lmr/bx/n/10 e-
 []


Overfull \hbox (23.49pt too wide) in paragraph at lines 381--382
\TU/lmr/bx/n/10 ters) 
 []


Overfull \hbox (20.0pt too wide) in paragraph at lines 383--383
[] 
 []

./KINEMATICS.tex:384: Undefined control sequence.
l.384 \boldsymbol
                 {\rho} \triangleq \boldsymbol{\lambda} \tan \frac{\theta}{2...
The control sequence at the end of the top line
of your error message was never \def'ed. If you have
misspelled it (e.g., `\hobx'), type `I' and the correct
spelling (e.g., `I\hbox'). Otherwise just continue,
and I'll forget about whatever was undefined.

./KINEMATICS.tex:384: Undefined control sequence.
l.384 \boldsymbol{\rho} \triangleq
                                   \boldsymbol{\lambda} \tan \frac{\theta}{2...
The control sequence at the end of the top line
of your error message was never \def'ed. If you have
misspelled it (e.g., `\hobx'), type `I' and the correct
spelling (e.g., `I\hbox'). Otherwise just continue,
and I'll forget about whatever was undefined.

./KINEMATICS.tex:384: Undefined control sequence.
l.384 \boldsymbol{\rho} \triangleq \boldsymbol
                                              {\lambda} \tan \frac{\theta}{2...
The control sequence at the end of the top line
of your error message was never \def'ed. If you have
misspelled it (e.g., `\hobx'), type `I' and the correct
spelling (e.g., `I\hbox'). Otherwise just continue,
and I'll forget about whatever was undefined.

./KINEMATICS.tex:384: Undefined control sequence.
l.384 ...ymbol{\lambda} \tan \frac{\theta}{2} \tag
                                                  {1}
The control sequence at the end of the top line
of your error message was never \def'ed. If you have
misspelled it (e.g., `\hobx'), type `I' and the correct
spelling (e.g., `I\hbox'). Otherwise just continue,
and I'll forget about whatever was undefined.


Overfull \hbox (41.18127pt too wide) detected at line 385
\OML/cmm/m/it/10 ^^Z^^U [] []\OT1/cmr/m/n/10 1
 []

./KINEMATICS.tex:387: Undefined control sequence.
l.387 \rho_i \triangleq
                        \boldsymbol{\rho} \cdot \mathbf{a}_i = \boldsymbol{\...
The control sequence at the end of the top line
of your error message was never \def'ed. If you have
misspelled it (e.g., `\hobx'), type `I' and the correct
spelling (e.g., `I\hbox'). Otherwise just continue,
and I'll forget about whatever was undefined.

./KINEMATICS.tex:387: Undefined control sequence.
l.387 \rho_i \triangleq \boldsymbol
                                   {\rho} \cdot \mathbf{a}_i = \boldsymbol{\...
The control sequence at the end of the top line
of your error message was never \def'ed. If you have
misspelled it (e.g., `\hobx'), type `I' and the correct
spelling (e.g., `I\hbox'). Otherwise just continue,
and I'll forget about whatever was undefined.

./KINEMATICS.tex:387: Undefined control sequence.
l.387 ...ol{\rho} \cdot \mathbf{a}_i = \boldsymbol
                                                  {\rho} \cdot \mathbf{b}_i ...
The control sequence at the end of the top line
of your error message was never \def'ed. If you have
misspelled it (e.g., `\hobx'), type `I' and the correct
spelling (e.g., `I\hbox'). Otherwise just continue,
and I'll forget about whatever was undefined.

./KINEMATICS.tex:387: Undefined control sequence.
l.387 ...ot \mathbf{b}_i \qquad (i = 1, 2, 3) \tag
                                                  {2}
The control sequence at the end of the top line
of your error message was never \def'ed. If you have
misspelled it (e.g., `\hobx'), type `I' and the correct
spelling (e.g., `I\hbox'). Otherwise just continue,
and I'll forget about whatever was undefined.


Overfull \hbox (109.81122pt too wide) detected at line 388
\OML/cmm/m/it/10 ^^Z[]^^Z \OMS/cmsy/m/n/10 ^^A \OT1/cmr/bx/n/10 a[] \OT1/cmr/m/n/10 = \OML/cmm/m/it/10 ^^Z \OMS/cmsy/m/n/10 ^^A \OT1/cmr/bx/n/10 b[] \OT1/cmr/m/n/10 (\OML/cmm/m/it/10 i \OT1/cmr/m/n/10 = 1\OML/cmm/m/it/10 ; \OT1/cmr/m/n/10 2\OML/cmm/m/it/10 ; \OT1/cmr/m/n/10 3)2
 []

Missing character: There is no 其 ("5176) in font nullfont!
Missing character: There is no 中 ("4E2D) in font nullfont!
Missing character: There is no ， ("FF0C) in font nullfont!
./KINEMATICS.tex:390: Undefined control sequence.
l.390 其中，\(\boldsymbol
                      {\lambda}\) 和 \(\theta\) 与 1.1 节中的含义相同；\(\mathbf{a}_1,...
The control sequence at the end of the top line
of your error message was never \def'ed. If you have
misspelled it (e.g., `\hobx'), type `I' and the correct
spelling (e.g., `I\hbox'). Otherwise just continue,
and I'll forget about whatever was undefined.

Missing character: There is no 和 ("548C) in font nullfont!
Missing character: There is no 与 ("4E0E) in font nullfont!
Missing character: There is no 1 ("31) in font nullfont!
Missing character: There is no . ("2E) in font nullfont!
Missing character: There is no 1 ("31) in font nullfont!
Missing character: There is no 节 ("8282) in font nullfont!
Missing character: There is no 中 ("4E2D) in font nullfont!
Missing character: There is no 的 ("7684) in font nullfont!
Missing character: There is no 含 ("542B) in font nullfont!
Missing character: There is no 义 ("4E49) in font nullfont!
Missing character: There is no 相 ("76F8) in font nullfont!
Missing character: There is no 同 ("540C) in font nullfont!
Missing character: There is no ； ("FF1B) in font nullfont!
Missing character: There is no 和 ("548C) in font nullfont!
Missing character: There is no 分 ("5206) in font nullfont!
Missing character: There is no 别 ("522B) in font nullfont!
Missing character: There is no 是 ("662F) in font nullfont!
Missing character: There is no 固 ("56FA) in font nullfont!
Missing character: There is no 定 ("5B9A) in font nullfont!
Missing character: There is no 在 ("5728) in font nullfont!
Missing character: There is no 参 ("53C2) in font nullfont!
Missing character: There is no 考 ("8003) in font nullfont!
Missing character: There is no 系 ("7CFB) in font nullfont!
Missing character: There is no 和 ("548C) in font nullfont!
Missing character: There is no 刚 ("521A) in font nullfont!
Missing character: There is no 体 ("4F53) in font nullfont!
Missing character: There is no 中 ("4E2D) in font nullfont!
Missing character: There is no 的 ("7684) in font nullfont!
Missing character: There is no 右 ("53F3) in font nullfont!
Missing character: There is no 手 ("624B) in font nullfont!
Missing character: There is no 单 ("5355) in font nullfont!
Missing character: There is no 位 ("4F4D) in font nullfont!
Missing character: There is no 正 ("6B63) in font nullfont!
Missing character: There is no 交 ("4EA4) in font nullfont!
Missing character: There is no 向 ("5411) in font nullfont!
Missing character: There is no 量 ("91CF) in font nullfont!
Missing character: There is no 组 ("7EC4) in font nullfont!
Missing character: There is no ， ("FF0C) in font nullfont!
Missing character: There is no 且 ("4E14) in font nullfont!
Missing character: There is no 在 ("5728) in font nullfont!
Missing character: There is no 旋 ("65CB) in font nullfont!
Missing character: There is no 转 ("8F6C) in font nullfont!
Missing character: There is no 前 ("524D) in font nullfont!
Missing character: There is no 满 ("6EE1) in font nullfont!
Missing character: There is no 足 ("8DB3) in font nullfont!
Missing character: There is no 。 ("3002) in font nullfont!
Missing character: There is no 当 ("5F53) in font nullfont!
Missing character: There is no 讨 ("8BA8) in font nullfont!
Missing character: There is no 论 ("8BBA) in font nullfont!
Missing character: There is no 涉 ("6D89) in font nullfont!
Missing character: There is no 及 ("53CA) in font nullfont!
Missing character: There is no 两 ("4E24) in font nullfont!
Missing character: There is no 个 ("4E2A) in font nullfont!
Missing character: There is no 以 ("4EE5) in font nullfont!
Missing character: There is no 上 ("4E0A) in font nullfont!
Missing character: There is no 的 ("7684) in font nullfont!
Missing character: There is no 物 ("7269) in font nullfont!
Missing character: There is no 体 ("4F53) in font nullfont!
Missing character: There is no 或 ("6216) in font nullfont!
Missing character: There is no 参 ("53C2) in font nullfont!
Missing character: There is no 考 ("8003) in font nullfont!
Missing character: There is no 系 ("7CFB) in font nullfont!
Missing character: There is no 时 ("65F6) in font nullfont!
Missing character: There is no ， ("FF0C) in font nullfont!
Missing character: There is no 会 ("4F1A) in font nullfont!
Missing character: There is no 使 ("4F7F) in font nullfont!
Missing character: There is no 用 ("7528) in font nullfont!
Missing character: There is no 诸 ("8BF8) in font nullfont!
Missing character: There is no 如 ("5982) in font nullfont!
./KINEMATICS.tex:390: Undefined control sequence.
l.390 ...讨论涉及两个以上的物体或参考系时，会使用诸如 \({}^A \boldsymbol
                                                  {\rho}^B\) 和 \({}^A \rho_i...
The control sequence at the end of the top line
of your error message was never \def'ed. If you have
misspelled it (e.g., `\hobx'), type `I' and the correct
spelling (e.g., `I\hbox'). Otherwise just continue,
and I'll forget about whatever was undefined.

Missing character: There is no 和 ("548C) in font nullfont!
Missing character: There is no 这 ("8FD9) in font nullfont!
Missing character: There is no 样 ("6837) in font nullfont!
Missing character: There is no 的 ("7684) in font nullfont!
Missing character: There is no 符 ("7B26) in font nullfont!
Missing character: There is no 号 ("53F7) in font nullfont!
Missing character: There is no 。 ("3002) in font nullfont!

Overfull \hbox (25.83336pt too wide) in paragraph at lines 390--391
[]$\OML/cmm/m/it/10 ^^U$
 []


Overfull \hbox (4.97223pt too wide) in paragraph at lines 390--391
\OML/cmm/m/it/10 ^^R$
 []


Overfull \hbox (39.11789pt too wide) in paragraph at lines 390--391
\OT1/cmr/bx/n/10 a[]\OML/cmm/m/it/10 ; \OT1/cmr/bx/n/10 a[]\OML/cmm/m/it/10 ; \OT1/cmr/bx/n/10 a[]$
 []


Overfull \hbox (41.51378pt too wide) in paragraph at lines 390--391
\OT1/cmr/bx/n/10 b[]\OML/cmm/m/it/10 ; \OT1/cmr/bx/n/10 b[]\OML/cmm/m/it/10 ; \OT1/cmr/bx/n/10 b[]$
 []


Overfull \hbox (7.50002pt too wide) in paragraph at lines 390--391
\OML/cmm/m/it/10 A$
 []


Overfull \hbox (8.0868pt too wide) in paragraph at lines 390--391
\OML/cmm/m/it/10 B$
 []


Overfull \hbox (19.47502pt too wide) in paragraph at lines 390--391
\OT1/cmr/bx/n/10 a[] \OT1/cmr/m/n/10 =
 []


Overfull \hbox (27.60768pt too wide) in paragraph at lines 390--391
\OT1/cmr/bx/n/10 b[] \OT1/cmr/m/n/10 (\OML/cmm/m/it/10 i \OT1/cmr/m/n/10 =
 []


Overfull \hbox (27.77777pt too wide) in paragraph at lines 390--391
\OT1/cmr/m/n/10 1\OML/cmm/m/it/10 ; \OT1/cmr/m/n/10 2\OML/cmm/m/it/10 ; \OT1/cmr/m/n/10 3)$
 []


Overfull \hbox (18.56706pt too wide) in paragraph at lines 390--391
[][]\OML/cmm/m/it/10 ^^Z[]$
 []


Overfull \hbox (18.56706pt too wide) in paragraph at lines 390--391
[][]\OML/cmm/m/it/10 ^^Z[]$
 []

./KINEMATICS.tex:392: Undefined control sequence.
l.392 \subsection
                 *{与欧拉参数的关系}
The control sequence at the end of the top line
of your error message was never \def'ed. If you have
misspelled it (e.g., `\hobx'), type `I' and the correct
spelling (e.g., `I\hbox'). Otherwise just continue,
and I'll forget about whatever was undefined.

Missing character: There is no * ("2A) in font nullfont!
Missing character: There is no 与 ("4E0E) in font nullfont!
Missing character: There is no 欧 ("6B27) in font nullfont!
Missing character: There is no 拉 ("62C9) in font nullfont!
Missing character: There is no 参 ("53C2) in font nullfont!
Missing character: There is no 数 ("6570) in font nullfont!
Missing character: There is no 的 ("7684) in font nullfont!
Missing character: There is no 关 ("5173) in font nullfont!
Missing character: There is no 系 ("7CFB) in font nullfont!
Missing character: There is no 罗 ("7F57) in font nullfont!
Missing character: There is no 德 ("5FB7) in font nullfont!
Missing character: There is no 里 ("91CC) in font nullfont!
Missing character: There is no 格 ("683C) in font nullfont!
Missing character: There is no 斯 ("65AF) in font nullfont!
Missing character: There is no 参 ("53C2) in font nullfont!
Missing character: There is no 数 ("6570) in font nullfont!
Missing character: There is no 与 ("4E0E) in font nullfont!
Missing character: There is no 欧 (U+6B27) in font [lmroman10-bold]:mapping=tex-text;!
Missing character: There is no 拉 (U+62C9) in font [lmroman10-bold]:mapping=tex-text;!
Missing character: There is no 参 (U+53C2) in font [lmroman10-bold]:mapping=tex-text;!
Missing character: There is no 数 (U+6570) in font [lmroman10-bold]:mapping=tex-text;!
Missing character: There is no （ ("FF08) in font nullfont!
Missing character: There is no 参 ("53C2) in font nullfont!
Missing character: There is no 见 ("89C1) in font nullfont!
Missing character: There is no 1 ("31) in font nullfont!
Missing character: There is no . ("2E) in font nullfont!
Missing character: There is no 3 ("33) in font nullfont!
Missing character: There is no 节 ("8282) in font nullfont!
Missing character: There is no ） ("FF09) in font nullfont!
Missing character: There is no 密 ("5BC6) in font nullfont!
Missing character: There is no 切 ("5207) in font nullfont!
Missing character: There is no 相 ("76F8) in font nullfont!
Missing character: There is no 关 ("5173) in font nullfont!
Missing character: There is no ， ("FF0C) in font nullfont!
Missing character: There is no 其 ("5176) in font nullfont!
Missing character: There is no 关 ("5173) in font nullfont!
Missing character: There is no 系 ("7CFB) in font nullfont!
Missing character: There is no 为 ("4E3A) in font nullfont!
Missing character: There is no ： ("FF1A) in font nullfont!

Overfull \hbox (20.0pt too wide) in paragraph at lines 392--394
[]
 []


Overfull \hbox (11.2pt too wide) in paragraph at lines 392--394
\TU/lmr/bx/n/10 欧拉参数
 []

./KINEMATICS.tex:395: Undefined control sequence.
l.395 ..._i}{\epsilon_4} \qquad (i = 1, 2, 3) \tag
                                                  {3}
The control sequence at the end of the top line
of your error message was never \def'ed. If you have
misspelled it (e.g., `\hobx'), type `I' and the correct
spelling (e.g., `I\hbox'). Otherwise just continue,
and I'll forget about whatever was undefined.


Overfull \hbox (86.22285pt too wide) detected at line 396
\OML/cmm/m/it/10 ^^Z[] \OT1/cmr/m/n/10 = [] (\OML/cmm/m/it/10 i \OT1/cmr/m/n/10 = 1\OML/cmm/m/it/10 ; \OT1/cmr/m/n/10 2\OML/cmm/m/it/10 ; \OT1/cmr/m/n/10 3)3
 []

Missing character: There is no 罗 ("7F57) in font nullfont!
Missing character: There is no 德 ("5FB7) in font nullfont!
Missing character: There is no 里 ("91CC) in font nullfont!
Missing character: There is no 格 ("683C) in font nullfont!
Missing character: There is no 斯 ("65AF) in font nullfont!
Missing character: There is no 参 ("53C2) in font nullfont!
Missing character: There is no 数 ("6570) in font nullfont!
Missing character: There is no 相 ("76F8) in font nullfont!
Missing character: There is no 比 ("6BD4) in font nullfont!
Missing character: There is no 欧 ("6B27) in font nullfont!
Missing character: There is no 拉 ("62C9) in font nullfont!
Missing character: There is no 参 ("53C2) in font nullfont!
Missing character: There is no 数 ("6570) in font nullfont!
Missing character: There is no 的 ("7684) in font nullfont!
Missing character: There is no 主 ("4E3B) in font nullfont!
Missing character: There is no 要 ("8981) in font nullfont!
Missing character: There is no 优 ("4F18) in font nullfont!
Missing character: There is no 点 ("70B9) in font nullfont!
Missing character: There is no 是 ("662F) in font nullfont!
Missing character: There is no 数 ("6570) in font nullfont!
Missing character: There is no 量 ("91CF) in font nullfont!
Missing character: There is no 更 ("66F4) in font nullfont!
Missing character: There is no 少 ("5C11) in font nullfont!
Missing character: There is no 。 ("3002) in font nullfont!
Missing character: There is no 但 ("4F46) in font nullfont!
Missing character: There is no 它 ("5B83) in font nullfont!
Missing character: There is no 的 ("7684) in font nullfont!
Missing character: There is no 缺 ("7F3A) in font nullfont!
Missing character: There is no 点 ("70B9) in font nullfont!
Missing character: There is no 在 ("5728) in font nullfont!
Missing character: There is no 于 ("4E8E) in font nullfont!
Missing character: There is no ， ("FF0C) in font nullfont!
Missing character: There is no 当 ("5F53) in font nullfont!
Missing character: There is no 旋 ("65CB) in font nullfont!
Missing character: There is no 转 ("8F6C) in font nullfont!
Missing character: There is no 角 ("89D2) in font nullfont!
Missing character: There is no 度 ("5EA6) in font nullfont!
Missing character: There is no 时 ("65F6) in font nullfont!
Missing character: There is no ， ("FF0C) in font nullfont!
Missing character: There is no 罗 ("7F57) in font nullfont!
Missing character: There is no 德 ("5FB7) in font nullfont!
Missing character: There is no 里 ("91CC) in font nullfont!
Missing character: There is no 格 ("683C) in font nullfont!
Missing character: There is no 斯 ("65AF) in font nullfont!
Missing character: There is no 参 ("53C2) in font nullfont!
Missing character: There is no 数 ("6570) in font nullfont!
Missing character: There is no 将 ("5C06) in font nullfont!
Missing character: There is no 变 ("53D8) in font nullfont!
Missing character: There is no 为 ("4E3A) in font nullfont!
Missing character: There is no 无 (U+65E0) in font [lmroman10-bold]:mapping=tex-text;!
Missing character: There is no 穷 (U+7A77) in font [lmroman10-bold]:mapping=tex-text;!
Missing character: There is no 大 (U+5927) in font [lmroman10-bold]:mapping=tex-text;!
Missing character: There is no ； ("FF1B) in font nullfont!
Missing character: There is no 而 ("800C) in font nullfont!
Missing character: There is no 欧 ("6B27) in font nullfont!
Missing character: There is no 拉 ("62C9) in font nullfont!
Missing character: There is no 参 ("53C2) in font nullfont!
Missing character: There is no 数 ("6570) in font nullfont!
Missing character: There is no 的 ("7684) in font nullfont!
Missing character: There is no 绝 ("7EDD) in font nullfont!
Missing character: There is no 对 ("5BF9) in font nullfont!
Missing character: There is no 值 ("503C) in font nullfont!
Missing character: There is no 则 ("5219) in font nullfont!
Missing character: There is no 永 ("6C38) in font nullfont!
Missing character: There is no 远 ("8FDC) in font nullfont!
Missing character: There is no 不 ("4E0D) in font nullfont!
Missing character: There is no 会 ("4F1A) in font nullfont!
Missing character: There is no 超 ("8D85) in font nullfont!
Missing character: There is no 过 ("8FC7) in font nullfont!
Missing character: There is no 1 ("31) in font nullfont!
Missing character: There is no 。 ("3002) in font nullfont!

Overfull \hbox (15.52774pt too wide) in paragraph at lines 396--398
 $\OML/cmm/m/it/10 ^^R \OT1/cmr/m/n/10 =
 []


Overfull \hbox (6.05905pt too wide) in paragraph at lines 396--398
\OML/cmm/m/it/10 ^^Y$
 []


Overfull \hbox (8.4pt too wide) in paragraph at lines 396--398
\TU/lmr/bx/n/10 无穷大
 []

./KINEMATICS.tex:399: Undefined control sequence.
l.399 \subsection
                 *{用罗德里格斯参数表示的方向余弦矩阵 \(C\)}
The control sequence at the end of the top line
of your error message was never \def'ed. If you have
misspelled it (e.g., `\hobx'), type `I' and the correct
spelling (e.g., `I\hbox'). Otherwise just continue,
and I'll forget about whatever was undefined.

Missing character: There is no * ("2A) in font nullfont!
Missing character: There is no 用 ("7528) in font nullfont!
Missing character: There is no 罗 ("7F57) in font nullfont!
Missing character: There is no 德 ("5FB7) in font nullfont!
Missing character: There is no 里 ("91CC) in font nullfont!
Missing character: There is no 格 ("683C) in font nullfont!
Missing character: There is no 斯 ("65AF) in font nullfont!
Missing character: There is no 参 ("53C2) in font nullfont!
Missing character: There is no 数 ("6570) in font nullfont!
Missing character: There is no 表 ("8868) in font nullfont!
Missing character: There is no 示 ("793A) in font nullfont!
Missing character: There is no 的 ("7684) in font nullfont!
Missing character: There is no 方 ("65B9) in font nullfont!
Missing character: There is no 向 ("5411) in font nullfont!
Missing character: There is no 余 ("4F59) in font nullfont!
Missing character: There is no 弦 ("5F26) in font nullfont!
Missing character: There is no 矩 ("77E9) in font nullfont!
Missing character: There is no 阵 ("9635) in font nullfont!
Missing character: There is no 利 ("5229) in font nullfont!
Missing character: There is no 用 ("7528) in font nullfont!
Missing character: There is no 罗 ("7F57) in font nullfont!
Missing character: There is no 德 ("5FB7) in font nullfont!
Missing character: There is no 里 ("91CC) in font nullfont!
Missing character: There is no 格 ("683C) in font nullfont!
Missing character: There is no 斯 ("65AF) in font nullfont!
Missing character: There is no 参 ("53C2) in font nullfont!
Missing character: There is no 数 ("6570) in font nullfont!
Missing character: There is no ， ("FF0C) in font nullfont!
Missing character: There is no 方 ("65B9) in font nullfont!
Missing character: There is no 向 ("5411) in font nullfont!
Missing character: There is no 余 ("4F59) in font nullfont!
Missing character: There is no 弦 ("5F26) in font nullfont!
Missing character: There is no 矩 ("77E9) in font nullfont!
Missing character: There is no 阵 ("9635) in font nullfont!
Missing character: There is no （ ("FF08) in font nullfont!
Missing character: There is no 参 ("53C2) in font nullfont!
Missing character: There is no 见 ("89C1) in font nullfont!
Missing character: There is no 1 ("31) in font nullfont!
Missing character: There is no . ("2E) in font nullfont!
Missing character: There is no 2 ("32) in font nullfont!
Missing character: There is no 节 ("8282) in font nullfont!
Missing character: There is no ） ("FF09) in font nullfont!
Missing character: There is no 可 ("53EF) in font nullfont!
Missing character: There is no 以 ("4EE5) in font nullfont!
Missing character: There is no 写 ("5199) in font nullfont!
Missing character: There is no 成 ("6210) in font nullfont!
Missing character: There is no 下 ("4E0B) in font nullfont!
Missing character: There is no 列 ("5217) in font nullfont!
Missing character: There is no 紧 ("7D27) in font nullfont!
Missing character: There is no 凑 ("51D1) in font nullfont!
Missing character: There is no 的 ("7684) in font nullfont!
Missing character: There is no 形 ("5F62) in font nullfont!
Missing character: There is no 式 ("5F0F) in font nullfont!
Missing character: There is no ： ("FF1A) in font nullfont!

Overfull \hbox (20.0pt too wide) in paragraph at lines 399--401
[]
 []


Overfull \hbox (7.86249pt too wide) in paragraph at lines 399--401
\OML/cmm/m/it/10 C$
 []


Overfull \hbox (7.86249pt too wide) in paragraph at lines 399--401
\OML/cmm/m/it/10 C$
 []


Overfull \hbox (20.0pt too wide) in paragraph at lines 402--402
[] 
 []


./KINEMATICS.tex:404: LaTeX Error: Environment bmatrix undefined.

See the LaTeX manual or LaTeX Companion for explanation.
Type  H <return>  for immediate help.
 ...                                              
                                                  
l.404 \begin{bmatrix}
                     
Your command was ignored.
Type  I <command> <return>  to replace it with another command,
or  <return>  to continue without it.

./KINEMATICS.tex:405: Misplaced alignment tab character &.
l.405 1 + \rho_1^2 - \rho_2^2 - \rho_3^2 &
                                           2(\rho_1\rho_2 - \rho_3) & 2(\rho...
I can't figure out why you would want to use a tab mark
here. If you just want an ampersand, the remedy is
simple: Just type `I\&' now. But if some right brace
up above has ended a previous alignment prematurely,
you're probably due for more error messages, and you
might try typing `S' now just to see what is salvageable.

./KINEMATICS.tex:405: Misplaced alignment tab character &.
l.405 ...2 - \rho_3^2 & 2(\rho_1\rho_2 - \rho_3) &
                                                   2(\rho_3\rho_1 + \rho_2) \\
I can't figure out why you would want to use a tab mark
here. If you just want an ampersand, the remedy is
simple: Just type `I\&' now. But if some right brace
up above has ended a previous alignment prematurely,
you're probably due for more error messages, and you
might try typing `S' now just to see what is salvageable.

./KINEMATICS.tex:406: Misplaced alignment tab character &.
l.406 2(\rho_1\rho_2 + \rho_3) &
                                 1 - \rho_1^2 + \rho_2^2 - \rho_3^2 & 2(\rho...
I can't figure out why you would want to use a tab mark
here. If you just want an ampersand, the remedy is
simple: Just type `I\&' now. But if some right brace
up above has ended a previous alignment prematurely,
you're probably due for more error messages, and you
might try typing `S' now just to see what is salvageable.

./KINEMATICS.tex:406: Misplaced alignment tab character &.
l.406 ...3) & 1 - \rho_1^2 + \rho_2^2 - \rho_3^2 &
                                                   2(\rho_2\rho_3 - \rho_1) \\
I can't figure out why you would want to use a tab mark
here. If you just want an ampersand, the remedy is
simple: Just type `I\&' now. But if some right brace
up above has ended a previous alignment prematurely,
you're probably due for more error messages, and you
might try typing `S' now just to see what is salvageable.

./KINEMATICS.tex:407: Misplaced alignment tab character &.
l.407 2(\rho_3\rho_1 - \rho_2) &
                                 2(\rho_2\rho_3 + \rho_1) & 1 - \rho_1^2 - \...
I can't figure out why you would want to use a tab mark
here. If you just want an ampersand, the remedy is
simple: Just type `I\&' now. But if some right brace
up above has ended a previous alignment prematurely,
you're probably due for more error messages, and you
might try typing `S' now just to see what is salvageable.

./KINEMATICS.tex:407: Misplaced alignment tab character &.
l.407 ..._1 - \rho_2) & 2(\rho_2\rho_3 + \rho_1) &
                                                   1 - \rho_1^2 - \rho_2^2 +...
I can't figure out why you would want to use a tab mark
here. If you just want an ampersand, the remedy is
simple: Just type `I\&' now. But if some right brace
up above has ended a previous alignment prematurely,
you're probably due for more error messages, and you
might try typing `S' now just to see what is salvageable.


./KINEMATICS.tex:408: LaTeX Error: \begin{equation} on input line 402 ended by \end{bmatrix}.

See the LaTeX manual or LaTeX Companion for explanation.
Type  H <return>  for immediate help.
 ...                                              
                                                  
l.408 \end{bmatrix}
                    \tag{4}
Your command was ignored.
Type  I <command> <return>  to replace it with another command,
or  <return>  to continue without it.

./KINEMATICS.tex:408: Undefined control sequence.
l.408 \end{bmatrix} \tag
                        {4}
The control sequence at the end of the top line
of your error message was never \def'ed. If you have
misspelled it (e.g., `\hobx'), type `I' and the correct
spelling (e.g., `I\hbox'). Otherwise just continue,
and I'll forget about whatever was undefined.


Overfull \hbox (568.28453pt too wide) detected at line 409
\OML/cmm/m/it/10 C \OT1/cmr/m/n/10 = []1 + \OML/cmm/m/it/10 ^^Z[] \OMS/cmsy/m/n/10 ^^@ \OML/cmm/m/it/10 ^^Z[] \OMS/cmsy/m/n/10 ^^@ \OML/cmm/m/it/10 ^^Z[]\OT1/cmr/m/n/10 2(\OML/cmm/m/it/10 ^^Z[]^^Z[] \OMS/cmsy/m/n/10 ^^@ \OML/cmm/m/it/10 ^^Z[]\OT1/cmr/m/n/10 )2(\OML/cmm/m/it/10 ^^Z[]^^Z[] \OT1/cmr/m/n/10 + \OML/cmm/m/it/10 ^^Z[]\OT1/cmr/m/n/10 )[] 2(\OML/cmm/m/it/10 ^^Z[]^^Z[] \OT1/cmr/m/n/10 + \OML/cmm/m/it/10 ^^Z[]\OT1/cmr/m/n/10 )1 \OMS/cmsy/m/n/10 ^^@ \OML/cmm/m/it/10 ^^Z[] \OT1/cmr/m/n/10 + \OML/cmm/m/it/10 ^^Z[] \OMS/cmsy/m/n/10 ^^@ \OML/cmm/m/it/10 ^^Z[]\OT1/cmr/m/n/10 2(\OML/cmm/m/it/10 ^^Z[]^^Z[] \OMS/cmsy/m/n/10 ^^@ \OML/cmm/m/it/10 ^^Z[]\OT1/cmr/m/n/10 )[] 2(\OML/cmm/m/it/10 ^^Z[]^^Z[] \OMS/cmsy/m/n/10 ^^@ \OML/cmm/m/it/10 ^^Z[]\OT1/cmr/m/n/10 )2(\OML/cmm/m/it/10 ^^Z[]^^Z[] \OT1/cmr/m/n/10 + \OML/cmm/m/it/10 ^^Z[]\OT1/cmr/m/n/10 )1 \OMS/cmsy/m/n/10 ^^@ \OML/cmm/m/it/10 ^^Z[] \OMS/cmsy/m/n/10 ^^@ \OML/cmm/m/it/10 ^^Z[] \OT1/cmr/m/n/10 + \OML/cmm/m/it/10 ^^Z[]\OT1/cmr/m/n/10 4
 []

./KINEMATICS.tex:411: Undefined control sequence.
l.411 \subsection
                 *{向量关系与罗德里格斯向量表达式}
The control sequence at the end of the top line
of your error message was never \def'ed. If you have
misspelled it (e.g., `\hobx'), type `I' and the correct
spelling (e.g., `I\hbox'). Otherwise just continue,
and I'll forget about whatever was undefined.

Missing character: There is no * ("2A) in font nullfont!
Missing character: There is no 向 ("5411) in font nullfont!
Missing character: There is no 量 ("91CF) in font nullfont!
Missing character: There is no 关 ("5173) in font nullfont!
Missing character: There is no 系 ("7CFB) in font nullfont!
Missing character: There is no 与 ("4E0E) in font nullfont!
Missing character: There is no 罗 ("7F57) in font nullfont!
Missing character: There is no 德 ("5FB7) in font nullfont!
Missing character: There is no 里 ("91CC) in font nullfont!
Missing character: There is no 格 ("683C) in font nullfont!
Missing character: There is no 斯 ("65AF) in font nullfont!
Missing character: There is no 向 ("5411) in font nullfont!
Missing character: There is no 量 ("91CF) in font nullfont!
Missing character: There is no 表 ("8868) in font nullfont!
Missing character: There is no 达 ("8FBE) in font nullfont!
Missing character: There is no 式 ("5F0F) in font nullfont!
Missing character: There is no 罗 ("7F57) in font nullfont!
Missing character: There is no 德 ("5FB7) in font nullfont!
Missing character: There is no 里 ("91CC) in font nullfont!
Missing character: There is no 格 ("683C) in font nullfont!
Missing character: There is no 斯 ("65AF) in font nullfont!
Missing character: There is no 向 ("5411) in font nullfont!
Missing character: There is no 量 ("91CF) in font nullfont!
Missing character: There is no 可 ("53EF) in font nullfont!
Missing character: There is no 用 ("7528) in font nullfont!
Missing character: There is no 于 ("4E8E) in font nullfont!
Missing character: There is no 建 ("5EFA) in font nullfont!
Missing character: There is no 立 ("7ACB) in font nullfont!
Missing character: There is no 1 ("31) in font nullfont!
Missing character: There is no . ("2E) in font nullfont!
Missing character: There is no 1 ("31) in font nullfont!
Missing character: There is no 节 ("8282) in font nullfont!
Missing character: There is no 中 ("4E2D) in font nullfont!
Missing character: There is no 定 ("5B9A) in font nullfont!
Missing character: There is no 义 ("4E49) in font nullfont!
Missing character: There is no 的 ("7684) in font nullfont!
Missing character: There is no 旋 ("65CB) in font nullfont!
Missing character: There is no 转 ("8F6C) in font nullfont!
Missing character: There is no 前 ("524D) in font nullfont!
Missing character: There is no 后 ("540E) in font nullfont!
Missing character: There is no 向 ("5411) in font nullfont!
Missing character: There is no 量 ("91CF) in font nullfont!
Missing character: There is no 和 ("548C) in font nullfont!
Missing character: There is no 的 ("7684) in font nullfont!
Missing character: There is no 差 ("5DEE) in font nullfont!
Missing character: There is no 与 ("4E0E) in font nullfont!
Missing character: There is no 和 ("548C) in font nullfont!
Missing character: There is no 之 ("4E4B) in font nullfont!
Missing character: There is no 间 ("95F4) in font nullfont!
Missing character: There is no 的 ("7684) in font nullfont!
Missing character: There is no 简 ("7B80) in font nullfont!
Missing character: There is no 单 ("5355) in font nullfont!
Missing character: There is no 关 ("5173) in font nullfont!
Missing character: There is no 系 ("7CFB) in font nullfont!
Missing character: There is no ： ("FF1A) in font nullfont!

Overfull \hbox (20.0pt too wide) in paragraph at lines 411--413
[]
 []


Overfull \hbox (5.59023pt too wide) in paragraph at lines 411--413
\OT1/cmr/bx/n/10 a$
 []


Overfull \hbox (6.38885pt too wide) in paragraph at lines 411--413
\OT1/cmr/bx/n/10 b$
 []

./KINEMATICS.tex:414: Undefined control sequence.
l.414 ...athbf{a} + \mathbf{b}) \times \boldsymbol
                                                  {\rho} \tag{5}
The control sequence at the end of the top line
of your error message was never \def'ed. If you have
misspelled it (e.g., `\hobx'), type `I' and the correct
spelling (e.g., `I\hbox'). Otherwise just continue,
and I'll forget about whatever was undefined.

./KINEMATICS.tex:414: Undefined control sequence.
l.414 ...\mathbf{b}) \times \boldsymbol{\rho} \tag
                                                  {5}
The control sequence at the end of the top line
of your error message was never \def'ed. If you have
misspelled it (e.g., `\hobx'), type `I' and the correct
spelling (e.g., `I\hbox'). Otherwise just continue,
and I'll forget about whatever was undefined.


Overfull \hbox (78.57275pt too wide) detected at line 415
\OT1/cmr/bx/n/10 a \OMS/cmsy/m/n/10 ^^@ \OT1/cmr/bx/n/10 b \OT1/cmr/m/n/10 = (\OT1/cmr/bx/n/10 a \OT1/cmr/m/n/10 + \OT1/cmr/bx/n/10 b\OT1/cmr/m/n/10 ) \OMS/cmsy/m/n/10 ^^B \OML/cmm/m/it/10 ^^Z\OT1/cmr/m/n/10 5
 []

Missing character: There is no 该 ("8BE5) in font nullfont!
Missing character: There is no 关 ("5173) in font nullfont!
Missing character: There is no 系 ("7CFB) in font nullfont!
Missing character: There is no 非 ("975E) in font nullfont!
Missing character: There is no 常 ("5E38) in font nullfont!
Missing character: There is no 有 ("6709) in font nullfont!
Missing character: There is no 用 ("7528) in font nullfont!
Missing character: There is no 。 ("3002) in font nullfont!
Missing character: There is no 例 ("4F8B) in font nullfont!
Missing character: There is no 如 ("5982) in font nullfont!
Missing character: There is no ， ("FF0C) in font nullfont!
Missing character: There is no 可 ("53EF) in font nullfont!
Missing character: There is no 用 ("7528) in font nullfont!
Missing character: There is no 它 ("5B83) in font nullfont!
Missing character: There is no 推 ("63A8) in font nullfont!
Missing character: There is no 导 ("5BFC) in font nullfont!
Missing character: There is no 出 ("51FA) in font nullfont!
Missing character: There is no 由 ("7531) in font nullfont!
Missing character: There is no 特 ("7279) in font nullfont!
Missing character: There is no 定 ("5B9A) in font nullfont!
Missing character: There is no 相 ("76F8) in font nullfont!
Missing character: There is no 对 ("5BF9) in font nullfont!
Missing character: There is no 方 ("65B9) in font nullfont!
Missing character: There is no 向 ("5411) in font nullfont!
Missing character: There is no 变 ("53D8) in font nullfont!
Missing character: There is no 化 ("5316) in font nullfont!
Missing character: There is no 产 ("4EA7) in font nullfont!
Missing character: There is no 生 ("751F) in font nullfont!
Missing character: There is no 的 ("7684) in font nullfont!
Missing character: There is no 简 ("7B80) in font nullfont!
Missing character: There is no 单 ("5355) in font nullfont!
Missing character: There is no 旋 ("65CB) in font nullfont!
Missing character: There is no 转 ("8F6C) in font nullfont!
Missing character: There is no 所 ("6240) in font nullfont!
Missing character: There is no 对 ("5BF9) in font nullfont!
Missing character: There is no 应 ("5E94) in font nullfont!
Missing character: There is no 的 ("7684) in font nullfont!
Missing character: There is no 罗 ("7F57) in font nullfont!
Missing character: There is no 德 ("5FB7) in font nullfont!
Missing character: There is no 里 ("91CC) in font nullfont!
Missing character: There is no 格 ("683C) in font nullfont!
Missing character: There is no 斯 ("65AF) in font nullfont!
Missing character: There is no 向 ("5411) in font nullfont!
Missing character: There is no 量 ("91CF) in font nullfont!
Missing character: There is no 表 ("8868) in font nullfont!
Missing character: There is no 达 ("8FBE) in font nullfont!
Missing character: There is no 式 ("5F0F) in font nullfont!
Missing character: There is no ： ("FF1A) in font nullfont!

Overfull \hbox (20.0pt too wide) in paragraph at lines 417--418
[] 
 []

./KINEMATICS.tex:419: Undefined control sequence.
l.419 \boldsymbol
                 {\rho} = \frac{(\boldsymbol{\alpha}_1 - \boldsymbol{\beta}_...
The control sequence at the end of the top line
of your error message was never \def'ed. If you have
misspelled it (e.g., `\hobx'), type `I' and the correct
spelling (e.g., `I\hbox'). Otherwise just continue,
and I'll forget about whatever was undefined.

./KINEMATICS.tex:419: Undefined control sequence.
<argument> (\boldsymbol 
                        {\alpha }_1 - \boldsymbol {\beta }_1) \times (\bolds...
l.419 ...symbol{\alpha}_2 - \boldsymbol{\beta}_2)}
                                                   \tag{6}
The control sequence at the end of the top line
of your error message was never \def'ed. If you have
misspelled it (e.g., `\hobx'), type `I' and the correct
spelling (e.g., `I\hbox'). Otherwise just continue,
and I'll forget about whatever was undefined.

./KINEMATICS.tex:419: Undefined control sequence.
<argument> (\boldsymbol {\alpha }_1 - \boldsymbol 
                                                  {\beta }_1) \times (\bolds...
l.419 ...symbol{\alpha}_2 - \boldsymbol{\beta}_2)}
                                                   \tag{6}
The control sequence at the end of the top line
of your error message was never \def'ed. If you have
misspelled it (e.g., `\hobx'), type `I' and the correct
spelling (e.g., `I\hbox'). Otherwise just continue,
and I'll forget about whatever was undefined.

./KINEMATICS.tex:419: Undefined control sequence.
<argument> ...bol {\beta }_1) \times (\boldsymbol 
                                                  {\alpha }_2 - \boldsymbol ...
l.419 ...symbol{\alpha}_2 - \boldsymbol{\beta}_2)}
                                                   \tag{6}
The control sequence at the end of the top line
of your error message was never \def'ed. If you have
misspelled it (e.g., `\hobx'), type `I' and the correct
spelling (e.g., `I\hbox'). Otherwise just continue,
and I'll forget about whatever was undefined.

./KINEMATICS.tex:419: Undefined control sequence.
<argument> ...oldsymbol {\alpha }_2 - \boldsymbol 
                                                  {\beta }_2)
l.419 ...symbol{\alpha}_2 - \boldsymbol{\beta}_2)}
                                                   \tag{6}
The control sequence at the end of the top line
of your error message was never \def'ed. If you have
misspelled it (e.g., `\hobx'), type `I' and the correct
spelling (e.g., `I\hbox'). Otherwise just continue,
and I'll forget about whatever was undefined.

./KINEMATICS.tex:419: Undefined control sequence.
<argument> (\boldsymbol 
                        {\alpha }_1 + \boldsymbol {\beta }_1) \cdot (\boldsy...
l.419 ...symbol{\alpha}_2 - \boldsymbol{\beta}_2)}
                                                   \tag{6}
The control sequence at the end of the top line
of your error message was never \def'ed. If you have
misspelled it (e.g., `\hobx'), type `I' and the correct
spelling (e.g., `I\hbox'). Otherwise just continue,
and I'll forget about whatever was undefined.

./KINEMATICS.tex:419: Undefined control sequence.
<argument> (\boldsymbol {\alpha }_1 + \boldsymbol 
                                                  {\beta }_1) \cdot (\boldsy...
l.419 ...symbol{\alpha}_2 - \boldsymbol{\beta}_2)}
                                                   \tag{6}
The control sequence at the end of the top line
of your error message was never \def'ed. If you have
misspelled it (e.g., `\hobx'), type `I' and the correct
spelling (e.g., `I\hbox'). Otherwise just continue,
and I'll forget about whatever was undefined.

./KINEMATICS.tex:419: Undefined control sequence.
<argument> ...mbol {\beta }_1) \cdot (\boldsymbol 
                                                  {\alpha }_2 - \boldsymbol ...
l.419 ...symbol{\alpha}_2 - \boldsymbol{\beta}_2)}
                                                   \tag{6}
The control sequence at the end of the top line
of your error message was never \def'ed. If you have
misspelled it (e.g., `\hobx'), type `I' and the correct
spelling (e.g., `I\hbox'). Otherwise just continue,
and I'll forget about whatever was undefined.

./KINEMATICS.tex:419: Undefined control sequence.
<argument> ...oldsymbol {\alpha }_2 - \boldsymbol 
                                                  {\beta }_2)
l.419 ...symbol{\alpha}_2 - \boldsymbol{\beta}_2)}
                                                   \tag{6}
The control sequence at the end of the top line
of your error message was never \def'ed. If you have
misspelled it (e.g., `\hobx'), type `I' and the correct
spelling (e.g., `I\hbox'). Otherwise just continue,
and I'll forget about whatever was undefined.

./KINEMATICS.tex:419: Undefined control sequence.
l.419 ...l{\alpha}_2 - \boldsymbol{\beta}_2)} \tag
                                                  {6}
The control sequence at the end of the top line
of your error message was never \def'ed. If you have
misspelled it (e.g., `\hobx'), type `I' and the correct
spelling (e.g., `I\hbox'). Otherwise just continue,
and I'll forget about whatever was undefined.


Overfull \hbox (120.17645pt too wide) detected at line 420
\OML/cmm/m/it/10 ^^Z \OT1/cmr/m/n/10 = []6
 []

Missing character: There is no 其 ("5176) in font nullfont!
Missing character: There is no 中 ("4E2D) in font nullfont!
Missing character: There is no ， ("FF0C) in font nullfont!
./KINEMATICS.tex:421: Undefined control sequence.
l.421 其中，\(\boldsymbol
                      {\alpha}_i\) 和 \(\boldsymbol{\beta}_i\)（\(i = 1, 2\)）分...
The control sequence at the end of the top line
of your error message was never \def'ed. If you have
misspelled it (e.g., `\hobx'), type `I' and the correct
spelling (e.g., `I\hbox'). Otherwise just continue,
and I'll forget about whatever was undefined.

Missing character: There is no 和 ("548C) in font nullfont!
./KINEMATICS.tex:421: Undefined control sequence.
l.421 其中，\(\boldsymbol{\alpha}_i\) 和 \(\boldsymbol
                                                  {\beta}_i\)（\(i = 1, 2\)）分...
The control sequence at the end of the top line
of your error message was never \def'ed. If you have
misspelled it (e.g., `\hobx'), type `I' and the correct
spelling (e.g., `I\hbox'). Otherwise just continue,
and I'll forget about whatever was undefined.

Missing character: There is no （ ("FF08) in font nullfont!
Missing character: There is no ） ("FF09) in font nullfont!
Missing character: There is no 分 ("5206) in font nullfont!
Missing character: There is no 别 ("522B) in font nullfont!
Missing character: There is no 是 ("662F) in font nullfont!
Missing character: There is no 固 ("56FA) in font nullfont!
Missing character: There is no 定 ("5B9A) in font nullfont!
Missing character: There is no 在 ("5728) in font nullfont!
Missing character: There is no 和 ("548C) in font nullfont!
Missing character: There is no 中 ("4E2D) in font nullfont!
Missing character: There is no 的 ("7684) in font nullfont!
Missing character: There is no 向 ("5411) in font nullfont!
Missing character: There is no 量 ("91CF) in font nullfont!
Missing character: There is no ， ("FF0C) in font nullfont!
Missing character: There is no 且 ("4E14) in font nullfont!
Missing character: There is no 在 ("5728) in font nullfont!
Missing character: There is no 相 ("76F8) in font nullfont!
Missing character: There is no 对 ("5BF9) in font nullfont!
Missing character: There is no 方 ("65B9) in font nullfont!
Missing character: There is no 向 ("5411) in font nullfont!
Missing character: There is no 改 ("6539) in font nullfont!
Missing character: There is no 变 ("53D8) in font nullfont!
Missing character: There is no 前 ("524D) in font nullfont!
Missing character: There is no 满 ("6EE1) in font nullfont!
Missing character: There is no 足 ("8DB3) in font nullfont!
./KINEMATICS.tex:421: Undefined control sequence.
l.421 ...\) 和 \(B\) 中的向量，且在相对方向改变前满足 \(\boldsymbol
                                                  {\alpha}_i = \boldsymbol{\...
The control sequence at the end of the top line
of your error message was never \def'ed. If you have
misspelled it (e.g., `\hobx'), type `I' and the correct
spelling (e.g., `I\hbox'). Otherwise just continue,
and I'll forget about whatever was undefined.

./KINEMATICS.tex:421: Undefined control sequence.
l.421 ...前满足 \(\boldsymbol{\alpha}_i = \boldsymbol
                                                  {\beta}_i\)。
The control sequence at the end of the top line
of your error message was never \def'ed. If you have
misspelled it (e.g., `\hobx'), type `I' and the correct
spelling (e.g., `I\hbox'). Otherwise just continue,
and I'll forget about whatever was undefined.

Missing character: There is no 。 ("3002) in font nullfont!

Overfull \hbox (9.7263pt too wide) in paragraph at lines 420--422
$\OML/cmm/m/it/10 ^^K[]$
 []


Overfull \hbox (22.98618pt too wide) in paragraph at lines 420--422
\OML/cmm/m/it/10 ^^L[]$$i \OT1/cmr/m/n/10 =
 []


Overfull \hbox (14.44444pt too wide) in paragraph at lines 420--422
\OT1/cmr/m/n/10 1\OML/cmm/m/it/10 ; \OT1/cmr/m/n/10 2$
 []


Overfull \hbox (7.50002pt too wide) in paragraph at lines 420--422
\OML/cmm/m/it/10 A$
 []


Overfull \hbox (8.0868pt too wide) in paragraph at lines 420--422
\OML/cmm/m/it/10 B$
 []


Overfull \hbox (20.28181pt too wide) in paragraph at lines 420--422
\OML/cmm/m/it/10 ^^K[] \OT1/cmr/m/n/10 =
 []


Overfull \hbox (8.98553pt too wide) in paragraph at lines 420--422
\OML/cmm/m/it/10 ^^L[]$ 
 []

./KINEMATICS.tex:423: Undefined control sequence.
l.423 \subsection
                 *{由方向余弦求罗德里格斯参数}
The control sequence at the end of the top line
of your error message was never \def'ed. If you have
misspelled it (e.g., `\hobx'), type `I' and the correct
spelling (e.g., `I\hbox'). Otherwise just continue,
and I'll forget about whatever was undefined.

Missing character: There is no * ("2A) in font nullfont!
Missing character: There is no 由 ("7531) in font nullfont!
Missing character: There is no 方 ("65B9) in font nullfont!
Missing character: There is no 向 ("5411) in font nullfont!
Missing character: There is no 余 ("4F59) in font nullfont!
Missing character: There is no 弦 ("5F26) in font nullfont!
Missing character: There is no 求 ("6C42) in font nullfont!
Missing character: There is no 罗 ("7F57) in font nullfont!
Missing character: There is no 德 ("5FB7) in font nullfont!
Missing character: There is no 里 ("91CC) in font nullfont!
Missing character: There is no 格 ("683C) in font nullfont!
Missing character: There is no 斯 ("65AF) in font nullfont!
Missing character: There is no 参 ("53C2) in font nullfont!
Missing character: There is no 数 ("6570) in font nullfont!
Missing character: There is no 反 ("53CD) in font nullfont!
Missing character: There is no 过 ("8FC7) in font nullfont!
Missing character: There is no 来 ("6765) in font nullfont!
Missing character: There is no ， ("FF0C) in font nullfont!
Missing character: There is no 给 ("7ED9) in font nullfont!
Missing character: There is no 定 ("5B9A) in font nullfont!
Missing character: There is no 方 ("65B9) in font nullfont!
Missing character: There is no 向 ("5411) in font nullfont!
Missing character: There is no 余 ("4F59) in font nullfont!
Missing character: There is no 弦 ("5F26) in font nullfont!
Missing character: There is no 矩 ("77E9) in font nullfont!
Missing character: There is no 阵 ("9635) in font nullfont!
Missing character: There is no ， ("FF0C) in font nullfont!
Missing character: There is no 其 ("5176) in font nullfont!
Missing character: There is no 对 ("5BF9) in font nullfont!
Missing character: There is no 应 ("5E94) in font nullfont!
Missing character: There is no 的 ("7684) in font nullfont!
Missing character: There is no 罗 ("7F57) in font nullfont!
Missing character: There is no 德 ("5FB7) in font nullfont!
Missing character: There is no 里 ("91CC) in font nullfont!
Missing character: There is no 格 ("683C) in font nullfont!
Missing character: There is no 斯 ("65AF) in font nullfont!
Missing character: There is no 参 ("53C2) in font nullfont!
Missing character: There is no 数 ("6570) in font nullfont!
Missing character: There is no 可 ("53EF) in font nullfont!
Missing character: There is no 通 ("901A) in font nullfont!
Missing character: There is no 过 ("8FC7) in font nullfont!
Missing character: There is no 下 ("4E0B) in font nullfont!
Missing character: There is no 式 ("5F0F) in font nullfont!
Missing character: There is no 求 ("6C42) in font nullfont!
Missing character: There is no 出 ("51FA) in font nullfont!
Missing character: There is no ： ("FF1A) in font nullfont!

./KINEMATICS.tex:425: LaTeX Error: Environment align undefined.

See the LaTeX manual or LaTeX Companion for explanation.
Type  H <return>  for immediate help.
 ...                                              
                                                  
l.425 \begin{align}
                   
Your command was ignored.
Type  I <command> <return>  to replace it with another command,
or  <return>  to continue without it.

./KINEMATICS.tex:426: Missing $ inserted.
<inserted text> 
                $
l.426 \rho
          _1 &= \frac{C_{32} - C_{23}}{1 + C_{11} + C_{22} + C_{33}} \tag{7} \\
I've inserted a begin-math/end-math symbol since I think
you left one out. Proceed, with fingers crossed.

./KINEMATICS.tex:426: Misplaced alignment tab character &.
l.426 \rho_1 &
              = \frac{C_{32} - C_{23}}{1 + C_{11} + C_{22} + C_{33}} \tag{7} \\
I can't figure out why you would want to use a tab mark
here. If you just want an ampersand, the remedy is
simple: Just type `I\&' now. But if some right brace
up above has ended a previous alignment prematurely,
you're probably due for more error messages, and you
might try typing `S' now just to see what is salvageable.

./KINEMATICS.tex:426: Undefined control sequence.
l.426 ..._{23}}{1 + C_{11} + C_{22} + C_{33}} \tag
                                                  {7} \\
The control sequence at the end of the top line
of your error message was never \def'ed. If you have
misspelled it (e.g., `\hobx'), type `I' and the correct
spelling (e.g., `I\hbox'). Otherwise just continue,
and I'll forget about whatever was undefined.

./KINEMATICS.tex:427: Misplaced alignment tab character &.
l.427 \rho_2 &
              = \frac{C_{13} - C_{31}}{1 + C_{11} + C_{22} + C_{33}} \tag{8} \\
I can't figure out why you would want to use a tab mark
here. If you just want an ampersand, the remedy is
simple: Just type `I\&' now. But if some right brace
up above has ended a previous alignment prematurely,
you're probably due for more error messages, and you
might try typing `S' now just to see what is salvageable.

./KINEMATICS.tex:427: Undefined control sequence.
l.427 ..._{31}}{1 + C_{11} + C_{22} + C_{33}} \tag
                                                  {8} \\
The control sequence at the end of the top line
of your error message was never \def'ed. If you have
misspelled it (e.g., `\hobx'), type `I' and the correct
spelling (e.g., `I\hbox'). Otherwise just continue,
and I'll forget about whatever was undefined.

./KINEMATICS.tex:428: Misplaced alignment tab character &.
l.428 \rho_3 &
              = \frac{C_{21} - C_{12}}{1 + C_{11} + C_{22} + C_{33}} \tag{9}
I can't figure out why you would want to use a tab mark
here. If you just want an ampersand, the remedy is
simple: Just type `I\&' now. But if some right brace
up above has ended a previous alignment prematurely,
you're probably due for more error messages, and you
might try typing `S' now just to see what is salvageable.

./KINEMATICS.tex:428: Undefined control sequence.
l.428 ..._{12}}{1 + C_{11} + C_{22} + C_{33}} \tag
                                                  {9}
The control sequence at the end of the top line
of your error message was never \def'ed. If you have
misspelled it (e.g., `\hobx'), type `I' and the correct
spelling (e.g., `I\hbox'). Otherwise just continue,
and I'll forget about whatever was undefined.


./KINEMATICS.tex:429: LaTeX Error: \begin{document} ended by \end{align}.

See the LaTeX manual or LaTeX Companion for explanation.
Type  H <return>  for immediate help.
 ...                                              
                                                  
l.429 \end{align}
                 
Your command was ignored.
Type  I <command> <return>  to replace it with another command,
or  <return>  to continue without it.

./KINEMATICS.tex:429: Missing $ inserted.
<inserted text> 
                $
l.429 \end{align}
                 
I've inserted something that you may have forgotten.
(See the <inserted text> above.)
With luck, this will get me unwedged. But if you
really didn't forget anything, try typing `2' now; then
my insertion and my current dilemma will both disappear.


Overfull \hbox (20.0pt too wide) in paragraph at lines 423--430
[]
 []


Overfull \hbox (20.21179pt too wide) in paragraph at lines 423--430
\OML/cmm/m/it/10 ^^Z[] \OT1/cmr/m/n/10 =
 []


Overfull \hbox (68.92703pt too wide) in paragraph at lines 423--430
[]\OT1/cmr/m/n/10 7[] 
 []


Overfull \hbox (20.21179pt too wide) in paragraph at lines 423--430
\OML/cmm/m/it/10 ^^Z[] \OT1/cmr/m/n/10 =
 []


Overfull \hbox (68.92703pt too wide) in paragraph at lines 423--430
[]\OT1/cmr/m/n/10 8[] 
 []


Overfull \hbox (20.21179pt too wide) in paragraph at lines 423--430
\OML/cmm/m/it/10 ^^Z[] \OT1/cmr/m/n/10 =
 []


Overfull \hbox (68.92703pt too wide) in paragraph at lines 423--430
[]\OT1/cmr/m/n/10 9$ 
 []

./KINEMATICS.tex:431: Undefined control sequence.
l.431 \subsection
                 *{推导部分 (Derivations)}
The control sequence at the end of the top line
of your error message was never \def'ed. If you have
misspelled it (e.g., `\hobx'), type `I' and the correct
spelling (e.g., `I\hbox'). Otherwise just continue,
and I'll forget about whatever was undefined.

Missing character: There is no * ("2A) in font nullfont!
Missing character: There is no 推 ("63A8) in font nullfont!
Missing character: There is no 导 ("5BFC) in font nullfont!
Missing character: There is no 部 ("90E8) in font nullfont!
Missing character: There is no 分 ("5206) in font nullfont!
Missing character: There is no ( ("28) in font nullfont!
Missing character: There is no D ("44) in font nullfont!
Missing character: There is no e ("65) in font nullfont!
Missing character: There is no r ("72) in font nullfont!
Missing character: There is no i ("69) in font nullfont!
Missing character: There is no v ("76) in font nullfont!
Missing character: There is no a ("61) in font nullfont!
Missing character: There is no t ("74) in font nullfont!
Missing character: There is no i ("69) in font nullfont!
Missing character: There is no o ("6F) in font nullfont!
Missing character: There is no n ("6E) in font nullfont!
Missing character: There is no s ("73) in font nullfont!
Missing character: There is no ) ("29) in font nullfont!

Overfull \hbox (20.0pt too wide) in paragraph at lines 431--432
[] 
 []

Missing character: There is no 式 (U+5F0F) in font [lmroman10-bold]:mapping=tex-text;!
Missing character: There is no 的 (U+7684) in font [lmroman10-bold]:mapping=tex-text;!
Missing character: There is no 证 (U+8BC1) in font [lmroman10-bold]:mapping=tex-text;!
Missing character: There is no 明 (U+660E) in font [lmroman10-bold]:mapping=tex-text;!
Missing character: There is no ： ("FF1A) in font nullfont!
Missing character: There is no 由 ("7531) in font nullfont!
Missing character: There is no 式 ("5F0F) in font nullfont!
Missing character: There is no ( ("28) in font nullfont!
Missing character: There is no 1 ("31) in font nullfont!
Missing character: There is no ) ("29) in font nullfont!
Missing character: There is no 和 ("548C) in font nullfont!
Missing character: There is no 式 ("5F0F) in font nullfont!
Missing character: There is no ( ("28) in font nullfont!
Missing character: There is no 1 ("31) in font nullfont!
Missing character: There is no . ("2E) in font nullfont!
Missing character: There is no 2 ("32) in font nullfont!
Missing character: There is no . ("2E) in font nullfont!
Missing character: There is no 2 ("32) in font nullfont!
Missing character: There is no 2 ("32) in font nullfont!
Missing character: There is no ) ("29) in font nullfont!
Missing character: There is no 成 ("6210) in font nullfont!
Missing character: There is no 立 ("7ACB) in font nullfont!
Missing character: There is no 。 ("3002) in font nullfont!

Overfull \hbox (2.8pt too wide) in paragraph at lines 433--434
\TU/lmr/bx/n/10 式
 []


Overfull \hbox (14.69pt too wide) in paragraph at lines 433--434
\TU/lmr/bx/n/10 (2)
 []


Overfull \hbox (8.4pt too wide) in paragraph at lines 433--434
\TU/lmr/bx/n/10 的证明
 []

Missing character: There is no 式 (U+5F0F) in font [lmroman10-bold]:mapping=tex-text;!
Missing character: There is no 的 (U+7684) in font [lmroman10-bold]:mapping=tex-text;!
Missing character: There is no 证 (U+8BC1) in font [lmroman10-bold]:mapping=tex-text;!
Missing character: There is no 明 (U+660E) in font [lmroman10-bold]:mapping=tex-text;!
Missing character: There is no ： ("FF1A) in font nullfont!
Missing character: There is no 因 ("56E0) in font nullfont!
Missing character: There is no 为 ("4E3A) in font nullfont!
./KINEMATICS.tex:434: Undefined control sequence.
<argument> \boldsymbol 
                       {\epsilon }
l.434 ...(\frac{\boldsymbol{\epsilon}}{\epsilon_4}
                                                   = \boldsymbol{\lambda} \t...
The control sequence at the end of the top line
of your error message was never \def'ed. If you have
misspelled it (e.g., `\hobx'), type `I' and the correct
spelling (e.g., `I\hbox'). Otherwise just continue,
and I'll forget about whatever was undefined.

./KINEMATICS.tex:434: Undefined control sequence.
l.434 ...mbol{\epsilon}}{\epsilon_4} = \boldsymbol
                                                  {\lambda} \tan \frac{\thet...
The control sequence at the end of the top line
of your error message was never \def'ed. If you have
misspelled it (e.g., `\hobx'), type `I' and the correct
spelling (e.g., `I\hbox'). Otherwise just continue,
and I'll forget about whatever was undefined.

./KINEMATICS.tex:434: Undefined control sequence.
l.434 ...mbda} \tan \frac{\theta}{2} = \boldsymbol
                                                  {\rho}\)，所以 \(\rho_i = \fr...
The control sequence at the end of the top line
of your error message was never \def'ed. If you have
misspelled it (e.g., `\hobx'), type `I' and the correct
spelling (e.g., `I\hbox'). Otherwise just continue,
and I'll forget about whatever was undefined.

Missing character: There is no ， ("FF0C) in font nullfont!
Missing character: There is no 所 ("6240) in font nullfont!
Missing character: There is no 以 ("4EE5) in font nullfont!
./KINEMATICS.tex:434: Undefined control sequence.
<argument> \boldsymbol 
                       {\epsilon } \cdot \mathbf {a}_i
l.434 ...\epsilon} \cdot \mathbf{a}_i}{\epsilon_4}
                                                   = \frac{\epsilon_i}{\epsi...
The control sequence at the end of the top line
of your error message was never \def'ed. If you have
misspelled it (e.g., `\hobx'), type `I' and the correct
spelling (e.g., `I\hbox'). Otherwise just continue,
and I'll forget about whatever was undefined.

Missing character: There is no 。 ("3002) in font nullfont!

Overfull \hbox (2.8pt too wide) in paragraph at lines 434--435
\TU/lmr/bx/n/10 式
 []


Overfull \hbox (14.69pt too wide) in paragraph at lines 434--435
\TU/lmr/bx/n/10 (3)
 []


Overfull \hbox (8.4pt too wide) in paragraph at lines 434--435
\TU/lmr/bx/n/10 的证明
 []


Overfull \hbox (20.19133pt too wide) in paragraph at lines 434--435
[] \OT1/cmr/m/n/10 =
 []


Overfull \hbox (40.59088pt too wide) in paragraph at lines 434--435
\OML/cmm/m/it/10 ^^U [] [] \OT1/cmr/m/n/10 =
 []


Overfull \hbox (5.17015pt too wide) in paragraph at lines 434--435
\OML/cmm/m/it/10 ^^Z$
 []


Overfull \hbox (19.05495pt too wide) in paragraph at lines 434--435
\OML/cmm/m/it/10 ^^Z[] \OT1/cmr/m/n/10 =
 []


Overfull \hbox (26.23758pt too wide) in paragraph at lines 434--435
[] \OT1/cmr/m/n/10 =
 []


Overfull \hbox (9.63582pt too wide) in paragraph at lines 434--435
[]$ 
 []

Missing character: There is no 方 (U+65B9) in font [lmroman10-bold]:mapping=tex-text;!
Missing character: There is no 向 (U+5411) in font [lmroman10-bold]:mapping=tex-text;!
Missing character: There is no 余 (U+4F59) in font [lmroman10-bold]:mapping=tex-text;!
Missing character: There is no 弦 (U+5F26) in font [lmroman10-bold]:mapping=tex-text;!
Missing character: There is no 矩 (U+77E9) in font [lmroman10-bold]:mapping=tex-text;!
Missing character: There is no 阵 (U+9635) in font [lmroman10-bold]:mapping=tex-text;!
Missing character: There is no 的 (U+7684) in font [lmroman10-bold]:mapping=tex-text;!
Missing character: There is no 推 (U+63A8) in font [lmroman10-bold]:mapping=tex-text;!
Missing character: There is no 导 (U+5BFC) in font [lmroman10-bold]:mapping=tex-text;!
Missing character: There is no ： ("FF1A) in font nullfont!
Missing character: There is no 由 ("7531) in font nullfont!
Missing character: There is no 欧 ("6B27) in font nullfont!
Missing character: There is no 拉 ("62C9) in font nullfont!
Missing character: There is no 参 ("53C2) in font nullfont!
Missing character: There is no 数 ("6570) in font nullfont!
Missing character: There is no 平 ("5E73) in font nullfont!
Missing character: There is no 方 ("65B9) in font nullfont!
Missing character: There is no 和 ("548C) in font nullfont!
Missing character: There is no 为 ("4E3A) in font nullfont!
Missing character: There is no 1 ("31) in font nullfont!
Missing character: There is no 的 ("7684) in font nullfont!
Missing character: There is no 性 ("6027) in font nullfont!
Missing character: There is no 质 ("8D28) in font nullfont!
Missing character: There is no 得 ("5F97) in font nullfont!
Missing character: There is no 到 ("5230) in font nullfont!
Missing character: There is no 的 ("7684) in font nullfont!
Missing character: There is no 表 ("8868) in font nullfont!
Missing character: There is no 达 ("8FBE) in font nullfont!
Missing character: There is no 式 ("5F0F) in font nullfont!
Missing character: There is no ， ("FF0C) in font nullfont!
Missing character: There is no 并 ("5E76) in font nullfont!
Missing character: There is no 结 ("7ED3) in font nullfont!
Missing character: There is no 合 ("5408) in font nullfont!
Missing character: There is no 欧 ("6B27) in font nullfont!
Missing character: There is no 拉 ("62C9) in font nullfont!
Missing character: There is no 参 ("53C2) in font nullfont!
Missing character: There is no 数 ("6570) in font nullfont!
Missing character: There is no 表 ("8868) in font nullfont!
Missing character: There is no 示 ("793A) in font nullfont!
Missing character: There is no 的 ("7684) in font nullfont!
Missing character: There is no 方 ("65B9) in font nullfont!
Missing character: There is no 向 ("5411) in font nullfont!
Missing character: There is no 余 ("4F59) in font nullfont!
Missing character: There is no 弦 ("5F26) in font nullfont!
Missing character: There is no 矩 ("77E9) in font nullfont!
Missing character: There is no 阵 ("9635) in font nullfont!
Missing character: There is no （ ("FF08) in font nullfont!
Missing character: There is no 式 ("5F0F) in font nullfont!
Missing character: There is no 1 ("31) in font nullfont!
Missing character: There is no . ("2E) in font nullfont!
Missing character: There is no 3 ("33) in font nullfont!
Missing character: There is no . ("2E) in font nullfont!
Missing character: There is no 6 ("36) in font nullfont!
Missing character: There is no - ("2D) in font nullfont!
Missing character: There is no 1 ("31) in font nullfont!
Missing character: There is no . ("2E) in font nullfont!
Missing character: There is no 3 ("33) in font nullfont!
Missing character: There is no . ("2E) in font nullfont!
Missing character: There is no 1 ("31) in font nullfont!
Missing character: There is no 4 ("34) in font nullfont!
Missing character: There is no ） ("FF09) in font nullfont!
Missing character: There is no ， ("FF0C) in font nullfont!
Missing character: There is no 可 ("53EF) in font nullfont!
Missing character: There is no 推 ("63A8) in font nullfont!
Missing character: There is no 得 ("5F97) in font nullfont!
Missing character: There is no 式 ("5F0F) in font nullfont!
Missing character: There is no ( ("28) in font nullfont!
Missing character: There is no 4 ("34) in font nullfont!
Missing character: There is no ) ("29) in font nullfont!
Missing character: There is no 。 ("3002) in font nullfont!

Overfull \hbox (25.2pt too wide) in paragraph at lines 435--436
\TU/lmr/bx/n/10 方向余弦矩阵的推导
 []


Overfull \hbox (18.33331pt too wide) in paragraph at lines 435--436
\OT1/cmr/m/n/10 [1 =
 []


Overfull \hbox (21.32298pt too wide) in paragraph at lines 435--436
\OT1/cmr/m/n/10 (\OML/cmm/m/it/10 ^^Z[] \OT1/cmr/m/n/10 +
 []


Overfull \hbox (17.43408pt too wide) in paragraph at lines 435--436
\OML/cmm/m/it/10 ^^Z[] \OT1/cmr/m/n/10 +
 []


Overfull \hbox (17.43408pt too wide) in paragraph at lines 435--436
\OML/cmm/m/it/10 ^^Z[] \OT1/cmr/m/n/10 +
 []


Overfull \hbox (20.21187pt too wide) in paragraph at lines 435--436
\OT1/cmr/m/n/10 1)\OML/cmm/m/it/10 ^^O[]\OT1/cmr/m/n/10 ]$
 []


Overfull \hbox (8.54517pt too wide) in paragraph at lines 435--436
\OML/cmm/m/it/10 ^^O[]$
 []

Missing character: There is no 向 (U+5411) in font [lmroman10-bold]:mapping=tex-text;!
Missing character: There is no 量 (U+91CF) in font [lmroman10-bold]:mapping=tex-text;!
Missing character: There is no 关 (U+5173) in font [lmroman10-bold]:mapping=tex-text;!
Missing character: There is no 系 (U+7CFB) in font [lmroman10-bold]:mapping=tex-text;!
Missing character: There is no 式 (U+5F0F) in font [lmroman10-bold]:mapping=tex-text;!
Missing character: There is no 的 (U+7684) in font [lmroman10-bold]:mapping=tex-text;!
Missing character: There is no 证 (U+8BC1) in font [lmroman10-bold]:mapping=tex-text;!
Missing character: There is no 明 (U+660E) in font [lmroman10-bold]:mapping=tex-text;!
Missing character: There is no ： ("FF1A) in font nullfont!
Missing character: There is no 对 ("5BF9) in font nullfont!
Missing character: There is no 式 ("5F0F) in font nullfont!
Missing character: There is no ( ("28) in font nullfont!
Missing character: There is no 1 ("31) in font nullfont!
Missing character: There is no . ("2E) in font nullfont!
Missing character: There is no 3 ("33) in font nullfont!
Missing character: There is no . ("2E) in font nullfont!
Missing character: There is no 2 ("32) in font nullfont!
Missing character: There is no 1 ("31) in font nullfont!
Missing character: There is no ) ("29) in font nullfont!
Missing character: There is no 两 ("4E24) in font nullfont!
Missing character: There is no 边 ("8FB9) in font nullfont!
Missing character: There is no 叉 ("53C9) in font nullfont!
Missing character: There is no 乘 ("4E58) in font nullfont!
./KINEMATICS.tex:436: Undefined control sequence.
l.436 ...式 (5) 的证明}：对式 (1.3.21) 两边叉乘 \(\boldsymbol
                                                  {\epsilon}\) 并利用向量三重积恒等式化简...
The control sequence at the end of the top line
of your error message was never \def'ed. If you have
misspelled it (e.g., `\hobx'), type `I' and the correct
spelling (e.g., `I\hbox'). Otherwise just continue,
and I'll forget about whatever was undefined.

Missing character: There is no 并 ("5E76) in font nullfont!
Missing character: There is no 利 ("5229) in font nullfont!
Missing character: There is no 用 ("7528) in font nullfont!
Missing character: There is no 向 ("5411) in font nullfont!
Missing character: There is no 量 ("91CF) in font nullfont!
Missing character: There is no 三 ("4E09) in font nullfont!
Missing character: There is no 重 ("91CD) in font nullfont!
Missing character: There is no 积 ("79EF) in font nullfont!
Missing character: There is no 恒 ("6052) in font nullfont!
Missing character: There is no 等 ("7B49) in font nullfont!
Missing character: There is no 式 ("5F0F) in font nullfont!
Missing character: There is no 化 ("5316) in font nullfont!
Missing character: There is no 简 ("7B80) in font nullfont!
Missing character: There is no ， ("FF0C) in font nullfont!
Missing character: There is no 最 ("6700) in font nullfont!
Missing character: There is no 终 ("7EC8) in font nullfont!
Missing character: There is no 得 ("5F97) in font nullfont!
Missing character: There is no 到 ("5230) in font nullfont!
./KINEMATICS.tex:436: Undefined control sequence.
<argument> \boldsymbol 
                       {\epsilon }
l.436 ... \frac{\boldsymbol{\epsilon}}{\epsilon_4}
                                                   = (\mathbf{a} + \mathbf{b...
The control sequence at the end of the top line
of your error message was never \def'ed. If you have
misspelled it (e.g., `\hobx'), type `I' and the correct
spelling (e.g., `I\hbox'). Otherwise just continue,
and I'll forget about whatever was undefined.

./KINEMATICS.tex:436: Undefined control sequence.
l.436 ...athbf{a} + \mathbf{b}) \times \boldsymbol
                                                  {\rho}\)。
The control sequence at the end of the top line
of your error message was never \def'ed. If you have
misspelled it (e.g., `\hobx'), type `I' and the correct
spelling (e.g., `I\hbox'). Otherwise just continue,
and I'll forget about whatever was undefined.

Missing character: There is no 。 ("3002) in font nullfont!

Overfull \hbox (14.0pt too wide) in paragraph at lines 436--437
\TU/lmr/bx/n/10 向量关系式
 []


Overfull \hbox (14.69pt too wide) in paragraph at lines 436--437
\TU/lmr/bx/n/10 (5)
 []


Overfull \hbox (8.4pt too wide) in paragraph at lines 436--437
\TU/lmr/bx/n/10 的证明
 []


Overfull \hbox (4.05904pt too wide) in paragraph at lines 436--437
\OML/cmm/m/it/10 ^^O$
 []


Overfull \hbox (13.36803pt too wide) in paragraph at lines 436--437
\OT1/cmr/bx/n/10 a \OMS/cmsy/m/n/10 ^^@
 []


Overfull \hbox (16.94437pt too wide) in paragraph at lines 436--437
\OT1/cmr/bx/n/10 b \OT1/cmr/m/n/10 =
 []


Overfull \hbox (17.25693pt too wide) in paragraph at lines 436--437
\OT1/cmr/m/n/10 (\OT1/cmr/bx/n/10 a \OT1/cmr/m/n/10 +
 []


Overfull \hbox (18.05556pt too wide) in paragraph at lines 436--437
\OT1/cmr/bx/n/10 b\OT1/cmr/m/n/10 ) \OMS/cmsy/m/n/10 ^^B
 []


Overfull \hbox (20.19133pt too wide) in paragraph at lines 436--437
[] \OT1/cmr/m/n/10 =
 []


Overfull \hbox (17.25693pt too wide) in paragraph at lines 436--437
\OT1/cmr/m/n/10 (\OT1/cmr/bx/n/10 a \OT1/cmr/m/n/10 +
 []


Overfull \hbox (18.05556pt too wide) in paragraph at lines 436--437
\OT1/cmr/bx/n/10 b\OT1/cmr/m/n/10 ) \OMS/cmsy/m/n/10 ^^B
 []


Overfull \hbox (5.17015pt too wide) in paragraph at lines 436--437
\OML/cmm/m/it/10 ^^Z$ 
 []

Missing character: There is no 式 (U+5F0F) in font [lmroman10-bold]:mapping=tex-text;!
Missing character: There is no 的 (U+7684) in font [lmroman10-bold]:mapping=tex-text;!
Missing character: There is no 证 (U+8BC1) in font [lmroman10-bold]:mapping=tex-text;!
Missing character: There is no 明 (U+660E) in font [lmroman10-bold]:mapping=tex-text;!
Missing character: There is no ： ("FF1A) in font nullfont!
Missing character: There is no 利 ("5229) in font nullfont!
Missing character: There is no 用 ("7528) in font nullfont!
Missing character: There is no 上 ("4E0A) in font nullfont!
Missing character: There is no 述 ("8FF0) in font nullfont!
Missing character: There is no 向 ("5411) in font nullfont!
Missing character: There is no 量 ("91CF) in font nullfont!
Missing character: There is no 关 ("5173) in font nullfont!
Missing character: There is no 系 ("7CFB) in font nullfont!
Missing character: There is no 进 ("8FDB) in font nullfont!
Missing character: There is no 行 ("884C) in font nullfont!
Missing character: There is no 叉 ("53C9) in font nullfont!
Missing character: There is no 积 ("79EF) in font nullfont!
Missing character: There is no 运 ("8FD0) in font nullfont!
Missing character: There is no 算 ("7B97) in font nullfont!
Missing character: There is no ， ("FF0C) in font nullfont!
Missing character: There is no 并 ("5E76) in font nullfont!
Missing character: There is no 结 ("7ED3) in font nullfont!
Missing character: There is no 合 ("5408) in font nullfont!
Missing character: There is no 即 ("5373) in font nullfont!
Missing character: There is no 可 ("53EF) in font nullfont!
Missing character: There is no 得 ("5F97) in font nullfont!
Missing character: There is no 到 ("5230) in font nullfont!
Missing character: There is no 。 ("3002) in font nullfont!

Overfull \hbox (2.8pt too wide) in paragraph at lines 437--438
\TU/lmr/bx/n/10 式
 []


Overfull \hbox (18.52pt too wide) in paragraph at lines 437--438
\TU/lmr/bx/n/10 (6)-
 []


Overfull \hbox (14.69pt too wide) in paragraph at lines 437--438
\TU/lmr/bx/n/10 (9)
 []


Overfull \hbox (8.4pt too wide) in paragraph at lines 437--438
\TU/lmr/bx/n/10 的证明
 []


Overfull \hbox (20.21179pt too wide) in paragraph at lines 437--438
\OML/cmm/m/it/10 ^^Z[] \OT1/cmr/m/n/10 =
 []


Overfull \hbox (20.19133pt too wide) in paragraph at lines 437--438
[] \OT1/cmr/m/n/10 =
 []


Overfull \hbox (45.28828pt too wide) in paragraph at lines 437--438
[] \OT1/cmr/m/n/10 =
 []


Overfull \hbox (63.92702pt too wide) in paragraph at lines 437--438
[]$ 
 []

./KINEMATICS.tex:440: Undefined control sequence.
l.440 \subsection
                 *{例题}
The control sequence at the end of the top line
of your error message was never \def'ed. If you have
misspelled it (e.g., `\hobx'), type `I' and the correct
spelling (e.g., `I\hbox'). Otherwise just continue,
and I'll forget about whatever was undefined.

Missing character: There is no * ("2A) in font nullfont!
Missing character: There is no 例 ("4F8B) in font nullfont!
Missing character: There is no 题 ("9898) in font nullfont!
Missing character: There is no 重 ("91CD) in font nullfont!
Missing character: There is no 新 ("65B0) in font nullfont!
Missing character: There is no 考 ("8003) in font nullfont!
Missing character: There is no 察 ("5BDF) in font nullfont!
Missing character: There is no 图 ("56FE) in font nullfont!
Missing character: There is no 1 ("31) in font nullfont!
Missing character: There is no . ("2E) in font nullfont!
Missing character: There is no 4 ("34) in font nullfont!
Missing character: There is no . ("2E) in font nullfont!
Missing character: There is no 1 ("31) in font nullfont!
Missing character: There is no 中 ("4E2D) in font nullfont!
Missing character: There is no 的 ("7684) in font nullfont!
Missing character: There is no 刚 ("521A) in font nullfont!
Missing character: There is no 体 ("4F53) in font nullfont!
Missing character: There is no （ ("FF08) in font nullfont!
Missing character: There is no 与 ("4E0E) in font nullfont!
Missing character: There is no 1 ("31) in font nullfont!
Missing character: There is no . ("2E) in font nullfont!
Missing character: There is no 1 ("31) in font nullfont!
Missing character: There is no 节 ("8282) in font nullfont!
Missing character: There is no 示 ("793A) in font nullfont!
Missing character: There is no 例 ("4F8B) in font nullfont!
Missing character: There is no 中 ("4E2D) in font nullfont!
Missing character: There is no 为 ("4E3A) in font nullfont!
Missing character: There is no 同 ("540C) in font nullfont!
Missing character: There is no 一 ("4E00) in font nullfont!
Missing character: There is no 刚 ("521A) in font nullfont!
Missing character: There is no 体 ("4F53) in font nullfont!
Missing character: There is no ） ("FF09) in font nullfont!
Missing character: There is no 。 ("3002) in font nullfont!
Missing character: There is no 假 ("5047) in font nullfont!
Missing character: There is no 设 ("8BBE) in font nullfont!
Missing character: There is no 相 ("76F8) in font nullfont!
Missing character: There is no 对 ("5BF9) in font nullfont!
Missing character: There is no 参 ("53C2) in font nullfont!
Missing character: There is no 考 ("8003) in font nullfont!
Missing character: There is no 系 ("7CFB) in font nullfont!
Missing character: There is no 绕 ("7ED5) in font nullfont!
Missing character: There is no 平 ("5E73) in font nullfont!
Missing character: There is no 行 ("884C) in font nullfont!
Missing character: There is no 于 ("4E8E) in font nullfont!
Missing character: There is no 单 ("5355) in font nullfont!
Missing character: There is no 位 ("4F4D) in font nullfont!
Missing character: There is no 向 ("5411) in font nullfont!
Missing character: There is no 量 ("91CF) in font nullfont!
./KINEMATICS.tex:441: Undefined control sequence.
l.441 ... \(B\) 相对参考系 \(A\) 绕平行于单位向量 \(\boldsymbol
                                                  {\lambda}\) 的轴发生了一次 \textb...
The control sequence at the end of the top line
of your error message was never \def'ed. If you have
misspelled it (e.g., `\hobx'), type `I' and the correct
spelling (e.g., `I\hbox'). Otherwise just continue,
and I'll forget about whatever was undefined.

Missing character: There is no 的 ("7684) in font nullfont!
Missing character: There is no 轴 ("8F74) in font nullfont!
Missing character: There is no 发 ("53D1) in font nullfont!
Missing character: There is no 生 ("751F) in font nullfont!
Missing character: There is no 了 ("4E86) in font nullfont!
Missing character: There is no 一 ("4E00) in font nullfont!
Missing character: There is no 次 ("6B21) in font nullfont!
Missing character: There is no 的 ("7684) in font nullfont!
Missing character: There is no 旋 ("65CB) in font nullfont!
Missing character: There is no 转 ("8F6C) in font nullfont!
Missing character: There is no 。 ("3002) in font nullfont!
Missing character: There is no 求 ("6C42) in font nullfont!
Missing character: There is no 旋 ("65CB) in font nullfont!
Missing character: There is no 转 ("8F6C) in font nullfont!
Missing character: There is no 后 ("540E) in font nullfont!
Missing character: There is no 的 ("7684) in font nullfont!
Missing character: There is no 方 ("65B9) in font nullfont!
Missing character: There is no 向 ("5411) in font nullfont!
Missing character: There is no 余 ("4F59) in font nullfont!
Missing character: There is no 弦 ("5F26) in font nullfont!
Missing character: There is no 矩 ("77E9) in font nullfont!
Missing character: There is no 阵 ("9635) in font nullfont!
Missing character: There is no 。 ("3002) in font nullfont!

Overfull \hbox (20.0pt too wide) in paragraph at lines 440--442
[]
 []


Overfull \hbox (8.0868pt too wide) in paragraph at lines 440--442
\OML/cmm/m/it/10 B$
 []


Overfull \hbox (8.0868pt too wide) in paragraph at lines 440--442
\OML/cmm/m/it/10 B$
 []


Overfull \hbox (7.50002pt too wide) in paragraph at lines 440--442
\OML/cmm/m/it/10 A$
 []


Overfull \hbox (5.83336pt too wide) in paragraph at lines 440--442
\OML/cmm/m/it/10 ^^U$
 []


Overfull \hbox (21.56pt too wide) in paragraph at lines 440--442
\TU/lmr/bx/n/10 180°
 []


Overfull \hbox (7.86249pt too wide) in paragraph at lines 440--442
\OML/cmm/m/it/10 C$ 
 []

Missing character: There is no 分 (U+5206) in font [lmroman10-bold]:mapping=tex-text;!
Missing character: There is no 析 (U+6790) in font [lmroman10-bold]:mapping=tex-text;!
Missing character: There is no ： ("FF1A) in font nullfont!
Missing character: There is no 当 ("5F53) in font nullfont!
Missing character: There is no 旋 ("65CB) in font nullfont!
Missing character: There is no 转 ("8F6C) in font nullfont!
Missing character: There is no 角 ("89D2) in font nullfont!
Missing character: There is no 度 ("5EA6) in font nullfont!
Missing character: There is no 时 ("65F6) in font nullfont!
Missing character: There is no ， ("FF0C) in font nullfont!
Missing character: There is no 由 ("7531) in font nullfont!
Missing character: There is no 式 ("5F0F) in font nullfont!
Missing character: There is no ( ("28) in font nullfont!
Missing character: There is no 1 ("31) in font nullfont!
Missing character: There is no ) ("29) in font nullfont!
Missing character: There is no 可 ("53EF) in font nullfont!
Missing character: There is no 知 ("77E5) in font nullfont!
Missing character: There is no ， ("FF0C) in font nullfont!
Missing character: There is no 罗 ("7F57) in font nullfont!
Missing character: There is no 德 ("5FB7) in font nullfont!
Missing character: There is no 里 ("91CC) in font nullfont!
Missing character: There is no 格 ("683C) in font nullfont!
Missing character: There is no 斯 ("65AF) in font nullfont!
Missing character: There is no 向 ("5411) in font nullfont!
Missing character: There is no 量 ("91CF) in font nullfont!
Missing character: There is no 的 ("7684) in font nullfont!
Missing character: There is no 模 ("6A21) in font nullfont!
Missing character: There is no 为 ("4E3A) in font nullfont!
Missing character: There is no 无 ("65E0) in font nullfont!
Missing character: There is no 穷 ("7A77) in font nullfont!
Missing character: There is no 大 ("5927) in font nullfont!
Missing character: There is no 。 ("3002) in font nullfont!
Missing character: There is no 因 ("56E0) in font nullfont!
Missing character: There is no 此 ("6B64) in font nullfont!
Missing character: There is no ， ("FF0C) in font nullfont!
Missing character: There is no 式 ("5F0F) in font nullfont!
Missing character: There is no ( ("28) in font nullfont!
Missing character: There is no 2 ("32) in font nullfont!
Missing character: There is no ) ("29) in font nullfont!
Missing character: There is no 和 ("548C) in font nullfont!
Missing character: There is no ( ("28) in font nullfont!
Missing character: There is no 4 ("34) in font nullfont!
Missing character: There is no ) ("29) in font nullfont!
Missing character: There is no 将 ("5C06) in font nullfont!
Missing character: There is no 产 ("4EA7) in font nullfont!
Missing character: There is no 生 ("751F) in font nullfont!
Missing character: There is no 不 ("4E0D) in font nullfont!
Missing character: There is no 定 ("5B9A) in font nullfont!
Missing character: There is no 式 ("5F0F) in font nullfont!
Missing character: There is no 。 ("3002) in font nullfont!
Missing character: There is no 为 ("4E3A) in font nullfont!
Missing character: There is no 了 ("4E86) in font nullfont!
Missing character: There is no 求 ("6C42) in font nullfont!
Missing character: There is no 这 ("8FD9) in font nullfont!
Missing character: There is no 个 ("4E2A) in font nullfont!
Missing character: There is no 不 ("4E0D) in font nullfont!
Missing character: There is no 定 ("5B9A) in font nullfont!
Missing character: There is no 式 ("5F0F) in font nullfont!
Missing character: There is no 的 ("7684) in font nullfont!
Missing character: There is no 值 ("503C) in font nullfont!
Missing character: There is no ， ("FF0C) in font nullfont!
Missing character: There is no 可 ("53EF) in font nullfont!
Missing character: There is no 以 ("4EE5) in font nullfont!
Missing character: There is no 使 ("4F7F) in font nullfont!
Missing character: There is no 用 ("7528) in font nullfont!
Missing character: There is no 欧 ("6B27) in font nullfont!
Missing character: There is no 拉 ("62C9) in font nullfont!
Missing character: There is no 参 ("53C2) in font nullfont!
Missing character: There is no 数 ("6570) in font nullfont!
Missing character: There is no 来 ("6765) in font nullfont!
Missing character: There is no 替 ("66FF) in font nullfont!
Missing character: There is no 代 ("4EE3) in font nullfont!
Missing character: There is no ： ("FF1A) in font nullfont!
Missing character: There is no 利 ("5229) in font nullfont!
Missing character: There is no 用 ("7528) in font nullfont!
Missing character: There is no 式 ("5F0F) in font nullfont!
Missing character: There is no ( ("28) in font nullfont!
Missing character: There is no 1 ("31) in font nullfont!
Missing character: There is no . ("2E) in font nullfont!
Missing character: There is no 3 ("33) in font nullfont!
Missing character: There is no . ("2E) in font nullfont!
Missing character: There is no 6 ("36) in font nullfont!
Missing character: There is no ) ("29) in font nullfont!
Missing character: There is no - ("2D) in font nullfont!
Missing character: There is no ( ("28) in font nullfont!
Missing character: There is no 1 ("31) in font nullfont!
Missing character: There is no . ("2E) in font nullfont!
Missing character: There is no 3 ("33) in font nullfont!
Missing character: There is no . ("2E) in font nullfont!
Missing character: There is no 1 ("31) in font nullfont!
Missing character: There is no 4 ("34) in font nullfont!
Missing character: There is no ) ("29) in font nullfont!
Missing character: There is no 求 ("6C42) in font nullfont!
Missing character: There is no 。 ("3002) in font nullfont!

Overfull \hbox (5.6pt too wide) in paragraph at lines 443--445
\TU/lmr/bx/n/10 分析
 []


Overfull \hbox (15.52774pt too wide) in paragraph at lines 443--445
\OML/cmm/m/it/10 ^^R \OT1/cmr/m/n/10 =
 []


Overfull \hbox (6.05905pt too wide) in paragraph at lines 443--445
\OML/cmm/m/it/10 ^^Y$
 []


Overfull \hbox (7.86249pt too wide) in paragraph at lines 443--445
\OML/cmm/m/it/10 C$ 
 []

Missing character: There is no 计 (U+8BA1) in font [lmroman10-bold]:mapping=tex-text;!
Missing character: There is no 算 (U+7B97) in font [lmroman10-bold]:mapping=tex-text;!
Missing character: There is no 过 (U+8FC7) in font [lmroman10-bold]:mapping=tex-text;!
Missing character: There is no 程 (U+7A0B) in font [lmroman10-bold]:mapping=tex-text;!
Missing character: There is no ： ("FF1A) in font nullfont!

Overfull \hbox (11.2pt too wide) in paragraph at lines 446--447
\TU/lmr/bx/n/10 计算过程 
 []

Missing character: There is no 当 ("5F53) in font nullfont!
Missing character: There is no 时 ("65F6) in font nullfont!
Missing character: There is no ， ("FF0C) in font nullfont!
./KINEMATICS.tex:448: Undefined control sequence.
l.448     \item 当 \(\theta = \pi\) 时，\(\boldsymbol
                                                  {\epsilon} = \boldsymbol{\...
The control sequence at the end of the top line
of your error message was never \def'ed. If you have
misspelled it (e.g., `\hobx'), type `I' and the correct
spelling (e.g., `I\hbox'). Otherwise just continue,
and I'll forget about whatever was undefined.

./KINEMATICS.tex:448: Undefined control sequence.
l.448 ...) 时，\(\boldsymbol{\epsilon} = \boldsymbol
                                                  {\lambda}\)，\(\epsilon_4 =...
The control sequence at the end of the top line
of your error message was never \def'ed. If you have
misspelled it (e.g., `\hobx'), type `I' and the correct
spelling (e.g., `I\hbox'). Otherwise just continue,
and I'll forget about whatever was undefined.

Missing character: There is no ， ("FF0C) in font nullfont!
Missing character: There is no 。 ("3002) in font nullfont!

Overfull \hbox (15.52774pt too wide) in paragraph at lines 448--449
\OML/cmm/m/it/10 ^^R \OT1/cmr/m/n/10 =
 []


Overfull \hbox (6.05905pt too wide) in paragraph at lines 448--449
\OML/cmm/m/it/10 ^^Y$
 []


Overfull \hbox (14.61455pt too wide) in paragraph at lines 448--449
\OML/cmm/m/it/10 ^^O \OT1/cmr/m/n/10 =
 []


Overfull \hbox (24.93404pt too wide) in paragraph at lines 448--449
\OML/cmm/m/it/10 ^^U$$^^O[] \OT1/cmr/m/n/10 =
 []


Overfull \hbox (5.00002pt too wide) in paragraph at lines 448--449
\OT1/cmr/m/n/10 0$ 
 []

Missing character: There is no 根 ("6839) in font nullfont!
Missing character: There is no 据 ("636E) in font nullfont!
Missing character: There is no 图 ("56FE) in font nullfont!
Missing character: There is no 示 ("793A) in font nullfont!
Missing character: There is no ， ("FF0C) in font nullfont!
Missing character: There is no 旋 ("65CB) in font nullfont!
Missing character: There is no 转 ("8F6C) in font nullfont!
Missing character: There is no 轴 ("8F74) in font nullfont!
Missing character: There is no 单 ("5355) in font nullfont!
Missing character: There is no 位 ("4F4D) in font nullfont!
Missing character: There is no 向 ("5411) in font nullfont!
Missing character: There is no 量 ("91CF) in font nullfont!
./KINEMATICS.tex:449: Undefined control sequence.
l.449     \item 根据图示，旋转轴单位向量 \(\boldsymbol
                                          {\lambda} = \frac{3}{5}\mathbf{a}_...
The control sequence at the end of the top line
of your error message was never \def'ed. If you have
misspelled it (e.g., `\hobx'), type `I' and the correct
spelling (e.g., `I\hbox'). Otherwise just continue,
and I'll forget about whatever was undefined.

Missing character: There is no 。 ("3002) in font nullfont!

Overfull \hbox (16.38887pt too wide) in paragraph at lines 449--450
\OML/cmm/m/it/10 ^^U \OT1/cmr/m/n/10 =
 []


Overfull \hbox (24.24028pt too wide) in paragraph at lines 449--450
[]\OT1/cmr/bx/n/10 a[] \OT1/cmr/m/n/10 +
 []


Overfull \hbox (16.46248pt too wide) in paragraph at lines 449--450
[]\OT1/cmr/bx/n/10 a[]$ 
 []

Missing character: There is no 因 ("56E0) in font nullfont!
Missing character: There is no 此 ("6B64) in font nullfont!
Missing character: There is no ， ("FF0C) in font nullfont!
Missing character: There is no 欧 ("6B27) in font nullfont!
Missing character: There is no 拉 ("62C9) in font nullfont!
Missing character: There is no 参 ("53C2) in font nullfont!
Missing character: There is no 数 ("6570) in font nullfont!
Missing character: There is no 分 ("5206) in font nullfont!
Missing character: There is no 别 ("522B) in font nullfont!
Missing character: There is no 为 ("4E3A) in font nullfont!
Missing character: There is no ： ("FF1A) in font nullfont!
Missing character: There is no , ("2C) in font nullfont!
Missing character: There is no , ("2C) in font nullfont!
Missing character: There is no 。 ("3002) in font nullfont!

Overfull \hbox (19.10068pt too wide) in paragraph at lines 450--451
\OML/cmm/m/it/10 ^^O[] \OT1/cmr/m/n/10 =
 []


Overfull \hbox (5.00002pt too wide) in paragraph at lines 450--451
\OT1/cmr/m/n/10 0$
 []


Overfull \hbox (19.10068pt too wide) in paragraph at lines 450--451
\OML/cmm/m/it/10 ^^O[] \OT1/cmr/m/n/10 =
 []


Overfull \hbox (6.38612pt too wide) in paragraph at lines 450--451
[]$
 []


Overfull \hbox (19.10068pt too wide) in paragraph at lines 450--451
\OML/cmm/m/it/10 ^^O[] \OT1/cmr/m/n/10 =
 []


Overfull \hbox (6.38612pt too wide) in paragraph at lines 450--451
[]$ 
 []

Missing character: There is no 将 ("5C06) in font nullfont!
Missing character: There is no 这 ("8FD9) in font nullfont!
Missing character: There is no 些 ("4E9B) in font nullfont!
Missing character: There is no 数 ("6570) in font nullfont!
Missing character: There is no 值 ("503C) in font nullfont!
Missing character: There is no 代 ("4EE3) in font nullfont!
Missing character: There is no 入 ("5165) in font nullfont!
Missing character: There is no 式 ("5F0F) in font nullfont!
Missing character: There is no ( ("28) in font nullfont!
Missing character: There is no 1 ("31) in font nullfont!
Missing character: There is no . ("2E) in font nullfont!
Missing character: There is no 3 ("33) in font nullfont!
Missing character: There is no . ("2E) in font nullfont!
Missing character: There is no 6 ("36) in font nullfont!
Missing character: There is no ) ("29) in font nullfont!
Missing character: There is no - ("2D) in font nullfont!
Missing character: There is no ( ("28) in font nullfont!
Missing character: There is no 1 ("31) in font nullfont!
Missing character: There is no . ("2E) in font nullfont!
Missing character: There is no 3 ("33) in font nullfont!
Missing character: There is no . ("2E) in font nullfont!
Missing character: There is no 1 ("31) in font nullfont!
Missing character: There is no 4 ("34) in font nullfont!
Missing character: There is no ) ("29) in font nullfont!
Missing character: There is no ， ("FF0C) in font nullfont!
Missing character: There is no 可 ("53EF) in font nullfont!
Missing character: There is no 求 ("6C42) in font nullfont!
Missing character: There is no 得 ("5F97) in font nullfont!
Missing character: There is no 方 ("65B9) in font nullfont!
Missing character: There is no 向 ("5411) in font nullfont!
Missing character: There is no 余 ("4F59) in font nullfont!
Missing character: There is no 弦 ("5F26) in font nullfont!
Missing character: There is no 矩 ("77E9) in font nullfont!
Missing character: There is no 阵 ("9635) in font nullfont!
Missing character: There is no 为 ("4E3A) in font nullfont!
Missing character: There is no ： ("FF1A) in font nullfont!

Overfull \hbox (7.86249pt too wide) in paragraph at lines 451--452
\OML/cmm/m/it/10 C$ 
 []


Overfull \hbox (20.0pt too wide) in paragraph at lines 454--454
[] 
 []

./KINEMATICS.tex:455: Undefined control sequence.
l.455 ...24 \\ 0 & 24 & 7 \end{array} \right] \tag
                                                  {29}
The control sequence at the end of the top line
of your error message was never \def'ed. If you have
misspelled it (e.g., `\hobx'), type `I' and the correct
spelling (e.g., `I\hbox'). Otherwise just continue,
and I'll forget about whatever was undefined.


Overfull \hbox (98.0403pt too wide) detected at line 456
\OML/cmm/m/it/10 C \OT1/cmr/m/n/10 = [] [] []
 []

Missing character: There is no 注 (U+6CE8) in font [lmroman10-bold]:mapping=tex-text;!
Missing character: There is no ： ("FF1A) in font nullfont!
Missing character: There is no 本 ("672C) in font nullfont!
Missing character: There is no 例 ("4F8B) in font nullfont!
Missing character: There is no 题 ("9898) in font nullfont!
Missing character: There is no 揭 ("63ED) in font nullfont!
Missing character: There is no 示 ("793A) in font nullfont!
Missing character: There is no 了 ("4E86) in font nullfont!
Missing character: There is no 罗 ("7F57) in font nullfont!
Missing character: There is no 德 ("5FB7) in font nullfont!
Missing character: There is no 里 ("91CC) in font nullfont!
Missing character: There is no 格 ("683C) in font nullfont!
Missing character: There is no 斯 ("65AF) in font nullfont!
Missing character: There is no 参 ("53C2) in font nullfont!
Missing character: There is no 数 ("6570) in font nullfont!
Missing character: There is no 在 ("5728) in font nullfont!
Missing character: There is no 处 ("5904) in font nullfont!
Missing character: There is no 理 ("7406) in font nullfont!
Missing character: There is no 大 ("5927) in font nullfont!
Missing character: There is no 角 ("89D2) in font nullfont!
Missing character: There is no 度 ("5EA6) in font nullfont!
Missing character: There is no 旋 ("65CB) in font nullfont!
Missing character: There is no 转 ("8F6C) in font nullfont!
Missing character: There is no 时 ("65F6) in font nullfont!
Missing character: There is no 的 ("7684) in font nullfont!
Missing character: There is no 奇 ("5947) in font nullfont!
Missing character: There is no 异 ("5F02) in font nullfont!
Missing character: There is no 性 ("6027) in font nullfont!
Missing character: There is no 问 ("95EE) in font nullfont!
Missing character: There is no 题 ("9898) in font nullfont!
Missing character: There is no ， ("FF0C) in font nullfont!
Missing character: There is no 而 ("800C) in font nullfont!
Missing character: There is no 使 ("4F7F) in font nullfont!
Missing character: There is no 用 ("7528) in font nullfont!
Missing character: There is no 欧 ("6B27) in font nullfont!
Missing character: There is no 拉 ("62C9) in font nullfont!
Missing character: There is no 参 ("53C2) in font nullfont!
Missing character: There is no 数 ("6570) in font nullfont!
Missing character: There is no 则 ("5219) in font nullfont!
Missing character: There is no 可 ("53EF) in font nullfont!
Missing character: There is no 以 ("4EE5) in font nullfont!
Missing character: There is no 巧 ("5DE7) in font nullfont!
Missing character: There is no 妙 ("5999) in font nullfont!
Missing character: There is no 地 ("5730) in font nullfont!
Missing character: There is no 避 ("907F) in font nullfont!
Missing character: There is no 免 ("514D) in font nullfont!
Missing character: There is no 此 ("6B64) in font nullfont!
Missing character: There is no 问 ("95EE) in font nullfont!
Missing character: There is no 题 ("9898) in font nullfont!
Missing character: There is no 。 ("3002) in font nullfont!

Overfull \hbox (2.8pt too wide) in paragraph at lines 458--459
\TU/lmr/bx/n/10 注
 []


Overfull \hbox (19.59727pt too wide) in paragraph at lines 458--459
\OT1/cmr/m/n/10 180[]$
 []

)
! Emergency stop.
<*> KINEMATICS
              
*** (job aborted, no legal \end found)

 
Here is how much of TeX's memory you used:
 57 strings out of 473832
 1151 string characters out of 5735453
 420383 words of memory out of 5000000
 23216 multiletter control sequences out of 15000+600000
 559780 words of font info for 41 fonts, out of 8000000 for 9000
 1348 hyphenation exceptions out of 8191
 23i,7n,22p,364b,117s stack positions out of 10000i,1000n,20000p,200000b,200000s
Output written on KINEMATICS.pdf (1 page).
