This is XeTeX, Version 3.141592653-2.6-0.999997 (TeX Live 2025) (preloaded format=xelatex 2026.2.15)  29 AUG 2026 16:44
entering extended mode
 \write18 enabled.
 %&-line parsing enabled.
**流体的物理性质.tex
(./流体的物理性质.tex
LaTeX2e <2024-11-01> patch level 2
L3 programming layer <2025-01-18>
! Undefined control sequence.
l.4 \section
            {流体的连续介质模型}
The control sequence at the end of the top line
of your error message was never \def'ed. If you have
misspelled it (e.g., `\hobx'), type `I' and the correct
spelling (e.g., `I\hbox'). Otherwise just continue,
and I'll forget about whatever was undefined.


! LaTeX Error: Missing \begin{document}.

See the LaTeX manual or LaTeX Companion for explanation.
Type  H <return>  for immediate help.
 ...                                              
                                                  
l.4 \section{流
              体的连续介质模型}
You're in trouble here.  Try typing  <return>  to proceed.
If that doesn't work, type  X <return>  to quit.

Missing character: There is no 流 ("6D41) in font nullfont!
Missing character: There is no 体 ("4F53) in font nullfont!
Missing character: There is no 的 ("7684) in font nullfont!
Missing character: There is no 连 ("8FDE) in font nullfont!
Missing character: There is no 续 ("7EED) in font nullfont!
Missing character: There is no 介 ("4ECB) in font nullfont!
Missing character: There is no 质 ("8D28) in font nullfont!
Missing character: There is no 模 ("6A21) in font nullfont!
Missing character: There is no 型 ("578B) in font nullfont!

Overfull \hbox (20.0pt too wide) in paragraph at lines 4--5
[] 
 []


! LaTeX Error: Missing \begin{document}.

See the LaTeX manual or LaTeX Companion for explanation.
Type  H <return>  for immediate help.
 ...                                              
                                                  
l.6 流
     体的连续介质模型具有如下性质：
You're in trouble here.  Try typing  <return>  to proceed.
If that doesn't work, type  X <return>  to quit.

Missing character: There is no 流 ("6D41) in font nullfont!
Missing character: There is no 体 ("4F53) in font nullfont!
Missing character: There is no 的 ("7684) in font nullfont!
Missing character: There is no 连 ("8FDE) in font nullfont!
Missing character: There is no 续 ("7EED) in font nullfont!
Missing character: There is no 介 ("4ECB) in font nullfont!
Missing character: There is no 质 ("8D28) in font nullfont!
Missing character: There is no 模 ("6A21) in font nullfont!
Missing character: There is no 型 ("578B) in font nullfont!
Missing character: There is no 具 ("5177) in font nullfont!
Missing character: There is no 有 ("6709) in font nullfont!
Missing character: There is no 如 ("5982) in font nullfont!
Missing character: There is no 下 ("4E0B) in font nullfont!
Missing character: There is no 性 ("6027) in font nullfont!
Missing character: There is no 质 ("8D28) in font nullfont!
Missing character: There is no ： ("FF1A) in font nullfont!

Overfull \hbox (20.0pt too wide) in paragraph at lines 6--7
[] 
 []

Missing character: There is no 流 ("6D41) in font nullfont!
Missing character: There is no 体 ("4F53) in font nullfont!
Missing character: There is no 是 ("662F) in font nullfont!
Missing character: There is no 连 ("8FDE) in font nullfont!
Missing character: There is no 续 ("7EED) in font nullfont!
Missing character: There is no 分 ("5206) in font nullfont!
Missing character: There is no 布 ("5E03) in font nullfont!
Missing character: There is no 的 ("7684) in font nullfont!
Missing character: There is no 物 ("7269) in font nullfont!
Missing character: There is no 质 ("8D28) in font nullfont!
Missing character: There is no ， ("FF0C) in font nullfont!
Missing character: There is no 可 ("53EF) in font nullfont!
Missing character: There is no 以 ("4EE5) in font nullfont!
Missing character: There is no 无 ("65E0) in font nullfont!
Missing character: There is no 限 ("9650) in font nullfont!
Missing character: There is no 分 ("5206) in font nullfont!
Missing character: There is no 割 ("5272) in font nullfont!
Missing character: There is no 为 ("4E3A) in font nullfont!
Missing character: There is no 具 ("5177) in font nullfont!
Missing character: There is no 有 ("6709) in font nullfont!
Missing character: There is no 均 ("5747) in font nullfont!
Missing character: There is no 布 ("5E03) in font nullfont!
Missing character: There is no 质 ("8D28) in font nullfont!
Missing character: There is no 量 ("91CF) in font nullfont!
Missing character: There is no 的 ("7684) in font nullfont!
Missing character: There is no 宏 ("5B8F) in font nullfont!
Missing character: There is no 观 ("89C2) in font nullfont!
Missing character: There is no 微 ("5FAE) in font nullfont!
Missing character: There is no 元 ("5143) in font nullfont!
Missing character: There is no 体 ("4F53) in font nullfont!
Missing character: There is no ； ("FF1B) in font nullfont!
Missing character: There is no 不 ("4E0D) in font nullfont!
Missing character: There is no 发 ("53D1) in font nullfont!
Missing character: There is no 生 ("751F) in font nullfont!
Missing character: There is no 化 ("5316) in font nullfont!
Missing character: There is no 学 ("5B66) in font nullfont!
Missing character: There is no 反 ("53CD) in font nullfont!
Missing character: There is no 应 ("5E94) in font nullfont!
Missing character: There is no 和 ("548C) in font nullfont!
Missing character: There is no 离 ("79BB) in font nullfont!
Missing character: There is no 解 ("89E3) in font nullfont!
Missing character: There is no 等 ("7B49) in font nullfont!
Missing character: There is no 非 ("975E) in font nullfont!
Missing character: There is no 平 ("5E73) in font nullfont!
Missing character: There is no 衡 ("8861) in font nullfont!
Missing character: There is no 热 ("70ED) in font nullfont!
Missing character: There is no 力 ("529B) in font nullfont!
Missing character: There is no 学 ("5B66) in font nullfont!
Missing character: There is no 过 ("8FC7) in font nullfont!
Missing character: There is no 程 ("7A0B) in font nullfont!
Missing character: There is no 的 ("7684) in font nullfont!
Missing character: There is no 运 ("8FD0) in font nullfont!
Missing character: There is no 动 ("52A8) in font nullfont!
Missing character: There is no 流 ("6D41) in font nullfont!
Missing character: There is no 体 ("4F53) in font nullfont!
Missing character: There is no 中 ("4E2D) in font nullfont!
Missing character: There is no ， ("FF0C) in font nullfont!
Missing character: There is no 微 ("5FAE) in font nullfont!
Missing character: There is no 元 ("5143) in font nullfont!
Missing character: There is no 体 ("4F53) in font nullfont!
Missing character: There is no 内 ("5185) in font nullfont!
Missing character: There is no 流 ("6D41) in font nullfont!
Missing character: There is no 体 ("4F53) in font nullfont!
Missing character: There is no 状 ("72B6) in font nullfont!
Missing character: There is no 态 ("6001) in font nullfont!
Missing character: There is no 服 ("670D) in font nullfont!
Missing character: There is no 从 ("4ECE) in font nullfont!
Missing character: There is no 热 ("70ED) in font nullfont!
Missing character: There is no 力 ("529B) in font nullfont!
Missing character: There is no 学 ("5B66) in font nullfont!
Missing character: There is no 关 ("5173) in font nullfont!
Missing character: There is no 系 ("7CFB) in font nullfont!
Missing character: There is no ； ("FF1B) in font nullfont!
Missing character: There is no 除 ("9664) in font nullfont!
Missing character: There is no 特 ("7279) in font nullfont!
Missing character: There is no 殊 ("6B8A) in font nullfont!
Missing character: There is no 面 ("9762) in font nullfont!
Missing character: There is no （ ("FF08) in font nullfont!
Missing character: There is no 如 ("5982) in font nullfont!
Missing character: There is no 激 ("6FC0) in font nullfont!
Missing character: There is no 波 ("6CE2) in font nullfont!
Missing character: There is no ） ("FF09) in font nullfont!
Missing character: There is no 外 ("5916) in font nullfont!
Missing character: There is no ， ("FF0C) in font nullfont!
Missing character: There is no 流 ("6D41) in font nullfont!
Missing character: There is no 体 ("4F53) in font nullfont!
Missing character: There is no 的 ("7684) in font nullfont!
Missing character: There is no 力 ("529B) in font nullfont!
Missing character: There is no 学 ("5B66) in font nullfont!
Missing character: There is no 和 ("548C) in font nullfont!
Missing character: There is no 热 ("70ED) in font nullfont!
Missing character: There is no 力 ("529B) in font nullfont!
Missing character: There is no 学 ("5B66) in font nullfont!
Missing character: There is no 状 ("72B6) in font nullfont!
Missing character: There is no 态 ("6001) in font nullfont!
Missing character: There is no 参 ("53C2) in font nullfont!
Missing character: There is no 数 ("6570) in font nullfont!
Missing character: There is no 在 ("5728) in font nullfont!
Missing character: There is no 时 ("65F6) in font nullfont!
Missing character: There is no 空 ("7A7A) in font nullfont!
Missing character: There is no 中 ("4E2D) in font nullfont!
Missing character: There is no 是 ("662F) in font nullfont!
Missing character: There is no 连 ("8FDE) in font nullfont!
Missing character: There is no 续 ("7EED) in font nullfont!
Missing character: There is no 分 ("5206) in font nullfont!
Missing character: There is no 布 ("5E03) in font nullfont!
Missing character: There is no 的 ("7684) in font nullfont!
Missing character: There is no ， ("FF0C) in font nullfont!
Missing character: There is no 并 ("5E76) in font nullfont!
Missing character: There is no 且 ("4E14) in font nullfont!
Missing character: There is no 通 ("901A) in font nullfont!
Missing character: There is no 常 ("5E38) in font nullfont!
Missing character: There is no 认 ("8BA4) in font nullfont!
Missing character: There is no 为 ("4E3A) in font nullfont!
Missing character: There is no 是 ("662F) in font nullfont!
Missing character: There is no 无 ("65E0) in font nullfont!
Missing character: There is no 限 ("9650) in font nullfont!
Missing character: There is no 可 ("53EF) in font nullfont!
Missing character: There is no 微 ("5FAE) in font nullfont!
Missing character: There is no 的 ("7684) in font nullfont!
Missing character: There is no 。 ("3002) in font nullfont!

! LaTeX Error: Environment keybox undefined.

See the LaTeX manual or LaTeX Companion for explanation.
Type  H <return>  for immediate help.
 ...                                              
                                                  
l.13 \begin{keybox}
                   [连续介质模型的适用条件]
Your command was ignored.
Type  I <command> <return>  to replace it with another command,
or  <return>  to continue without it.

Missing character: There is no [ ("5B) in font nullfont!
Missing character: There is no 连 ("8FDE) in font nullfont!
Missing character: There is no 续 ("7EED) in font nullfont!
Missing character: There is no 介 ("4ECB) in font nullfont!
Missing character: There is no 质 ("8D28) in font nullfont!
Missing character: There is no 模 ("6A21) in font nullfont!
Missing character: There is no 型 ("578B) in font nullfont!
Missing character: There is no 的 ("7684) in font nullfont!
Missing character: There is no 适 ("9002) in font nullfont!
Missing character: There is no 用 ("7528) in font nullfont!
Missing character: There is no 条 ("6761) in font nullfont!
Missing character: There is no 件 ("4EF6) in font nullfont!
Missing character: There is no ] ("5D) in font nullfont!
Missing character: There is no 连 ("8FDE) in font nullfont!
Missing character: There is no 续 ("7EED) in font nullfont!
Missing character: There is no 介 ("4ECB) in font nullfont!
Missing character: There is no 质 ("8D28) in font nullfont!
Missing character: There is no 模 ("6A21) in font nullfont!
Missing character: There is no 型 ("578B) in font nullfont!
Missing character: There is no 适 ("9002) in font nullfont!
Missing character: There is no 用 ("7528) in font nullfont!
Missing character: There is no 于 ("4E8E) in font nullfont!
Missing character: There is no 所 ("6240) in font nullfont!
Missing character: There is no 考 ("8003) in font nullfont!
Missing character: There is no 察 ("5BDF) in font nullfont!
Missing character: There is no 的 ("7684) in font nullfont!
Missing character: There is no 流 ("6D41) in font nullfont!
Missing character: There is no 体 ("4F53) in font nullfont!
Missing character: There is no 的 ("7684) in font nullfont!
Missing character: There is no 运 ("8FD0) in font nullfont!
Missing character: There is no 动 ("52A8) in font nullfont!
Missing character: There is no 尺 ("5C3A) in font nullfont!
Missing character: There is no 度 ("5EA6) in font nullfont!
LaTeX Font Info:    External font `cmex10' loaded for size
(Font)              <7> on input line 14.
LaTeX Font Info:    External font `cmex10' loaded for size
(Font)              <5> on input line 14.
Missing character: There is no 远 ("8FDC) in font nullfont!
Missing character: There is no 远 ("8FDC) in font nullfont!
Missing character: There is no 大 ("5927) in font nullfont!
Missing character: There is no 于 ("4E8E) in font nullfont!
Missing character: There is no 流 ("6D41) in font nullfont!
Missing character: There is no 体 ("4F53) in font nullfont!
Missing character: There is no 分 ("5206) in font nullfont!
Missing character: There is no 子 ("5B50) in font nullfont!
Missing character: There is no 运 ("8FD0) in font nullfont!
Missing character: There is no 动 ("52A8) in font nullfont!
Missing character: There is no 的 ("7684) in font nullfont!
Missing character: There is no 平 ("5E73) in font nullfont!
Missing character: There is no 均 ("5747) in font nullfont!
Missing character: There is no 自 ("81EA) in font nullfont!
Missing character: There is no 由 ("7531) in font nullfont!
Missing character: There is no 程 ("7A0B) in font nullfont!
Missing character: There is no 的 ("7684) in font nullfont!
Missing character: There is no 情 ("60C5) in font nullfont!
Missing character: There is no 况 ("51B5) in font nullfont!
Missing character: There is no ， ("FF0C) in font nullfont!
Missing character: There is no 即 ("5373) in font nullfont!

Overfull \hbox (20.0pt too wide) in paragraph at lines 13--15
[]
 []


Overfull \hbox (6.80557pt too wide) in paragraph at lines 13--15
\OML/cmm/m/it/10 L$
 []


Overfull \hbox (3.18057pt too wide) in paragraph at lines 13--15
\OML/cmm/m/it/10 l$
 []


Overfull \hbox (29.76102pt too wide) detected at line 17
[] \OMS/cmsy/m/n/10 ^^] \OT1/cmr/m/n/10 1
 []


! LaTeX Error: \begin{document} ended by \end{keybox}.

See the LaTeX manual or LaTeX Companion for explanation.
Type  H <return>  for immediate help.
 ...                                              
                                                  
l.18 \end{keybox}
                 
Your command was ignored.
Type  I <command> <return>  to replace it with another command,
or  <return>  to continue without it.

Missing character: There is no 上 ("4E0A) in font nullfont!
Missing character: There is no 面 ("9762) in font nullfont!
Missing character: There is no 说 ("8BF4) in font nullfont!
Missing character: There is no 过 ("8FC7) in font nullfont!
Missing character: There is no ， ("FF0C) in font nullfont!
Missing character: There is no 流 ("6D41) in font nullfont!
Missing character: There is no 体 ("4F53) in font nullfont!
Missing character: There is no 可 ("53EF) in font nullfont!
Missing character: There is no 以 ("4EE5) in font nullfont!
Missing character: There is no 无 ("65E0) in font nullfont!
Missing character: There is no 限 ("9650) in font nullfont!
Missing character: There is no 分 ("5206) in font nullfont!
Missing character: There is no 割 ("5272) in font nullfont!
Missing character: There is no 为 ("4E3A) in font nullfont!
Missing character: There is no 具 ("5177) in font nullfont!
Missing character: There is no 有 ("6709) in font nullfont!
Missing character: There is no 均 ("5747) in font nullfont!
Missing character: There is no 布 ("5E03) in font nullfont!
Missing character: There is no 质 ("8D28) in font nullfont!
Missing character: There is no 量 ("91CF) in font nullfont!
Missing character: There is no 的 ("7684) in font nullfont!
Missing character: There is no 宏 ("5B8F) in font nullfont!
Missing character: There is no 观 ("89C2) in font nullfont!
Missing character: There is no 微 ("5FAE) in font nullfont!
Missing character: There is no 元 ("5143) in font nullfont!
Missing character: There is no 体 ("4F53) in font nullfont!
Missing character: There is no ， ("FF0C) in font nullfont!
Missing character: There is no 这 ("8FD9) in font nullfont!
Missing character: There is no 样 ("6837) in font nullfont!
Missing character: There is no 的 ("7684) in font nullfont!
Missing character: There is no 宏 ("5B8F) in font nullfont!
Missing character: There is no 观 ("89C2) in font nullfont!
Missing character: There is no 微 ("5FAE) in font nullfont!
Missing character: There is no 元 ("5143) in font nullfont!
Missing character: There is no 体 ("4F53) in font nullfont!
Missing character: There is no 称 ("79F0) in font nullfont!
Missing character: There is no 为 ("4E3A) in font nullfont!
Missing character: There is no 流 (U+6D41) in font [lmroman10-bold]:mapping=tex-
text;!
Missing character: There is no 体 (U+4F53) in font [lmroman10-bold]:mapping=tex-
text;!
Missing character: There is no 微 (U+5FAE) in font [lmroman10-bold]:mapping=tex-
text;!
Missing character: There is no 团 (U+56E2) in font [lmroman10-bold]:mapping=tex-
text;!
Missing character: There is no 。 ("3002) in font nullfont!

Overfull \hbox (31.2pt too wide) in paragraph at lines 20--21
[]\TU/lmr/bx/n/10 流体微团 
 []


! LaTeX Error: Environment definition undefined.

See the LaTeX manual or LaTeX Companion for explanation.
Type  H <return>  for immediate help.
 ...                                              
                                                  
l.22 \begin{definition}
                       [流体微团]
Your command was ignored.
Type  I <command> <return>  to replace it with another command,
or  <return>  to continue without it.

Missing character: There is no [ ("5B) in font nullfont!
Missing character: There is no 流 ("6D41) in font nullfont!
Missing character: There is no 体 ("4F53) in font nullfont!
Missing character: There is no 微 ("5FAE) in font nullfont!
Missing character: There is no 团 ("56E2) in font nullfont!
Missing character: There is no ] ("5D) in font nullfont!
Missing character: There is no 流 ("6D41) in font nullfont!
Missing character: There is no 体 ("4F53) in font nullfont!
Missing character: There is no 微 ("5FAE) in font nullfont!
Missing character: There is no 团 ("56E2) in font nullfont!
Missing character: There is no 是 ("662F) in font nullfont!
Missing character: There is no 宏 ("5B8F) in font nullfont!
Missing character: There is no 观 ("89C2) in font nullfont!
Missing character: There is no 上 ("4E0A) in font nullfont!
Missing character: There is no 无 ("65E0) in font nullfont!
Missing character: There is no 限 ("9650) in font nullfont!
Missing character: There is no 小 ("5C0F) in font nullfont!
Missing character: There is no 、 ("3001) in font nullfont!
Missing character: There is no 微 ("5FAE) in font nullfont!
Missing character: There is no 观 ("89C2) in font nullfont!
Missing character: There is no 上 ("4E0A) in font nullfont!
Missing character: There is no 无 ("65E0) in font nullfont!
Missing character: There is no 限 ("9650) in font nullfont!
Missing character: There is no 大 ("5927) in font nullfont!
Missing character: There is no 的 ("7684) in font nullfont!
Missing character: There is no 一 ("4E00) in font nullfont!
Missing character: There is no 个 ("4E2A) in font nullfont!
Missing character: There is no 质 ("8D28) in font nullfont!
Missing character: There is no 量 ("91CF) in font nullfont!
Missing character: There is no 体 ("4F53) in font nullfont!
Missing character: There is no ， ("FF0C) in font nullfont!
Missing character: There is no 其 ("5176) in font nullfont!
Missing character: There is no 体 ("4F53) in font nullfont!
Missing character: There is no 积 ("79EF) in font nullfont!
Missing character: There is no 满 ("6EE1) in font nullfont!
Missing character: There is no 足 ("8DB3) in font nullfont!
Missing character: There is no ： ("FF1A) in font nullfont!

Overfull \hbox (20.0pt too wide) in paragraph at lines 22--24
[]
 []


Overfull \hbox (12.87846pt too wide) in paragraph at lines 22--24
\OML/cmm/m/it/10 ^^NV$ 
 []

! Undefined control sequence.
<recently read> \dfrac 
                       
l.25 ^^I^^I\item $\dfrac
                        {\delta V}{L^3}\ll 1$，即宏观上无限小；
The control sequence at the end of the top line
of your error message was never \def'ed. If you have
misspelled it (e.g., `\hobx'), type `I' and the correct
spelling (e.g., `I\hbox'). Otherwise just continue,
and I'll forget about whatever was undefined.

Missing character: There is no ， ("FF0C) in font nullfont!
Missing character: There is no 即 ("5373) in font nullfont!
Missing character: There is no 宏 ("5B8F) in font nullfont!
Missing character: There is no 观 ("89C2) in font nullfont!
Missing character: There is no 上 ("4E0A) in font nullfont!
Missing character: There is no 无 ("65E0) in font nullfont!
Missing character: There is no 限 ("9650) in font nullfont!
Missing character: There is no 小 ("5C0F) in font nullfont!
Missing character: There is no ； ("FF1B) in font nullfont!

Overfull \hbox (36.94789pt too wide) in paragraph at lines 25--26
[][] \OMS/cmsy/m/n/10 ^^\
 []


Overfull \hbox (5.00002pt too wide) in paragraph at lines 25--26
\OT1/cmr/m/n/10 1$ 
 []

! Undefined control sequence.
<recently read> \dfrac 
                       
l.26 ^^I^^I\item $\dfrac
                        {\delta V}{l^3}\gg 1$，即微观上无限大。
The control sequence at the end of the top line
of your error message was never \def'ed. If you have
misspelled it (e.g., `\hobx'), type `I' and the correct
spelling (e.g., `I\hbox'). Otherwise just continue,
and I'll forget about whatever was undefined.

Missing character: There is no ， ("FF0C) in font nullfont!
Missing character: There is no 即 ("5373) in font nullfont!
Missing character: There is no 微 ("5FAE) in font nullfont!
Missing character: There is no 观 ("89C2) in font nullfont!
Missing character: There is no 上 ("4E0A) in font nullfont!
Missing character: There is no 无 ("65E0) in font nullfont!
Missing character: There is no 限 ("9650) in font nullfont!
Missing character: There is no 大 ("5927) in font nullfont!
Missing character: There is no 。 ("3002) in font nullfont!

Overfull \hbox (33.32289pt too wide) in paragraph at lines 26--27
[][] \OMS/cmsy/m/n/10 ^^]
 []


Overfull \hbox (5.00002pt too wide) in paragraph at lines 26--27
\OT1/cmr/m/n/10 1$ 
 []


! LaTeX Error: \begin{document} ended by \end{definition}.

See the LaTeX manual or LaTeX Companion for explanation.
Type  H <return>  for immediate help.
 ...                                              
                                                  
l.28 \end{definition}
                     
Your command was ignored.
Type  I <command> <return>  to replace it with another command,
or  <return>  to continue without it.


! LaTeX Error: Environment note undefined.

See the LaTeX manual or LaTeX Companion for explanation.
Type  H <return>  for immediate help.
 ...                                              
                                                  
l.30 \begin{note}
                 
Your command was ignored.
Type  I <command> <return>  to replace it with another command,
or  <return>  to continue without it.

Missing character: There is no 形 ("5F62) in font nullfont!
Missing character: There is no 象 ("8C61) in font nullfont!
Missing character: There is no 地 ("5730) in font nullfont!
Missing character: There is no 说 ("8BF4) in font nullfont!
Missing character: There is no ， ("FF0C) in font nullfont!
Missing character: There is no 流 ("6D41) in font nullfont!
Missing character: There is no 体 ("4F53) in font nullfont!
Missing character: There is no 微 ("5FAE) in font nullfont!
Missing character: There is no 团 ("56E2) in font nullfont!
Missing character: There is no 是 ("662F) in font nullfont!
Missing character: There is no 宏 ("5B8F) in font nullfont!
Missing character: There is no 观 ("89C2) in font nullfont!
Missing character: There is no 上 ("4E0A) in font nullfont!
Missing character: There is no 无 ("65E0) in font nullfont!
Missing character: There is no 限 ("9650) in font nullfont!
Missing character: There is no 小 ("5C0F) in font nullfont!
Missing character: There is no 、 ("3001) in font nullfont!
Missing character: There is no 微 ("5FAE) in font nullfont!
Missing character: There is no 观 ("89C2) in font nullfont!
Missing character: There is no 上 ("4E0A) in font nullfont!
Missing character: There is no 无 ("65E0) in font nullfont!
Missing character: There is no 限 ("9650) in font nullfont!
Missing character: There is no 大 ("5927) in font nullfont!
Missing character: There is no 的 ("7684) in font nullfont!
Missing character: There is no 一 ("4E00) in font nullfont!
Missing character: There is no 个 ("4E2A) in font nullfont!
Missing character: There is no 质 ("8D28) in font nullfont!
Missing character: There is no 量 ("91CF) in font nullfont!
Missing character: There is no 体 ("4F53) in font nullfont!
Missing character: There is no 。 ("3002) in font nullfont!
Missing character: There is no （ ("FF08) in font nullfont!
Missing character: There is no 好 ("597D) in font nullfont!
Missing character: There is no 抽 ("62BD) in font nullfont!
Missing character: There is no 象 ("8C61) in font nullfont!
Missing character: There is no ） ("FF09) in font nullfont!

! LaTeX Error: \begin{document} ended by \end{note}.

See the LaTeX manual or LaTeX Companion for explanation.
Type  H <return>  for immediate help.
 ...                                              
                                                  
l.32 \end{note}
               
Your command was ignored.
Type  I <command> <return>  to replace it with another command,
or  <return>  to continue without it.


Overfull \hbox (20.0pt too wide) in paragraph at lines 31--33
[]
 []

Missing character: There is no 微 ("5FAE) in font nullfont!
Missing character: There is no 团 ("56E2) in font nullfont!
Missing character: There is no 具 ("5177) in font nullfont!
Missing character: There is no 有 ("6709) in font nullfont!
Missing character: There is no 宏 ("5B8F) in font nullfont!
Missing character: There is no 观 ("89C2) in font nullfont!
Missing character: There is no 无 ("65E0) in font nullfont!
Missing character: There is no 限 ("9650) in font nullfont!
Missing character: There is no 小 ("5C0F) in font nullfont!
Missing character: There is no 的 ("7684) in font nullfont!
Missing character: There is no 体 ("4F53) in font nullfont!
Missing character: There is no 积 ("79EF) in font nullfont!
Missing character: There is no ， ("FF0C) in font nullfont!
Missing character: There is no 因 ("56E0) in font nullfont!
Missing character: There is no 此 ("6B64) in font nullfont!
Missing character: There is no 可 ("53EF) in font nullfont!
Missing character: There is no 以 ("4EE5) in font nullfont!
Missing character: There is no 用 ("7528) in font nullfont!
Missing character: There is no 时 ("65F6) in font nullfont!
Missing character: There is no 空 ("7A7A) in font nullfont!
Missing character: There is no 中 ("4E2D) in font nullfont!
Missing character: There is no 的 ("7684) in font nullfont!
Missing character: There is no 一 ("4E00) in font nullfont!
Missing character: There is no 个 ("4E2A) in font nullfont!
Missing character: There is no 点 ("70B9) in font nullfont!
Missing character: There is no 来 ("6765) in font nullfont!
Missing character: There is no 标 ("6807) in font nullfont!
Missing character: There is no 记 ("8BB0) in font nullfont!
Missing character: There is no 它 ("5B83) in font nullfont!
Missing character: There is no 。 ("3002) in font nullfont!
Missing character: There is no 连 ("8FDE) in font nullfont!
Missing character: There is no 续 ("7EED) in font nullfont!
Missing character: There is no 非 ("975E) in font nullfont!
Missing character: There is no 均 ("5747) in font nullfont!
Missing character: There is no 匀 ("5300) in font nullfont!
Missing character: There is no 介 ("4ECB) in font nullfont!
Missing character: There is no 质 ("8D28) in font nullfont!
Missing character: There is no 的 ("7684) in font nullfont!
Missing character: There is no 当 ("5F53) in font nullfont!
Missing character: There is no 地 ("5730) in font nullfont!
Missing character: There is no 物 ("7269) in font nullfont!
Missing character: There is no 性 ("6027) in font nullfont!
Missing character: There is no 可 ("53EF) in font nullfont!
Missing character: There is no 以 ("4EE5) in font nullfont!
Missing character: There is no 用 ("7528) in font nullfont!
Missing character: There is no 时 ("65F6) in font nullfont!
Missing character: There is no 空 ("7A7A) in font nullfont!
Missing character: There is no 变 ("53D8) in font nullfont!
Missing character: There is no 量 ("91CF) in font nullfont!
! Undefined control sequence.
l.34 ...的一个点来标记它。连续非均匀介质的当地物性可以用时空变量 $(\boldsymbol
                                                  {x},t)$ 的函数来描述，例如气体中密度分布 $...
The control sequence at the end of the top line
of your error message was never \def'ed. If you have
misspelled it (e.g., `\hobx'), type `I' and the correct
spelling (e.g., `I\hbox'). Otherwise just continue,
and I'll forget about whatever was undefined.

Missing character: There is no 的 ("7684) in font nullfont!
Missing character: There is no 函 ("51FD) in font nullfont!
Missing character: There is no 数 ("6570) in font nullfont!
Missing character: There is no 来 ("6765) in font nullfont!
Missing character: There is no 描 ("63CF) in font nullfont!
Missing character: There is no 述 ("8FF0) in font nullfont!
Missing character: There is no ， ("FF0C) in font nullfont!
Missing character: There is no 例 ("4F8B) in font nullfont!
Missing character: There is no 如 ("5982) in font nullfont!
Missing character: There is no 气 ("6C14) in font nullfont!
Missing character: There is no 体 ("4F53) in font nullfont!
Missing character: There is no 中 ("4E2D) in font nullfont!
Missing character: There is no 密 ("5BC6) in font nullfont!
Missing character: There is no 度 ("5EA6) in font nullfont!
Missing character: There is no 分 ("5206) in font nullfont!
Missing character: There is no 布 ("5E03) in font nullfont!
! Undefined control sequence.
l.34 ...)$ 的函数来描述，例如气体中密度分布 $\rho=\rho(\boldsymbol
                                                  {x},t)$，温度分布 $T=T(\boldsym...
The control sequence at the end of the top line
of your error message was never \def'ed. If you have
misspelled it (e.g., `\hobx'), type `I' and the correct
spelling (e.g., `I\hbox'). Otherwise just continue,
and I'll forget about whatever was undefined.

Missing character: There is no ， ("FF0C) in font nullfont!
Missing character: There is no 温 ("6E29) in font nullfont!
Missing character: There is no 度 ("5EA6) in font nullfont!
Missing character: There is no 分 ("5206) in font nullfont!
Missing character: There is no 布 ("5E03) in font nullfont!
! Undefined control sequence.
l.34 ...o(\boldsymbol{x},t)$，温度分布 $T=T(\boldsymbol
                                                  {x},t)$ 等。
The control sequence at the end of the top line
of your error message was never \def'ed. If you have
misspelled it (e.g., `\hobx'), type `I' and the correct
spelling (e.g., `I\hbox'). Otherwise just continue,
and I'll forget about whatever was undefined.

Missing character: There is no 等 ("7B49) in font nullfont!
Missing character: There is no 。 ("3002) in font nullfont!

Overfull \hbox (20.0pt too wide) in paragraph at lines 34--35
[]
 []


Overfull \hbox (21.5486pt too wide) in paragraph at lines 34--35
\OT1/cmr/m/n/10 (\OML/cmm/m/it/10 x; t\OT1/cmr/m/n/10 )$
 []


Overfull \hbox (15.72566pt too wide) in paragraph at lines 34--35
\OML/cmm/m/it/10 ^^Z \OT1/cmr/m/n/10 =
 []


Overfull \hbox (26.71875pt too wide) in paragraph at lines 34--35
\OML/cmm/m/it/10 ^^Z\OT1/cmr/m/n/10 (\OML/cmm/m/it/10 x; t\OT1/cmr/m/n/10 )$
 []


Overfull \hbox (17.78816pt too wide) in paragraph at lines 34--35
\OML/cmm/m/it/10 T \OT1/cmr/m/n/10 =
 []


Overfull \hbox (28.78125pt too wide) in paragraph at lines 34--35
\OML/cmm/m/it/10 T\OT1/cmr/m/n/10 (\OML/cmm/m/it/10 x; t\OT1/cmr/m/n/10 )$
 []


! LaTeX Error: Environment definition undefined.

See the LaTeX manual or LaTeX Companion for explanation.
Type  H <return>  for immediate help.
 ...                                              
                                                  
l.36 \begin{definition}
                       [流体质点]
Your command was ignored.
Type  I <command> <return>  to replace it with another command,
or  <return>  to continue without it.

Missing character: There is no [ ("5B) in font nullfont!
Missing character: There is no 流 ("6D41) in font nullfont!
Missing character: There is no 体 ("4F53) in font nullfont!
Missing character: There is no 质 ("8D28) in font nullfont!
Missing character: There is no 点 ("70B9) in font nullfont!
Missing character: There is no ] ("5D) in font nullfont!
Missing character: There is no 当 ("5F53) in font nullfont!
Missing character: There is no 不 ("4E0D) in font nullfont!
Missing character: There is no 需 ("9700) in font nullfont!
Missing character: There is no 要 ("8981) in font nullfont!
Missing character: There is no 考 ("8003) in font nullfont!
Missing character: There is no 虑 ("8651) in font nullfont!
Missing character: There is no 微 ("5FAE) in font nullfont!
Missing character: There is no 团 ("56E2) in font nullfont!
Missing character: There is no 的 ("7684) in font nullfont!
Missing character: There is no 体 ("4F53) in font nullfont!
Missing character: There is no 积 ("79EF) in font nullfont!
Missing character: There is no 和 ("548C) in font nullfont!
Missing character: There is no 变 ("53D8) in font nullfont!
Missing character: There is no 形 ("5F62) in font nullfont!
Missing character: There is no ， ("FF0C) in font nullfont!
Missing character: There is no 只 ("53EA) in font nullfont!
Missing character: There is no 研 ("7814) in font nullfont!
Missing character: There is no 究 ("7A76) in font nullfont!
Missing character: There is no 它 ("5B83) in font nullfont!
Missing character: There is no 的 ("7684) in font nullfont!
Missing character: There is no 位 ("4F4D) in font nullfont!
Missing character: There is no 移 ("79FB) in font nullfont!
Missing character: There is no 和 ("548C) in font nullfont!
Missing character: There is no 各 ("5404) in font nullfont!
Missing character: There is no 物 ("7269) in font nullfont!
Missing character: There is no 理 ("7406) in font nullfont!
Missing character: There is no 状 ("72B6) in font nullfont!
Missing character: There is no 态 ("6001) in font nullfont!
Missing character: There is no 时 ("65F6) in font nullfont!
Missing character: There is no ， ("FF0C) in font nullfont!
Missing character: There is no 可 ("53EF) in font nullfont!
Missing character: There is no 以 ("4EE5) in font nullfont!
Missing character: There is no 把 ("628A) in font nullfont!
Missing character: There is no 它 ("5B83) in font nullfont!
Missing character: There is no 视 ("89C6) in font nullfont!
Missing character: There is no 作 ("4F5C) in font nullfont!
Missing character: There is no 无 ("65E0) in font nullfont!
Missing character: There is no 体 ("4F53) in font nullfont!
Missing character: There is no 积 ("79EF) in font nullfont!
Missing character: There is no 的 ("7684) in font nullfont!
Missing character: There is no 质 ("8D28) in font nullfont!
Missing character: There is no 点 ("70B9) in font nullfont!
Missing character: There is no ， ("FF0C) in font nullfont!
Missing character: There is no 这 ("8FD9) in font nullfont!
Missing character: There is no 时 ("65F6) in font nullfont!
Missing character: There is no 称 ("79F0) in font nullfont!
Missing character: There is no 流 ("6D41) in font nullfont!
Missing character: There is no 体 ("4F53) in font nullfont!
Missing character: There is no 微 ("5FAE) in font nullfont!
Missing character: There is no 团 ("56E2) in font nullfont!
Missing character: There is no 为 ("4E3A) in font nullfont!
Missing character: There is no 流 (U+6D41) in font [lmroman10-bold]:mapping=tex-
text;!
Missing character: There is no 体 (U+4F53) in font [lmroman10-bold]:mapping=tex-
text;!
Missing character: There is no 质 (U+8D28) in font [lmroman10-bold]:mapping=tex-
text;!
Missing character: There is no 点 (U+70B9) in font [lmroman10-bold]:mapping=tex-
text;!
Missing character: There is no 。 ("3002) in font nullfont!

! LaTeX Error: \begin{document} ended by \end{definition}.

See the LaTeX manual or LaTeX Companion for explanation.
Type  H <return>  for immediate help.
 ...                                              
                                                  
l.38 \end{definition}
                     
Your command was ignored.
Type  I <command> <return>  to replace it with another command,
or  <return>  to continue without it.


Overfull \hbox (20.0pt too wide) in paragraph at lines 36--39
[]
 []


Overfull \hbox (11.2pt too wide) in paragraph at lines 36--39
\TU/lmr/bx/n/10 流体质点
 []

! Undefined control sequence.
l.40 \section
             {作用在流体上的体积力和表面力}
The control sequence at the end of the top line
of your error message was never \def'ed. If you have
misspelled it (e.g., `\hobx'), type `I' and the correct
spelling (e.g., `I\hbox'). Otherwise just continue,
and I'll forget about whatever was undefined.

Missing character: There is no 作 ("4F5C) in font nullfont!
Missing character: There is no 用 ("7528) in font nullfont!
Missing character: There is no 在 ("5728) in font nullfont!
Missing character: There is no 流 ("6D41) in font nullfont!
Missing character: There is no 体 ("4F53) in font nullfont!
Missing character: There is no 上 ("4E0A) in font nullfont!
Missing character: There is no 的 ("7684) in font nullfont!
Missing character: There is no 体 ("4F53) in font nullfont!
Missing character: There is no 积 ("79EF) in font nullfont!
Missing character: There is no 力 ("529B) in font nullfont!
Missing character: There is no 和 ("548C) in font nullfont!
Missing character: There is no 表 ("8868) in font nullfont!
Missing character: There is no 面 ("9762) in font nullfont!
Missing character: There is no 力 ("529B) in font nullfont!

Overfull \hbox (20.0pt too wide) in paragraph at lines 40--41
[] 
 []

Missing character: There is no 在 ("5728) in font nullfont!
Missing character: There is no 流 ("6D41) in font nullfont!
Missing character: There is no 体 ("4F53) in font nullfont!
Missing character: There is no 中 ("4E2D) in font nullfont!
Missing character: There is no 任 ("4EFB) in font nullfont!
Missing character: There is no 取 ("53D6) in font nullfont!
Missing character: There is no 一 ("4E00) in font nullfont!
Missing character: There is no 个 ("4E2A) in font nullfont!
Missing character: There is no 微 ("5FAE) in font nullfont!
Missing character: There is no 团 ("56E2) in font nullfont!
Missing character: There is no ， ("FF0C) in font nullfont!
Missing character: There is no 其 ("5176) in font nullfont!
Missing character: There is no 上 ("4E0A) in font nullfont!
Missing character: There is no 受 ("53D7) in font nullfont!
Missing character: There is no 到 ("5230) in font nullfont!
Missing character: There is no 两 ("4E24) in font nullfont!
Missing character: There is no 种 ("79CD) in font nullfont!
Missing character: There is no 外 ("5916) in font nullfont!
Missing character: There is no 力 ("529B) in font nullfont!
Missing character: There is no ： ("FF1A) in font nullfont!
Missing character: There is no 第 ("7B2C) in font nullfont!
Missing character: There is no 一 ("4E00) in font nullfont!
Missing character: There is no 种 ("79CD) in font nullfont!
Missing character: There is no 外 ("5916) in font nullfont!
Missing character: There is no 力 ("529B) in font nullfont!
Missing character: There is no 作 ("4F5C) in font nullfont!
Missing character: There is no 用 ("7528) in font nullfont!
Missing character: There is no 在 ("5728) in font nullfont!
Missing character: There is no 微 ("5FAE) in font nullfont!
Missing character: There is no 团 ("56E2) in font nullfont!
Missing character: There is no 内 ("5185) in font nullfont!
Missing character: There is no 均 ("5747) in font nullfont!
Missing character: There is no 布 ("5E03) in font nullfont!
Missing character: There is no 质 ("8D28) in font nullfont!
Missing character: There is no 量 ("91CF) in font nullfont!
Missing character: There is no 的 ("7684) in font nullfont!
Missing character: There is no 质 ("8D28) in font nullfont!
Missing character: There is no 心 ("5FC3) in font nullfont!
Missing character: There is no 上 ("4E0A) in font nullfont!
Missing character: There is no ， ("FF0C) in font nullfont!
Missing character: There is no 这 ("8FD9) in font nullfont!
Missing character: There is no 种 ("79CD) in font nullfont!
Missing character: There is no 力 ("529B) in font nullfont!
Missing character: There is no 通 ("901A) in font nullfont!
Missing character: There is no 常 ("5E38) in font nullfont!
Missing character: There is no 和 ("548C) in font nullfont!
Missing character: There is no 微 ("5FAE) in font nullfont!
Missing character: There is no 团 ("56E2) in font nullfont!
Missing character: There is no 的 ("7684) in font nullfont!
Missing character: There is no 体 ("4F53) in font nullfont!
Missing character: There is no 积 ("79EF) in font nullfont!
Missing character: There is no 成 ("6210) in font nullfont!
Missing character: There is no 正 ("6B63) in font nullfont!
Missing character: There is no 比 ("6BD4) in font nullfont!
Missing character: There is no ， ("FF0C) in font nullfont!
Missing character: There is no 称 ("79F0) in font nullfont!
Missing character: There is no 为 ("4E3A) in font nullfont!
Missing character: There is no 体 ("4F53) in font nullfont!
Missing character: There is no 积 ("79EF) in font nullfont!
Missing character: There is no 力 ("529B) in font nullfont!
Missing character: There is no ； ("FF1B) in font nullfont!
Missing character: There is no 第 ("7B2C) in font nullfont!
Missing character: There is no 二 ("4E8C) in font nullfont!
Missing character: There is no 种 ("79CD) in font nullfont!
Missing character: There is no 外 ("5916) in font nullfont!
Missing character: There is no 力 ("529B) in font nullfont!
Missing character: There is no 是 ("662F) in font nullfont!
Missing character: There is no 周 ("5468) in font nullfont!
Missing character: There is no 围 ("56F4) in font nullfont!
Missing character: There is no 流 ("6D41) in font nullfont!
Missing character: There is no 体 ("4F53) in font nullfont!
Missing character: There is no 或 ("6216) in font nullfont!
Missing character: There is no 物 ("7269) in font nullfont!
Missing character: There is no 体 ("4F53) in font nullfont!
Missing character: There is no 作 ("4F5C) in font nullfont!
Missing character: There is no 用 ("7528) in font nullfont!
Missing character: There is no 在 ("5728) in font nullfont!
Missing character: There is no 流 ("6D41) in font nullfont!
Missing character: There is no 体 ("4F53) in font nullfont!
Missing character: There is no 微 ("5FAE) in font nullfont!
Missing character: There is no 团 ("56E2) in font nullfont!
Missing character: There is no 表 ("8868) in font nullfont!
Missing character: There is no 面 ("9762) in font nullfont!
Missing character: There is no 上 ("4E0A) in font nullfont!
Missing character: There is no 的 ("7684) in font nullfont!
Missing character: There is no 力 ("529B) in font nullfont!
Missing character: There is no ， ("FF0C) in font nullfont!
Missing character: There is no 它 ("5B83) in font nullfont!
Missing character: There is no 和 ("548C) in font nullfont!
Missing character: There is no 力 ("529B) in font nullfont!
Missing character: There is no 的 ("7684) in font nullfont!
Missing character: There is no 作 ("4F5C) in font nullfont!
Missing character: There is no 用 ("7528) in font nullfont!
Missing character: There is no 面 ("9762) in font nullfont!
Missing character: There is no 大 ("5927) in font nullfont!
Missing character: There is no 小 ("5C0F) in font nullfont!
Missing character: There is no 成 ("6210) in font nullfont!
Missing character: There is no 正 ("6B63) in font nullfont!
Missing character: There is no 比 ("6BD4) in font nullfont!
Missing character: There is no ， ("FF0C) in font nullfont!
Missing character: There is no 称 ("79F0) in font nullfont!
Missing character: There is no 为 ("4E3A) in font nullfont!
Missing character: There is no 表 ("8868) in font nullfont!
Missing character: There is no 面 ("9762) in font nullfont!
Missing character: There is no 力 ("529B) in font nullfont!
Missing character: There is no 。 ("3002) in font nullfont!

Overfull \hbox (20.0pt too wide) in paragraph at lines 42--43
[] 
 []


! LaTeX Error: Environment note undefined.

See the LaTeX manual or LaTeX Companion for explanation.
Type  H <return>  for immediate help.
 ...                                              
                                                  
l.44 \begin{note}
                 
Your command was ignored.
Type  I <command> <return>  to replace it with another command,
or  <return>  to continue without it.

Missing character: There is no 这 ("8FD9) in font nullfont!
Missing character: There is no 让 ("8BA9) in font nullfont!
Missing character: There is no 我 ("6211) in font nullfont!
Missing character: There is no 感 ("611F) in font nullfont!
Missing character: There is no 觉 ("89C9) in font nullfont!
Missing character: There is no 有 ("6709) in font nullfont!
Missing character: There is no 点 ("70B9) in font nullfont!
Missing character: There is no 像 ("50CF) in font nullfont!
Missing character: There is no 传 ("4F20) in font nullfont!
Missing character: There is no 递 ("9012) in font nullfont!
Missing character: There is no 矩 ("77E9) in font nullfont!
Missing character: There is no 阵 ("9635) in font nullfont!
Missing character: There is no 法 ("6CD5) in font nullfont!
Missing character: There is no 的 ("7684) in font nullfont!
Missing character: There is no 处 ("5904) in font nullfont!
Missing character: There is no 理 ("7406) in font nullfont!
Missing character: There is no 方 ("65B9) in font nullfont!
Missing character: There is no 式 ("5F0F) in font nullfont!
Missing character: There is no ？ ("FF1F) in font nullfont!
Missing character: There is no 有 ("6709) in font nullfont!
Missing character: There is no 外 ("5916) in font nullfont!
Missing character: There is no 部 ("90E8) in font nullfont!
Missing character: There is no 力 ("529B) in font nullfont!
Missing character: There is no 还 ("8FD8) in font nullfont!
Missing character: There is no 有 ("6709) in font nullfont!
Missing character: There is no 集 ("96C6) in font nullfont!
Missing character: There is no 中 ("4E2D) in font nullfont!
Missing character: There is no 在 ("5728) in font nullfont!
Missing character: There is no 质 ("8D28) in font nullfont!
Missing character: There is no 心 ("5FC3) in font nullfont!
Missing character: There is no 的 ("7684) in font nullfont!
Missing character: There is no 力 ("529B) in font nullfont!
Missing character: There is no 。 ("3002) in font nullfont!

! LaTeX Error: \begin{document} ended by \end{note}.

See the LaTeX manual or LaTeX Companion for explanation.
Type  H <return>  for immediate help.
 ...                                              
                                                  
l.46 \end{note}
               
Your command was ignored.
Type  I <command> <return>  to replace it with another command,
or  <return>  to continue without it.


Overfull \hbox (20.0pt too wide) in paragraph at lines 45--47
[]
 []


! LaTeX Error: Environment definition undefined.

See the LaTeX manual or LaTeX Companion for explanation.
Type  H <return>  for immediate help.
 ...                                              
                                                  
l.48 \begin{definition}
                       [体积力]
Your command was ignored.
Type  I <command> <return>  to replace it with another command,
or  <return>  to continue without it.

Missing character: There is no [ ("5B) in font nullfont!
Missing character: There is no 体 ("4F53) in font nullfont!
Missing character: There is no 积 ("79EF) in font nullfont!
Missing character: There is no 力 ("529B) in font nullfont!
Missing character: There is no ] ("5D) in font nullfont!
Missing character: There is no 作 ("4F5C) in font nullfont!
Missing character: There is no 用 ("7528) in font nullfont!
Missing character: There is no 在 ("5728) in font nullfont!
Missing character: There is no 微 ("5FAE) in font nullfont!
Missing character: There is no 团 ("56E2) in font nullfont!
Missing character: There is no 内 ("5185) in font nullfont!
Missing character: There is no 均 ("5747) in font nullfont!
Missing character: There is no 布 ("5E03) in font nullfont!
Missing character: There is no 质 ("8D28) in font nullfont!
Missing character: There is no 量 ("91CF) in font nullfont!
Missing character: There is no 的 ("7684) in font nullfont!
Missing character: There is no 质 ("8D28) in font nullfont!
Missing character: There is no 心 ("5FC3) in font nullfont!
Missing character: There is no 上 ("4E0A) in font nullfont!
Missing character: There is no 的 ("7684) in font nullfont!
Missing character: There is no 外 ("5916) in font nullfont!
Missing character: There is no 力 ("529B) in font nullfont!
Missing character: There is no ， ("FF0C) in font nullfont!
Missing character: There is no 通 ("901A) in font nullfont!
Missing character: There is no 常 ("5E38) in font nullfont!
Missing character: There is no 与 ("4E0E) in font nullfont!
Missing character: There is no 微 ("5FAE) in font nullfont!
Missing character: There is no 团 ("56E2) in font nullfont!
Missing character: There is no 的 ("7684) in font nullfont!
Missing character: There is no 体 ("4F53) in font nullfont!
Missing character: There is no 积 ("79EF) in font nullfont!
Missing character: There is no 成 ("6210) in font nullfont!
Missing character: There is no 正 ("6B63) in font nullfont!
Missing character: There is no 比 ("6BD4) in font nullfont!
Missing character: There is no 。 ("3002) in font nullfont!

! LaTeX Error: \begin{document} ended by \end{definition}.

See the LaTeX manual or LaTeX Companion for explanation.
Type  H <return>  for immediate help.
 ...                                              
                                                  
l.50 \end{definition}
                     
Your command was ignored.
Type  I <command> <return>  to replace it with another command,
or  <return>  to continue without it.


Overfull \hbox (20.0pt too wide) in paragraph at lines 48--51
[]
 []


! LaTeX Error: Environment definition undefined.

See the LaTeX manual or LaTeX Companion for explanation.
Type  H <return>  for immediate help.
 ...                                              
                                                  
l.52 \begin{definition}
                       [表面力]
Your command was ignored.
Type  I <command> <return>  to replace it with another command,
or  <return>  to continue without it.

Missing character: There is no [ ("5B) in font nullfont!
Missing character: There is no 表 ("8868) in font nullfont!
Missing character: There is no 面 ("9762) in font nullfont!
Missing character: There is no 力 ("529B) in font nullfont!
Missing character: There is no ] ("5D) in font nullfont!
Missing character: There is no 周 ("5468) in font nullfont!
Missing character: There is no 围 ("56F4) in font nullfont!
Missing character: There is no 流 ("6D41) in font nullfont!
Missing character: There is no 体 ("4F53) in font nullfont!
Missing character: There is no 或 ("6216) in font nullfont!
Missing character: There is no 物 ("7269) in font nullfont!
Missing character: There is no 体 ("4F53) in font nullfont!
Missing character: There is no 作 ("4F5C) in font nullfont!
Missing character: There is no 用 ("7528) in font nullfont!
Missing character: There is no 在 ("5728) in font nullfont!
Missing character: There is no 流 ("6D41) in font nullfont!
Missing character: There is no 体 ("4F53) in font nullfont!
Missing character: There is no 微 ("5FAE) in font nullfont!
Missing character: There is no 团 ("56E2) in font nullfont!
Missing character: There is no 表 ("8868) in font nullfont!
Missing character: There is no 面 ("9762) in font nullfont!
Missing character: There is no 上 ("4E0A) in font nullfont!
Missing character: There is no 的 ("7684) in font nullfont!
Missing character: There is no 外 ("5916) in font nullfont!
Missing character: There is no 力 ("529B) in font nullfont!
Missing character: There is no ， ("FF0C) in font nullfont!
Missing character: There is no 通 ("901A) in font nullfont!
Missing character: There is no 常 ("5E38) in font nullfont!
Missing character: There is no 与 ("4E0E) in font nullfont!
Missing character: There is no 力 ("529B) in font nullfont!
Missing character: There is no 的 ("7684) in font nullfont!
Missing character: There is no 作 ("4F5C) in font nullfont!
Missing character: There is no 用 ("7528) in font nullfont!
Missing character: There is no 面 ("9762) in font nullfont!
Missing character: There is no 大 ("5927) in font nullfont!
Missing character: There is no 小 ("5C0F) in font nullfont!
Missing character: There is no 成 ("6210) in font nullfont!
Missing character: There is no 正 ("6B63) in font nullfont!
Missing character: There is no 比 ("6BD4) in font nullfont!
Missing character: There is no 。 ("3002) in font nullfont!

! LaTeX Error: \begin{document} ended by \end{definition}.

See the LaTeX manual or LaTeX Companion for explanation.
Type  H <return>  for immediate help.
 ...                                              
                                                  
l.54 \end{definition}
                     
Your command was ignored.
Type  I <command> <return>  to replace it with another command,
or  <return>  to continue without it.


Overfull \hbox (20.0pt too wide) in paragraph at lines 52--55
[]
 []

! Undefined control sequence.
l.56 \subsection
                {体积力和体积力强度}
The control sequence at the end of the top line
of your error message was never \def'ed. If you have
misspelled it (e.g., `\hobx'), type `I' and the correct
spelling (e.g., `I\hbox'). Otherwise just continue,
and I'll forget about whatever was undefined.

Missing character: There is no 体 ("4F53) in font nullfont!
Missing character: There is no 积 ("79EF) in font nullfont!
Missing character: There is no 力 ("529B) in font nullfont!
Missing character: There is no 和 ("548C) in font nullfont!
Missing character: There is no 体 ("4F53) in font nullfont!
Missing character: There is no 积 ("79EF) in font nullfont!
Missing character: There is no 力 ("529B) in font nullfont!
Missing character: There is no 强 ("5F3A) in font nullfont!
Missing character: There is no 度 ("5EA6) in font nullfont!

Overfull \hbox (20.0pt too wide) in paragraph at lines 56--57
[] 
 []

Missing character: There is no 第 ("7B2C) in font nullfont!
Missing character: There is no 一 ("4E00) in font nullfont!
Missing character: There is no 个 ("4E2A) in font nullfont!
Missing character: There is no 例 ("4F8B) in font nullfont!
Missing character: There is no 子 ("5B50) in font nullfont!
Missing character: There is no ： ("FF1A) in font nullfont!
Missing character: There is no 在 ("5728) in font nullfont!
Missing character: There is no 地 ("5730) in font nullfont!
Missing character: There is no 球 ("7403) in font nullfont!
Missing character: There is no 引 ("5F15) in font nullfont!
Missing character: There is no 力 ("529B) in font nullfont!
Missing character: There is no 场 ("573A) in font nullfont!
Missing character: There is no 中 ("4E2D) in font nullfont!
Missing character: There is no 的 ("7684) in font nullfont!
Missing character: There is no 流 ("6D41) in font nullfont!
Missing character: There is no 体 ("4F53) in font nullfont!
Missing character: There is no 微 ("5FAE) in font nullfont!
Missing character: There is no 团 ("56E2) in font nullfont!
Missing character: There is no 受 ("53D7) in font nullfont!
Missing character: There is no 到 ("5230) in font nullfont!
Missing character: There is no 的 ("7684) in font nullfont!
Missing character: There is no 引 ("5F15) in font nullfont!
Missing character: There is no 力 ("529B) in font nullfont!
Missing character: There is no 可 ("53EF) in font nullfont!
Missing character: There is no 以 ("4EE5) in font nullfont!
Missing character: There is no 表 ("8868) in font nullfont!
Missing character: There is no 示 ("793A) in font nullfont!
Missing character: There is no 为 ("4E3A) in font nullfont!

Overfull \hbox (20.0pt too wide) in paragraph at lines 58--59
[] 
 []

! Undefined control sequence.
l.60 ^^I\delta\boldsymbol
                         {G}=\boldsymbol{g}\,\delta m=\boldsymbol{g}\rho\,\d...
The control sequence at the end of the top line
of your error message was never \def'ed. If you have
misspelled it (e.g., `\hobx'), type `I' and the correct
spelling (e.g., `I\hbox'). Otherwise just continue,
and I'll forget about whatever was undefined.

! Undefined control sequence.
l.60 ^^I\delta\boldsymbol{G}=\boldsymbol
                                        {g}\,\delta m=\boldsymbol{g}\rho\,\d...
The control sequence at the end of the top line
of your error message was never \def'ed. If you have
misspelled it (e.g., `\hobx'), type `I' and the correct
spelling (e.g., `I\hbox'). Otherwise just continue,
and I'll forget about whatever was undefined.

! Undefined control sequence.
l.60 ...ol{G}=\boldsymbol{g}\,\delta m=\boldsymbol
                                                  {g}\rho\,\delta V
The control sequence at the end of the top line
of your error message was never \def'ed. If you have
misspelled it (e.g., `\hobx'), type `I' and the correct
spelling (e.g., `I\hbox'). Otherwise just continue,
and I'll forget about whatever was undefined.


Overfull \hbox (84.59367pt too wide) detected at line 61
[]\OML/cmm/m/it/10 ^^NG \OT1/cmr/m/n/10 = \OML/cmm/m/it/10 g ^^Nm \OT1/cmr/m/n/
10 = \OML/cmm/m/it/10 g^^Z ^^NV
 []

Missing character: There is no 于 ("4E8E) in font nullfont!
Missing character: There is no 是 ("662F) in font nullfont!
Missing character: There is no 和 ("548C) in font nullfont!
Missing character: There is no 体 ("4F53) in font nullfont!
Missing character: There is no 积 ("79EF) in font nullfont!
Missing character: There is no 成 ("6210) in font nullfont!
Missing character: There is no 正 ("6B63) in font nullfont!
Missing character: There is no 比 ("6BD4) in font nullfont!
Missing character: There is no 。 ("3002) in font nullfont!
Missing character: There is no 由 ("7531) in font nullfont!
Missing character: There is no 此 ("6B64) in font nullfont!
Missing character: There is no 可 ("53EF) in font nullfont!
Missing character: There is no 以 ("4EE5) in font nullfont!
Missing character: There is no 看 ("770B) in font nullfont!
Missing character: There is no 出 ("51FA) in font nullfont!
Missing character: There is no 引 ("5F15) in font nullfont!
Missing character: There is no 力 ("529B) in font nullfont!
Missing character: There is no 是 ("662F) in font nullfont!
Missing character: There is no 体 ("4F53) in font nullfont!
Missing character: There is no 积 ("79EF) in font nullfont!
Missing character: There is no 力 ("529B) in font nullfont!
Missing character: There is no 。 ("3002) in font nullfont!
Missing character: There is no 再 ("518D) in font nullfont!
Missing character: There is no 介 ("4ECB) in font nullfont!
Missing character: There is no 绍 ("7ECD) in font nullfont!
Missing character: There is no 一 ("4E00) in font nullfont!
Missing character: There is no 种 ("79CD) in font nullfont!
Missing character: There is no 体 ("4F53) in font nullfont!
Missing character: There is no 积 ("79EF) in font nullfont!
Missing character: There is no 力 ("529B) in font nullfont!
Missing character: There is no ： ("FF1A) in font nullfont!
Missing character: There is no 静 ("9759) in font nullfont!
Missing character: There is no 电 ("7535) in font nullfont!
Missing character: There is no 力 ("529B) in font nullfont!
Missing character: There is no 。 ("3002) in font nullfont!
Missing character: There is no 设 ("8BBE) in font nullfont!
Missing character: There is no 流 ("6D41) in font nullfont!
Missing character: There is no 体 ("4F53) in font nullfont!
Missing character: There is no 微 ("5FAE) in font nullfont!
Missing character: There is no 团 ("56E2) in font nullfont!
Missing character: There is no 的 ("7684) in font nullfont!
Missing character: There is no 电 ("7535) in font nullfont!
Missing character: There is no 荷 ("8377) in font nullfont!
Missing character: There is no 密 ("5BC6) in font nullfont!
Missing character: There is no 度 ("5EA6) in font nullfont!
Missing character: There is no 为 ("4E3A) in font nullfont!
Missing character: There is no ， ("FF0C) in font nullfont!
Missing character: There is no 则 ("5219) in font nullfont!
Missing character: There is no 在 ("5728) in font nullfont!
Missing character: There is no 静 ("9759) in font nullfont!
Missing character: There is no 电 ("7535) in font nullfont!
Missing character: There is no 场 ("573A) in font nullfont!
! Undefined control sequence.
<recently read> \boldsymbol 
                            
l.64 ...体积力：静电力。设流体微团的电荷密度为 $q$，则在静电场 $\boldsymbol
                                                  {E}$ 中，该微团受到的静电力为
The control sequence at the end of the top line
of your error message was never \def'ed. If you have
misspelled it (e.g., `\hobx'), type `I' and the correct
spelling (e.g., `I\hbox'). Otherwise just continue,
and I'll forget about whatever was undefined.

Missing character: There is no 中 ("4E2D) in font nullfont!
Missing character: There is no ， ("FF0C) in font nullfont!
Missing character: There is no 该 ("8BE5) in font nullfont!
Missing character: There is no 微 ("5FAE) in font nullfont!
Missing character: There is no 团 ("56E2) in font nullfont!
Missing character: There is no 受 ("53D7) in font nullfont!
Missing character: There is no 到 ("5230) in font nullfont!
Missing character: There is no 的 ("7684) in font nullfont!
Missing character: There is no 静 ("9759) in font nullfont!
Missing character: There is no 电 ("7535) in font nullfont!
Missing character: There is no 力 ("529B) in font nullfont!
Missing character: There is no 为 ("4E3A) in font nullfont!

Overfull \hbox (20.0pt too wide) in paragraph at lines 64--65
[]
 []


Overfull \hbox (4.8229pt too wide) in paragraph at lines 64--65
\OML/cmm/m/it/10 q$
 []


Overfull \hbox (7.95831pt too wide) in paragraph at lines 64--65
\OML/cmm/m/it/10 E$
 []

! Undefined control sequence.
l.66 ^^I\delta\boldsymbol
                         {F}=q\,\boldsymbol{E}\,\delta V
The control sequence at the end of the top line
of your error message was never \def'ed. If you have
misspelled it (e.g., `\hobx'), type `I' and the correct
spelling (e.g., `I\hbox'). Otherwise just continue,
and I'll forget about whatever was undefined.

! Undefined control sequence.
l.66 ^^I\delta\boldsymbol{F}=q\,\boldsymbol
                                           {E}\,\delta V
The control sequence at the end of the top line
of your error message was never \def'ed. If you have
misspelled it (e.g., `\hobx'), type `I' and the correct
spelling (e.g., `I\hbox'). Otherwise just continue,
and I'll forget about whatever was undefined.


Overfull \hbox (54.96852pt too wide) detected at line 67
[]\OML/cmm/m/it/10 ^^NF \OT1/cmr/m/n/10 = \OML/cmm/m/it/10 q E ^^NV
 []

Missing character: There is no 于 ("4E8E) in font nullfont!
Missing character: There is no 是 ("662F) in font nullfont!
Missing character: There is no 可 ("53EF) in font nullfont!
Missing character: There is no 以 ("4EE5) in font nullfont!
Missing character: There is no 看 ("770B) in font nullfont!
Missing character: There is no 出 ("51FA) in font nullfont!
Missing character: There is no 静 ("9759) in font nullfont!
Missing character: There is no 电 ("7535) in font nullfont!
Missing character: There is no 力 ("529B) in font nullfont!
Missing character: There is no 对 ("5BF9) in font nullfont!
Missing character: There is no 流 ("6D41) in font nullfont!
Missing character: There is no 体 ("4F53) in font nullfont!
Missing character: There is no 微 ("5FAE) in font nullfont!
Missing character: There is no 团 ("56E2) in font nullfont!
Missing character: There is no 来 ("6765) in font nullfont!
Missing character: There is no 说 ("8BF4) in font nullfont!
Missing character: There is no 也 ("4E5F) in font nullfont!
Missing character: There is no 是 ("662F) in font nullfont!
Missing character: There is no 体 ("4F53) in font nullfont!
Missing character: There is no 积 ("79EF) in font nullfont!
Missing character: There is no 力 ("529B) in font nullfont!
Missing character: There is no 。 ("3002) in font nullfont!
Missing character: There is no 上 ("4E0A) in font nullfont!
Missing character: There is no 面 ("9762) in font nullfont!
Missing character: There is no 讲 ("8BB2) in font nullfont!
Missing character: There is no 完 ("5B8C) in font nullfont!
Missing character: There is no 了 ("4E86) in font nullfont!
Missing character: There is no 体 ("4F53) in font nullfont!
Missing character: There is no 积 ("79EF) in font nullfont!
Missing character: There is no 力 ("529B) in font nullfont!
Missing character: There is no 的 ("7684) in font nullfont!
Missing character: There is no 一 ("4E00) in font nullfont!
Missing character: There is no 些 ("4E9B) in font nullfont!
Missing character: There is no 例 ("4F8B) in font nullfont!
Missing character: There is no 子 ("5B50) in font nullfont!
Missing character: There is no ， ("FF0C) in font nullfont!
Missing character: There is no 理 ("7406) in font nullfont!
Missing character: There is no 解 ("89E3) in font nullfont!
Missing character: There is no 了 ("4E86) in font nullfont!
Missing character: There is no 一 ("4E00) in font nullfont!
Missing character: There is no 下 ("4E0B) in font nullfont!
Missing character: There is no 定 ("5B9A) in font nullfont!
Missing character: There is no 义 ("4E49) in font nullfont!
Missing character: There is no ， ("FF0C) in font nullfont!
Missing character: There is no 下 ("4E0B) in font nullfont!
Missing character: There is no 面 ("9762) in font nullfont!
Missing character: There is no 看 ("770B) in font nullfont!
Missing character: There is no 看 ("770B) in font nullfont!
Missing character: There is no 怎 ("600E) in font nullfont!
Missing character: There is no 么 ("4E48) in font nullfont!
Missing character: There is no 衡 ("8861) in font nullfont!
Missing character: There is no 量 ("91CF) in font nullfont!
Missing character: There is no 体 ("4F53) in font nullfont!
Missing character: There is no 积 ("79EF) in font nullfont!
Missing character: There is no 力 ("529B) in font nullfont!
Missing character: There is no 的 ("7684) in font nullfont!
Missing character: There is no 大 ("5927) in font nullfont!
Missing character: There is no 小 ("5C0F) in font nullfont!
Missing character: There is no 。 ("3002) in font nullfont!
Missing character: There is no 引 ("5F15) in font nullfont!
Missing character: There is no 入 ("5165) in font nullfont!
Missing character: There is no 一 ("4E00) in font nullfont!
Missing character: There is no 个 ("4E2A) in font nullfont!
Missing character: There is no 体 ("4F53) in font nullfont!
Missing character: There is no 积 ("79EF) in font nullfont!
Missing character: There is no 力 ("529B) in font nullfont!
Missing character: There is no 强 ("5F3A) in font nullfont!
Missing character: There is no 度 ("5EA6) in font nullfont!
Missing character: There is no ， ("FF0C) in font nullfont!
Missing character: There is no 表 ("8868) in font nullfont!
Missing character: There is no 达 ("8FBE) in font nullfont!
Missing character: There is no 如 ("5982) in font nullfont!
Missing character: There is no 下 ("4E0B) in font nullfont!
Missing character: There is no ： ("FF1A) in font nullfont!

Overfull \hbox (20.0pt too wide) in paragraph at lines 70--71
[] 
 []

! Undefined control sequence.
l.72 ^^I\boldsymbol
                   {f}_V=\lim_{\delta V\to 0}\frac{\delta\boldsymbol{F}}{\de...
The control sequence at the end of the top line
of your error message was never \def'ed. If you have
misspelled it (e.g., `\hobx'), type `I' and the correct
spelling (e.g., `I\hbox'). Otherwise just continue,
and I'll forget about whatever was undefined.

! Undefined control sequence.
<argument> \delta \boldsymbol 
                              {F}
l.72 ...to 0}\frac{\delta\boldsymbol{F}}{\delta V}
                                                  
The control sequence at the end of the top line
of your error message was never \def'ed. If you have
misspelled it (e.g., `\hobx'), type `I' and the correct
spelling (e.g., `I\hbox'). Otherwise just continue,
and I'll forget about whatever was undefined.


Overfull \hbox (64.41003pt too wide) detected at line 73
[]\OML/cmm/m/it/10 f[] \OT1/cmr/m/n/10 = [] []
 []

Missing character: There is no 于 ("4E8E) in font nullfont!
Missing character: There is no 是 ("662F) in font nullfont!
Missing character: There is no 引 ("5F15) in font nullfont!
Missing character: There is no 力 ("529B) in font nullfont!
Missing character: There is no 的 ("7684) in font nullfont!
Missing character: There is no 体 ("4F53) in font nullfont!
Missing character: There is no 积 ("79EF) in font nullfont!
Missing character: There is no 力 ("529B) in font nullfont!
Missing character: There is no 强 ("5F3A) in font nullfont!
Missing character: There is no 度 ("5EA6) in font nullfont!
Missing character: There is no 为 ("4E3A) in font nullfont!
! Undefined control sequence.
l.75 于是引力的体积力强度为 $\rho\boldsymbol
                                 {g}$，静电力的体积力强度为 $q\boldsymbol{E}$。
The control sequence at the end of the top line
of your error message was never \def'ed. If you have
misspelled it (e.g., `\hobx'), type `I' and the correct
spelling (e.g., `I\hbox'). Otherwise just continue,
and I'll forget about whatever was undefined.

Missing character: There is no ， ("FF0C) in font nullfont!
Missing character: There is no 静 ("9759) in font nullfont!
Missing character: There is no 电 ("7535) in font nullfont!
Missing character: There is no 力 ("529B) in font nullfont!
Missing character: There is no 的 ("7684) in font nullfont!
Missing character: There is no 体 ("4F53) in font nullfont!
Missing character: There is no 积 ("79EF) in font nullfont!
Missing character: There is no 力 ("529B) in font nullfont!
Missing character: There is no 强 ("5F3A) in font nullfont!
Missing character: There is no 度 ("5EA6) in font nullfont!
Missing character: There is no 为 ("4E3A) in font nullfont!
! Undefined control sequence.
l.75 ...ho\boldsymbol{g}$，静电力的体积力强度为 $q\boldsymbol
                                                  {E}$。
The control sequence at the end of the top line
of your error message was never \def'ed. If you have
misspelled it (e.g., `\hobx'), type `I' and the correct
spelling (e.g., `I\hbox'). Otherwise just continue,
and I'll forget about whatever was undefined.

Missing character: There is no 。 ("3002) in font nullfont!

Overfull \hbox (20.0pt too wide) in paragraph at lines 75--76
[]
 []


Overfull \hbox (10.29861pt too wide) in paragraph at lines 75--76
\OML/cmm/m/it/10 ^^Zg$
 []


Overfull \hbox (12.78122pt too wide) in paragraph at lines 75--76
\OML/cmm/m/it/10 qE$ 
 []


! LaTeX Error: Environment note undefined.

See the LaTeX manual or LaTeX Companion for explanation.
Type  H <return>  for immediate help.
 ...                                              
                                                  
l.77 \begin{note}
                 
Your command was ignored.
Type  I <command> <return>  to replace it with another command,
or  <return>  to continue without it.

Missing character: There is no 感 ("611F) in font nullfont!
Missing character: There is no 觉 ("89C9) in font nullfont!
Missing character: There is no 有 ("6709) in font nullfont!
Missing character: There is no 点 ("70B9) in font nullfont!
Missing character: There is no 像 ("50CF) in font nullfont!
Missing character: There is no 导 ("5BFC) in font nullfont!
Missing character: There is no 数 ("6570) in font nullfont!
Missing character: There is no 的 ("7684) in font nullfont!
Missing character: There is no 定 ("5B9A) in font nullfont!
Missing character: There is no 义 ("4E49) in font nullfont!
Missing character: There is no 了 ("4E86) in font nullfont!
Missing character: There is no 。 ("3002) in font nullfont!
Missing character: There is no 由 ("7531) in font nullfont!
Missing character: There is no 导 ("5BFC) in font nullfont!
Missing character: There is no 数 ("6570) in font nullfont!
Missing character: There is no 可 ("53EF) in font nullfont!
Missing character: There is no 以 ("4EE5) in font nullfont!
Missing character: There is no 求 ("6C42) in font nullfont!
Missing character: There is no 原 ("539F) in font nullfont!
Missing character: There is no 函 ("51FD) in font nullfont!
Missing character: There is no 数 ("6570) in font nullfont!
Missing character: There is no ， ("FF0C) in font nullfont!
Missing character: There is no 那 ("90A3) in font nullfont!
Missing character: There is no 么 ("4E48) in font nullfont!
Missing character: There is no 知 ("77E5) in font nullfont!
Missing character: There is no 道 ("9053) in font nullfont!
Missing character: There is no 体 ("4F53) in font nullfont!
Missing character: There is no 积 ("79EF) in font nullfont!
Missing character: There is no 力 ("529B) in font nullfont!
Missing character: There is no 强 ("5F3A) in font nullfont!
Missing character: There is no 度 ("5EA6) in font nullfont!
Missing character: There is no 可 ("53EF) in font nullfont!
Missing character: There is no 以 ("4EE5) in font nullfont!
Missing character: There is no 求 ("6C42) in font nullfont!
Missing character: There is no 合 ("5408) in font nullfont!
Missing character: There is no 力 ("529B) in font nullfont!
Missing character: There is no 和 ("548C) in font nullfont!
Missing character: There is no 合 ("5408) in font nullfont!
Missing character: There is no 力 ("529B) in font nullfont!
Missing character: There is no 矩 ("77E9) in font nullfont!
Missing character: There is no 。 ("3002) in font nullfont!

! LaTeX Error: \begin{document} ended by \end{note}.

See the LaTeX manual or LaTeX Companion for explanation.
Type  H <return>  for immediate help.
 ...                                              
                                                  
l.79 \end{note}
               
Your command was ignored.
Type  I <command> <return>  to replace it with another command,
or  <return>  to continue without it.


Overfull \hbox (20.0pt too wide) in paragraph at lines 78--80
[]
 []

Missing character: There is no 体 ("4F53) in font nullfont!
Missing character: There is no 积 ("79EF) in font nullfont!
Missing character: There is no 力 ("529B) in font nullfont!
Missing character: There is no 的 ("7684) in font nullfont!
Missing character: There is no 合 ("5408) in font nullfont!
Missing character: There is no 力 ("529B) in font nullfont!
Missing character: There is no 为 ("4E3A) in font nullfont!

Overfull \hbox (20.0pt too wide) in paragraph at lines 81--82
[] 
 []

! Undefined control sequence.
l.83 ^^I\boldsymbol
                   {F}=\int_V\boldsymbol{f}_V\,\mathrm{d}V
The control sequence at the end of the top line
of your error message was never \def'ed. If you have
misspelled it (e.g., `\hobx'), type `I' and the correct
spelling (e.g., `I\hbox'). Otherwise just continue,
and I'll forget about whatever was undefined.

! Undefined control sequence.
l.83 ^^I\boldsymbol{F}=\int_V\boldsymbol
                                        {f}_V\,\mathrm{d}V
The control sequence at the end of the top line
of your error message was never \def'ed. If you have
misspelled it (e.g., `\hobx'), type `I' and the correct
spelling (e.g., `I\hbox'). Otherwise just continue,
and I'll forget about whatever was undefined.


Overfull \hbox (62.43744pt too wide) detected at line 84
[]\OML/cmm/m/it/10 F \OT1/cmr/m/n/10 = [][] \OML/cmm/m/it/10 f[] \OT1/cmr/m/n/1
0 d\OML/cmm/m/it/10 V
 []

Missing character: There is no 体 ("4F53) in font nullfont!
Missing character: There is no 积 ("79EF) in font nullfont!
Missing character: There is no 力 ("529B) in font nullfont!
Missing character: There is no 的 ("7684) in font nullfont!
Missing character: There is no 合 ("5408) in font nullfont!
Missing character: There is no 力 ("529B) in font nullfont!
Missing character: There is no 矩 ("77E9) in font nullfont!
Missing character: There is no 为 ("4E3A) in font nullfont!

Overfull \hbox (20.0pt too wide) in paragraph at lines 86--87
[] 
 []

! Undefined control sequence.
l.88 ^^I\boldsymbol
                   {L}=\int_V\boldsymbol{r}\times\boldsymbol{f}_V\,\mathrm{d}V
The control sequence at the end of the top line
of your error message was never \def'ed. If you have
misspelled it (e.g., `\hobx'), type `I' and the correct
spelling (e.g., `I\hbox'). Otherwise just continue,
and I'll forget about whatever was undefined.

! Undefined control sequence.
l.88 ^^I\boldsymbol{L}=\int_V\boldsymbol
                                        {r}\times\boldsymbol{f}_V\,\mathrm{d}V
The control sequence at the end of the top line
of your error message was never \def'ed. If you have
misspelled it (e.g., `\hobx'), type `I' and the correct
spelling (e.g., `I\hbox'). Otherwise just continue,
and I'll forget about whatever was undefined.

! Undefined control sequence.
l.88 ...l{L}=\int_V\boldsymbol{r}\times\boldsymbol
                                                  {f}_V\,\mathrm{d}V
The control sequence at the end of the top line
of your error message was never \def'ed. If you have
misspelled it (e.g., `\hobx'), type `I' and the correct
spelling (e.g., `I\hbox'). Otherwise just continue,
and I'll forget about whatever was undefined.


Overfull \hbox (73.99072pt too wide) detected at line 89
[]\OML/cmm/m/it/10 L \OT1/cmr/m/n/10 = [][] \OML/cmm/m/it/10 r \OMS/cmsy/m/n/10
 ^^B \OML/cmm/m/it/10 f[] \OT1/cmr/m/n/10 d\OML/cmm/m/it/10 V
 []

Missing character: There is no 式 ("5F0F) in font nullfont!
Missing character: There is no 中 ("4E2D) in font nullfont!
! Undefined control sequence.
<recently read> \boldsymbol 
                            
l.90 式中 $\boldsymbol
                    {r}$ 为任意一流体微团相对于参考点的向径。
The control sequence at the end of the top line
of your error message was never \def'ed. If you have
misspelled it (e.g., `\hobx'), type `I' and the correct
spelling (e.g., `I\hbox'). Otherwise just continue,
and I'll forget about whatever was undefined.

Missing character: There is no 为 ("4E3A) in font nullfont!
Missing character: There is no 任 ("4EFB) in font nullfont!
Missing character: There is no 意 ("610F) in font nullfont!
Missing character: There is no 一 ("4E00) in font nullfont!
Missing character: There is no 流 ("6D41) in font nullfont!
Missing character: There is no 体 ("4F53) in font nullfont!
Missing character: There is no 微 ("5FAE) in font nullfont!
Missing character: There is no 团 ("56E2) in font nullfont!
Missing character: There is no 相 ("76F8) in font nullfont!
Missing character: There is no 对 ("5BF9) in font nullfont!
Missing character: There is no 于 ("4E8E) in font nullfont!
Missing character: There is no 参 ("53C2) in font nullfont!
Missing character: There is no 考 ("8003) in font nullfont!
Missing character: There is no 点 ("70B9) in font nullfont!
Missing character: There is no 的 ("7684) in font nullfont!
Missing character: There is no 向 ("5411) in font nullfont!
Missing character: There is no 径 ("5F84) in font nullfont!
Missing character: There is no 。 ("3002) in font nullfont!

Overfull \hbox (4.78937pt too wide) in paragraph at lines 89--91
 $\OML/cmm/m/it/10 r$
 []

! Undefined control sequence.
l.92 \subsection
                {表面力和应力}
The control sequence at the end of the top line
of your error message was never \def'ed. If you have
misspelled it (e.g., `\hobx'), type `I' and the correct
spelling (e.g., `I\hbox'). Otherwise just continue,
and I'll forget about whatever was undefined.

Missing character: There is no 表 ("8868) in font nullfont!
Missing character: There is no 面 ("9762) in font nullfont!
Missing character: There is no 力 ("529B) in font nullfont!
Missing character: There is no 和 ("548C) in font nullfont!
Missing character: There is no 应 ("5E94) in font nullfont!
Missing character: There is no 力 ("529B) in font nullfont!

Overfull \hbox (20.0pt too wide) in paragraph at lines 92--93
[] 
 []

Missing character: There is no 任 ("4EFB) in font nullfont!
Missing character: There is no 取 ("53D6) in font nullfont!
Missing character: There is no 一 ("4E00) in font nullfont!
Missing character: There is no 有 ("6709) in font nullfont!
Missing character: There is no 限 ("9650) in font nullfont!
Missing character: There is no 体 ("4F53) in font nullfont!
Missing character: There is no 积 ("79EF) in font nullfont!
Missing character: There is no 的 ("7684) in font nullfont!
Missing character: There is no 流 ("6D41) in font nullfont!
Missing character: There is no 体 ("4F53) in font nullfont!
Missing character: There is no ， ("FF0C) in font nullfont!
Missing character: There is no 它 ("5B83) in font nullfont!
Missing character: There is no 的 ("7684) in font nullfont!
Missing character: There is no 表 ("8868) in font nullfont!
Missing character: There is no 面 ("9762) in font nullfont!
Missing character: There is no 上 ("4E0A) in font nullfont!
Missing character: There is no 受 ("53D7) in font nullfont!
Missing character: There is no 到 ("5230) in font nullfont!
Missing character: There is no 周 ("5468) in font nullfont!
Missing character: There is no 围 ("56F4) in font nullfont!
Missing character: There is no 流 ("6D41) in font nullfont!
Missing character: There is no 体 ("4F53) in font nullfont!
Missing character: There is no 或 ("6216) in font nullfont!
Missing character: There is no 物 ("7269) in font nullfont!
Missing character: There is no 体 ("4F53) in font nullfont!
Missing character: There is no 的 ("7684) in font nullfont!
Missing character: There is no 接 ("63A5) in font nullfont!
Missing character: There is no 触 ("89E6) in font nullfont!
Missing character: There is no 力 ("529B) in font nullfont!
Missing character: There is no ， ("FF0C) in font nullfont!
Missing character: There is no 这 ("8FD9) in font nullfont!
Missing character: There is no 种 ("79CD) in font nullfont!
Missing character: There is no 力 ("529B) in font nullfont!
Missing character: There is no 分 ("5206) in font nullfont!
Missing character: There is no 布 ("5E03) in font nullfont!
Missing character: There is no 于 ("4E8E) in font nullfont!
Missing character: There is no 有 ("6709) in font nullfont!
Missing character: There is no 限 ("9650) in font nullfont!
Missing character: There is no 体 ("4F53) in font nullfont!
Missing character: There is no 的 ("7684) in font nullfont!
Missing character: There is no 表 ("8868) in font nullfont!
Missing character: There is no 面 ("9762) in font nullfont!
Missing character: There is no ， ("FF0C) in font nullfont!
Missing character: There is no 称 ("79F0) in font nullfont!
Missing character: There is no 为 ("4E3A) in font nullfont!
Missing character: There is no 表 ("8868) in font nullfont!
Missing character: There is no 面 ("9762) in font nullfont!
Missing character: There is no 力 ("529B) in font nullfont!
Missing character: There is no ， ("FF0C) in font nullfont!
Missing character: There is no 如 ("5982) in font nullfont!
Missing character: There is no 图 ("56FE) in font nullfont!
! Undefined control sequence.
<write> ...ce `fig:surfaceforce' on page \thepage 
                                                  \space undefined\on@line .^^J
l.94 ...力分布于有限体的表面，称为表面力，如图~\ref{fig:surfaceforce}
                                                   所示。
The control sequence at the end of the top line
of your error message was never \def'ed. If you have
misspelled it (e.g., `\hobx'), type `I' and the correct
spelling (e.g., `I\hbox'). Otherwise just continue,
and I'll forget about whatever was undefined.


LaTeX Warning: Reference `fig:surfaceforce' on page  undefined on input line 94
.

Missing character: There is no 所 ("6240) in font nullfont!
Missing character: There is no 示 ("793A) in font nullfont!
Missing character: There is no 。 ("3002) in font nullfont!

Overfull \hbox (30.86pt too wide) in paragraph at lines 94--95
[] []
 []


! LaTeX Error: Environment figure undefined.

See the LaTeX manual or LaTeX Companion for explanation.
Type  H <return>  for immediate help.
 ...                                              
                                                  
l.96 \begin{figure}
                   [htbp]
Your command was ignored.
Type  I <command> <return>  to replace it with another command,
or  <return>  to continue without it.

Missing character: There is no [ ("5B) in font nullfont!
Missing character: There is no h ("68) in font nullfont!
Missing character: There is no t ("74) in font nullfont!
Missing character: There is no b ("62) in font nullfont!
Missing character: There is no p ("70) in font nullfont!
Missing character: There is no ] ("5D) in font nullfont!

! LaTeX Error: Environment subfigure undefined.

See the LaTeX manual or LaTeX Companion for explanation.
Type  H <return>  for immediate help.
 ...                                              
                                                  
l.98 ^^I\begin{subfigure}
                         [b]{0.46\textwidth}
Your command was ignored.
Type  I <command> <return>  to replace it with another command,
or  <return>  to continue without it.

Missing character: There is no [ ("5B) in font nullfont!
Missing character: There is no b ("62) in font nullfont!
Missing character: There is no ] ("5D) in font nullfont!
Missing character: There is no 0 ("30) in font nullfont!
Missing character: There is no . ("2E) in font nullfont!
Missing character: There is no 4 ("34) in font nullfont!
Missing character: There is no 6 ("36) in font nullfont!
! Missing number, treated as zero.
<to be read again> 
                   }
l.98 ^^I\begin{subfigure}[b]{0.46\textwidth}
                                            
A number should have been here; I inserted `0'.
(If you can't figure out why I needed to see a number,
look up `weird error' in the index to The TeXbook.)

! Illegal unit of measure (pt inserted).
<to be read again> 
                   }
l.98 ^^I\begin{subfigure}[b]{0.46\textwidth}
                                            
Dimensions can be in units of em, ex, in, pt, pc,
cm, mm, dd, cc, bp, or sp; but yours is a new one!
I'll assume that you meant to say pt, for printer's points.
To recover gracefully from this error, it's best to
delete the erroneous units; e.g., type `2' to delete
two letters. (See Chapter 27 of The TeXbook.)

! Undefined control sequence.
l.99 ^^I^^I\includegraphics
                           [width=\textwidth]{Figure/有限体上的表面力.png}
The control sequence at the end of the top line
of your error message was never \def'ed. If you have
misspelled it (e.g., `\hobx'), type `I' and the correct
spelling (e.g., `I\hbox'). Otherwise just continue,
and I'll forget about whatever was undefined.

Missing character: There is no [ ("5B) in font nullfont!
Missing character: There is no w ("77) in font nullfont!
Missing character: There is no i ("69) in font nullfont!
Missing character: There is no d ("64) in font nullfont!
Missing character: There is no t ("74) in font nullfont!
Missing character: There is no h ("68) in font nullfont!
Missing character: There is no = ("3D) in font nullfont!
! Missing number, treated as zero.
<to be read again> 
                   ]
l.99 ^^I^^I\includegraphics[width=\textwidth]
                                             {Figure/有限体上的表面力.png}
A number should have been here; I inserted `0'.
(If you can't figure out why I needed to see a number,
look up `weird error' in the index to The TeXbook.)

! Illegal unit of measure (pt inserted).
<to be read again> 
                   ]
l.99 ^^I^^I\includegraphics[width=\textwidth]
                                             {Figure/有限体上的表面力.png}
Dimensions can be in units of em, ex, in, pt, pc,
cm, mm, dd, cc, bp, or sp; but yours is a new one!
I'll assume that you meant to say pt, for printer's points.
To recover gracefully from this error, it's best to
delete the erroneous units; e.g., type `2' to delete
two letters. (See Chapter 27 of The TeXbook.)

Missing character: There is no ] ("5D) in font nullfont!
Missing character: There is no F ("46) in font nullfont!
Missing character: There is no i ("69) in font nullfont!
Missing character: There is no g ("67) in font nullfont!
Missing character: There is no u ("75) in font nullfont!
Missing character: There is no r ("72) in font nullfont!
Missing character: There is no e ("65) in font nullfont!
Missing character: There is no / ("2F) in font nullfont!
Missing character: There is no 有 ("6709) in font nullfont!
Missing character: There is no 限 ("9650) in font nullfont!
Missing character: There is no 体 ("4F53) in font nullfont!
Missing character: There is no 上 ("4E0A) in font nullfont!
Missing character: There is no 的 ("7684) in font nullfont!
Missing character: There is no 表 ("8868) in font nullfont!
Missing character: There is no 面 ("9762) in font nullfont!
Missing character: There is no 力 ("529B) in font nullfont!
Missing character: There is no . ("2E) in font nullfont!
Missing character: There is no p ("70) in font nullfont!
Missing character: There is no n ("6E) in font nullfont!
Missing character: There is no g ("67) in font nullfont!

! LaTeX Error: \caption outside float.

See the LaTeX manual or LaTeX Companion for explanation.
Type  H <return>  for immediate help.
 ...                                              
                                                  
l.100 ^^I^^I\caption
                    {有限体上的表面力}
You're in trouble here.  Try typing  <return>  to proceed.
If that doesn't work, type  X <return>  to quit.

Missing character: There is no 有 ("6709) in font nullfont!
Missing character: There is no 限 ("9650) in font nullfont!
Missing character: There is no 体 ("4F53) in font nullfont!
Missing character: There is no 上 ("4E0A) in font nullfont!
Missing character: There is no 的 ("7684) in font nullfont!
Missing character: There is no 表 ("8868) in font nullfont!
Missing character: There is no 面 ("9762) in font nullfont!
Missing character: There is no 力 ("529B) in font nullfont!

! LaTeX Error: \begin{document} ended by \end{subfigure}.

See the LaTeX manual or LaTeX Companion for explanation.
Type  H <return>  for immediate help.
 ...                                              
                                                  
l.101 ^^I\end{subfigure}
                        
Your command was ignored.
Type  I <command> <return>  to replace it with another command,
or  <return>  to continue without it.


! LaTeX Error: Environment subfigure undefined.

See the LaTeX manual or LaTeX Companion for explanation.
Type  H <return>  for immediate help.
 ...                                              
                                                  
l.103 ^^I\begin{subfigure}
                          [b]{0.46\textwidth}
Your command was ignored.
Type  I <command> <return>  to replace it with another command,
or  <return>  to continue without it.

Missing character: There is no [ ("5B) in font nullfont!
Missing character: There is no b ("62) in font nullfont!
Missing character: There is no ] ("5D) in font nullfont!
Missing character: There is no 0 ("30) in font nullfont!
Missing character: There is no . ("2E) in font nullfont!
Missing character: There is no 4 ("34) in font nullfont!
Missing character: There is no 6 ("36) in font nullfont!
! Missing number, treated as zero.
<to be read again> 
                   }
l.103 ^^I\begin{subfigure}[b]{0.46\textwidth}
                                             
A number should have been here; I inserted `0'.
(If you can't figure out why I needed to see a number,
look up `weird error' in the index to The TeXbook.)

! Illegal unit of measure (pt inserted).
<to be read again> 
                   }
l.103 ^^I\begin{subfigure}[b]{0.46\textwidth}
                                             
Dimensions can be in units of em, ex, in, pt, pc,
cm, mm, dd, cc, bp, or sp; but yours is a new one!
I'll assume that you meant to say pt, for printer's points.
To recover gracefully from this error, it's best to
delete the erroneous units; e.g., type `2' to delete
two letters. (See Chapter 27 of The TeXbook.)

! Undefined control sequence.
l.104 ^^I^^I\includegraphics
                            [width=\textwidth]{Figure/微元体上的表面力.png}
The control sequence at the end of the top line
of your error message was never \def'ed. If you have
misspelled it (e.g., `\hobx'), type `I' and the correct
spelling (e.g., `I\hbox'). Otherwise just continue,
and I'll forget about whatever was undefined.

Missing character: There is no [ ("5B) in font nullfont!
Missing character: There is no w ("77) in font nullfont!
Missing character: There is no i ("69) in font nullfont!
Missing character: There is no d ("64) in font nullfont!
Missing character: There is no t ("74) in font nullfont!
Missing character: There is no h ("68) in font nullfont!
Missing character: There is no = ("3D) in font nullfont!
! Missing number, treated as zero.
<to be read again> 
                   ]
l.104 ^^I^^I\includegraphics[width=\textwidth]
                                              {Figure/微元体上的表面力.png}
A number should have been here; I inserted `0'.
(If you can't figure out why I needed to see a number,
look up `weird error' in the index to The TeXbook.)

! Illegal unit of measure (pt inserted).
<to be read again> 
                   ]
l.104 ^^I^^I\includegraphics[width=\textwidth]
                                              {Figure/微元体上的表面力.png}
Dimensions can be in units of em, ex, in, pt, pc,
cm, mm, dd, cc, bp, or sp; but yours is a new one!
I'll assume that you meant to say pt, for printer's points.
To recover gracefully from this error, it's best to
delete the erroneous units; e.g., type `2' to delete
two letters. (See Chapter 27 of The TeXbook.)

Missing character: There is no ] ("5D) in font nullfont!
Missing character: There is no F ("46) in font nullfont!
Missing character: There is no i ("69) in font nullfont!
Missing character: There is no g ("67) in font nullfont!
Missing character: There is no u ("75) in font nullfont!
Missing character: There is no r ("72) in font nullfont!
Missing character: There is no e ("65) in font nullfont!
Missing character: There is no / ("2F) in font nullfont!
Missing character: There is no 微 ("5FAE) in font nullfont!
Missing character: There is no 元 ("5143) in font nullfont!
Missing character: There is no 体 ("4F53) in font nullfont!
Missing character: There is no 上 ("4E0A) in font nullfont!
Missing character: There is no 的 ("7684) in font nullfont!
Missing character: There is no 表 ("8868) in font nullfont!
Missing character: There is no 面 ("9762) in font nullfont!
Missing character: There is no 力 ("529B) in font nullfont!
Missing character: There is no . ("2E) in font nullfont!
Missing character: There is no p ("70) in font nullfont!
Missing character: There is no n ("6E) in font nullfont!
Missing character: There is no g ("67) in font nullfont!

! LaTeX Error: \caption outside float.

See the LaTeX manual or LaTeX Companion for explanation.
Type  H <return>  for immediate help.
 ...                                              
                                                  
l.105 ^^I^^I\caption
                    {微元体上的表面力}
You're in trouble here.  Try typing  <return>  to proceed.
If that doesn't work, type  X <return>  to quit.

Missing character: There is no 微 ("5FAE) in font nullfont!
Missing character: There is no 元 ("5143) in font nullfont!
Missing character: There is no 体 ("4F53) in font nullfont!
Missing character: There is no 上 ("4E0A) in font nullfont!
Missing character: There is no 的 ("7684) in font nullfont!
Missing character: There is no 表 ("8868) in font nullfont!
Missing character: There is no 面 ("9762) in font nullfont!
Missing character: There is no 力 ("529B) in font nullfont!

! LaTeX Error: \begin{document} ended by \end{subfigure}.

See the LaTeX manual or LaTeX Companion for explanation.
Type  H <return>  for immediate help.
 ...                                              
                                                  
l.106 ^^I\end{subfigure}
                        
Your command was ignored.
Type  I <command> <return>  to replace it with another command,
or  <return>  to continue without it.


! LaTeX Error: \caption outside float.

See the LaTeX manual or LaTeX Companion for explanation.
Type  H <return>  for immediate help.
 ...                                              
                                                  
l.107 ^^I\caption
                 {流体中表面力的示意图}
You're in trouble here.  Try typing  <return>  to proceed.
If that doesn't work, type  X <return>  to quit.

Missing character: There is no 流 ("6D41) in font nullfont!
Missing character: There is no 体 ("4F53) in font nullfont!
Missing character: There is no 中 ("4E2D) in font nullfont!
Missing character: There is no 表 ("8868) in font nullfont!
Missing character: There is no 面 ("9762) in font nullfont!
Missing character: There is no 力 ("529B) in font nullfont!
Missing character: There is no 的 ("7684) in font nullfont!
Missing character: There is no 示 ("793A) in font nullfont!
Missing character: There is no 意 ("610F) in font nullfont!
Missing character: There is no 图 ("56FE) in font nullfont!

! LaTeX Error: \begin{document} ended by \end{figure}.

See the LaTeX manual or LaTeX Companion for explanation.
Type  H <return>  for immediate help.
 ...                                              
                                                  
l.109 \end{figure}
                  
Your command was ignored.
Type  I <command> <return>  to replace it with another command,
or  <return>  to continue without it.


Overfull \hbox (20.0pt too wide) in paragraph at lines 96--110
[]
 []


! LaTeX Error: Environment definition undefined.

See the LaTeX manual or LaTeX Companion for explanation.
Type  H <return>  for immediate help.
 ...                                              
                                                  
l.111 \begin{definition}
                        [应力]
Your command was ignored.
Type  I <command> <return>  to replace it with another command,
or  <return>  to continue without it.

Missing character: There is no [ ("5B) in font nullfont!
Missing character: There is no 应 ("5E94) in font nullfont!
Missing character: There is no 力 ("529B) in font nullfont!
Missing character: There is no ] ("5D) in font nullfont!
Missing character: There is no 有 ("6709) in font nullfont!
Missing character: There is no 限 ("9650) in font nullfont!
Missing character: There is no 体 ("4F53) in font nullfont!
Missing character: There is no 的 ("7684) in font nullfont!
Missing character: There is no 微 ("5FAE) in font nullfont!
Missing character: There is no 元 ("5143) in font nullfont!
Missing character: There is no 面 ("9762) in font nullfont!
Missing character: There is no 积 ("79EF) in font nullfont!
Missing character: There is no 上 ("4E0A) in font nullfont!
Missing character: There is no 单 ("5355) in font nullfont!
Missing character: There is no 位 ("4F4D) in font nullfont!
Missing character: There is no 面 ("9762) in font nullfont!
Missing character: There is no 积 ("79EF) in font nullfont!
Missing character: There is no 的 ("7684) in font nullfont!
Missing character: There is no 表 ("8868) in font nullfont!
Missing character: There is no 面 ("9762) in font nullfont!
Missing character: There is no 力 ("529B) in font nullfont!
Missing character: There is no 称 ("79F0) in font nullfont!
Missing character: There is no 为 ("4E3A) in font nullfont!
Missing character: There is no 表 ("8868) in font nullfont!
Missing character: There is no 面 ("9762) in font nullfont!
Missing character: There is no 力 ("529B) in font nullfont!
Missing character: There is no 的 ("7684) in font nullfont!
Missing character: There is no 局 ("5C40) in font nullfont!
Missing character: There is no 部 ("90E8) in font nullfont!
Missing character: There is no 强 ("5F3A) in font nullfont!
Missing character: There is no 度 ("5EA6) in font nullfont!
Missing character: There is no ， ("FF0C) in font nullfont!
Missing character: There is no 又 ("53C8) in font nullfont!
Missing character: There is no 称 ("79F0) in font nullfont!
Missing character: There is no 为 ("4E3A) in font nullfont!
Missing character: There is no 应 (U+5E94) in font [lmroman10-bold]:mapping=tex-
text;!
Missing character: There is no 力 (U+529B) in font [lmroman10-bold]:mapping=tex-
text;!
Missing character: There is no ， ("FF0C) in font nullfont!
Missing character: There is no 定 ("5B9A) in font nullfont!
Missing character: There is no 义 ("4E49) in font nullfont!
Missing character: There is no 如 ("5982) in font nullfont!
Missing character: There is no 下 ("4E0B) in font nullfont!
Missing character: There is no ： ("FF1A) in font nullfont!

Overfull \hbox (20.0pt too wide) in paragraph at lines 111--113
[]
 []


Overfull \hbox (12.32292pt too wide) in paragraph at lines 111--113
\OML/cmm/m/it/10 ^^NA$
 []


Overfull \hbox (5.6pt too wide) in paragraph at lines 111--113
\TU/lmr/bx/n/10 应力 
 []

! Undefined control sequence.
l.114 ^^I^^I\boldsymbol
                       {T}_n=\lim_{\delta A\to 0}\frac{\delta\boldsymbol{F}}...
The control sequence at the end of the top line
of your error message was never \def'ed. If you have
misspelled it (e.g., `\hobx'), type `I' and the correct
spelling (e.g., `I\hbox'). Otherwise just continue,
and I'll forget about whatever was undefined.

! Undefined control sequence.
<argument> \delta \boldsymbol 
                              {F}
l.114 ...o 0}\frac{\delta\boldsymbol{F}}{\delta A}
                                                  
The control sequence at the end of the top line
of your error message was never \def'ed. If you have
misspelled it (e.g., `\hobx'), type `I' and the correct
spelling (e.g., `I\hbox'). Otherwise just continue,
and I'll forget about whatever was undefined.


Overfull \hbox (63.19012pt too wide) detected at line 115
[]\OML/cmm/m/it/10 T[] \OT1/cmr/m/n/10 = [] []
 []

Missing character: There is no 这 ("8FD9) in font nullfont!
Missing character: There is no 里 ("91CC) in font nullfont!
Missing character: There is no ： ("FF1A) in font nullfont!
! Undefined control sequence.
l.118 ^^I^^I\item $\delta\boldsymbol
                                    {F}$ 是单位面积 $\delta A$ 上的作用力；
The control sequence at the end of the top line
of your error message was never \def'ed. If you have
misspelled it (e.g., `\hobx'), type `I' and the correct
spelling (e.g., `I\hbox'). Otherwise just continue,
and I'll forget about whatever was undefined.

Missing character: There is no 是 ("662F) in font nullfont!
Missing character: There is no 单 ("5355) in font nullfont!
Missing character: There is no 位 ("4F4D) in font nullfont!
Missing character: There is no 面 ("9762) in font nullfont!
Missing character: There is no 积 ("79EF) in font nullfont!
Missing character: There is no 上 ("4E0A) in font nullfont!
Missing character: There is no 的 ("7684) in font nullfont!
Missing character: There is no 作 ("4F5C) in font nullfont!
Missing character: There is no 用 ("7528) in font nullfont!
Missing character: There is no 力 ("529B) in font nullfont!
Missing character: There is no ； ("FF1B) in font nullfont!

Overfull \hbox (12.64236pt too wide) in paragraph at lines 118--119
\OML/cmm/m/it/10 ^^NF$
 []


Overfull \hbox (12.32292pt too wide) in paragraph at lines 118--119
\OML/cmm/m/it/10 ^^NA$ 
 []

! Undefined control sequence.
<recently read> \boldsymbol 
                            
l.119 ^^I^^I\item $\boldsymbol
                              {T}_n$ 表示应力向量，下标 $n$ 表示表面力作用面 $\delta A$ 的法线方向。
The control sequence at the end of the top line
of your error message was never \def'ed. If you have
misspelled it (e.g., `\hobx'), type `I' and the correct
spelling (e.g., `I\hbox'). Otherwise just continue,
and I'll forget about whatever was undefined.

Missing character: There is no 表 ("8868) in font nullfont!
Missing character: There is no 示 ("793A) in font nullfont!
Missing character: There is no 应 ("5E94) in font nullfont!
Missing character: There is no 力 ("529B) in font nullfont!
Missing character: There is no 向 ("5411) in font nullfont!
Missing character: There is no 量 ("91CF) in font nullfont!
Missing character: There is no ， ("FF0C) in font nullfont!
Missing character: There is no 下 ("4E0B) in font nullfont!
Missing character: There is no 标 ("6807) in font nullfont!
Missing character: There is no 表 ("8868) in font nullfont!
Missing character: There is no 示 ("793A) in font nullfont!
Missing character: There is no 表 ("8868) in font nullfont!
Missing character: There is no 面 ("9762) in font nullfont!
Missing character: There is no 力 ("529B) in font nullfont!
Missing character: There is no 作 ("4F5C) in font nullfont!
Missing character: There is no 用 ("7528) in font nullfont!
Missing character: There is no 面 ("9762) in font nullfont!
Missing character: There is no 的 ("7684) in font nullfont!
Missing character: There is no 法 ("6CD5) in font nullfont!
Missing character: There is no 线 ("7EBF) in font nullfont!
Missing character: There is no 方 ("65B9) in font nullfont!
Missing character: There is no 向 ("5411) in font nullfont!
Missing character: There is no 。 ("3002) in font nullfont!

Overfull \hbox (11.28708pt too wide) in paragraph at lines 119--120
\OML/cmm/m/it/10 T[]$
 []


Overfull \hbox (6.00235pt too wide) in paragraph at lines 119--120
\OML/cmm/m/it/10 n$
 []


Overfull \hbox (12.32292pt too wide) in paragraph at lines 119--120
\OML/cmm/m/it/10 ^^NA$ 
 []


! LaTeX Error: \begin{document} ended by \end{definition}.

See the LaTeX manual or LaTeX Companion for explanation.
Type  H <return>  for immediate help.
 ...                                              
                                                  
l.121 \end{definition}
                      
Your command was ignored.
Type  I <command> <return>  to replace it with another command,
or  <return>  to continue without it.


! LaTeX Error: Environment warnbox undefined.

See the LaTeX manual or LaTeX Companion for explanation.
Type  H <return>  for immediate help.
 ...                                              
                                                  
l.123 \begin{warnbox}
                     [注意]
Your command was ignored.
Type  I <command> <return>  to replace it with another command,
or  <return>  to continue without it.

Missing character: There is no [ ("5B) in font nullfont!
Missing character: There is no 注 ("6CE8) in font nullfont!
Missing character: There is no 意 ("610F) in font nullfont!
Missing character: There is no ] ("5D) in font nullfont!
Missing character: There is no 应 ("5E94) in font nullfont!
Missing character: There is no 力 ("529B) in font nullfont!
Missing character: There is no 和 ("548C) in font nullfont!
Missing character: There is no 它 ("5B83) in font nullfont!
Missing character: There is no 的 ("7684) in font nullfont!
Missing character: There is no 作 ("4F5C) in font nullfont!
Missing character: There is no 用 ("7528) in font nullfont!
Missing character: There is no 面 ("9762) in font nullfont!
Missing character: There is no 方 ("65B9) in font nullfont!
Missing character: There is no 向 ("5411) in font nullfont!
Missing character: There is no 有 ("6709) in font nullfont!
Missing character: There is no 关 ("5173) in font nullfont!
Missing character: There is no 。 ("3002) in font nullfont!
Missing character: There is no 这 ("8FD9) in font nullfont!
Missing character: There is no 一 ("4E00) in font nullfont!
Missing character: There is no 点 ("70B9) in font nullfont!
Missing character: There is no 和 ("548C) in font nullfont!
Missing character: There is no 材 ("6750) in font nullfont!
Missing character: There is no 料 ("6599) in font nullfont!
Missing character: There is no 力 ("529B) in font nullfont!
Missing character: There is no 学 ("5B66) in font nullfont!
Missing character: There is no 里 ("91CC) in font nullfont!
Missing character: There is no 面 ("9762) in font nullfont!
Missing character: There is no 很 ("5F88) in font nullfont!
Missing character: There is no 不 ("4E0D) in font nullfont!
Missing character: There is no 一 ("4E00) in font nullfont!
Missing character: There is no 样 ("6837) in font nullfont!
Missing character: There is no 。 ("3002) in font nullfont!
Missing character: There is no 一 ("4E00) in font nullfont!
Missing character: There is no 般 ("822C) in font nullfont!
Missing character: There is no 情 ("60C5) in font nullfont!
Missing character: There is no 况 ("51B5) in font nullfont!
Missing character: There is no 下 ("4E0B) in font nullfont!
Missing character: There is no ， ("FF0C) in font nullfont!
Missing character: There is no 流 ("6D41) in font nullfont!
Missing character: There is no 体 ("4F53) in font nullfont!
Missing character: There is no 内 ("5185) in font nullfont!
Missing character: There is no 部 ("90E8) in font nullfont!
Missing character: There is no 同 ("540C) in font nullfont!
Missing character: There is no 一 ("4E00) in font nullfont!
Missing character: There is no 空 ("7A7A) in font nullfont!
Missing character: There is no 间 ("95F4) in font nullfont!
Missing character: There is no 点 ("70B9) in font nullfont!
Missing character: There is no 而 ("800C) in font nullfont!
Missing character: There is no 不 ("4E0D) in font nullfont!
Missing character: There is no 同 ("540C) in font nullfont!
Missing character: There is no 方 ("65B9) in font nullfont!
Missing character: There is no 向 ("5411) in font nullfont!
Missing character: There is no 的 ("7684) in font nullfont!
Missing character: There is no 作 ("4F5C) in font nullfont!
Missing character: There is no 用 ("7528) in font nullfont!
Missing character: There is no 面 ("9762) in font nullfont!
Missing character: There is no 上 ("4E0A) in font nullfont!
Missing character: There is no ， ("FF0C) in font nullfont!
Missing character: There is no 流 ("6D41) in font nullfont!
Missing character: There is no 体 ("4F53) in font nullfont!
Missing character: There is no 所 ("6240) in font nullfont!
Missing character: There is no 受 ("53D7) in font nullfont!
Missing character: There is no 应 ("5E94) in font nullfont!
Missing character: There is no 力 ("529B) in font nullfont!
Missing character: There is no 是 ("662F) in font nullfont!
Missing character: There is no 不 ("4E0D) in font nullfont!
Missing character: There is no 等 ("7B49) in font nullfont!
Missing character: There is no 的 ("7684) in font nullfont!
Missing character: There is no ， ("FF0C) in font nullfont!
Missing character: There is no 所 ("6240) in font nullfont!
Missing character: There is no 以 ("4EE5) in font nullfont!
Missing character: There is no 必 ("5FC5) in font nullfont!
Missing character: There is no 须 ("987B) in font nullfont!
Missing character: There is no 标 ("6807) in font nullfont!
Missing character: There is no 注 ("6CE8) in font nullfont!
Missing character: There is no 应 ("5E94) in font nullfont!
Missing character: There is no 力 ("529B) in font nullfont!
Missing character: There is no 作 ("4F5C) in font nullfont!
Missing character: There is no 用 ("7528) in font nullfont!
Missing character: There is no 面 ("9762) in font nullfont!
Missing character: There is no 的 ("7684) in font nullfont!
Missing character: There is no 法 ("6CD5) in font nullfont!
Missing character: There is no 向 ("5411) in font nullfont!
Missing character: There is no 量 ("91CF) in font nullfont!
Missing character: There is no 。 ("3002) in font nullfont!
Missing character: There is no 约 ("7EA6) in font nullfont!
Missing character: There is no 定 ("5B9A) in font nullfont!
Missing character: There is no 作 ("4F5C) in font nullfont!
Missing character: There is no 用 ("7528) in font nullfont!
Missing character: There is no 面 ("9762) in font nullfont!
Missing character: There is no 的 ("7684) in font nullfont!
Missing character: There is no 法 ("6CD5) in font nullfont!
Missing character: There is no 向 ("5411) in font nullfont!
Missing character: There is no 量 ("91CF) in font nullfont!
Missing character: There is no 以 ("4EE5) in font nullfont!
Missing character: There is no 指 ("6307) in font nullfont!
Missing character: There is no 向 ("5411) in font nullfont!
Missing character: There is no 域 ("57DF) in font nullfont!
Missing character: There is no 外 ("5916) in font nullfont!
Missing character: There is no 为 ("4E3A) in font nullfont!
Missing character: There is no 正 ("6B63) in font nullfont!
Missing character: There is no 。 ("3002) in font nullfont!

! LaTeX Error: \begin{document} ended by \end{warnbox}.

See the LaTeX manual or LaTeX Companion for explanation.
Type  H <return>  for immediate help.
 ...                                              
                                                  
l.125 \end{warnbox}
                   
Your command was ignored.
Type  I <command> <return>  to replace it with another command,
or  <return>  to continue without it.


Overfull \hbox (20.0pt too wide) in paragraph at lines 123--126
[]
 []

Missing character: There is no 比 ("6BD4) in font nullfont!
Missing character: There is no 如 ("5982) in font nullfont!
Missing character: There is no 图 ("56FE) in font nullfont!
! Undefined control sequence.
<write> ...ce `fig:surfaceforce' on page \thepage 
                                                  \space undefined\on@line .^^J
l.127 比如图~\ref{fig:surfaceforce}
                                (a) 中，$\delta A_1$ 面的法向量为 $\boldsymbol{n}_{A...
The control sequence at the end of the top line
of your error message was never \def'ed. If you have
misspelled it (e.g., `\hobx'), type `I' and the correct
spelling (e.g., `I\hbox'). Otherwise just continue,
and I'll forget about whatever was undefined.


LaTeX Warning: Reference `fig:surfaceforce' on page  undefined on input line 12
7.

Missing character: There is no ( ("28) in font nullfont!
Missing character: There is no a ("61) in font nullfont!
Missing character: There is no ) ("29) in font nullfont!
Missing character: There is no 中 ("4E2D) in font nullfont!
Missing character: There is no ， ("FF0C) in font nullfont!
Missing character: There is no 面 ("9762) in font nullfont!
Missing character: There is no 的 ("7684) in font nullfont!
Missing character: There is no 法 ("6CD5) in font nullfont!
Missing character: There is no 向 ("5411) in font nullfont!
Missing character: There is no 量 ("91CF) in font nullfont!
Missing character: There is no 为 ("4E3A) in font nullfont!
! Undefined control sequence.
<recently read> \boldsymbol 
                            
l.127 ...ce}(a) 中，$\delta A_1$ 面的法向量为 $\boldsymbol
                                                  {n}_{A_+}$，作用在其上的应力为 $\bol...
The control sequence at the end of the top line
of your error message was never \def'ed. If you have
misspelled it (e.g., `\hobx'), type `I' and the correct
spelling (e.g., `I\hbox'). Otherwise just continue,
and I'll forget about whatever was undefined.

Missing character: There is no ， ("FF0C) in font nullfont!
Missing character: There is no 作 ("4F5C) in font nullfont!
Missing character: There is no 用 ("7528) in font nullfont!
Missing character: There is no 在 ("5728) in font nullfont!
Missing character: There is no 其 ("5176) in font nullfont!
Missing character: There is no 上 ("4E0A) in font nullfont!
Missing character: There is no 的 ("7684) in font nullfont!
Missing character: There is no 应 ("5E94) in font nullfont!
Missing character: There is no 力 ("529B) in font nullfont!
Missing character: There is no 为 ("4E3A) in font nullfont!
! Undefined control sequence.
<recently read> \boldsymbol 
                            
l.127 ...ldsymbol{n}_{A_+}$，作用在其上的应力为 $\boldsymbol
                                                  {T}_{n_{A_+}}$；相邻面 $\delta...
The control sequence at the end of the top line
of your error message was never \def'ed. If you have
misspelled it (e.g., `\hobx'), type `I' and the correct
spelling (e.g., `I\hbox'). Otherwise just continue,
and I'll forget about whatever was undefined.

Missing character: There is no ； ("FF1B) in font nullfont!
Missing character: There is no 相 ("76F8) in font nullfont!
Missing character: There is no 邻 ("90BB) in font nullfont!
Missing character: There is no 面 ("9762) in font nullfont!
Missing character: There is no 的 ("7684) in font nullfont!
Missing character: There is no 法 ("6CD5) in font nullfont!
Missing character: There is no 向 ("5411) in font nullfont!
Missing character: There is no 量 ("91CF) in font nullfont!
Missing character: There is no 为 ("4E3A) in font nullfont!
! Undefined control sequence.
<recently read> \boldsymbol 
                            
l.127 ...{A_+}}$；相邻面 $\delta A$ 的法向量为 $\boldsymbol
                                                  {n}_{A_-}$，其上应力符号为 $\bolds...
The control sequence at the end of the top line
of your error message was never \def'ed. If you have
misspelled it (e.g., `\hobx'), type `I' and the correct
spelling (e.g., `I\hbox'). Otherwise just continue,
and I'll forget about whatever was undefined.

Missing character: There is no ， ("FF0C) in font nullfont!
Missing character: There is no 其 ("5176) in font nullfont!
Missing character: There is no 上 ("4E0A) in font nullfont!
Missing character: There is no 应 ("5E94) in font nullfont!
Missing character: There is no 力 ("529B) in font nullfont!
Missing character: There is no 符 ("7B26) in font nullfont!
Missing character: There is no 号 ("53F7) in font nullfont!
Missing character: There is no 为 ("4E3A) in font nullfont!
! Undefined control sequence.
<recently read> \boldsymbol 
                            
l.127 ...boldsymbol{n}_{A_-}$，其上应力符号为 $\boldsymbol
                                                  {T}_{n_{A_-}}$。
The control sequence at the end of the top line
of your error message was never \def'ed. If you have
misspelled it (e.g., `\hobx'), type `I' and the correct
spelling (e.g., `I\hbox'). Otherwise just continue,
and I'll forget about whatever was undefined.

Missing character: There is no 。 ("3002) in font nullfont!

Overfull \hbox (30.86pt too wide) in paragraph at lines 127--128
[] []
 []


Overfull \hbox (16.80905pt too wide) in paragraph at lines 127--128
\OML/cmm/m/it/10 ^^NA[]$
 []


Overfull \hbox (18.15524pt too wide) in paragraph at lines 127--128
\OML/cmm/m/it/10 n[]$
 []


Overfull \hbox (22.60669pt too wide) in paragraph at lines 127--128
\OML/cmm/m/it/10 T[]$
 []


Overfull \hbox (12.32292pt too wide) in paragraph at lines 127--128
\OML/cmm/m/it/10 ^^NA$
 []


Overfull \hbox (18.433pt too wide) in paragraph at lines 127--128
\OML/cmm/m/it/10 n[]$
 []


Overfull \hbox (22.88445pt too wide) in paragraph at lines 127--128
\OML/cmm/m/it/10 T[]$ 
 []

Missing character: There is no 应 ("5E94) in font nullfont!
Missing character: There is no 力 ("529B) in font nullfont!
! Undefined control sequence.
<recently read> \boldsymbol 
                            
l.129 应力 $\boldsymbol
                     {T}_n$ 是向量，一般情况下，它并不垂直于它的作用面，所以可将它分解为垂直于作用面的分量 $T_{nn}$...
The control sequence at the end of the top line
of your error message was never \def'ed. If you have
misspelled it (e.g., `\hobx'), type `I' and the correct
spelling (e.g., `I\hbox'). Otherwise just continue,
and I'll forget about whatever was undefined.

Missing character: There is no 是 ("662F) in font nullfont!
Missing character: There is no 向 ("5411) in font nullfont!
Missing character: There is no 量 ("91CF) in font nullfont!
Missing character: There is no ， ("FF0C) in font nullfont!
Missing character: There is no 一 ("4E00) in font nullfont!
Missing character: There is no 般 ("822C) in font nullfont!
Missing character: There is no 情 ("60C5) in font nullfont!
Missing character: There is no 况 ("51B5) in font nullfont!
Missing character: There is no 下 ("4E0B) in font nullfont!
Missing character: There is no ， ("FF0C) in font nullfont!
Missing character: There is no 它 ("5B83) in font nullfont!
Missing character: There is no 并 ("5E76) in font nullfont!
Missing character: There is no 不 ("4E0D) in font nullfont!
Missing character: There is no 垂 ("5782) in font nullfont!
Missing character: There is no 直 ("76F4) in font nullfont!
Missing character: There is no 于 ("4E8E) in font nullfont!
Missing character: There is no 它 ("5B83) in font nullfont!
Missing character: There is no 的 ("7684) in font nullfont!
Missing character: There is no 作 ("4F5C) in font nullfont!
Missing character: There is no 用 ("7528) in font nullfont!
Missing character: There is no 面 ("9762) in font nullfont!
Missing character: There is no ， ("FF0C) in font nullfont!
Missing character: There is no 所 ("6240) in font nullfont!
Missing character: There is no 以 ("4EE5) in font nullfont!
Missing character: There is no 可 ("53EF) in font nullfont!
Missing character: There is no 将 ("5C06) in font nullfont!
Missing character: There is no 它 ("5B83) in font nullfont!
Missing character: There is no 分 ("5206) in font nullfont!
Missing character: There is no 解 ("89E3) in font nullfont!
Missing character: There is no 为 ("4E3A) in font nullfont!
Missing character: There is no 垂 ("5782) in font nullfont!
Missing character: There is no 直 ("76F4) in font nullfont!
Missing character: There is no 于 ("4E8E) in font nullfont!
Missing character: There is no 作 ("4F5C) in font nullfont!
Missing character: There is no 用 ("7528) in font nullfont!
Missing character: There is no 面 ("9762) in font nullfont!
Missing character: There is no 的 ("7684) in font nullfont!
Missing character: There is no 分 ("5206) in font nullfont!
Missing character: There is no 量 ("91CF) in font nullfont!
Missing character: There is no 和 ("548C) in font nullfont!
Missing character: There is no 平 ("5E73) in font nullfont!
Missing character: There is no 行 ("884C) in font nullfont!
Missing character: There is no 于 ("4E8E) in font nullfont!
Missing character: There is no 作 ("4F5C) in font nullfont!
Missing character: There is no 用 ("7528) in font nullfont!
Missing character: There is no 面 ("9762) in font nullfont!
Missing character: There is no 的 ("7684) in font nullfont!
Missing character: There is no 两 ("4E24) in font nullfont!
Missing character: There is no 个 ("4E2A) in font nullfont!
Missing character: There is no 相 ("76F8) in font nullfont!
Missing character: There is no 互 ("4E92) in font nullfont!
Missing character: There is no 垂 ("5782) in font nullfont!
Missing character: There is no 直 ("76F4) in font nullfont!
Missing character: There is no 分 ("5206) in font nullfont!
Missing character: There is no 量 ("91CF) in font nullfont!
Missing character: There is no 和 ("548C) in font nullfont!
Missing character: There is no 。 ("3002) in font nullfont!
Missing character: There is no 约 ("7EA6) in font nullfont!
Missing character: There is no 定 ("5B9A) in font nullfont!
! Undefined control sequence.
l.129 ...垂直分量 $T_{ns}$ 和 $T_{nt}$。约定 $(\boldsymbol
                                                  {n},\boldsymbol{t},\boldsy...
The control sequence at the end of the top line
of your error message was never \def'ed. If you have
misspelled it (e.g., `\hobx'), type `I' and the correct
spelling (e.g., `I\hbox'). Otherwise just continue,
and I'll forget about whatever was undefined.

! Undefined control sequence.
l.129 ... $T_{nt}$。约定 $(\boldsymbol{n},\boldsymbol
                                                  {t},\boldsymbol{s})$ 组成右手直...
The control sequence at the end of the top line
of your error message was never \def'ed. If you have
misspelled it (e.g., `\hobx'), type `I' and the correct
spelling (e.g., `I\hbox'). Otherwise just continue,
and I'll forget about whatever was undefined.

! Undefined control sequence.
l.129 ...\boldsymbol{n},\boldsymbol{t},\boldsymbol
                                                  {s})$ 组成右手直角坐标系。根据上述约定，应力分...
The control sequence at the end of the top line
of your error message was never \def'ed. If you have
misspelled it (e.g., `\hobx'), type `I' and the correct
spelling (e.g., `I\hbox'). Otherwise just continue,
and I'll forget about whatever was undefined.

Missing character: There is no 组 ("7EC4) in font nullfont!
Missing character: There is no 成 ("6210) in font nullfont!
Missing character: There is no 右 ("53F3) in font nullfont!
Missing character: There is no 手 ("624B) in font nullfont!
Missing character: There is no 直 ("76F4) in font nullfont!
Missing character: There is no 角 ("89D2) in font nullfont!
Missing character: There is no 坐 ("5750) in font nullfont!
Missing character: There is no 标 ("6807) in font nullfont!
Missing character: There is no 系 ("7CFB) in font nullfont!
Missing character: There is no 。 ("3002) in font nullfont!
Missing character: There is no 根 ("6839) in font nullfont!
Missing character: There is no 据 ("636E) in font nullfont!
Missing character: There is no 上 ("4E0A) in font nullfont!
Missing character: There is no 述 ("8FF0) in font nullfont!
Missing character: There is no 约 ("7EA6) in font nullfont!
Missing character: There is no 定 ("5B9A) in font nullfont!
Missing character: There is no ， ("FF0C) in font nullfont!
Missing character: There is no 应 ("5E94) in font nullfont!
Missing character: There is no 力 ("529B) in font nullfont!
Missing character: There is no 分 ("5206) in font nullfont!
Missing character: There is no 量 ("91CF) in font nullfont!
Missing character: There is no 第 ("7B2C) in font nullfont!
Missing character: There is no 一 ("4E00) in font nullfont!
Missing character: There is no 个 ("4E2A) in font nullfont!
Missing character: There is no 下 ("4E0B) in font nullfont!
Missing character: There is no 标 ("6807) in font nullfont!
Missing character: There is no 符 ("7B26) in font nullfont!
Missing character: There is no 号 ("53F7) in font nullfont!
Missing character: There is no 表 ("8868) in font nullfont!
Missing character: There is no 示 ("793A) in font nullfont!
Missing character: There is no 应 ("5E94) in font nullfont!
Missing character: There is no 力 ("529B) in font nullfont!
Missing character: There is no 作 ("4F5C) in font nullfont!
Missing character: There is no 用 ("7528) in font nullfont!
Missing character: There is no 面 ("9762) in font nullfont!
Missing character: There is no 的 ("7684) in font nullfont!
Missing character: There is no 法 ("6CD5) in font nullfont!
Missing character: There is no 向 ("5411) in font nullfont!
Missing character: There is no 量 ("91CF) in font nullfont!
Missing character: There is no ， ("FF0C) in font nullfont!
Missing character: There is no 第 ("7B2C) in font nullfont!
Missing character: There is no 二 ("4E8C) in font nullfont!
Missing character: There is no 个 ("4E2A) in font nullfont!
Missing character: There is no 下 ("4E0B) in font nullfont!
Missing character: There is no 标 ("6807) in font nullfont!
Missing character: There is no 表 ("8868) in font nullfont!
Missing character: There is no 示 ("793A) in font nullfont!
Missing character: There is no 应 ("5E94) in font nullfont!
Missing character: There is no 力 ("529B) in font nullfont!
Missing character: There is no 分 ("5206) in font nullfont!
Missing character: There is no 量 ("91CF) in font nullfont!
Missing character: There is no 的 ("7684) in font nullfont!
Missing character: There is no 方 ("65B9) in font nullfont!
Missing character: There is no 向 ("5411) in font nullfont!
Missing character: There is no 。 ("3002) in font nullfont!

Overfull \hbox (20.0pt too wide) in paragraph at lines 129--130
[]
 []


Overfull \hbox (11.28708pt too wide) in paragraph at lines 129--130
\OML/cmm/m/it/10 T[]$
 []


Overfull \hbox (16.23041pt too wide) in paragraph at lines 129--130
\OML/cmm/m/it/10 T[]$
 []


Overfull \hbox (15.0614pt too wide) in paragraph at lines 129--130
\OML/cmm/m/it/10 T[]$
 []


Overfull \hbox (14.30792pt too wide) in paragraph at lines 129--130
\OML/cmm/m/it/10 T[]$
 []


Overfull \hbox (30.96759pt too wide) in paragraph at lines 129--130
\OT1/cmr/m/n/10 (\OML/cmm/m/it/10 n; t; s\OT1/cmr/m/n/10 )$
 []

Missing character: There is no 下 ("4E0B) in font nullfont!
Missing character: There is no 面 ("9762) in font nullfont!
Missing character: There is no 像 ("50CF) in font nullfont!
Missing character: There is no 材 ("6750) in font nullfont!
Missing character: There is no 料 ("6599) in font nullfont!
Missing character: There is no 力 ("529B) in font nullfont!
Missing character: There is no 学 ("5B66) in font nullfont!
Missing character: There is no 一 ("4E00) in font nullfont!
Missing character: There is no 样 ("6837) in font nullfont!
Missing character: There is no 给 ("7ED9) in font nullfont!
Missing character: There is no 出 ("51FA) in font nullfont!
Missing character: There is no 正 ("6B63) in font nullfont!
Missing character: There is no 应 ("5E94) in font nullfont!
Missing character: There is no 力 ("529B) in font nullfont!
Missing character: There is no 和 ("548C) in font nullfont!
Missing character: There is no 切 ("5207) in font nullfont!
Missing character: There is no 应 ("5E94) in font nullfont!
Missing character: There is no 力 ("529B) in font nullfont!
Missing character: There is no 的 ("7684) in font nullfont!
Missing character: There is no 定 ("5B9A) in font nullfont!
Missing character: There is no 义 ("4E49) in font nullfont!
Missing character: There is no ： ("FF1A) in font nullfont!

Overfull \hbox (20.0pt too wide) in paragraph at lines 131--132
[] 
 []


! LaTeX Error: Environment definition undefined.

See the LaTeX manual or LaTeX Companion for explanation.
Type  H <return>  for immediate help.
 ...                                              
                                                  
l.133 \begin{definition}
                        [正应力]
Your command was ignored.
Type  I <command> <return>  to replace it with another command,
or  <return>  to continue without it.

Missing character: There is no [ ("5B) in font nullfont!
Missing character: There is no 正 ("6B63) in font nullfont!
Missing character: There is no 应 ("5E94) in font nullfont!
Missing character: There is no 力 ("529B) in font nullfont!
Missing character: There is no ] ("5D) in font nullfont!
Missing character: There is no 应 ("5E94) in font nullfont!
Missing character: There is no 力 ("529B) in font nullfont!
Missing character: There is no 向 ("5411) in font nullfont!
Missing character: There is no 量 ("91CF) in font nullfont!
Missing character: There is no 在 ("5728) in font nullfont!
Missing character: There is no 作 ("4F5C) in font nullfont!
Missing character: There is no 用 ("7528) in font nullfont!
Missing character: There is no 面 ("9762) in font nullfont!
Missing character: There is no 法 ("6CD5) in font nullfont!
Missing character: There is no 线 ("7EBF) in font nullfont!
Missing character: There is no 方 ("65B9) in font nullfont!
Missing character: There is no 向 ("5411) in font nullfont!
Missing character: There is no 的 ("7684) in font nullfont!
Missing character: There is no 分 ("5206) in font nullfont!
Missing character: There is no 量 ("91CF) in font nullfont!
Missing character: There is no 称 ("79F0) in font nullfont!
Missing character: There is no 为 ("4E3A) in font nullfont!
Missing character: There is no 正 ("6B63) in font nullfont!
Missing character: There is no 应 ("5E94) in font nullfont!
Missing character: There is no 力 ("529B) in font nullfont!
Missing character: There is no 。 ("3002) in font nullfont!
Missing character: There is no 根 ("6839) in font nullfont!
Missing character: There is no 据 ("636E) in font nullfont!
Missing character: There is no 应 ("5E94) in font nullfont!
Missing character: There is no 力 ("529B) in font nullfont!
Missing character: There is no 分 ("5206) in font nullfont!
Missing character: There is no 量 ("91CF) in font nullfont!
Missing character: There is no 的 ("7684) in font nullfont!
Missing character: There is no 约 ("7EA6) in font nullfont!
Missing character: There is no 定 ("5B9A) in font nullfont!
Missing character: There is no ， ("FF0C) in font nullfont!
Missing character: There is no 正 ("6B63) in font nullfont!
Missing character: There is no 值 ("503C) in font nullfont!
Missing character: There is no 的 ("7684) in font nullfont!
Missing character: There is no 正 ("6B63) in font nullfont!
Missing character: There is no 应 ("5E94) in font nullfont!
Missing character: There is no 力 ("529B) in font nullfont!
Missing character: There is no 指 ("6307) in font nullfont!
Missing character: There is no 向 ("5411) in font nullfont!
Missing character: There is no 作 ("4F5C) in font nullfont!
Missing character: There is no 用 ("7528) in font nullfont!
Missing character: There is no 面 ("9762) in font nullfont!
Missing character: There is no 外 ("5916) in font nullfont!
Missing character: There is no 是 ("662F) in font nullfont!
Missing character: There is no 拉 ("62C9) in font nullfont!
Missing character: There is no 力 ("529B) in font nullfont!
Missing character: There is no ， ("FF0C) in font nullfont!
Missing character: There is no 而 ("800C) in font nullfont!
Missing character: There is no 负 ("8D1F) in font nullfont!
Missing character: There is no 值 ("503C) in font nullfont!
Missing character: There is no 的 ("7684) in font nullfont!
Missing character: There is no 正 ("6B63) in font nullfont!
Missing character: There is no 应 ("5E94) in font nullfont!
Missing character: There is no 力 ("529B) in font nullfont!
Missing character: There is no 指 ("6307) in font nullfont!
Missing character: There is no 向 ("5411) in font nullfont!
Missing character: There is no 作 ("4F5C) in font nullfont!
Missing character: There is no 用 ("7528) in font nullfont!
Missing character: There is no 面 ("9762) in font nullfont!
Missing character: There is no 内 ("5185) in font nullfont!
Missing character: There is no ， ("FF0C) in font nullfont!
Missing character: There is no 因 ("56E0) in font nullfont!
Missing character: There is no 而 ("800C) in font nullfont!
Missing character: There is no 是 ("662F) in font nullfont!
Missing character: There is no 压 ("538B) in font nullfont!
Missing character: There is no 力 ("529B) in font nullfont!
Missing character: There is no 。 ("3002) in font nullfont!
Missing character: There is no 依 ("4F9D) in font nullfont!
Missing character: There is no 旧 ("65E7) in font nullfont!
Missing character: There is no 和 ("548C) in font nullfont!
Missing character: There is no 材 ("6750) in font nullfont!
Missing character: There is no 料 ("6599) in font nullfont!
Missing character: There is no 力 ("529B) in font nullfont!
Missing character: There is no 学 ("5B66) in font nullfont!
Missing character: There is no 里 ("91CC) in font nullfont!
Missing character: There is no 一 ("4E00) in font nullfont!
Missing character: There is no 样 ("6837) in font nullfont!
Missing character: There is no 使 ("4F7F) in font nullfont!
Missing character: There is no 用 ("7528) in font nullfont!
Missing character: There is no " ("22) in font nullfont!
Missing character: There is no 拉 ("62C9) in font nullfont!
Missing character: There is no 正 ("6B63) in font nullfont!
Missing character: There is no 压 ("538B) in font nullfont!
Missing character: There is no 负 ("8D1F) in font nullfont!
Missing character: There is no " ("22) in font nullfont!
Missing character: There is no 的 ("7684) in font nullfont!
Missing character: There is no 约 ("7EA6) in font nullfont!
Missing character: There is no 定 ("5B9A) in font nullfont!
Missing character: There is no 。 ("3002) in font nullfont!

! LaTeX Error: \begin{document} ended by \end{definition}.

See the LaTeX manual or LaTeX Companion for explanation.
Type  H <return>  for immediate help.
 ...                                              
                                                  
l.135 \end{definition}
                      
Your command was ignored.
Type  I <command> <return>  to replace it with another command,
or  <return>  to continue without it.


Overfull \hbox (20.0pt too wide) in paragraph at lines 133--136
[]
 []


! LaTeX Error: Environment definition undefined.

See the LaTeX manual or LaTeX Companion for explanation.
Type  H <return>  for immediate help.
 ...                                              
                                                  
l.137 \begin{definition}
                        [切应力]
Your command was ignored.
Type  I <command> <return>  to replace it with another command,
or  <return>  to continue without it.

Missing character: There is no [ ("5B) in font nullfont!
Missing character: There is no 切 ("5207) in font nullfont!
Missing character: There is no 应 ("5E94) in font nullfont!
Missing character: There is no 力 ("529B) in font nullfont!
Missing character: There is no ] ("5D) in font nullfont!
Missing character: There is no 应 ("5E94) in font nullfont!
Missing character: There is no 力 ("529B) in font nullfont!
Missing character: There is no 向 ("5411) in font nullfont!
Missing character: There is no 量 ("91CF) in font nullfont!
Missing character: There is no 在 ("5728) in font nullfont!
Missing character: There is no 作 ("4F5C) in font nullfont!
Missing character: There is no 用 ("7528) in font nullfont!
Missing character: There is no 面 ("9762) in font nullfont!
Missing character: There is no 切 ("5207) in font nullfont!
Missing character: There is no 向 ("5411) in font nullfont!
Missing character: There is no 的 ("7684) in font nullfont!
Missing character: There is no 分 ("5206) in font nullfont!
Missing character: There is no 量 ("91CF) in font nullfont!
Missing character: There is no 称 ("79F0) in font nullfont!
Missing character: There is no 为 ("4E3A) in font nullfont!
Missing character: There is no 切 ("5207) in font nullfont!
Missing character: There is no 应 ("5E94) in font nullfont!
Missing character: There is no 力 ("529B) in font nullfont!
Missing character: There is no ， ("FF0C) in font nullfont!
Missing character: There is no 也 ("4E5F) in font nullfont!
Missing character: There is no 称 ("79F0) in font nullfont!
Missing character: There is no 剪 ("526A) in font nullfont!
Missing character: There is no 应 ("5E94) in font nullfont!
Missing character: There is no 力 ("529B) in font nullfont!
Missing character: There is no 。 ("3002) in font nullfont!

! LaTeX Error: \begin{document} ended by \end{definition}.

See the LaTeX manual or LaTeX Companion for explanation.
Type  H <return>  for immediate help.
 ...                                              
                                                  
l.139 \end{definition}
                      
Your command was ignored.
Type  I <command> <return>  to replace it with another command,
or  <return>  to continue without it.


Overfull \hbox (20.0pt too wide) in paragraph at lines 137--140
[]
 []


! LaTeX Error: Environment property undefined.

See the LaTeX manual or LaTeX Companion for explanation.
Type  H <return>  for immediate help.
 ...                                              
                                                  
l.141 \begin{property}
                      [应力的性质]
Your command was ignored.
Type  I <command> <return>  to replace it with another command,
or  <return>  to continue without it.

Missing character: There is no [ ("5B) in font nullfont!
Missing character: There is no 应 ("5E94) in font nullfont!
Missing character: There is no 力 ("529B) in font nullfont!
Missing character: There is no 的 ("7684) in font nullfont!
Missing character: There is no 性 ("6027) in font nullfont!
Missing character: There is no 质 ("8D28) in font nullfont!
Missing character: There is no ] ("5D) in font nullfont!
Missing character: There is no 应 ("5E94) in font nullfont!
Missing character: There is no 力 ("529B) in font nullfont!
Missing character: There is no 具 ("5177) in font nullfont!
Missing character: There is no 有 ("6709) in font nullfont!
Missing character: There is no 如 ("5982) in font nullfont!
Missing character: There is no 下 ("4E0B) in font nullfont!
Missing character: There is no 性 ("6027) in font nullfont!
Missing character: There is no 质 ("8D28) in font nullfont!
Missing character: There is no ： ("FF1A) in font nullfont!

Overfull \hbox (20.0pt too wide) in paragraph at lines 141--143
[] 
 []

Missing character: There is no 相 ("76F8) in font nullfont!
Missing character: There is no 邻 ("90BB) in font nullfont!
Missing character: There is no 两 ("4E24) in font nullfont!
Missing character: There is no 微 ("5FAE) in font nullfont!
Missing character: There is no 元 ("5143) in font nullfont!
Missing character: There is no 面 ("9762) in font nullfont!
Missing character: There is no 上 ("4E0A) in font nullfont!
Missing character: There is no 的 ("7684) in font nullfont!
Missing character: There is no 表 ("8868) in font nullfont!
Missing character: There is no 面 ("9762) in font nullfont!
Missing character: There is no 力 ("529B) in font nullfont!
Missing character: There is no 是 ("662F) in font nullfont!
Missing character: There is no 作 ("4F5C) in font nullfont!
Missing character: There is no 用 ("7528) in font nullfont!
Missing character: There is no 力 ("529B) in font nullfont!
Missing character: There is no 与 ("4E0E) in font nullfont!
Missing character: There is no 反 ("53CD) in font nullfont!
Missing character: There is no 作 ("4F5C) in font nullfont!
Missing character: There is no 用 ("7528) in font nullfont!
Missing character: There is no 力 ("529B) in font nullfont!
Missing character: There is no ， ("FF0C) in font nullfont!
Missing character: There is no 因 ("56E0) in font nullfont!
Missing character: There is no 此 ("6B64) in font nullfont!
Missing character: There is no 它 ("5B83) in font nullfont!
Missing character: There is no 们 ("4EEC) in font nullfont!
Missing character: There is no 大 ("5927) in font nullfont!
Missing character: There is no 小 ("5C0F) in font nullfont!
Missing character: There is no 相 ("76F8) in font nullfont!
Missing character: There is no 等 ("7B49) in font nullfont!
Missing character: There is no 方 ("65B9) in font nullfont!
Missing character: There is no 向 ("5411) in font nullfont!
Missing character: There is no 相 ("76F8) in font nullfont!
Missing character: There is no 反 ("53CD) in font nullfont!
Missing character: There is no ； ("FF1B) in font nullfont!
Missing character: There is no 相 ("76F8) in font nullfont!
Missing character: There is no 邻 ("90BB) in font nullfont!
Missing character: There is no 微 ("5FAE) in font nullfont!
Missing character: There is no 元 ("5143) in font nullfont!
Missing character: There is no 面 ("9762) in font nullfont!
Missing character: There is no 上 ("4E0A) in font nullfont!
Missing character: There is no 的 ("7684) in font nullfont!
Missing character: There is no 正 ("6B63) in font nullfont!
Missing character: There is no 应 ("5E94) in font nullfont!
Missing character: There is no 力 ("529B) in font nullfont!
Missing character: There is no 和 ("548C) in font nullfont!
Missing character: There is no 切 ("5207) in font nullfont!
Missing character: There is no 应 ("5E94) in font nullfont!
Missing character: There is no 力 ("529B) in font nullfont!
Missing character: There is no 值 ("503C) in font nullfont!
Missing character: There is no 都 ("90FD) in font nullfont!
Missing character: There is no 相 ("76F8) in font nullfont!
Missing character: There is no 等 ("7B49) in font nullfont!
Missing character: There is no 。 ("3002) in font nullfont!

! LaTeX Error: \begin{document} ended by \end{property}.

See the LaTeX manual or LaTeX Companion for explanation.
Type  H <return>  for immediate help.
 ...                                              
                                                  
l.147 \end{property}
                    
Your command was ignored.
Type  I <command> <return>  to replace it with another command,
or  <return>  to continue without it.

Missing character: There is no 下 ("4E0B) in font nullfont!
Missing character: There is no 面 ("9762) in font nullfont!
Missing character: There is no 给 ("7ED9) in font nullfont!
Missing character: There is no 出 ("51FA) in font nullfont!
Missing character: There is no 逐 ("9010) in font nullfont!
Missing character: There is no 条 ("6761) in font nullfont!
Missing character: There is no 证 ("8BC1) in font nullfont!
Missing character: There is no 明 ("660E) in font nullfont!
Missing character: There is no ： ("FF1A) in font nullfont!

Overfull \hbox (20.0pt too wide) in paragraph at lines 149--150
[] 
 []


! LaTeX Error: Environment proof undefined.

See the LaTeX manual or LaTeX Companion for explanation.
Type  H <return>  for immediate help.
 ...                                              
                                                  
l.151 \begin{proof}
                   [证明]
Your command was ignored.
Type  I <command> <return>  to replace it with another command,
or  <return>  to continue without it.

Missing character: There is no [ ("5B) in font nullfont!
Missing character: There is no 证 ("8BC1) in font nullfont!
Missing character: There is no 明 ("660E) in font nullfont!
Missing character: There is no ] ("5D) in font nullfont!
Missing character: There is no 令 ("4EE4) in font nullfont!
! Undefined control sequence.
<recently read> \boldsymbol 
                            
l.152 ^^I令 $\boldsymbol
                       {n}_{A_+}=\boldsymbol{n}$，则 $\boldsymbol{n}_{A_-}=-\b...
The control sequence at the end of the top line
of your error message was never \def'ed. If you have
misspelled it (e.g., `\hobx'), type `I' and the correct
spelling (e.g., `I\hbox'). Otherwise just continue,
and I'll forget about whatever was undefined.

! Undefined control sequence.
l.152 ^^I令 $\boldsymbol{n}_{A_+}=\boldsymbol
                                            {n}$，则 $\boldsymbol{n}_{A_-}=-\b...
The control sequence at the end of the top line
of your error message was never \def'ed. If you have
misspelled it (e.g., `\hobx'), type `I' and the correct
spelling (e.g., `I\hbox'). Otherwise just continue,
and I'll forget about whatever was undefined.

Missing character: There is no ， ("FF0C) in font nullfont!
Missing character: There is no 则 ("5219) in font nullfont!
! Undefined control sequence.
<recently read> \boldsymbol 
                            
l.152 ...l{n}_{A_+}=\boldsymbol{n}$，则 $\boldsymbol
                                                  {n}_{A_-}=-\boldsymbol{n}$，即
The control sequence at the end of the top line
of your error message was never \def'ed. If you have
misspelled it (e.g., `\hobx'), type `I' and the correct
spelling (e.g., `I\hbox'). Otherwise just continue,
and I'll forget about whatever was undefined.

! Undefined control sequence.
l.152 ...{n}$，则 $\boldsymbol{n}_{A_-}=-\boldsymbol
                                                  {n}$，即
The control sequence at the end of the top line
of your error message was never \def'ed. If you have
misspelled it (e.g., `\hobx'), type `I' and the correct
spelling (e.g., `I\hbox'). Otherwise just continue,
and I'll forget about whatever was undefined.

Missing character: There is no ， ("FF0C) in font nullfont!
Missing character: There is no 即 ("5373) in font nullfont!

Overfull \hbox (20.0pt too wide) in paragraph at lines 151--153
[]
 []


Overfull \hbox (28.71075pt too wide) in paragraph at lines 151--153
\OML/cmm/m/it/10 n[] \OT1/cmr/m/n/10 =
 []


Overfull \hbox (6.00235pt too wide) in paragraph at lines 151--153
\OML/cmm/m/it/10 n$
 []


Overfull \hbox (28.98851pt too wide) in paragraph at lines 151--153
\OML/cmm/m/it/10 n[] \OT1/cmr/m/n/10 =
 []


Overfull \hbox (13.78015pt too wide) in paragraph at lines 151--153
\OMS/cmsy/m/n/10 ^^@\OML/cmm/m/it/10 n$ 
 []

! Undefined control sequence.
l.154 ^^I^^I\boldsymbol
                       {T}_{-n}=\lim_{\delta A\to 0}\frac{-\delta\boldsymbol...
The control sequence at the end of the top line
of your error message was never \def'ed. If you have
misspelled it (e.g., `\hobx'), type `I' and the correct
spelling (e.g., `I\hbox'). Otherwise just continue,
and I'll forget about whatever was undefined.

! Undefined control sequence.
<argument> -\delta \boldsymbol 
                               {F}
l.154 ... 0}\frac{-\delta\boldsymbol{F}}{\delta A}
                                                  =-\boldsymbol{T}_n
The control sequence at the end of the top line
of your error message was never \def'ed. If you have
misspelled it (e.g., `\hobx'), type `I' and the correct
spelling (e.g., `I\hbox'). Otherwise just continue,
and I'll forget about whatever was undefined.

! Undefined control sequence.
l.154 ...lta\boldsymbol{F}}{\delta A}=-\boldsymbol
                                                  {T}_n
The control sequence at the end of the top line
of your error message was never \def'ed. If you have
misspelled it (e.g., `\hobx'), type `I' and the correct
spelling (e.g., `I\hbox'). Otherwise just continue,
and I'll forget about whatever was undefined.


Overfull \hbox (109.61604pt too wide) detected at line 155
[]\OML/cmm/m/it/10 T[] \OT1/cmr/m/n/10 = [] [] = \OMS/cmsy/m/n/10 ^^@\OML/cmm/m
/it/10 T[]
 []

Missing character: There is no 在 ("5728) in font nullfont!
Missing character: There is no 面 ("9762) in font nullfont!
Missing character: There is no 上 ("4E0A) in font nullfont!
Missing character: There is no 的 ("7684) in font nullfont!
Missing character: There is no 正 ("6B63) in font nullfont!
Missing character: There is no 应 ("5E94) in font nullfont!
Missing character: There is no 力 ("529B) in font nullfont!
Missing character: There is no 等 ("7B49) in font nullfont!
Missing character: There is no 于 ("4E8E) in font nullfont!

Overfull \hbox (20.0pt too wide) in paragraph at lines 157--158
[]
 []


Overfull \hbox (17.76625pt too wide) in paragraph at lines 157--158
\OML/cmm/m/it/10 ^^NA[]$
 []


Overfull \hbox (16.23041pt too wide) in paragraph at lines 157--158
\OML/cmm/m/it/10 T[]$
 []

! Undefined control sequence.
l.159 ^^I^^IT_{nn}=\boldsymbol
                              {T}_n\cdot\boldsymbol{n}
The control sequence at the end of the top line
of your error message was never \def'ed. If you have
misspelled it (e.g., `\hobx'), type `I' and the correct
spelling (e.g., `I\hbox'). Otherwise just continue,
and I'll forget about whatever was undefined.

! Undefined control sequence.
l.159 ...^IT_{nn}=\boldsymbol{T}_n\cdot\boldsymbol
                                                  {n}
The control sequence at the end of the top line
of your error message was never \def'ed. If you have
misspelled it (e.g., `\hobx'), type `I' and the correct
spelling (e.g., `I\hbox'). Otherwise just continue,
and I'll forget about whatever was undefined.


Overfull \hbox (49.63084pt too wide) detected at line 160
[]\OML/cmm/m/it/10 T[] \OT1/cmr/m/n/10 = \OML/cmm/m/it/10 T[] \OMS/cmsy/m/n/10 
^^A \OML/cmm/m/it/10 n
 []

Missing character: There is no 相 ("76F8) in font nullfont!
Missing character: There is no 邻 ("90BB) in font nullfont!
Missing character: There is no 面 ("9762) in font nullfont!
Missing character: There is no 上 ("4E0A) in font nullfont!
Missing character: There is no 正 ("6B63) in font nullfont!
Missing character: There is no 应 ("5E94) in font nullfont!
Missing character: There is no 力 ("529B) in font nullfont!
Missing character: There is no 为 ("4E3A) in font nullfont!
! Undefined control sequence.
l.161 ...面 $\delta A$ 上正应力为 $T_{-n,-n}=\boldsymbol
                                                  {T}_{-n}\cdot(-\boldsymbol...
The control sequence at the end of the top line
of your error message was never \def'ed. If you have
misspelled it (e.g., `\hobx'), type `I' and the correct
spelling (e.g., `I\hbox'). Otherwise just continue,
and I'll forget about whatever was undefined.

! Undefined control sequence.
l.161 ...-n}=\boldsymbol{T}_{-n}\cdot(-\boldsymbol
                                                  {n})$。利用相邻面上的应力关系，很容易证明相邻面...
The control sequence at the end of the top line
of your error message was never \def'ed. If you have
misspelled it (e.g., `\hobx'), type `I' and the correct
spelling (e.g., `I\hbox'). Otherwise just continue,
and I'll forget about whatever was undefined.

Missing character: There is no 。 ("3002) in font nullfont!
Missing character: There is no 利 ("5229) in font nullfont!
Missing character: There is no 用 ("7528) in font nullfont!
Missing character: There is no 相 ("76F8) in font nullfont!
Missing character: There is no 邻 ("90BB) in font nullfont!
Missing character: There is no 面 ("9762) in font nullfont!
Missing character: There is no 上 ("4E0A) in font nullfont!
Missing character: There is no 的 ("7684) in font nullfont!
Missing character: There is no 应 ("5E94) in font nullfont!
Missing character: There is no 力 ("529B) in font nullfont!
Missing character: There is no 关 ("5173) in font nullfont!
Missing character: There is no 系 ("7CFB) in font nullfont!
Missing character: There is no ， ("FF0C) in font nullfont!
Missing character: There is no 很 ("5F88) in font nullfont!
Missing character: There is no 容 ("5BB9) in font nullfont!
Missing character: There is no 易 ("6613) in font nullfont!
Missing character: There is no 证 ("8BC1) in font nullfont!
Missing character: There is no 明 ("660E) in font nullfont!
Missing character: There is no 相 ("76F8) in font nullfont!
Missing character: There is no 邻 ("90BB) in font nullfont!
Missing character: There is no 面 ("9762) in font nullfont!
Missing character: There is no 上 ("4E0A) in font nullfont!
Missing character: There is no 的 ("7684) in font nullfont!
Missing character: There is no 正 ("6B63) in font nullfont!
Missing character: There is no 应 ("5E94) in font nullfont!
Missing character: There is no 力 ("529B) in font nullfont!
Missing character: There is no 相 ("76F8) in font nullfont!
Missing character: There is no 等 ("7B49) in font nullfont!
Missing character: There is no ： ("FF1A) in font nullfont!

Overfull \hbox (12.32292pt too wide) in paragraph at lines 160--162
 $\OML/cmm/m/it/10 ^^NA$
 []


Overfull \hbox (41.66095pt too wide) in paragraph at lines 160--162
\OML/cmm/m/it/10 T[] \OT1/cmr/m/n/10 =
 []


Overfull \hbox (20.31488pt too wide) in paragraph at lines 160--162
\OML/cmm/m/it/10 T[] \OMS/cmsy/m/n/10 ^^A
 []


Overfull \hbox (21.55795pt too wide) in paragraph at lines 160--162
\OT1/cmr/m/n/10 (\OMS/cmsy/m/n/10 ^^@\OML/cmm/m/it/10 n\OT1/cmr/m/n/10 )$ 
 []

! Undefined control sequence.
l.163 ^^I^^IT_{-n,-n}=\boldsymbol
                                 {T}_{-n}\cdot(-\boldsymbol{n})=(-\boldsymbo...
The control sequence at the end of the top line
of your error message was never \def'ed. If you have
misspelled it (e.g., `\hobx'), type `I' and the correct
spelling (e.g., `I\hbox'). Otherwise just continue,
and I'll forget about whatever was undefined.

! Undefined control sequence.
l.163 ...-n}=\boldsymbol{T}_{-n}\cdot(-\boldsymbol
                                                  {n})=(-\boldsymbol{T}_n)\c...
The control sequence at the end of the top line
of your error message was never \def'ed. If you have
misspelled it (e.g., `\hobx'), type `I' and the correct
spelling (e.g., `I\hbox'). Otherwise just continue,
and I'll forget about whatever was undefined.

! Undefined control sequence.
l.163 ..._{-n}\cdot(-\boldsymbol{n})=(-\boldsymbol
                                                  {T}_n)\cdot(-\boldsymbol{n...
The control sequence at the end of the top line
of your error message was never \def'ed. If you have
misspelled it (e.g., `\hobx'), type `I' and the correct
spelling (e.g., `I\hbox'). Otherwise just continue,
and I'll forget about whatever was undefined.

! Undefined control sequence.
l.163 ...n})=(-\boldsymbol{T}_n)\cdot(-\boldsymbol
                                                  {n})=\boldsymbol{T}_n\cdot...
The control sequence at the end of the top line
of your error message was never \def'ed. If you have
misspelled it (e.g., `\hobx'), type `I' and the correct
spelling (e.g., `I\hbox'). Otherwise just continue,
and I'll forget about whatever was undefined.

! Undefined control sequence.
l.163 ...l{T}_n)\cdot(-\boldsymbol{n})=\boldsymbol
                                                  {T}_n\cdot\boldsymbol{n}=T...
The control sequence at the end of the top line
of your error message was never \def'ed. If you have
misspelled it (e.g., `\hobx'), type `I' and the correct
spelling (e.g., `I\hbox'). Otherwise just continue,
and I'll forget about whatever was undefined.

! Undefined control sequence.
l.163 ...mbol{n})=\boldsymbol{T}_n\cdot\boldsymbol
                                                  {n}=T_{nn}
The control sequence at the end of the top line
of your error message was never \def'ed. If you have
misspelled it (e.g., `\hobx'), type `I' and the correct
spelling (e.g., `I\hbox'). Otherwise just continue,
and I'll forget about whatever was undefined.


Overfull \hbox (213.7872pt too wide) detected at line 164
[]\OML/cmm/m/it/10 T[] \OT1/cmr/m/n/10 = \OML/cmm/m/it/10 T[] \OMS/cmsy/m/n/10 
^^A \OT1/cmr/m/n/10 (\OMS/cmsy/m/n/10 ^^@\OML/cmm/m/it/10 n\OT1/cmr/m/n/10 ) = 
(\OMS/cmsy/m/n/10 ^^@\OML/cmm/m/it/10 T[]\OT1/cmr/m/n/10 ) \OMS/cmsy/m/n/10 ^^A
 \OT1/cmr/m/n/10 (\OMS/cmsy/m/n/10 ^^@\OML/cmm/m/it/10 n\OT1/cmr/m/n/10 ) = \OM
L/cmm/m/it/10 T[] \OMS/cmsy/m/n/10 ^^A \OML/cmm/m/it/10 n \OT1/cmr/m/n/10 = \OM
L/cmm/m/it/10 T[]
 []

Missing character: There is no 在 ("5728) in font nullfont!
Missing character: There is no 面 ("9762) in font nullfont!
Missing character: There is no 上 ("4E0A) in font nullfont!
Missing character: There is no 的 ("7684) in font nullfont!
Missing character: There is no 切 ("5207) in font nullfont!
Missing character: There is no 应 ("5E94) in font nullfont!
Missing character: There is no 力 ("529B) in font nullfont!
Missing character: There is no 等 ("7B49) in font nullfont!
Missing character: There is no 于 ("4E8E) in font nullfont!

Overfull \hbox (20.0pt too wide) in paragraph at lines 166--167
[]
 []


Overfull \hbox (17.76625pt too wide) in paragraph at lines 166--167
\OML/cmm/m/it/10 ^^NA[]$
 []

! Undefined control sequence.
l.169 ^^I^^I^^IT_{nt}=\boldsymbol
                                 {T}_n\cdot\boldsymbol{t}\\[2pt]
The control sequence at the end of the top line
of your error message was never \def'ed. If you have
misspelled it (e.g., `\hobx'), type `I' and the correct
spelling (e.g., `I\hbox'). Otherwise just continue,
and I'll forget about whatever was undefined.

! Undefined control sequence.
l.169 ...^IT_{nt}=\boldsymbol{T}_n\cdot\boldsymbol
                                                  {t}\\[2pt]
The control sequence at the end of the top line
of your error message was never \def'ed. If you have
misspelled it (e.g., `\hobx'), type `I' and the correct
spelling (e.g., `I\hbox'). Otherwise just continue,
and I'll forget about whatever was undefined.

! Undefined control sequence.
l.170 ^^I^^I^^IT_{ns}=\boldsymbol
                                 {T}_n\cdot\boldsymbol{s}
The control sequence at the end of the top line
of your error message was never \def'ed. If you have
misspelled it (e.g., `\hobx'), type `I' and the correct
spelling (e.g., `I\hbox'). Otherwise just continue,
and I'll forget about whatever was undefined.

! Undefined control sequence.
l.170 ...^IT_{ns}=\boldsymbol{T}_n\cdot\boldsymbol
                                                  {s}
The control sequence at the end of the top line
of your error message was never \def'ed. If you have
misspelled it (e.g., `\hobx'), type `I' and the correct
spelling (e.g., `I\hbox'). Otherwise just continue,
and I'll forget about whatever was undefined.


Overfull \hbox (59.45801pt too wide) detected at line 172
[][]
 []

Missing character: There is no 在 ("5728) in font nullfont!
Missing character: There is no 相 ("76F8) in font nullfont!
Missing character: There is no 邻 ("90BB) in font nullfont!
Missing character: There is no 面 ("9762) in font nullfont!
Missing character: There is no 上 ("4E0A) in font nullfont!
Missing character: There is no 相 ("76F8) in font nullfont!
Missing character: There is no 应 ("5E94) in font nullfont!
Missing character: There is no 的 ("7684) in font nullfont!
Missing character: There is no 切 ("5207) in font nullfont!
Missing character: There is no 应 ("5E94) in font nullfont!
Missing character: There is no 力 ("529B) in font nullfont!
Missing character: There is no 分 ("5206) in font nullfont!
Missing character: There is no 量 ("91CF) in font nullfont!
Missing character: There is no 为 ("4E3A) in font nullfont!
Missing character: There is no 、 ("3001) in font nullfont!
Missing character: There is no 。 ("3002) in font nullfont!
Missing character: There is no 同 ("540C) in font nullfont!
Missing character: There is no 理 ("7406) in font nullfont!
Missing character: There is no 可 ("53EF) in font nullfont!
Missing character: There is no 证 ("8BC1) in font nullfont!
Missing character: There is no 两 ("4E24) in font nullfont!
Missing character: There is no 相 ("76F8) in font nullfont!
Missing character: There is no 邻 ("90BB) in font nullfont!
Missing character: There is no 面 ("9762) in font nullfont!
Missing character: There is no 上 ("4E0A) in font nullfont!
Missing character: There is no 的 ("7684) in font nullfont!
Missing character: There is no 切 ("5207) in font nullfont!
Missing character: There is no 应 ("5E94) in font nullfont!
Missing character: There is no 力 ("529B) in font nullfont!
Missing character: There is no 分 ("5206) in font nullfont!
Missing character: There is no 量 ("91CF) in font nullfont!
Missing character: There is no 也 ("4E5F) in font nullfont!
Missing character: There is no 相 ("76F8) in font nullfont!
Missing character: There is no 等 ("7B49) in font nullfont!
Missing character: There is no ： ("FF1A) in font nullfont!

Overfull \hbox (12.32292pt too wide) in paragraph at lines 172--174
 $\OML/cmm/m/it/10 ^^NA$
 []


Overfull \hbox (59.11938pt too wide) in paragraph at lines 172--174
\OML/cmm/m/it/10 T[]$$T[]$ 
 []

! Undefined control sequence.
l.176 ^^I^^I^^IT_{-n,-t}=\boldsymbol
                                    {T}_{-n}\cdot(-\boldsymbol{t})=(-\boldsy...
The control sequence at the end of the top line
of your error message was never \def'ed. If you have
misspelled it (e.g., `\hobx'), type `I' and the correct
spelling (e.g., `I\hbox'). Otherwise just continue,
and I'll forget about whatever was undefined.

! Undefined control sequence.
l.176 ...-t}=\boldsymbol{T}_{-n}\cdot(-\boldsymbol
                                                  {t})=(-\boldsymbol{T}_n)\c...
The control sequence at the end of the top line
of your error message was never \def'ed. If you have
misspelled it (e.g., `\hobx'), type `I' and the correct
spelling (e.g., `I\hbox'). Otherwise just continue,
and I'll forget about whatever was undefined.

! Undefined control sequence.
l.176 ..._{-n}\cdot(-\boldsymbol{t})=(-\boldsymbol
                                                  {T}_n)\cdot(-\boldsymbol{t...
The control sequence at the end of the top line
of your error message was never \def'ed. If you have
misspelled it (e.g., `\hobx'), type `I' and the correct
spelling (e.g., `I\hbox'). Otherwise just continue,
and I'll forget about whatever was undefined.

! Undefined control sequence.
l.176 ...t})=(-\boldsymbol{T}_n)\cdot(-\boldsymbol
                                                  {t})=\boldsymbol{T}_n\cdot...
The control sequence at the end of the top line
of your error message was never \def'ed. If you have
misspelled it (e.g., `\hobx'), type `I' and the correct
spelling (e.g., `I\hbox'). Otherwise just continue,
and I'll forget about whatever was undefined.

! Undefined control sequence.
l.176 ...l{T}_n)\cdot(-\boldsymbol{t})=\boldsymbol
                                                  {T}_n\cdot\boldsymbol{t}=T...
The control sequence at the end of the top line
of your error message was never \def'ed. If you have
misspelled it (e.g., `\hobx'), type `I' and the correct
spelling (e.g., `I\hbox'). Otherwise just continue,
and I'll forget about whatever was undefined.

! Undefined control sequence.
l.176 ...mbol{t})=\boldsymbol{T}_n\cdot\boldsymbol
                                                  {t}=T_{nt}\\[2pt]
The control sequence at the end of the top line
of your error message was never \def'ed. If you have
misspelled it (e.g., `\hobx'), type `I' and the correct
spelling (e.g., `I\hbox'). Otherwise just continue,
and I'll forget about whatever was undefined.

! Undefined control sequence.
l.177 ^^I^^I^^IT_{-n,-s}=\boldsymbol
                                    {T}_{-n}\cdot(-\boldsymbol{s})=(-\boldsy...
The control sequence at the end of the top line
of your error message was never \def'ed. If you have
misspelled it (e.g., `\hobx'), type `I' and the correct
spelling (e.g., `I\hbox'). Otherwise just continue,
and I'll forget about whatever was undefined.

! Undefined control sequence.
l.177 ...-s}=\boldsymbol{T}_{-n}\cdot(-\boldsymbol
                                                  {s})=(-\boldsymbol{T}_n)\c...
The control sequence at the end of the top line
of your error message was never \def'ed. If you have
misspelled it (e.g., `\hobx'), type `I' and the correct
spelling (e.g., `I\hbox'). Otherwise just continue,
and I'll forget about whatever was undefined.

! Undefined control sequence.
l.177 ..._{-n}\cdot(-\boldsymbol{s})=(-\boldsymbol
                                                  {T}_n)\cdot(-\boldsymbol{s...
The control sequence at the end of the top line
of your error message was never \def'ed. If you have
misspelled it (e.g., `\hobx'), type `I' and the correct
spelling (e.g., `I\hbox'). Otherwise just continue,
and I'll forget about whatever was undefined.

! Undefined control sequence.
l.177 ...s})=(-\boldsymbol{T}_n)\cdot(-\boldsymbol
                                                  {s})=\boldsymbol{T}_n\cdot...
The control sequence at the end of the top line
of your error message was never \def'ed. If you have
misspelled it (e.g., `\hobx'), type `I' and the correct
spelling (e.g., `I\hbox'). Otherwise just continue,
and I'll forget about whatever was undefined.

! Undefined control sequence.
l.177 ...l{T}_n)\cdot(-\boldsymbol{s})=\boldsymbol
                                                  {T}_n\cdot\boldsymbol{s}=T...
The control sequence at the end of the top line
of your error message was never \def'ed. If you have
misspelled it (e.g., `\hobx'), type `I' and the correct
spelling (e.g., `I\hbox'). Otherwise just continue,
and I'll forget about whatever was undefined.

! Undefined control sequence.
l.177 ...mbol{s})=\boldsymbol{T}_n\cdot\boldsymbol
                                                  {s}=T_{ns}
The control sequence at the end of the top line
of your error message was never \def'ed. If you have
misspelled it (e.g., `\hobx'), type `I' and the correct
spelling (e.g., `I\hbox'). Otherwise just continue,
and I'll forget about whatever was undefined.


Overfull \hbox (229.53766pt too wide) detected at line 179
[][]
 []


! LaTeX Error: \begin{document} ended by \end{proof}.

See the LaTeX manual or LaTeX Companion for explanation.
Type  H <return>  for immediate help.
 ...                                              
                                                  
l.180 \end{proof}
                 
Your command was ignored.
Type  I <command> <return>  to replace it with another command,
or  <return>  to continue without it.

! Undefined control sequence.
l.182 \subsection
                 {一点的应力张量及其性质}
The control sequence at the end of the top line
of your error message was never \def'ed. If you have
misspelled it (e.g., `\hobx'), type `I' and the correct
spelling (e.g., `I\hbox'). Otherwise just continue,
and I'll forget about whatever was undefined.

Missing character: There is no 一 ("4E00) in font nullfont!
Missing character: There is no 点 ("70B9) in font nullfont!
Missing character: There is no 的 ("7684) in font nullfont!
Missing character: There is no 应 ("5E94) in font nullfont!
Missing character: There is no 力 ("529B) in font nullfont!
Missing character: There is no 张 ("5F20) in font nullfont!
Missing character: There is no 量 ("91CF) in font nullfont!
Missing character: There is no 及 ("53CA) in font nullfont!
Missing character: There is no 其 ("5176) in font nullfont!
Missing character: There is no 性 ("6027) in font nullfont!
Missing character: There is no 质 ("8D28) in font nullfont!

Overfull \hbox (20.0pt too wide) in paragraph at lines 182--183
[] 
 []


! LaTeX Error: Environment definition undefined.

See the LaTeX manual or LaTeX Companion for explanation.
Type  H <return>  for immediate help.
 ...                                              
                                                  
l.184 \begin{definition}
                        [一点的应力状态]
Your command was ignored.
Type  I <command> <return>  to replace it with another command,
or  <return>  to continue without it.

Missing character: There is no [ ("5B) in font nullfont!
Missing character: There is no 一 ("4E00) in font nullfont!
Missing character: There is no 点 ("70B9) in font nullfont!
Missing character: There is no 的 ("7684) in font nullfont!
Missing character: There is no 应 ("5E94) in font nullfont!
Missing character: There is no 力 ("529B) in font nullfont!
Missing character: There is no 状 ("72B6) in font nullfont!
Missing character: There is no 态 ("6001) in font nullfont!
Missing character: There is no ] ("5D) in font nullfont!
Missing character: There is no 通 ("901A) in font nullfont!
Missing character: There is no 过 ("8FC7) in font nullfont!
Missing character: There is no 同 ("540C) in font nullfont!
Missing character: There is no 一 ("4E00) in font nullfont!
Missing character: There is no 点 ("70B9) in font nullfont!
Missing character: There is no 不 ("4E0D) in font nullfont!
Missing character: There is no 同 ("540C) in font nullfont!
Missing character: There is no 面 ("9762) in font nullfont!
Missing character: There is no 上 ("4E0A) in font nullfont!
Missing character: There is no 的 ("7684) in font nullfont!
Missing character: There is no 应 ("5E94) in font nullfont!
Missing character: There is no 力 ("529B) in font nullfont!
Missing character: There is no 一 ("4E00) in font nullfont!
Missing character: There is no 般 ("822C) in font nullfont!
Missing character: There is no 不 ("4E0D) in font nullfont!
Missing character: There is no 相 ("76F8) in font nullfont!
Missing character: There is no 等 ("7B49) in font nullfont!
Missing character: There is no ， ("FF0C) in font nullfont!
Missing character: There is no 但 ("4F46) in font nullfont!
Missing character: There is no 只 ("53EA) in font nullfont!
Missing character: There is no 要 ("8981) in font nullfont!
Missing character: There is no 知 ("77E5) in font nullfont!
Missing character: There is no 道 ("9053) in font nullfont!
Missing character: There is no 通 ("901A) in font nullfont!
Missing character: There is no 过 ("8FC7) in font nullfont!
Missing character: There is no 一 ("4E00) in font nullfont!
Missing character: There is no 点 ("70B9) in font nullfont!
Missing character: There is no 三 ("4E09) in font nullfont!
Missing character: There is no 个 ("4E2A) in font nullfont!
Missing character: There is no 互 ("4E92) in font nullfont!
Missing character: There is no 相 ("76F8) in font nullfont!
Missing character: There is no 垂 ("5782) in font nullfont!
Missing character: There is no 直 ("76F4) in font nullfont!
Missing character: There is no 坐 ("5750) in font nullfont!
Missing character: There is no 标 ("6807) in font nullfont!
Missing character: There is no 面 ("9762) in font nullfont!
Missing character: There is no 上 ("4E0A) in font nullfont!
Missing character: There is no 的 ("7684) in font nullfont!
Missing character: There is no 应 ("5E94) in font nullfont!
Missing character: There is no 力 ("529B) in font nullfont!
Missing character: There is no 值 ("503C) in font nullfont!
Missing character: There is no ， ("FF0C) in font nullfont!
Missing character: There is no 就 ("5C31) in font nullfont!
Missing character: There is no 可 ("53EF) in font nullfont!
Missing character: There is no 以 ("4EE5) in font nullfont!
Missing character: There is no 确 ("786E) in font nullfont!
Missing character: There is no 定 ("5B9A) in font nullfont!
Missing character: There is no 该 ("8BE5) in font nullfont!
Missing character: There is no 点 ("70B9) in font nullfont!
Missing character: There is no 任 ("4EFB) in font nullfont!
Missing character: There is no 意 ("610F) in font nullfont!
Missing character: There is no 方 ("65B9) in font nullfont!
Missing character: There is no 向 ("5411) in font nullfont!
Missing character: There is no 面 ("9762) in font nullfont!
Missing character: There is no 上 ("4E0A) in font nullfont!
Missing character: There is no 的 ("7684) in font nullfont!
Missing character: There is no 应 ("5E94) in font nullfont!
Missing character: There is no 力 ("529B) in font nullfont!
Missing character: There is no 。 ("3002) in font nullfont!
Missing character: There is no 因 ("56E0) in font nullfont!
Missing character: There is no 此 ("6B64) in font nullfont!
Missing character: There is no 称 ("79F0) in font nullfont!
Missing character: There is no 这 ("8FD9) in font nullfont!
Missing character: There is no 三 ("4E09) in font nullfont!
Missing character: There is no 个 ("4E2A) in font nullfont!
Missing character: There is no 互 ("4E92) in font nullfont!
Missing character: There is no 相 ("76F8) in font nullfont!
Missing character: There is no 垂 ("5782) in font nullfont!
Missing character: There is no 直 ("76F4) in font nullfont!
Missing character: There is no 面 ("9762) in font nullfont!
Missing character: There is no 上 ("4E0A) in font nullfont!
Missing character: There is no 的 ("7684) in font nullfont!
Missing character: There is no 应 ("5E94) in font nullfont!
Missing character: There is no 力 ("529B) in font nullfont!
! Undefined control sequence.
l.185 ...该点任意方向面上的应力。因此称这三个互相垂直面上的应力 $(\boldsymbol
                                                  {T}_1,\boldsymbol{T}_2,\bo...
The control sequence at the end of the top line
of your error message was never \def'ed. If you have
misspelled it (e.g., `\hobx'), type `I' and the correct
spelling (e.g., `I\hbox'). Otherwise just continue,
and I'll forget about whatever was undefined.

! Undefined control sequence.
l.185 ...个互相垂直面上的应力 $(\boldsymbol{T}_1,\boldsymbol
                                                  {T}_2,\boldsymbol{T}_3)$ 为...
The control sequence at the end of the top line
of your error message was never \def'ed. If you have
misspelled it (e.g., `\hobx'), type `I' and the correct
spelling (e.g., `I\hbox'). Otherwise just continue,
and I'll forget about whatever was undefined.

! Undefined control sequence.
l.185 ...dsymbol{T}_1,\boldsymbol{T}_2,\boldsymbol
                                                  {T}_3)$ 为一点的应力状态。
The control sequence at the end of the top line
of your error message was never \def'ed. If you have
misspelled it (e.g., `\hobx'), type `I' and the correct
spelling (e.g., `I\hbox'). Otherwise just continue,
and I'll forget about whatever was undefined.

Missing character: There is no 为 ("4E3A) in font nullfont!
Missing character: There is no 一 ("4E00) in font nullfont!
Missing character: There is no 点 ("70B9) in font nullfont!
Missing character: There is no 的 ("7684) in font nullfont!
Missing character: There is no 应 ("5E94) in font nullfont!
Missing character: There is no 力 ("529B) in font nullfont!
Missing character: There is no 状 ("72B6) in font nullfont!
Missing character: There is no 态 ("6001) in font nullfont!
Missing character: There is no 。 ("3002) in font nullfont!

! LaTeX Error: \begin{document} ended by \end{definition}.

See the LaTeX manual or LaTeX Companion for explanation.
Type  H <return>  for immediate help.
 ...                                              
                                                  
l.186 \end{definition}
                      
Your command was ignored.
Type  I <command> <return>  to replace it with another command,
or  <return>  to continue without it.


Overfull \hbox (20.0pt too wide) in paragraph at lines 184--187
[]
 []


Overfull \hbox (47.65627pt too wide) in paragraph at lines 184--187
\OT1/cmr/m/n/10 (\OML/cmm/m/it/10 T[]; T[]; T[]\OT1/cmr/m/n/10 )$
 []

Missing character: There is no 众 ("4F17) in font nullfont!
Missing character: There is no 所 ("6240) in font nullfont!
Missing character: There is no 周 ("5468) in font nullfont!
Missing character: There is no 知 ("77E5) in font nullfont!
Missing character: There is no ， ("FF0C) in font nullfont!
Missing character: There is no 一 ("4E00) in font nullfont!
Missing character: There is no 个 ("4E2A) in font nullfont!
Missing character: There is no 向 ("5411) in font nullfont!
Missing character: There is no 量 ("91CF) in font nullfont!
Missing character: There is no 可 ("53EF) in font nullfont!
Missing character: There is no 以 ("4EE5) in font nullfont!
Missing character: There is no 分 ("5206) in font nullfont!
Missing character: There is no 解 ("89E3) in font nullfont!
Missing character: There is no 为 ("4E3A) in font nullfont!
Missing character: There is no 三 ("4E09) in font nullfont!
Missing character: There is no 个 ("4E2A) in font nullfont!
Missing character: There is no 分 ("5206) in font nullfont!
Missing character: There is no 量 ("91CF) in font nullfont!
Missing character: There is no （ ("FF08) in font nullfont!
Missing character: There is no 其 ("5176) in font nullfont!
Missing character: There is no 实 ("5B9E) in font nullfont!
Missing character: There is no 几 ("51E0) in font nullfont!
Missing character: There is no 个 ("4E2A) in font nullfont!
Missing character: There is no 分 ("5206) in font nullfont!
Missing character: There is no 量 ("91CF) in font nullfont!
Missing character: There is no 都 ("90FD) in font nullfont!
Missing character: There is no 行 ("884C) in font nullfont!
Missing character: There is no ， ("FF0C) in font nullfont!
Missing character: There is no 这 ("8FD9) in font nullfont!
Missing character: There is no 里 ("91CC) in font nullfont!
Missing character: There is no 讨 ("8BA8) in font nullfont!
Missing character: There is no 论 ("8BBA) in font nullfont!
Missing character: There is no 应 ("5E94) in font nullfont!
Missing character: There is no 力 ("529B) in font nullfont!
Missing character: There is no 状 ("72B6) in font nullfont!
Missing character: There is no 态 ("6001) in font nullfont!
Missing character: There is no ） ("FF09) in font nullfont!
Missing character: There is no ， ("FF0C) in font nullfont!
Missing character: There is no 因 ("56E0) in font nullfont!
Missing character: There is no 此 ("6B64) in font nullfont!
Missing character: There is no 每 ("6BCF) in font nullfont!
Missing character: There is no 个 ("4E2A) in font nullfont!
Missing character: There is no 应 ("5E94) in font nullfont!
Missing character: There is no 力 ("529B) in font nullfont!
Missing character: There is no 向 ("5411) in font nullfont!
Missing character: There is no 量 ("91CF) in font nullfont!
! Undefined control sequence.
l.188 ...实几个分量都行，这里讨论应力状态），因此每个应力向量 $\{\boldsymbol
                                                  {T}_i\}$ 都可以分解为三个分量如下：
The control sequence at the end of the top line
of your error message was never \def'ed. If you have
misspelled it (e.g., `\hobx'), type `I' and the correct
spelling (e.g., `I\hbox'). Otherwise just continue,
and I'll forget about whatever was undefined.

Missing character: There is no 都 ("90FD) in font nullfont!
Missing character: There is no 可 ("53EF) in font nullfont!
Missing character: There is no 以 ("4EE5) in font nullfont!
Missing character: There is no 分 ("5206) in font nullfont!
Missing character: There is no 解 ("89E3) in font nullfont!
Missing character: There is no 为 ("4E3A) in font nullfont!
Missing character: There is no 三 ("4E09) in font nullfont!
Missing character: There is no 个 ("4E2A) in font nullfont!
Missing character: There is no 分 ("5206) in font nullfont!
Missing character: There is no 量 ("91CF) in font nullfont!
Missing character: There is no 如 ("5982) in font nullfont!
Missing character: There is no 下 ("4E0B) in font nullfont!
Missing character: There is no ： ("FF1A) in font nullfont!

Overfull \hbox (20.0pt too wide) in paragraph at lines 188--189
[]
 []


Overfull \hbox (19.17307pt too wide) in paragraph at lines 188--189
\OMS/cmsy/m/n/10 f\OML/cmm/m/it/10 T[]\OMS/cmsy/m/n/10 g$
 []

! Undefined control sequence.
l.191 ^^I^^I\boldsymbol
                       {T}_1=T_{11}\boldsymbol{e}_1+T_{12}\boldsymbol{e}_2+T...
The control sequence at the end of the top line
of your error message was never \def'ed. If you have
misspelled it (e.g., `\hobx'), type `I' and the correct
spelling (e.g., `I\hbox'). Otherwise just continue,
and I'll forget about whatever was undefined.

! Undefined control sequence.
l.191 ^^I^^I\boldsymbol{T}_1=T_{11}\boldsymbol
                                              {e}_1+T_{12}\boldsymbol{e}_2+T...
The control sequence at the end of the top line
of your error message was never \def'ed. If you have
misspelled it (e.g., `\hobx'), type `I' and the correct
spelling (e.g., `I\hbox'). Otherwise just continue,
and I'll forget about whatever was undefined.

! Undefined control sequence.
l.191 ...=T_{11}\boldsymbol{e}_1+T_{12}\boldsymbol
                                                  {e}_2+T_{13}\boldsymbol{e}...
The control sequence at the end of the top line
of your error message was never \def'ed. If you have
misspelled it (e.g., `\hobx'), type `I' and the correct
spelling (e.g., `I\hbox'). Otherwise just continue,
and I'll forget about whatever was undefined.

! Undefined control sequence.
l.191 ...+T_{12}\boldsymbol{e}_2+T_{13}\boldsymbol
                                                  {e}_3\\[2pt]
The control sequence at the end of the top line
of your error message was never \def'ed. If you have
misspelled it (e.g., `\hobx'), type `I' and the correct
spelling (e.g., `I\hbox'). Otherwise just continue,
and I'll forget about whatever was undefined.

! Undefined control sequence.
l.192 ^^I^^I\boldsymbol
                       {T}_2=T_{21}\boldsymbol{e}_1+T_{22}\boldsymbol{e}_2+T...
The control sequence at the end of the top line
of your error message was never \def'ed. If you have
misspelled it (e.g., `\hobx'), type `I' and the correct
spelling (e.g., `I\hbox'). Otherwise just continue,
and I'll forget about whatever was undefined.

! Undefined control sequence.
l.192 ^^I^^I\boldsymbol{T}_2=T_{21}\boldsymbol
                                              {e}_1+T_{22}\boldsymbol{e}_2+T...
The control sequence at the end of the top line
of your error message was never \def'ed. If you have
misspelled it (e.g., `\hobx'), type `I' and the correct
spelling (e.g., `I\hbox'). Otherwise just continue,
and I'll forget about whatever was undefined.

! Undefined control sequence.
l.192 ...=T_{21}\boldsymbol{e}_1+T_{22}\boldsymbol
                                                  {e}_2+T_{23}\boldsymbol{e}...
The control sequence at the end of the top line
of your error message was never \def'ed. If you have
misspelled it (e.g., `\hobx'), type `I' and the correct
spelling (e.g., `I\hbox'). Otherwise just continue,
and I'll forget about whatever was undefined.

! Undefined control sequence.
l.192 ...+T_{22}\boldsymbol{e}_2+T_{23}\boldsymbol
                                                  {e}_3\\[2pt]
The control sequence at the end of the top line
of your error message was never \def'ed. If you have
misspelled it (e.g., `\hobx'), type `I' and the correct
spelling (e.g., `I\hbox'). Otherwise just continue,
and I'll forget about whatever was undefined.

! Undefined control sequence.
l.193 ^^I^^I\boldsymbol
                       {T}_3=T_{31}\boldsymbol{e}_1+T_{32}\boldsymbol{e}_2+T...
The control sequence at the end of the top line
of your error message was never \def'ed. If you have
misspelled it (e.g., `\hobx'), type `I' and the correct
spelling (e.g., `I\hbox'). Otherwise just continue,
and I'll forget about whatever was undefined.

! Undefined control sequence.
l.193 ^^I^^I\boldsymbol{T}_3=T_{31}\boldsymbol
                                              {e}_1+T_{32}\boldsymbol{e}_2+T...
The control sequence at the end of the top line
of your error message was never \def'ed. If you have
misspelled it (e.g., `\hobx'), type `I' and the correct
spelling (e.g., `I\hbox'). Otherwise just continue,
and I'll forget about whatever was undefined.

! Undefined control sequence.
l.193 ...=T_{31}\boldsymbol{e}_1+T_{32}\boldsymbol
                                                  {e}_2+T_{33}\boldsymbol{e}_3
The control sequence at the end of the top line
of your error message was never \def'ed. If you have
misspelled it (e.g., `\hobx'), type `I' and the correct
spelling (e.g., `I\hbox'). Otherwise just continue,
and I'll forget about whatever was undefined.

! Undefined control sequence.
l.193 ...+T_{32}\boldsymbol{e}_2+T_{33}\boldsymbol
                                                  {e}_3
The control sequence at the end of the top line
of your error message was never \def'ed. If you have
misspelled it (e.g., `\hobx'), type `I' and the correct
spelling (e.g., `I\hbox'). Otherwise just continue,
and I'll forget about whatever was undefined.


Overfull \hbox (127.1826pt too wide) detected at line 195
[][]
 []

Missing character: There is no 于 ("4E8E) in font nullfont!
Missing character: There is no 是 ("662F) in font nullfont!
Missing character: There is no 一 ("4E00) in font nullfont!
Missing character: There is no 点 ("70B9) in font nullfont!
Missing character: There is no 应 ("5E94) in font nullfont!
Missing character: There is no 力 ("529B) in font nullfont!
Missing character: There is no 状 ("72B6) in font nullfont!
Missing character: There is no 态 ("6001) in font nullfont!
Missing character: There is no 还 ("8FD8) in font nullfont!
Missing character: There is no 可 ("53EF) in font nullfont!
Missing character: There is no 以 ("4EE5) in font nullfont!
Missing character: There is no 用 ("7528) in font nullfont!
Missing character: There is no 九 ("4E5D) in font nullfont!
Missing character: There is no 个 ("4E2A) in font nullfont!
Missing character: There is no 代 ("4EE3) in font nullfont!
Missing character: There is no 数 ("6570) in font nullfont!
Missing character: There is no 值 ("503C) in font nullfont!
Missing character: There is no 组 ("7EC4) in font nullfont!
Missing character: There is no 成 ("6210) in font nullfont!
Missing character: There is no 的 ("7684) in font nullfont!
Missing character: There is no 方 ("65B9) in font nullfont!
Missing character: There is no 阵 ("9635) in font nullfont!
Missing character: There is no 表 ("8868) in font nullfont!
Missing character: There is no 示 ("793A) in font nullfont!
Missing character: There is no ： ("FF1A) in font nullfont!

Overfull \hbox (20.0pt too wide) in paragraph at lines 197--198
[] 
 []


! LaTeX Error: Environment bmatrix undefined.

See the LaTeX manual or LaTeX Companion for explanation.
Type  H <return>  for immediate help.
 ...                                              
                                                  
l.199 ^^I[T_{ij}]=\begin{bmatrix}
                                 
Your command was ignored.
Type  I <command> <return>  to replace it with another command,
or  <return>  to continue without it.

! Misplaced alignment tab character &.
l.200 ^^I^^IT_{11} &
                     T_{12} & T_{13}\\
I can't figure out why you would want to use a tab mark
here. If you just want an ampersand, the remedy is
simple: Just type `I\&' now. But if some right brace
up above has ended a previous alignment prematurely,
you're probably due for more error messages, and you
might try typing `S' now just to see what is salvageable.

! Misplaced alignment tab character &.
l.200 ^^I^^IT_{11} & T_{12} &
                              T_{13}\\
I can't figure out why you would want to use a tab mark
here. If you just want an ampersand, the remedy is
simple: Just type `I\&' now. But if some right brace
up above has ended a previous alignment prematurely,
you're probably due for more error messages, and you
might try typing `S' now just to see what is salvageable.

! Misplaced alignment tab character &.
l.201 ^^I^^IT_{21} &
                     T_{22} & T_{23}\\
I can't figure out why you would want to use a tab mark
here. If you just want an ampersand, the remedy is
simple: Just type `I\&' now. But if some right brace
up above has ended a previous alignment prematurely,
you're probably due for more error messages, and you
might try typing `S' now just to see what is salvageable.

! Misplaced alignment tab character &.
l.201 ^^I^^IT_{21} & T_{22} &
                              T_{23}\\
I can't figure out why you would want to use a tab mark
here. If you just want an ampersand, the remedy is
simple: Just type `I\&' now. But if some right brace
up above has ended a previous alignment prematurely,
you're probably due for more error messages, and you
might try typing `S' now just to see what is salvageable.

! Misplaced alignment tab character &.
l.202 ^^I^^IT_{31} &
                     T_{32} & T_{33}
I can't figure out why you would want to use a tab mark
here. If you just want an ampersand, the remedy is
simple: Just type `I\&' now. But if some right brace
up above has ended a previous alignment prematurely,
you're probably due for more error messages, and you
might try typing `S' now just to see what is salvageable.

! Misplaced alignment tab character &.
l.202 ^^I^^IT_{31} & T_{32} &
                              T_{33}
I can't figure out why you would want to use a tab mark
here. If you just want an ampersand, the remedy is
simple: Just type `I\&' now. But if some right brace
up above has ended a previous alignment prematurely,
you're probably due for more error messages, and you
might try typing `S' now just to see what is salvageable.


! LaTeX Error: \begin{equation} on input line 198 ended by \end{bmatrix}.

See the LaTeX manual or LaTeX Companion for explanation.
Type  H <return>  for immediate help.
 ...                                              
                                                  
l.203 ^^I\end{bmatrix}
                      
Your command was ignored.
Type  I <command> <return>  to replace it with another command,
or  <return>  to continue without it.


Overfull \hbox (160.61948pt too wide) detected at line 204
[]\OT1/cmr/m/n/10 [\OML/cmm/m/it/10 T[]\OT1/cmr/m/n/10 ] = \OML/cmm/m/it/10 T[]
T[]T[][] T[]T[]T[][] T[]T[]T[]
 []


! LaTeX Error: Environment definition undefined.

See the LaTeX manual or LaTeX Companion for explanation.
Type  H <return>  for immediate help.
 ...                                              
                                                  
l.206 \begin{definition}
                        [应力张量]
Your command was ignored.
Type  I <command> <return>  to replace it with another command,
or  <return>  to continue without it.

Missing character: There is no [ ("5B) in font nullfont!
Missing character: There is no 应 ("5E94) in font nullfont!
Missing character: There is no 力 ("529B) in font nullfont!
Missing character: There is no 张 ("5F20) in font nullfont!
Missing character: There is no 量 ("91CF) in font nullfont!
Missing character: There is no ] ("5D) in font nullfont!
Missing character: There is no 应 ("5E94) in font nullfont!
Missing character: There is no 用 ("7528) in font nullfont!
Missing character: There is no 应 ("5E94) in font nullfont!
Missing character: There is no 力 ("529B) in font nullfont!
Missing character: There is no 状 ("72B6) in font nullfont!
Missing character: There is no 态 ("6001) in font nullfont!
Missing character: There is no 的 ("7684) in font nullfont!
Missing character: There is no 上 ("4E0A) in font nullfont!
Missing character: There is no 述 ("8FF0) in font nullfont!
Missing character: There is no 公 ("516C) in font nullfont!
Missing character: There is no 式 ("5F0F) in font nullfont!
Missing character: There is no ， ("FF0C) in font nullfont!
Missing character: There is no 任 ("4EFB) in font nullfont!
Missing character: There is no 意 ("610F) in font nullfont!
Missing character: There is no 面 ("9762) in font nullfont!
Missing character: There is no 上 ("4E0A) in font nullfont!
Missing character: There is no 的 ("7684) in font nullfont!
Missing character: There is no 应 ("5E94) in font nullfont!
Missing character: There is no 力 ("529B) in font nullfont!
Missing character: There is no 可 ("53EF) in font nullfont!
Missing character: There is no 写 ("5199) in font nullfont!
Missing character: There is no 作 ("4F5C) in font nullfont!

Overfull \hbox (20.0pt too wide) in paragraph at lines 206--208
[]
 []

! Undefined control sequence.
l.209 ^^I^^I\boldsymbol
                       {T}_n=\boldsymbol{T}_i\,n_i=T_{ij}\boldsymbol{e}_j\,n_i
The control sequence at the end of the top line
of your error message was never \def'ed. If you have
misspelled it (e.g., `\hobx'), type `I' and the correct
spelling (e.g., `I\hbox'). Otherwise just continue,
and I'll forget about whatever was undefined.

! Undefined control sequence.
l.209 ^^I^^I\boldsymbol{T}_n=\boldsymbol
                                        {T}_i\,n_i=T_{ij}\boldsymbol{e}_j\,n_i
The control sequence at the end of the top line
of your error message was never \def'ed. If you have
misspelled it (e.g., `\hobx'), type `I' and the correct
spelling (e.g., `I\hbox'). Otherwise just continue,
and I'll forget about whatever was undefined.

! Undefined control sequence.
l.209 ...n=\boldsymbol{T}_i\,n_i=T_{ij}\boldsymbol
                                                  {e}_j\,n_i
The control sequence at the end of the top line
of your error message was never \def'ed. If you have
misspelled it (e.g., `\hobx'), type `I' and the correct
spelling (e.g., `I\hbox'). Otherwise just continue,
and I'll forget about whatever was undefined.


Overfull \hbox (90.8795pt too wide) detected at line 210
[]\OML/cmm/m/it/10 T[] \OT1/cmr/m/n/10 = \OML/cmm/m/it/10 T[] n[] \OT1/cmr/m/n/
10 = \OML/cmm/m/it/10 T[]e[] n[]
 []

Missing character: There is no 利 ("5229) in font nullfont!
Missing character: There is no 用 ("7528) in font nullfont!
Missing character: There is no 张 (U+5F20) in font [lmroman10-bold]:mapping=tex-
text;!
Missing character: There is no 量 (U+91CF) in font [lmroman10-bold]:mapping=tex-
text;!
Missing character: There is no 识 (U+8BC6) in font [lmroman10-bold]:mapping=tex-
text;!
Missing character: There is no 别 (U+522B) in font [lmroman10-bold]:mapping=tex-
text;!
Missing character: There is no 定 (U+5B9A) in font [lmroman10-bold]:mapping=tex-
text;!
Missing character: There is no 理 (U+7406) in font [lmroman10-bold]:mapping=tex-
text;!
Missing character: There is no 可 ("53EF) in font nullfont!
Missing character: There is no 以 ("4EE5) in font nullfont!
Missing character: There is no 证 ("8BC1) in font nullfont!
Missing character: There is no 明 ("660E) in font nullfont!
Missing character: There is no 一 ("4E00) in font nullfont!
Missing character: There is no 点 ("70B9) in font nullfont!
Missing character: There is no 应 ("5E94) in font nullfont!
Missing character: There is no 力 ("529B) in font nullfont!
Missing character: There is no 状 ("72B6) in font nullfont!
Missing character: There is no 态 ("6001) in font nullfont!
Missing character: There is no 是 ("662F) in font nullfont!
Missing character: There is no 张 ("5F20) in font nullfont!
Missing character: There is no 量 ("91CF) in font nullfont!
Missing character: There is no ， ("FF0C) in font nullfont!
Missing character: There is no 因 ("56E0) in font nullfont!
Missing character: There is no 而 ("800C) in font nullfont!
Missing character: There is no 称 ("79F0) in font nullfont!
Missing character: There is no 为 ("4E3A) in font nullfont!
Missing character: There is no 应 ("5E94) in font nullfont!
Missing character: There is no 力 ("529B) in font nullfont!
Missing character: There is no 张 ("5F20) in font nullfont!
Missing character: There is no 量 ("91CF) in font nullfont!
Missing character: There is no 的 ("7684) in font nullfont!
Missing character: There is no 分 ("5206) in font nullfont!
Missing character: There is no 量 ("91CF) in font nullfont!
Missing character: There is no 。 ("3002) in font nullfont!

! LaTeX Error: \begin{document} ended by \end{definition}.

See the LaTeX manual or LaTeX Companion for explanation.
Type  H <return>  for immediate help.
 ...                                              
                                                  
l.212 \end{definition}
                      
Your command was ignored.
Type  I <command> <return>  to replace it with another command,
or  <return>  to continue without it.


Overfull \hbox (16.8pt too wide) in paragraph at lines 210--213
\TU/lmr/bx/n/10 张量识别定理
 []


Overfull \hbox (12.8866pt too wide) in paragraph at lines 210--213
\OML/cmm/m/it/10 T[]$
 []


! LaTeX Error: Environment property undefined.

See the LaTeX manual or LaTeX Companion for explanation.
Type  H <return>  for immediate help.
 ...                                              
                                                  
l.214 \begin{property}
                      [一点应力张量的确定]
Your command was ignored.
Type  I <command> <return>  to replace it with another command,
or  <return>  to continue without it.

Missing character: There is no [ ("5B) in font nullfont!
Missing character: There is no 一 ("4E00) in font nullfont!
Missing character: There is no 点 ("70B9) in font nullfont!
Missing character: There is no 应 ("5E94) in font nullfont!
Missing character: There is no 力 ("529B) in font nullfont!
Missing character: There is no 张 ("5F20) in font nullfont!
Missing character: There is no 量 ("91CF) in font nullfont!
Missing character: There is no 的 ("7684) in font nullfont!
Missing character: There is no 确 ("786E) in font nullfont!
Missing character: There is no 定 ("5B9A) in font nullfont!
Missing character: There is no ] ("5D) in font nullfont!
Missing character: There is no 过 ("8FC7) in font nullfont!
Missing character: There is no 一 ("4E00) in font nullfont!
Missing character: There is no 点 ("70B9) in font nullfont!
Missing character: There is no 任 ("4EFB) in font nullfont!
Missing character: There is no 意 ("610F) in font nullfont!
Missing character: There is no 面 ("9762) in font nullfont!
Missing character: There is no 上 ("4E0A) in font nullfont!
Missing character: There is no 的 ("7684) in font nullfont!
Missing character: There is no 应 ("5E94) in font nullfont!
Missing character: There is no 力 ("529B) in font nullfont!
! Undefined control sequence.
<recently read> \boldsymbol 
                            
l.215 ^^I过一点任意面上的应力 $\boldsymbol
                                {T}_n$，由通过该点三个相互垂直面上的应力 $(\boldsymbol{T}_1,\...
The control sequence at the end of the top line
of your error message was never \def'ed. If you have
misspelled it (e.g., `\hobx'), type `I' and the correct
spelling (e.g., `I\hbox'). Otherwise just continue,
and I'll forget about whatever was undefined.

Missing character: There is no ， ("FF0C) in font nullfont!
Missing character: There is no 由 ("7531) in font nullfont!
Missing character: There is no 通 ("901A) in font nullfont!
Missing character: There is no 过 ("8FC7) in font nullfont!
Missing character: There is no 该 ("8BE5) in font nullfont!
Missing character: There is no 点 ("70B9) in font nullfont!
Missing character: There is no 三 ("4E09) in font nullfont!
Missing character: There is no 个 ("4E2A) in font nullfont!
Missing character: There is no 相 ("76F8) in font nullfont!
Missing character: There is no 互 ("4E92) in font nullfont!
Missing character: There is no 垂 ("5782) in font nullfont!
Missing character: There is no 直 ("76F4) in font nullfont!
Missing character: There is no 面 ("9762) in font nullfont!
Missing character: There is no 上 ("4E0A) in font nullfont!
Missing character: There is no 的 ("7684) in font nullfont!
Missing character: There is no 应 ("5E94) in font nullfont!
Missing character: There is no 力 ("529B) in font nullfont!
! Undefined control sequence.
l.215 ...mbol{T}_n$，由通过该点三个相互垂直面上的应力 $(\boldsymbol
                                                  {T}_1,\boldsymbol{T}_2,\bo...
The control sequence at the end of the top line
of your error message was never \def'ed. If you have
misspelled it (e.g., `\hobx'), type `I' and the correct
spelling (e.g., `I\hbox'). Otherwise just continue,
and I'll forget about whatever was undefined.

! Undefined control sequence.
l.215 ...个相互垂直面上的应力 $(\boldsymbol{T}_1,\boldsymbol
                                                  {T}_2,\boldsymbol{T}_3)$ 完...
The control sequence at the end of the top line
of your error message was never \def'ed. If you have
misspelled it (e.g., `\hobx'), type `I' and the correct
spelling (e.g., `I\hbox'). Otherwise just continue,
and I'll forget about whatever was undefined.

! Undefined control sequence.
l.215 ...dsymbol{T}_1,\boldsymbol{T}_2,\boldsymbol
                                                  {T}_3)$ 完全确定，即
The control sequence at the end of the top line
of your error message was never \def'ed. If you have
misspelled it (e.g., `\hobx'), type `I' and the correct
spelling (e.g., `I\hbox'). Otherwise just continue,
and I'll forget about whatever was undefined.

Missing character: There is no 完 ("5B8C) in font nullfont!
Missing character: There is no 全 ("5168) in font nullfont!
Missing character: There is no 确 ("786E) in font nullfont!
Missing character: There is no 定 ("5B9A) in font nullfont!
Missing character: There is no ， ("FF0C) in font nullfont!
Missing character: There is no 即 ("5373) in font nullfont!

Overfull \hbox (20.0pt too wide) in paragraph at lines 214--216
[]
 []


Overfull \hbox (11.28708pt too wide) in paragraph at lines 214--216
\OML/cmm/m/it/10 T[]$
 []


Overfull \hbox (47.65627pt too wide) in paragraph at lines 214--216
\OT1/cmr/m/n/10 (\OML/cmm/m/it/10 T[]; T[]; T[]\OT1/cmr/m/n/10 )$
 []

! Undefined control sequence.
l.217 ^^I^^I\boldsymbol
                       {T}_n=\boldsymbol{T}_1\,n_1+\boldsymbol{T}_2\,n_2+\bo...
The control sequence at the end of the top line
of your error message was never \def'ed. If you have
misspelled it (e.g., `\hobx'), type `I' and the correct
spelling (e.g., `I\hbox'). Otherwise just continue,
and I'll forget about whatever was undefined.

! Undefined control sequence.
l.217 ^^I^^I\boldsymbol{T}_n=\boldsymbol
                                        {T}_1\,n_1+\boldsymbol{T}_2\,n_2+\bo...
The control sequence at the end of the top line
of your error message was never \def'ed. If you have
misspelled it (e.g., `\hobx'), type `I' and the correct
spelling (e.g., `I\hbox'). Otherwise just continue,
and I'll forget about whatever was undefined.

! Undefined control sequence.
l.217 ...ol{T}_n=\boldsymbol{T}_1\,n_1+\boldsymbol
                                                  {T}_2\,n_2+\boldsymbol{T}_...
The control sequence at the end of the top line
of your error message was never \def'ed. If you have
misspelled it (e.g., `\hobx'), type `I' and the correct
spelling (e.g., `I\hbox'). Otherwise just continue,
and I'll forget about whatever was undefined.

! Undefined control sequence.
l.217 ..._1\,n_1+\boldsymbol{T}_2\,n_2+\boldsymbol
                                                  {T}_3\,n_3=\boldsymbol{T}_...
The control sequence at the end of the top line
of your error message was never \def'ed. If you have
misspelled it (e.g., `\hobx'), type `I' and the correct
spelling (e.g., `I\hbox'). Otherwise just continue,
and I'll forget about whatever was undefined.

! Undefined control sequence.
l.217 ..._2\,n_2+\boldsymbol{T}_3\,n_3=\boldsymbol
                                                  {T}_i\,n_i
The control sequence at the end of the top line
of your error message was never \def'ed. If you have
misspelled it (e.g., `\hobx'), type `I' and the correct
spelling (e.g., `I\hbox'). Otherwise just continue,
and I'll forget about whatever was undefined.


Overfull \hbox (141.13538pt too wide) detected at line 218
[]\OML/cmm/m/it/10 T[] \OT1/cmr/m/n/10 = \OML/cmm/m/it/10 T[] n[] \OT1/cmr/m/n/
10 + \OML/cmm/m/it/10 T[] n[] \OT1/cmr/m/n/10 + \OML/cmm/m/it/10 T[] n[] \OT1/c
mr/m/n/10 = \OML/cmm/m/it/10 T[] n[]
 []

Missing character: There is no 因 ("56E0) in font nullfont!
Missing character: There is no 此 ("6B64) in font nullfont!
Missing character: There is no ， ("FF0C) in font nullfont!
Missing character: There is no 只 ("53EA) in font nullfont!
Missing character: There is no 要 ("8981) in font nullfont!
Missing character: There is no 知 ("77E5) in font nullfont!
Missing character: There is no 道 ("9053) in font nullfont!
Missing character: There is no 一 ("4E00) in font nullfont!
Missing character: There is no 点 ("70B9) in font nullfont!
Missing character: There is no 的 ("7684) in font nullfont!
Missing character: There is no 三 ("4E09) in font nullfont!
Missing character: There is no 个 ("4E2A) in font nullfont!
Missing character: There is no 应 ("5E94) in font nullfont!
Missing character: There is no 力 ("529B) in font nullfont!
! Undefined control sequence.
l.219 ^^I因此，只要知道一点的三个应力 $(\boldsymbol
                                     {T}_1,\boldsymbol{T}_2,\boldsymbol{T}_3...
The control sequence at the end of the top line
of your error message was never \def'ed. If you have
misspelled it (e.g., `\hobx'), type `I' and the correct
spelling (e.g., `I\hbox'). Otherwise just continue,
and I'll forget about whatever was undefined.

! Undefined control sequence.
l.219 ...要知道一点的三个应力 $(\boldsymbol{T}_1,\boldsymbol
                                                  {T}_2,\boldsymbol{T}_3)$，则...
The control sequence at the end of the top line
of your error message was never \def'ed. If you have
misspelled it (e.g., `\hobx'), type `I' and the correct
spelling (e.g., `I\hbox'). Otherwise just continue,
and I'll forget about whatever was undefined.

! Undefined control sequence.
l.219 ...dsymbol{T}_1,\boldsymbol{T}_2,\boldsymbol
                                                  {T}_3)$，则任意面上的应力就可以计算出来。
The control sequence at the end of the top line
of your error message was never \def'ed. If you have
misspelled it (e.g., `\hobx'), type `I' and the correct
spelling (e.g., `I\hbox'). Otherwise just continue,
and I'll forget about whatever was undefined.

Missing character: There is no ， ("FF0C) in font nullfont!
Missing character: There is no 则 ("5219) in font nullfont!
Missing character: There is no 任 ("4EFB) in font nullfont!
Missing character: There is no 意 ("610F) in font nullfont!
Missing character: There is no 面 ("9762) in font nullfont!
Missing character: There is no 上 ("4E0A) in font nullfont!
Missing character: There is no 的 ("7684) in font nullfont!
Missing character: There is no 应 ("5E94) in font nullfont!
Missing character: There is no 力 ("529B) in font nullfont!
Missing character: There is no 就 ("5C31) in font nullfont!
Missing character: There is no 可 ("53EF) in font nullfont!
Missing character: There is no 以 ("4EE5) in font nullfont!
Missing character: There is no 计 ("8BA1) in font nullfont!
Missing character: There is no 算 ("7B97) in font nullfont!
Missing character: There is no 出 ("51FA) in font nullfont!
Missing character: There is no 来 ("6765) in font nullfont!
Missing character: There is no 。 ("3002) in font nullfont!

! LaTeX Error: \begin{document} ended by \end{property}.

See the LaTeX manual or LaTeX Companion for explanation.
Type  H <return>  for immediate help.
 ...                                              
                                                  
l.220 \end{property}
                    
Your command was ignored.
Type  I <command> <return>  to replace it with another command,
or  <return>  to continue without it.


Overfull \hbox (47.65627pt too wide) in paragraph at lines 218--221
 $\OT1/cmr/m/n/10 (\OML/cmm/m/it/10 T[]; T[]; T[]\OT1/cmr/m/n/10 )$
 []


! LaTeX Error: Environment proof undefined.

See the LaTeX manual or LaTeX Companion for explanation.
Type  H <return>  for immediate help.
 ...                                              
                                                  
l.222 \begin{proof}
                   [证明（微元四面体的力学平衡）]
Your command was ignored.
Type  I <command> <return>  to replace it with another command,
or  <return>  to continue without it.

Missing character: There is no [ ("5B) in font nullfont!
Missing character: There is no 证 ("8BC1) in font nullfont!
Missing character: There is no 明 ("660E) in font nullfont!
Missing character: There is no （ ("FF08) in font nullfont!
Missing character: There is no 微 ("5FAE) in font nullfont!
Missing character: There is no 元 ("5143) in font nullfont!
Missing character: There is no 四 ("56DB) in font nullfont!
Missing character: There is no 面 ("9762) in font nullfont!
Missing character: There is no 体 ("4F53) in font nullfont!
Missing character: There is no 的 ("7684) in font nullfont!
Missing character: There is no 力 ("529B) in font nullfont!
Missing character: There is no 学 ("5B66) in font nullfont!
Missing character: There is no 平 ("5E73) in font nullfont!
Missing character: There is no 衡 ("8861) in font nullfont!
Missing character: There is no ） ("FF09) in font nullfont!
Missing character: There is no ] ("5D) in font nullfont!
Missing character: There is no 为 ("4E3A) in font nullfont!
Missing character: There is no 了 ("4E86) in font nullfont!
Missing character: There is no 论 ("8BBA) in font nullfont!
Missing character: There is no 述 ("8FF0) in font nullfont!
Missing character: There is no 简 ("7B80) in font nullfont!
Missing character: There is no 明 ("660E) in font nullfont!
Missing character: There is no 起 ("8D77) in font nullfont!
Missing character: There is no 见 ("89C1) in font nullfont!
Missing character: There is no ， ("FF0C) in font nullfont!
Missing character: There is no 在 ("5728) in font nullfont!
Missing character: There is no 点 ("70B9) in font nullfont!
Missing character: There is no 处 ("5904) in font nullfont!
Missing character: There is no 取 ("53D6) in font nullfont!
Missing character: There is no 一 ("4E00) in font nullfont!
Missing character: There is no 直 ("76F4) in font nullfont!
Missing character: There is no 角 ("89D2) in font nullfont!
Missing character: There is no 四 ("56DB) in font nullfont!
Missing character: There is no 面 ("9762) in font nullfont!
Missing character: There is no 体 ("4F53) in font nullfont!
Missing character: There is no （ ("FF08) in font nullfont!
Missing character: There is no 如 ("5982) in font nullfont!
Missing character: There is no 图 ("56FE) in font nullfont!
! Undefined control sequence.
<write> ...nce `fig:stressstate' on page \thepage 
                                                  \space undefined\on@line .^^J
l.223 ...，在点 $O$ 处取一直角四面体（如图~\ref{fig:stressstate}
                                                  ），其中三个面为坐标面，任意倾斜面具有法向量 $\b...
The control sequence at the end of the top line
of your error message was never \def'ed. If you have
misspelled it (e.g., `\hobx'), type `I' and the correct
spelling (e.g., `I\hbox'). Otherwise just continue,
and I'll forget about whatever was undefined.


LaTeX Warning: Reference `fig:stressstate' on page  undefined on input line 223
.

Missing character: There is no ） ("FF09) in font nullfont!
Missing character: There is no ， ("FF0C) in font nullfont!
Missing character: There is no 其 ("5176) in font nullfont!
Missing character: There is no 中 ("4E2D) in font nullfont!
Missing character: There is no 三 ("4E09) in font nullfont!
Missing character: There is no 个 ("4E2A) in font nullfont!
Missing character: There is no 面 ("9762) in font nullfont!
Missing character: There is no 为 ("4E3A) in font nullfont!
Missing character: There is no 坐 ("5750) in font nullfont!
Missing character: There is no 标 ("6807) in font nullfont!
Missing character: There is no 面 ("9762) in font nullfont!
Missing character: There is no ， ("FF0C) in font nullfont!
Missing character: There is no 任 ("4EFB) in font nullfont!
Missing character: There is no 意 ("610F) in font nullfont!
Missing character: There is no 倾 ("503E) in font nullfont!
Missing character: There is no 斜 ("659C) in font nullfont!
Missing character: There is no 面 ("9762) in font nullfont!
Missing character: There is no 具 ("5177) in font nullfont!
Missing character: There is no 有 ("6709) in font nullfont!
Missing character: There is no 法 ("6CD5) in font nullfont!
Missing character: There is no 向 ("5411) in font nullfont!
Missing character: There is no 量 ("91CF) in font nullfont!
! Undefined control sequence.
<recently read> \boldsymbol 
                            
l.223 ...state}），其中三个面为坐标面，任意倾斜面具有法向量 $\boldsymbol
                                                  {n}$ 和面积 $\delta A_n$。
The control sequence at the end of the top line
of your error message was never \def'ed. If you have
misspelled it (e.g., `\hobx'), type `I' and the correct
spelling (e.g., `I\hbox'). Otherwise just continue,
and I'll forget about whatever was undefined.

Missing character: There is no 和 ("548C) in font nullfont!
Missing character: There is no 面 ("9762) in font nullfont!
Missing character: There is no 积 ("79EF) in font nullfont!
Missing character: There is no 。 ("3002) in font nullfont!

Overfull \hbox (20.0pt too wide) in paragraph at lines 222--224
[]
 []


Overfull \hbox (7.90555pt too wide) in paragraph at lines 222--224
\OML/cmm/m/it/10 O$
 []


Overfull \hbox (10.86pt too wide) in paragraph at lines 222--224
[]
 []


Overfull \hbox (6.00235pt too wide) in paragraph at lines 222--224
\OML/cmm/m/it/10 n$
 []


Overfull \hbox (17.76625pt too wide) in paragraph at lines 222--224
\OML/cmm/m/it/10 ^^NA[]$ 
 []


! LaTeX Error: Environment figure undefined.

See the LaTeX manual or LaTeX Companion for explanation.
Type  H <return>  for immediate help.
 ...                                              
                                                  
l.225 ^^I\begin{figure}
                       [htbp]
Your command was ignored.
Type  I <command> <return>  to replace it with another command,
or  <return>  to continue without it.

Missing character: There is no [ ("5B) in font nullfont!
Missing character: There is no h ("68) in font nullfont!
Missing character: There is no t ("74) in font nullfont!
Missing character: There is no b ("62) in font nullfont!
Missing character: There is no p ("70) in font nullfont!
Missing character: There is no ] ("5D) in font nullfont!
! Undefined control sequence.
l.227 ^^I^^I\includegraphics
                            [width=0.5\textwidth]{Figure/一点的应力状态.png}
The control sequence at the end of the top line
of your error message was never \def'ed. If you have
misspelled it (e.g., `\hobx'), type `I' and the correct
spelling (e.g., `I\hbox'). Otherwise just continue,
and I'll forget about whatever was undefined.

Missing character: There is no [ ("5B) in font nullfont!
Missing character: There is no w ("77) in font nullfont!
Missing character: There is no i ("69) in font nullfont!
Missing character: There is no d ("64) in font nullfont!
Missing character: There is no t ("74) in font nullfont!
Missing character: There is no h ("68) in font nullfont!
Missing character: There is no = ("3D) in font nullfont!
Missing character: There is no 0 ("30) in font nullfont!
Missing character: There is no . ("2E) in font nullfont!
Missing character: There is no 5 ("35) in font nullfont!
! Missing number, treated as zero.
<to be read again> 
                   ]
l.227 ^^I^^I\includegraphics[width=0.5\textwidth]
                                                 {Figure/一点的应力状态.png}
A number should have been here; I inserted `0'.
(If you can't figure out why I needed to see a number,
look up `weird error' in the index to The TeXbook.)

! Illegal unit of measure (pt inserted).
<to be read again> 
                   ]
l.227 ^^I^^I\includegraphics[width=0.5\textwidth]
                                                 {Figure/一点的应力状态.png}
Dimensions can be in units of em, ex, in, pt, pc,
cm, mm, dd, cc, bp, or sp; but yours is a new one!
I'll assume that you meant to say pt, for printer's points.
To recover gracefully from this error, it's best to
delete the erroneous units; e.g., type `2' to delete
two letters. (See Chapter 27 of The TeXbook.)

Missing character: There is no ] ("5D) in font nullfont!
Missing character: There is no F ("46) in font nullfont!
Missing character: There is no i ("69) in font nullfont!
Missing character: There is no g ("67) in font nullfont!
Missing character: There is no u ("75) in font nullfont!
Missing character: There is no r ("72) in font nullfont!
Missing character: There is no e ("65) in font nullfont!
Missing character: There is no / ("2F) in font nullfont!
Missing character: There is no 一 ("4E00) in font nullfont!
Missing character: There is no 点 ("70B9) in font nullfont!
Missing character: There is no 的 ("7684) in font nullfont!
Missing character: There is no 应 ("5E94) in font nullfont!
Missing character: There is no 力 ("529B) in font nullfont!
Missing character: There is no 状 ("72B6) in font nullfont!
Missing character: There is no 态 ("6001) in font nullfont!
Missing character: There is no . ("2E) in font nullfont!
Missing character: There is no p ("70) in font nullfont!
Missing character: There is no n ("6E) in font nullfont!
Missing character: There is no g ("67) in font nullfont!

! LaTeX Error: \caption outside float.

See the LaTeX manual or LaTeX Companion for explanation.
Type  H <return>  for immediate help.
 ...                                              
                                                  
l.228 ^^I^^I\caption
                    {一点的应力状态}
You're in trouble here.  Try typing  <return>  to proceed.
If that doesn't work, type  X <return>  to quit.

Missing character: There is no 一 ("4E00) in font nullfont!
Missing character: There is no 点 ("70B9) in font nullfont!
Missing character: There is no 的 ("7684) in font nullfont!
Missing character: There is no 应 ("5E94) in font nullfont!
Missing character: There is no 力 ("529B) in font nullfont!
Missing character: There is no 状 ("72B6) in font nullfont!
Missing character: There is no 态 ("6001) in font nullfont!

! LaTeX Error: \begin{document} ended by \end{figure}.

See the LaTeX manual or LaTeX Companion for explanation.
Type  H <return>  for immediate help.
 ...                                              
                                                  
l.230 ^^I\end{figure}
                     
Your command was ignored.
Type  I <command> <return>  to replace it with another command,
or  <return>  to continue without it.


Overfull \hbox (20.0pt too wide) in paragraph at lines 225--231
[]
 []

Missing character: There is no 上 ("4E0A) in font nullfont!
Missing character: There is no 图 ("56FE) in font nullfont!
Missing character: There is no 中 ("4E2D) in font nullfont!
Missing character: There is no 四 ("56DB) in font nullfont!
Missing character: There is no 面 ("9762) in font nullfont!
Missing character: There is no 体 ("4F53) in font nullfont!
Missing character: There is no 四 ("56DB) in font nullfont!
Missing character: There is no 个 ("4E2A) in font nullfont!
Missing character: There is no 面 ("9762) in font nullfont!
Missing character: There is no 上 ("4E0A) in font nullfont!
Missing character: There is no 的 ("7684) in font nullfont!
Missing character: There is no 法 ("6CD5) in font nullfont!
Missing character: There is no 向 ("5411) in font nullfont!
Missing character: There is no 量 ("91CF) in font nullfont!
Missing character: There is no 分 ("5206) in font nullfont!
Missing character: There is no 别 ("522B) in font nullfont!
Missing character: There is no 为 ("4E3A) in font nullfont!
! Undefined control sequence.
<recently read> \boldsymbol 
                            
l.232 ^^I上图中四面体四个面上的法向量分别为 $\boldsymbol
                                       {n}$、$-\boldsymbol{e}_1$、$-\boldsymbo...
The control sequence at the end of the top line
of your error message was never \def'ed. If you have
misspelled it (e.g., `\hobx'), type `I' and the correct
spelling (e.g., `I\hbox'). Otherwise just continue,
and I'll forget about whatever was undefined.

Missing character: There is no 、 ("3001) in font nullfont!
! Undefined control sequence.
l.232 ...个面上的法向量分别为 $\boldsymbol{n}$、$-\boldsymbol
                                                  {e}_1$、$-\boldsymbol{e}_2$...
The control sequence at the end of the top line
of your error message was never \def'ed. If you have
misspelled it (e.g., `\hobx'), type `I' and the correct
spelling (e.g., `I\hbox'). Otherwise just continue,
and I'll forget about whatever was undefined.

Missing character: There is no 、 ("3001) in font nullfont!
! Undefined control sequence.
l.232 ...bol{n}$、$-\boldsymbol{e}_1$、$-\boldsymbol
                                                  {e}_2$、$-\boldsymbol{e}_3$...
The control sequence at the end of the top line
of your error message was never \def'ed. If you have
misspelled it (e.g., `\hobx'), type `I' and the correct
spelling (e.g., `I\hbox'). Otherwise just continue,
and I'll forget about whatever was undefined.

Missing character: There is no 、 ("3001) in font nullfont!
! Undefined control sequence.
l.232 ...l{e}_1$、$-\boldsymbol{e}_2$、$-\boldsymbol
                                                  {e}_3$；作用的应力分别为 $\boldsymb...
The control sequence at the end of the top line
of your error message was never \def'ed. If you have
misspelled it (e.g., `\hobx'), type `I' and the correct
spelling (e.g., `I\hbox'). Otherwise just continue,
and I'll forget about whatever was undefined.

Missing character: There is no ； ("FF1B) in font nullfont!
Missing character: There is no 作 ("4F5C) in font nullfont!
Missing character: There is no 用 ("7528) in font nullfont!
Missing character: There is no 的 ("7684) in font nullfont!
Missing character: There is no 应 ("5E94) in font nullfont!
Missing character: There is no 力 ("529B) in font nullfont!
Missing character: There is no 分 ("5206) in font nullfont!
Missing character: There is no 别 ("522B) in font nullfont!
Missing character: There is no 为 ("4E3A) in font nullfont!
! Undefined control sequence.
<recently read> \boldsymbol 
                            
l.232 ...$-\boldsymbol{e}_3$；作用的应力分别为 $\boldsymbol
                                                  {T}_n$、$\boldsymbol{T}_1$、...
The control sequence at the end of the top line
of your error message was never \def'ed. If you have
misspelled it (e.g., `\hobx'), type `I' and the correct
spelling (e.g., `I\hbox'). Otherwise just continue,
and I'll forget about whatever was undefined.

Missing character: There is no 、 ("3001) in font nullfont!
! Undefined control sequence.
<recently read> \boldsymbol 
                            
l.232 ...；作用的应力分别为 $\boldsymbol{T}_n$、$\boldsymbol
                                                  {T}_1$、$\boldsymbol{T}_2$、...
The control sequence at the end of the top line
of your error message was never \def'ed. If you have
misspelled it (e.g., `\hobx'), type `I' and the correct
spelling (e.g., `I\hbox'). Otherwise just continue,
and I'll forget about whatever was undefined.

Missing character: There is no 、 ("3001) in font nullfont!
! Undefined control sequence.
<recently read> \boldsymbol 
                            
l.232 ...bol{T}_n$、$\boldsymbol{T}_1$、$\boldsymbol
                                                  {T}_2$、$\boldsymbol{T}_3$；...
The control sequence at the end of the top line
of your error message was never \def'ed. If you have
misspelled it (e.g., `\hobx'), type `I' and the correct
spelling (e.g., `I\hbox'). Otherwise just continue,
and I'll forget about whatever was undefined.

Missing character: There is no 、 ("3001) in font nullfont!
! Undefined control sequence.
<recently read> \boldsymbol 
                            
l.232 ...bol{T}_1$、$\boldsymbol{T}_2$、$\boldsymbol
                                                  {T}_3$；直角四面体的四个表面积分别为 $\de...
The control sequence at the end of the top line
of your error message was never \def'ed. If you have
misspelled it (e.g., `\hobx'), type `I' and the correct
spelling (e.g., `I\hbox'). Otherwise just continue,
and I'll forget about whatever was undefined.

Missing character: There is no ； ("FF1B) in font nullfont!
Missing character: There is no 直 ("76F4) in font nullfont!
Missing character: There is no 角 ("89D2) in font nullfont!
Missing character: There is no 四 ("56DB) in font nullfont!
Missing character: There is no 面 ("9762) in font nullfont!
Missing character: There is no 体 ("4F53) in font nullfont!
Missing character: There is no 的 ("7684) in font nullfont!
Missing character: There is no 四 ("56DB) in font nullfont!
Missing character: There is no 个 ("4E2A) in font nullfont!
Missing character: There is no 表 ("8868) in font nullfont!
Missing character: There is no 面 ("9762) in font nullfont!
Missing character: There is no 积 ("79EF) in font nullfont!
Missing character: There is no 分 ("5206) in font nullfont!
Missing character: There is no 别 ("522B) in font nullfont!
Missing character: There is no 为 ("4E3A) in font nullfont!
Missing character: There is no 、 ("3001) in font nullfont!
Missing character: There is no 、 ("3001) in font nullfont!
Missing character: There is no 、 ("3001) in font nullfont!
Missing character: There is no 。 ("3002) in font nullfont!
Missing character: There is no 根 ("6839) in font nullfont!
Missing character: There is no 据 ("636E) in font nullfont!
Missing character: There is no 面 ("9762) in font nullfont!
Missing character: There is no 积 ("79EF) in font nullfont!
Missing character: There is no 投 ("6295) in font nullfont!
Missing character: There is no 影 ("5F71) in font nullfont!
Missing character: There is no 定 ("5B9A) in font nullfont!
Missing character: There is no 理 ("7406) in font nullfont!
Missing character: There is no ， ("FF0C) in font nullfont!
Missing character: There is no 与 ("4E0E) in font nullfont!
Missing character: There is no 的 ("7684) in font nullfont!
Missing character: There is no 关 ("5173) in font nullfont!
Missing character: There is no 系 ("7CFB) in font nullfont!
Missing character: There is no 为 ("4E3A) in font nullfont!

Overfull \hbox (20.0pt too wide) in paragraph at lines 232--233
[]
 []


Overfull \hbox (56.76294pt too wide) in paragraph at lines 232--233
\OML/cmm/m/it/10 n$$\OMS/cmsy/m/n/10 ^^@\OML/cmm/m/it/10 e[]$$\OMS/cmsy/m/n/10 
^^@\OML/cmm/m/it/10 e[]$$\OMS/cmsy/m/n/10 ^^@\OML/cmm/m/it/10 e[]$
 []


Overfull \hbox (42.27672pt too wide) in paragraph at lines 232--233
\OML/cmm/m/it/10 T[]$$T[]$$T[]$$T[]$
 []


Overfull \hbox (101.73515pt too wide) in paragraph at lines 232--233
\OML/cmm/m/it/10 ^^NA[]$$^^NA[]$$^^NA[]$$^^NA[]$$^^NA[] \OT1/cmr/m/n/10 (\OML/c
mm/m/it/10 i \OT1/cmr/m/n/10 =
 []


Overfull \hbox (27.77777pt too wide) in paragraph at lines 232--233
\OT1/cmr/m/n/10 1\OML/cmm/m/it/10 ; \OT1/cmr/m/n/10 2\OML/cmm/m/it/10 ; \OT1/cm
r/m/n/10 3)$
 []


Overfull \hbox (17.76625pt too wide) in paragraph at lines 232--233
\OML/cmm/m/it/10 ^^NA[]$
 []


Overfull \hbox (57.74994pt too wide) detected at line 235
[]\OML/cmm/m/it/10 ^^NA[] \OT1/cmr/m/n/10 = \OML/cmm/m/it/10 ^^NA[] n[]
 []

Missing character: There is no 现 ("73B0) in font nullfont!
Missing character: There is no 在 ("5728) in font nullfont!
Missing character: There is no 我 ("6211) in font nullfont!
Missing character: There is no 们 ("4EEC) in font nullfont!
Missing character: There is no 来 ("6765) in font nullfont!
Missing character: There is no 建 ("5EFA) in font nullfont!
Missing character: There is no 立 ("7ACB) in font nullfont!
Missing character: There is no 该 ("8BE5) in font nullfont!
Missing character: There is no 微 ("5FAE) in font nullfont!
Missing character: There is no 元 ("5143) in font nullfont!
Missing character: There is no 四 ("56DB) in font nullfont!
Missing character: There is no 面 ("9762) in font nullfont!
Missing character: There is no 体 ("4F53) in font nullfont!
Missing character: There is no 的 ("7684) in font nullfont!
Missing character: There is no 力 ("529B) in font nullfont!
Missing character: There is no 学 ("5B66) in font nullfont!
Missing character: There is no 平 ("5E73) in font nullfont!
Missing character: There is no 衡 ("8861) in font nullfont!
Missing character: There is no 式 ("5F0F) in font nullfont!
Missing character: There is no 。 ("3002) in font nullfont!
Missing character: There is no 假 ("5047) in font nullfont!
Missing character: There is no 定 ("5B9A) in font nullfont!
Missing character: There is no 微 ("5FAE) in font nullfont!
Missing character: There is no 元 ("5143) in font nullfont!
Missing character: There is no 体 ("4F53) in font nullfont!
Missing character: There is no 处 ("5904) in font nullfont!
Missing character: There is no 于 ("4E8E) in font nullfont!
Missing character: There is no 体 ("4F53) in font nullfont!
Missing character: There is no 积 ("79EF) in font nullfont!
Missing character: There is no 力 ("529B) in font nullfont!
Missing character: There is no 强 ("5F3A) in font nullfont!
Missing character: There is no 度 ("5EA6) in font nullfont!
! Undefined control sequence.
l.237 ...微元四面体的力学平衡式。假定微元体处于体积力强度 $\rho\boldsymbol
                                                  {f}$ 的外力场中，则按牛顿定律 $F=ma$（$...
The control sequence at the end of the top line
of your error message was never \def'ed. If you have
misspelled it (e.g., `\hobx'), type `I' and the correct
spelling (e.g., `I\hbox'). Otherwise just continue,
and I'll forget about whatever was undefined.

Missing character: There is no 的 ("7684) in font nullfont!
Missing character: There is no 外 ("5916) in font nullfont!
Missing character: There is no 力 ("529B) in font nullfont!
Missing character: There is no 场 ("573A) in font nullfont!
Missing character: There is no 中 ("4E2D) in font nullfont!
Missing character: There is no ， ("FF0C) in font nullfont!
Missing character: There is no 则 ("5219) in font nullfont!
Missing character: There is no 按 ("6309) in font nullfont!
Missing character: There is no 牛 ("725B) in font nullfont!
Missing character: There is no 顿 ("987F) in font nullfont!
Missing character: There is no 定 ("5B9A) in font nullfont!
Missing character: There is no 律 ("5F8B) in font nullfont!
Missing character: There is no （ ("FF08) in font nullfont!
Missing character: There is no 是 ("662F) in font nullfont!
Missing character: There is no 微 ("5FAE) in font nullfont!
Missing character: There is no 元 ("5143) in font nullfont!
Missing character: There is no 体 ("4F53) in font nullfont!
Missing character: There is no 的 ("7684) in font nullfont!
Missing character: There is no 质 ("8D28) in font nullfont!
Missing character: There is no 量 ("91CF) in font nullfont!
Missing character: There is no ， ("FF0C) in font nullfont!
! Undefined control sequence.
<recently read> \boldsymbol 
                            
l.237 ...$（$m=\rho\,\delta V$ 是微元体的质量，$\boldsymbol
                                                  {a}$ 是微团加速度），四面体的平衡方程应为
The control sequence at the end of the top line
of your error message was never \def'ed. If you have
misspelled it (e.g., `\hobx'), type `I' and the correct
spelling (e.g., `I\hbox'). Otherwise just continue,
and I'll forget about whatever was undefined.

Missing character: There is no 是 ("662F) in font nullfont!
Missing character: There is no 微 ("5FAE) in font nullfont!
Missing character: There is no 团 ("56E2) in font nullfont!
Missing character: There is no 加 ("52A0) in font nullfont!
Missing character: There is no 速 ("901F) in font nullfont!
Missing character: There is no 度 ("5EA6) in font nullfont!
Missing character: There is no ） ("FF09) in font nullfont!
Missing character: There is no ， ("FF0C) in font nullfont!
Missing character: There is no 四 ("56DB) in font nullfont!
Missing character: There is no 面 ("9762) in font nullfont!
Missing character: There is no 体 ("4F53) in font nullfont!
Missing character: There is no 的 ("7684) in font nullfont!
Missing character: There is no 平 ("5E73) in font nullfont!
Missing character: There is no 衡 ("8861) in font nullfont!
Missing character: There is no 方 ("65B9) in font nullfont!
Missing character: There is no 程 ("7A0B) in font nullfont!
Missing character: There is no 应 ("5E94) in font nullfont!
Missing character: There is no 为 ("4E3A) in font nullfont!

Overfull \hbox (20.0pt too wide) in paragraph at lines 237--238
[]
 []


Overfull \hbox (11.14241pt too wide) in paragraph at lines 237--238
\OML/cmm/m/it/10 ^^Zf$
 []


Overfull \hbox (18.37497pt too wide) in paragraph at lines 237--238
\OML/cmm/m/it/10 F \OT1/cmr/m/n/10 =
 []


Overfull \hbox (33.40167pt too wide) in paragraph at lines 237--238
\OML/cmm/m/it/10 ma$$m \OT1/cmr/m/n/10 =
 []


Overfull \hbox (19.71524pt too wide) in paragraph at lines 237--238
\OML/cmm/m/it/10 ^^Z ^^NV$
 []


Overfull \hbox (5.28589pt too wide) in paragraph at lines 237--238
\OML/cmm/m/it/10 a$
 []




! LaTeX Error: The font size command \normalsize is not defined:
               there is probably something wrong with the class file.

See the LaTeX manual or LaTeX Companion for explanation.
Type  H <return>  for immediate help.
 ...                                              
                                                  
l.238 ^^I\begin{equation}
                         \label{eq:tetrahedron-eq}
Your command was ignored.
Type  I <command> <return>  to replace it with another command,
or  <return>  to continue without it.

[1
! Undefined control sequence.
<write> \newlabel{eq:gravity}{{1}{\thepage 
                                           }{}{equation.1}{}}
l.238 ^^I\begin{equation}
                         \label{eq:tetrahedron-eq}
The control sequence at the end of the top line
of your error message was never \def'ed. If you have
misspelled it (e.g., `\hobx'), type `I' and the correct
spelling (e.g., `I\hbox'). Otherwise just continue,
and I'll forget about whatever was undefined.

\newlabel{eq:gravity}{{1}{}{}{equation.1}{}}
! Undefined control sequence.
<write> \newlabel{eq:electrostatic}{{2}{\thepage 
                                                 }{}{equation.2}{}}
l.238 ^^I\begin{equation}
                         \label{eq:tetrahedron-eq}
The control sequence at the end of the top line
of your error message was never \def'ed. If you have
misspelled it (e.g., `\hobx'), type `I' and the correct
spelling (e.g., `I\hbox'). Otherwise just continue,
and I'll forget about whatever was undefined.

\newlabel{eq:electrostatic}{{2}{}{}{equation.2}{}}
! Undefined control sequence.
<write> ...:bodyforce-intensity-def}{{3}{\thepage 
                                                  }{}{equation.3}{}}
l.238 ^^I\begin{equation}
                         \label{eq:tetrahedron-eq}
The control sequence at the end of the top line
of your error message was never \def'ed. If you have
misspelled it (e.g., `\hobx'), type `I' and the correct
spelling (e.g., `I\hbox'). Otherwise just continue,
and I'll forget about whatever was undefined.

\newlabel{eq:bodyforce-intensity-def}{{3}{}{}{equation.3}{}}
! Undefined control sequence.
<write> ...l{eq:bodyforce-resultant}{{4}{\thepage 
                                                  }{}{equation.4}{}}
l.238 ^^I\begin{equation}
                         \label{eq:tetrahedron-eq}
The control sequence at the end of the top line
of your error message was never \def'ed. If you have
misspelled it (e.g., `\hobx'), type `I' and the correct
spelling (e.g., `I\hbox'). Otherwise just continue,
and I'll forget about whatever was undefined.

\newlabel{eq:bodyforce-resultant}{{4}{}{}{equation.4}{}}
! Undefined control sequence.
<write> ...abel{eq:bodyforce-moment}{{5}{\thepage 
                                                  }{}{equation.5}{}}
l.238 ^^I\begin{equation}
                         \label{eq:tetrahedron-eq}
The control sequence at the end of the top line
of your error message was never \def'ed. If you have
misspelled it (e.g., `\hobx'), type `I' and the correct
spelling (e.g., `I\hbox'). Otherwise just continue,
and I'll forget about whatever was undefined.

\newlabel{eq:bodyforce-moment}{{5}{}{}{equation.5}{}}
! Undefined control sequence.
<write> \newlabel{fig:surfaceforce}{{}{\thepage 
                                                }{}{equation.5}{}}
l.238 ^^I\begin{equation}
                         \label{eq:tetrahedron-eq}
The control sequence at the end of the top line
of your error message was never \def'ed. If you have
misspelled it (e.g., `\hobx'), type `I' and the correct
spelling (e.g., `I\hbox'). Otherwise just continue,
and I'll forget about whatever was undefined.

\newlabel{fig:surfaceforce}{{}{}{}{equation.5}{}}
! Undefined control sequence.
<write> \newlabel{eq:stress-def}{{6}{\thepage 
                                              }{}{equation.6}{}}
l.238 ^^I\begin{equation}
                         \label{eq:tetrahedron-eq}
The control sequence at the end of the top line
of your error message was never \def'ed. If you have
misspelled it (e.g., `\hobx'), type `I' and the correct
spelling (e.g., `I\hbox'). Otherwise just continue,
and I'll forget about whatever was undefined.

\newlabel{eq:stress-def}{{6}{}{}{equation.6}{}}
! Undefined control sequence.
<write> ...q:stress-action-reaction}{{7}{\thepage 
                                                  }{}{equation.7}{}}
l.238 ^^I\begin{equation}
                         \label{eq:tetrahedron-eq}
The control sequence at the end of the top line
of your error message was never \def'ed. If you have
misspelled it (e.g., `\hobx'), type `I' and the correct
spelling (e.g., `I\hbox'). Otherwise just continue,
and I'll forget about whatever was undefined.

\newlabel{eq:stress-action-reaction}{{7}{}{}{equation.7}{}}
! Undefined control sequence.
<write> \newlabel{eq:normal-stress}{{8}{\thepage 
                                                 }{}{equation.8}{}}
l.238 ^^I\begin{equation}
                         \label{eq:tetrahedron-eq}
The control sequence at the end of the top line
of your error message was never \def'ed. If you have
misspelled it (e.g., `\hobx'), type `I' and the correct
spelling (e.g., `I\hbox'). Otherwise just continue,
and I'll forget about whatever was undefined.

\newlabel{eq:normal-stress}{{8}{}{}{equation.8}{}}
! Undefined control sequence.
<write> ...l{eq:normal-stress-equal}{{9}{\thepage 
                                                  }{}{equation.9}{}}
l.238 ^^I\begin{equation}
                         \label{eq:tetrahedron-eq}
The control sequence at the end of the top line
of your error message was never \def'ed. If you have
misspelled it (e.g., `\hobx'), type `I' and the correct
spelling (e.g., `I\hbox'). Otherwise just continue,
and I'll forget about whatever was undefined.

\newlabel{eq:normal-stress-equal}{{9}{}{}{equation.9}{}}
! Undefined control sequence.
<write> \newlabel{eq:shear-stress}{{10}{\thepage 
                                                 }{}{equation.10}{}}
l.238 ^^I\begin{equation}
                         \label{eq:tetrahedron-eq}
The control sequence at the end of the top line
of your error message was never \def'ed. If you have
misspelled it (e.g., `\hobx'), type `I' and the correct
spelling (e.g., `I\hbox'). Otherwise just continue,
and I'll forget about whatever was undefined.

\newlabel{eq:shear-stress}{{10}{}{}{equation.10}{}}
! Undefined control sequence.
<write> ...l{eq:shear-stress-equal}{{11}{\thepage 
                                                  }{}{equation.11}{}}
l.238 ^^I\begin{equation}
                         \label{eq:tetrahedron-eq}
The control sequence at the end of the top line
of your error message was never \def'ed. If you have
misspelled it (e.g., `\hobx'), type `I' and the correct
spelling (e.g., `I\hbox'). Otherwise just continue,
and I'll forget about whatever was undefined.

\newlabel{eq:shear-stress-equal}{{11}{}{}{equation.11}{}}
! Undefined control sequence.
<write> ...bel{eq:stress-decompose}{{12}{\thepage 
                                                  }{}{equation.12}{}}
l.238 ^^I\begin{equation}
                         \label{eq:tetrahedron-eq}
The control sequence at the end of the top line
of your error message was never \def'ed. If you have
misspelled it (e.g., `\hobx'), type `I' and the correct
spelling (e.g., `I\hbox'). Otherwise just continue,
and I'll forget about whatever was undefined.

\newlabel{eq:stress-decompose}{{12}{}{}{equation.12}{}}
! Undefined control sequence.
<write> \newlabel{eq:stress-tensor}{{13}{\thepage 
                                                  }{}{equation.13}{}}
l.238 ^^I\begin{equation}
                         \label{eq:tetrahedron-eq}
The control sequence at the end of the top line
of your error message was never \def'ed. If you have
misspelled it (e.g., `\hobx'), type `I' and the correct
spelling (e.g., `I\hbox'). Otherwise just continue,
and I'll forget about whatever was undefined.

\newlabel{eq:stress-tensor}{{13}{}{}{equation.13}{}}
! Undefined control sequence.
<write> ...eq:stress-tensor-action}{{14}{\thepage 
                                                  }{}{equation.14}{}}
l.238 ^^I\begin{equation}
                         \label{eq:tetrahedron-eq}
The control sequence at the end of the top line
of your error message was never \def'ed. If you have
misspelled it (e.g., `\hobx'), type `I' and the correct
spelling (e.g., `I\hbox'). Otherwise just continue,
and I'll forget about whatever was undefined.

\newlabel{eq:stress-tensor-action}{{14}{}{}{equation.14}{}}
! Undefined control sequence.
<write> ...bel{eq:stress-arbitrary}{{15}{\thepage 
                                                  }{}{equation.15}{}}
l.238 ^^I\begin{equation}
                         \label{eq:tetrahedron-eq}
The control sequence at the end of the top line
of your error message was never \def'ed. If you have
misspelled it (e.g., `\hobx'), type `I' and the correct
spelling (e.g., `I\hbox'). Otherwise just continue,
and I'll forget about whatever was undefined.

\newlabel{eq:stress-arbitrary}{{15}{}{}{equation.15}{}}
! Undefined control sequence.
<write> \newlabel{fig:stressstate}{{}{\thepage 
                                               }{}{equation.15}{}}
l.238 ^^I\begin{equation}
                         \label{eq:tetrahedron-eq}
The control sequence at the end of the top line
of your error message was never \def'ed. If you have
misspelled it (e.g., `\hobx'), type `I' and the correct
spelling (e.g., `I\hbox'). Otherwise just continue,
and I'll forget about whatever was undefined.

\newlabel{fig:stressstate}{{}{}{}{equation.15}{}}
]
! Undefined control sequence.
l.239 ^^I^^I\rho\boldsymbol
                           {a}\,\delta V=\rho\boldsymbol{f}\,\delta V+\bolds...
The control sequence at the end of the top line
of your error message was never \def'ed. If you have
misspelled it (e.g., `\hobx'), type `I' and the correct
spelling (e.g., `I\hbox'). Otherwise just continue,
and I'll forget about whatever was undefined.

! Undefined control sequence.
l.239 ...o\boldsymbol{a}\,\delta V=\rho\boldsymbol
                                                  {f}\,\delta V+\boldsymbol{...
The control sequence at the end of the top line
of your error message was never \def'ed. If you have
misspelled it (e.g., `\hobx'), type `I' and the correct
spelling (e.g., `I\hbox'). Otherwise just continue,
and I'll forget about whatever was undefined.

! Undefined control sequence.
l.239 ...=\rho\boldsymbol{f}\,\delta V+\boldsymbol
                                                  {T}_n\,\delta A_n+\boldsym...
The control sequence at the end of the top line
of your error message was never \def'ed. If you have
misspelled it (e.g., `\hobx'), type `I' and the correct
spelling (e.g., `I\hbox'). Otherwise just continue,
and I'll forget about whatever was undefined.

! Undefined control sequence.
l.239 ...+\boldsymbol{T}_n\,\delta A_n+\boldsymbol
                                                  {T}_{-1}\,\delta A_1+\bold...
The control sequence at the end of the top line
of your error message was never \def'ed. If you have
misspelled it (e.g., `\hobx'), type `I' and the correct
spelling (e.g., `I\hbox'). Otherwise just continue,
and I'll forget about whatever was undefined.

! Undefined control sequence.
l.239 ...oldsymbol{T}_{-1}\,\delta A_1+\boldsymbol
                                                  {T}_{-2}\,\delta A_2+\bold...
The control sequence at the end of the top line
of your error message was never \def'ed. If you have
misspelled it (e.g., `\hobx'), type `I' and the correct
spelling (e.g., `I\hbox'). Otherwise just continue,
and I'll forget about whatever was undefined.

! Undefined control sequence.
l.239 ...oldsymbol{T}_{-2}\,\delta A_2+\boldsymbol
                                                  {T}_{-3}\,\delta A_3
The control sequence at the end of the top line
of your error message was never \def'ed. If you have
misspelled it (e.g., `\hobx'), type `I' and the correct
spelling (e.g., `I\hbox'). Otherwise just continue,
and I'll forget about whatever was undefined.


Overfull \hbox (231.01973pt too wide) detected at line 240
[]\OML/cmm/m/it/10 ^^Za ^^NV \OT1/cmr/m/n/10 = \OML/cmm/m/it/10 ^^Zf ^^NV \OT1/
cmr/m/n/10 + \OML/cmm/m/it/10 T[] ^^NA[] \OT1/cmr/m/n/10 + \OML/cmm/m/it/10 T[]
 ^^NA[] \OT1/cmr/m/n/10 + \OML/cmm/m/it/10 T[] ^^NA[] \OT1/cmr/m/n/10 + \OML/cm
m/m/it/10 T[] ^^NA[]
 []

Missing character: There is no 式 ("5F0F) in font nullfont!
Missing character: There is no 中 ("4E2D) in font nullfont!
Missing character: There is no 是 ("662F) in font nullfont!
Missing character: There is no 微 ("5FAE) in font nullfont!
Missing character: There is no 元 ("5143) in font nullfont!
Missing character: There is no 体 ("4F53) in font nullfont!
Missing character: There is no 的 ("7684) in font nullfont!
Missing character: There is no 体 ("4F53) in font nullfont!
Missing character: There is no 积 ("79EF) in font nullfont!
Missing character: There is no 。 ("3002) in font nullfont!
Missing character: There is no 方 ("65B9) in font nullfont!
Missing character: There is no 程 ("7A0B) in font nullfont!
Missing character: There is no 左 ("5DE6) in font nullfont!
Missing character: There is no 端 ("7AEF) in font nullfont!
Missing character: There is no 为 ("4E3A) in font nullfont!
Missing character: There is no 微 ("5FAE) in font nullfont!
Missing character: There is no 元 ("5143) in font nullfont!
Missing character: There is no 体 ("4F53) in font nullfont!
Missing character: There is no 的 ("7684) in font nullfont!
Missing character: There is no 质 ("8D28) in font nullfont!
Missing character: There is no 量 ("91CF) in font nullfont!
Missing character: There is no 与 ("4E0E) in font nullfont!
Missing character: There is no 加 ("52A0) in font nullfont!
Missing character: There is no 速 ("901F) in font nullfont!
Missing character: There is no 度 ("5EA6) in font nullfont!
Missing character: There is no 的 ("7684) in font nullfont!
Missing character: There is no 乘 ("4E58) in font nullfont!
Missing character: There is no 积 ("79EF) in font nullfont!
Missing character: There is no ， ("FF0C) in font nullfont!
Missing character: There is no 右 ("53F3) in font nullfont!
Missing character: There is no 端 ("7AEF) in font nullfont!
Missing character: There is no 第 ("7B2C) in font nullfont!
Missing character: There is no 一 ("4E00) in font nullfont!
Missing character: There is no 项 ("9879) in font nullfont!
Missing character: There is no 是 ("662F) in font nullfont!
Missing character: There is no 作 ("4F5C) in font nullfont!
Missing character: There is no 用 ("7528) in font nullfont!
Missing character: There is no 在 ("5728) in font nullfont!
Missing character: There is no 四 ("56DB) in font nullfont!
Missing character: There is no 面 ("9762) in font nullfont!
Missing character: There is no 体 ("4F53) in font nullfont!
Missing character: There is no 上 ("4E0A) in font nullfont!
Missing character: There is no 的 ("7684) in font nullfont!
Missing character: There is no 体 ("4F53) in font nullfont!
Missing character: There is no 积 ("79EF) in font nullfont!
Missing character: There is no 力 ("529B) in font nullfont!
Missing character: There is no 的 ("7684) in font nullfont!
Missing character: There is no 合 ("5408) in font nullfont!
Missing character: There is no 力 ("529B) in font nullfont!
Missing character: There is no ， ("FF0C) in font nullfont!
Missing character: There is no 右 ("53F3) in font nullfont!
Missing character: There is no 端 ("7AEF) in font nullfont!
Missing character: There is no 后 ("540E) in font nullfont!
Missing character: There is no 四 ("56DB) in font nullfont!
Missing character: There is no 项 ("9879) in font nullfont!
Missing character: There is no 是 ("662F) in font nullfont!
Missing character: There is no 作 ("4F5C) in font nullfont!
Missing character: There is no 用 ("7528) in font nullfont!
Missing character: There is no 在 ("5728) in font nullfont!
Missing character: There is no 四 ("56DB) in font nullfont!
Missing character: There is no 面 ("9762) in font nullfont!
Missing character: There is no 体 ("4F53) in font nullfont!
Missing character: There is no 表 ("8868) in font nullfont!
Missing character: There is no 面 ("9762) in font nullfont!
Missing character: There is no 上 ("4E0A) in font nullfont!
Missing character: There is no 的 ("7684) in font nullfont!
Missing character: There is no 表 ("8868) in font nullfont!
Missing character: There is no 面 ("9762) in font nullfont!
Missing character: There is no 力 ("529B) in font nullfont!
Missing character: There is no 的 ("7684) in font nullfont!
Missing character: There is no 合 ("5408) in font nullfont!
Missing character: There is no 力 ("529B) in font nullfont!
Missing character: There is no 。 ("3002) in font nullfont!
Missing character: There is no 将 ("5C06) in font nullfont!
Missing character: There is no 等 ("7B49) in font nullfont!
Missing character: There is no 式 ("5F0F) in font nullfont!
Missing character: There is no 两 ("4E24) in font nullfont!
Missing character: There is no 边 ("8FB9) in font nullfont!
Missing character: There is no 同 ("540C) in font nullfont!
Missing character: There is no 除 ("9664) in font nullfont!
Missing character: There is no 以 ("4EE5) in font nullfont!
Missing character: There is no ， ("FF0C) in font nullfont!
Missing character: There is no 则 ("5219) in font nullfont!
Missing character: There is no 明 ("660E) in font nullfont!
Missing character: There is no 显 ("663E) in font nullfont!
Missing character: There is no 有 ("6709) in font nullfont!

Overfull \hbox (12.87846pt too wide) in paragraph at lines 240--242
 $\OML/cmm/m/it/10 ^^NV$
 []


Overfull \hbox (17.76625pt too wide) in paragraph at lines 240--242
\OML/cmm/m/it/10 ^^NA[]$ 
 []


Overfull \hbox (66.93094pt too wide) detected at line 244
[][] [] \OT1/cmr/m/n/10 = 0
 []

Missing character: There is no 此 ("6B64) in font nullfont!
Missing character: There is no 外 ("5916) in font nullfont!
Missing character: There is no ， ("FF0C) in font nullfont!
Missing character: There is no 由 ("7531) in font nullfont!
Missing character: There is no 面 ("9762) in font nullfont!
Missing character: There is no 积 ("79EF) in font nullfont!
Missing character: There is no 投 ("6295) in font nullfont!
Missing character: There is no 影 ("5F71) in font nullfont!
Missing character: There is no 关 ("5173) in font nullfont!
Missing character: There is no 系 ("7CFB) in font nullfont!
! Undefined control sequence.
<recently read> \dfrac 
                       
l.246 ^^I此外，由面积投影关系 $\dfrac
                           {\delta A_i}{\delta A_n}=n_i$，因而有
The control sequence at the end of the top line
of your error message was never \def'ed. If you have
misspelled it (e.g., `\hobx'), type `I' and the correct
spelling (e.g., `I\hbox'). Otherwise just continue,
and I'll forget about whatever was undefined.

Missing character: There is no ， ("FF0C) in font nullfont!
Missing character: There is no 因 ("56E0) in font nullfont!
Missing character: There is no 而 ("800C) in font nullfont!
Missing character: There is no 有 ("6709) in font nullfont!

Overfull \hbox (20.0pt too wide) in paragraph at lines 246--247
[]
 []


Overfull \hbox (43.97397pt too wide) in paragraph at lines 246--247
[][] \OT1/cmr/m/n/10 =
 []


Overfull \hbox (9.33163pt too wide) in paragraph at lines 246--247
\OML/cmm/m/it/10 n[]$ 
 []

! Undefined control sequence.
l.248 ^^I^^I\boldsymbol
                       {T}_n+\boldsymbol{T}_{-1}\,n_1+\boldsymbol{T}_{-2}\,n...
The control sequence at the end of the top line
of your error message was never \def'ed. If you have
misspelled it (e.g., `\hobx'), type `I' and the correct
spelling (e.g., `I\hbox'). Otherwise just continue,
and I'll forget about whatever was undefined.

! Undefined control sequence.
l.248 ^^I^^I\boldsymbol{T}_n+\boldsymbol
                                        {T}_{-1}\,n_1+\boldsymbol{T}_{-2}\,n...
The control sequence at the end of the top line
of your error message was never \def'ed. If you have
misspelled it (e.g., `\hobx'), type `I' and the correct
spelling (e.g., `I\hbox'). Otherwise just continue,
and I'll forget about whatever was undefined.

! Undefined control sequence.
l.248 ...T}_n+\boldsymbol{T}_{-1}\,n_1+\boldsymbol
                                                  {T}_{-2}\,n_2+\boldsymbol{...
The control sequence at the end of the top line
of your error message was never \def'ed. If you have
misspelled it (e.g., `\hobx'), type `I' and the correct
spelling (e.g., `I\hbox'). Otherwise just continue,
and I'll forget about whatever was undefined.

! Undefined control sequence.
l.248 ...,n_1+\boldsymbol{T}_{-2}\,n_2+\boldsymbol
                                                  {T}_{-3}\,n_3=0
The control sequence at the end of the top line
of your error message was never \def'ed. If you have
misspelled it (e.g., `\hobx'), type `I' and the correct
spelling (e.g., `I\hbox'). Otherwise just continue,
and I'll forget about whatever was undefined.


Overfull \hbox (139.15872pt too wide) detected at line 249
\OML/cmm/m/it/10 T[] \OT1/cmr/m/n/10 + \OML/cmm/m/it/10 T[] n[] \OT1/cmr/m/n/10
 + \OML/cmm/m/it/10 T[] n[] \OT1/cmr/m/n/10 + \OML/cmm/m/it/10 T[] n[] \OT1/cmr
/m/n/10 = 0
 []

Missing character: There is no 注 ("6CE8) in font nullfont!
Missing character: There is no 意 ("610F) in font nullfont!
Missing character: There is no 到 ("5230) in font nullfont!
Missing character: There is no 相 ("76F8) in font nullfont!
Missing character: There is no 邻 ("90BB) in font nullfont!
Missing character: There is no 面 ("9762) in font nullfont!
Missing character: There is no 上 ("4E0A) in font nullfont!
Missing character: There is no 应 ("5E94) in font nullfont!
Missing character: There is no 力 ("529B) in font nullfont!
Missing character: There is no 关 ("5173) in font nullfont!
Missing character: There is no 系 ("7CFB) in font nullfont!
! Undefined control sequence.
<recently read> \boldsymbol 
                            
l.250 ^^I注意到相邻面上应力关系 $\boldsymbol
                                 {T}_{-i}=-\boldsymbol{T}_i$，上式可写作（使用爱因斯坦求和约定）
The control sequence at the end of the top line
of your error message was never \def'ed. If you have
misspelled it (e.g., `\hobx'), type `I' and the correct
spelling (e.g., `I\hbox'). Otherwise just continue,
and I'll forget about whatever was undefined.

! Undefined control sequence.
l.250 ...邻面上应力关系 $\boldsymbol{T}_{-i}=-\boldsymbol
                                                  {T}_i$，上式可写作（使用爱因斯坦求和约定）
The control sequence at the end of the top line
of your error message was never \def'ed. If you have
misspelled it (e.g., `\hobx'), type `I' and the correct
spelling (e.g., `I\hbox'). Otherwise just continue,
and I'll forget about whatever was undefined.

Missing character: There is no ， ("FF0C) in font nullfont!
Missing character: There is no 上 ("4E0A) in font nullfont!
Missing character: There is no 式 ("5F0F) in font nullfont!
Missing character: There is no 可 ("53EF) in font nullfont!
Missing character: There is no 写 ("5199) in font nullfont!
Missing character: There is no 作 ("4F5C) in font nullfont!
Missing character: There is no （ ("FF08) in font nullfont!
Missing character: There is no 使 ("4F7F) in font nullfont!
Missing character: There is no 用 ("7528) in font nullfont!
Missing character: There is no 爱 ("7231) in font nullfont!
Missing character: There is no 因 ("56E0) in font nullfont!
Missing character: There is no 斯 ("65AF) in font nullfont!
Missing character: There is no 坦 ("5766) in font nullfont!
Missing character: There is no 求 ("6C42) in font nullfont!
Missing character: There is no 和 ("548C) in font nullfont!
Missing character: There is no 约 ("7EA6) in font nullfont!
Missing character: There is no 定 ("5B9A) in font nullfont!
Missing character: There is no ） ("FF09) in font nullfont!

Overfull \hbox (25.97856pt too wide) in paragraph at lines 249--251
 $\OML/cmm/m/it/10 T[] \OT1/cmr/m/n/10 =
 []


Overfull \hbox (16.95084pt too wide) in paragraph at lines 249--251
\OMS/cmsy/m/n/10 ^^@\OML/cmm/m/it/10 T[]$ 
 []

! Undefined control sequence.
l.252 ^^I^^I\boldsymbol
                       {T}_n=\boldsymbol{T}_1\,n_1+\boldsymbol{T}_2\,n_2+\bo...
The control sequence at the end of the top line
of your error message was never \def'ed. If you have
misspelled it (e.g., `\hobx'), type `I' and the correct
spelling (e.g., `I\hbox'). Otherwise just continue,
and I'll forget about whatever was undefined.

! Undefined control sequence.
l.252 ^^I^^I\boldsymbol{T}_n=\boldsymbol
                                        {T}_1\,n_1+\boldsymbol{T}_2\,n_2+\bo...
The control sequence at the end of the top line
of your error message was never \def'ed. If you have
misspelled it (e.g., `\hobx'), type `I' and the correct
spelling (e.g., `I\hbox'). Otherwise just continue,
and I'll forget about whatever was undefined.

! Undefined control sequence.
l.252 ...ol{T}_n=\boldsymbol{T}_1\,n_1+\boldsymbol
                                                  {T}_2\,n_2+\boldsymbol{T}_...
The control sequence at the end of the top line
of your error message was never \def'ed. If you have
misspelled it (e.g., `\hobx'), type `I' and the correct
spelling (e.g., `I\hbox'). Otherwise just continue,
and I'll forget about whatever was undefined.

! Undefined control sequence.
l.252 ..._1\,n_1+\boldsymbol{T}_2\,n_2+\boldsymbol
                                                  {T}_3\,n_3=\boldsymbol{T}_...
The control sequence at the end of the top line
of your error message was never \def'ed. If you have
misspelled it (e.g., `\hobx'), type `I' and the correct
spelling (e.g., `I\hbox'). Otherwise just continue,
and I'll forget about whatever was undefined.

! Undefined control sequence.
l.252 ..._2\,n_2+\boldsymbol{T}_3\,n_3=\boldsymbol
                                                  {T}_i\,n_i
The control sequence at the end of the top line
of your error message was never \def'ed. If you have
misspelled it (e.g., `\hobx'), type `I' and the correct
spelling (e.g., `I\hbox'). Otherwise just continue,
and I'll forget about whatever was undefined.


Overfull \hbox (141.13538pt too wide) detected at line 253
\OML/cmm/m/it/10 T[] \OT1/cmr/m/n/10 = \OML/cmm/m/it/10 T[] n[] \OT1/cmr/m/n/10
 + \OML/cmm/m/it/10 T[] n[] \OT1/cmr/m/n/10 + \OML/cmm/m/it/10 T[] n[] \OT1/cmr
/m/n/10 = \OML/cmm/m/it/10 T[] n[]
 []

Missing character: There is no 该 ("8BE5) in font nullfont!
Missing character: There is no 式 ("5F0F) in font nullfont!
Missing character: There is no 说 ("8BF4) in font nullfont!
Missing character: There is no 明 ("660E) in font nullfont!
Missing character: There is no ， ("FF0C) in font nullfont!
Missing character: There is no 过 ("8FC7) in font nullfont!
Missing character: There is no 一 ("4E00) in font nullfont!
Missing character: There is no 点 ("70B9) in font nullfont!
Missing character: There is no 任 ("4EFB) in font nullfont!
Missing character: There is no 意 ("610F) in font nullfont!
Missing character: There is no 面 ("9762) in font nullfont!
Missing character: There is no （ ("FF08) in font nullfont!
Missing character: There is no 它 ("5B83) in font nullfont!
Missing character: There is no 的 ("7684) in font nullfont!
Missing character: There is no 法 ("6CD5) in font nullfont!
Missing character: There is no 向 ("5411) in font nullfont!
Missing character: There is no 量 ("91CF) in font nullfont!
Missing character: There is no 为 ("4E3A) in font nullfont!
! Undefined control sequence.
<recently read> \boldsymbol 
                            
l.255 ^^I该式说明，过一点任意面（它的法向量为 $\boldsymbol
                                        {n}=n_i\boldsymbol{e}_i$）上的应力，由通过该点三...
The control sequence at the end of the top line
of your error message was never \def'ed. If you have
misspelled it (e.g., `\hobx'), type `I' and the correct
spelling (e.g., `I\hbox'). Otherwise just continue,
and I'll forget about whatever was undefined.

! Undefined control sequence.
l.255 ...任意面（它的法向量为 $\boldsymbol{n}=n_i\boldsymbol
                                                  {e}_i$）上的应力，由通过该点三个相互垂直面上的...
The control sequence at the end of the top line
of your error message was never \def'ed. If you have
misspelled it (e.g., `\hobx'), type `I' and the correct
spelling (e.g., `I\hbox'). Otherwise just continue,
and I'll forget about whatever was undefined.

Missing character: There is no ） ("FF09) in font nullfont!
Missing character: There is no 上 ("4E0A) in font nullfont!
Missing character: There is no 的 ("7684) in font nullfont!
Missing character: There is no 应 ("5E94) in font nullfont!
Missing character: There is no 力 ("529B) in font nullfont!
Missing character: There is no ， ("FF0C) in font nullfont!
Missing character: There is no 由 ("7531) in font nullfont!
Missing character: There is no 通 ("901A) in font nullfont!
Missing character: There is no 过 ("8FC7) in font nullfont!
Missing character: There is no 该 ("8BE5) in font nullfont!
Missing character: There is no 点 ("70B9) in font nullfont!
Missing character: There is no 三 ("4E09) in font nullfont!
Missing character: There is no 个 ("4E2A) in font nullfont!
Missing character: There is no 相 ("76F8) in font nullfont!
Missing character: There is no 互 ("4E92) in font nullfont!
Missing character: There is no 垂 ("5782) in font nullfont!
Missing character: There is no 直 ("76F4) in font nullfont!
Missing character: There is no 面 ("9762) in font nullfont!
Missing character: There is no 上 ("4E0A) in font nullfont!
Missing character: There is no 的 ("7684) in font nullfont!
Missing character: There is no 应 ("5E94) in font nullfont!
Missing character: There is no 力 ("529B) in font nullfont!
Missing character: There is no 确 ("786E) in font nullfont!
Missing character: There is no 定 ("5B9A) in font nullfont!
Missing character: There is no 。 ("3002) in font nullfont!
Missing character: There is no 也 ("4E5F) in font nullfont!
Missing character: There is no 就 ("5C31) in font nullfont!
Missing character: There is no 是 ("662F) in font nullfont!
Missing character: There is no 说 ("8BF4) in font nullfont!
Missing character: There is no ， ("FF0C) in font nullfont!
Missing character: There is no 只 ("53EA) in font nullfont!
Missing character: There is no 要 ("8981) in font nullfont!
Missing character: There is no 知 ("77E5) in font nullfont!
Missing character: There is no 道 ("9053) in font nullfont!
Missing character: There is no 一 ("4E00) in font nullfont!
Missing character: There is no 点 ("70B9) in font nullfont!
Missing character: There is no 的 ("7684) in font nullfont!
Missing character: There is no 三 ("4E09) in font nullfont!
Missing character: There is no 个 ("4E2A) in font nullfont!
Missing character: There is no 应 ("5E94) in font nullfont!
Missing character: There is no 力 ("529B) in font nullfont!
! Undefined control sequence.
l.255 ...互垂直面上的应力确定。也就是说，只要知道一点的三个应力 $(\boldsymbol
                                                  {T}_1,\boldsymbol{T}_2,\bo...
The control sequence at the end of the top line
of your error message was never \def'ed. If you have
misspelled it (e.g., `\hobx'), type `I' and the correct
spelling (e.g., `I\hbox'). Otherwise just continue,
and I'll forget about whatever was undefined.

! Undefined control sequence.
l.255 ...要知道一点的三个应力 $(\boldsymbol{T}_1,\boldsymbol
                                                  {T}_2,\boldsymbol{T}_3)$，则...
The control sequence at the end of the top line
of your error message was never \def'ed. If you have
misspelled it (e.g., `\hobx'), type `I' and the correct
spelling (e.g., `I\hbox'). Otherwise just continue,
and I'll forget about whatever was undefined.

! Undefined control sequence.
l.255 ...dsymbol{T}_1,\boldsymbol{T}_2,\boldsymbol
                                                  {T}_3)$，则任意面上的应力就可以计算出来。因此...
The control sequence at the end of the top line
of your error message was never \def'ed. If you have
misspelled it (e.g., `\hobx'), type `I' and the correct
spelling (e.g., `I\hbox'). Otherwise just continue,
and I'll forget about whatever was undefined.

Missing character: There is no ， ("FF0C) in font nullfont!
Missing character: There is no 则 ("5219) in font nullfont!
Missing character: There is no 任 ("4EFB) in font nullfont!
Missing character: There is no 意 ("610F) in font nullfont!
Missing character: There is no 面 ("9762) in font nullfont!
Missing character: There is no 上 ("4E0A) in font nullfont!
Missing character: There is no 的 ("7684) in font nullfont!
Missing character: There is no 应 ("5E94) in font nullfont!
Missing character: There is no 力 ("529B) in font nullfont!
Missing character: There is no 就 ("5C31) in font nullfont!
Missing character: There is no 可 ("53EF) in font nullfont!
Missing character: There is no 以 ("4EE5) in font nullfont!
Missing character: There is no 计 ("8BA1) in font nullfont!
Missing character: There is no 算 ("7B97) in font nullfont!
Missing character: There is no 出 ("51FA) in font nullfont!
Missing character: There is no 来 ("6765) in font nullfont!
Missing character: There is no 。 ("3002) in font nullfont!
Missing character: There is no 因 ("56E0) in font nullfont!
Missing character: There is no 此 ("6B64) in font nullfont!
Missing character: There is no 称 ("79F0) in font nullfont!
! Undefined control sequence.
l.255 ...{T}_3)$，则任意面上的应力就可以计算出来。因此称 $(\boldsymbol
                                                  {T}_1,\boldsymbol{T}_2,\bo...
The control sequence at the end of the top line
of your error message was never \def'ed. If you have
misspelled it (e.g., `\hobx'), type `I' and the correct
spelling (e.g., `I\hbox'). Otherwise just continue,
and I'll forget about whatever was undefined.

! Undefined control sequence.
l.255 ...可以计算出来。因此称 $(\boldsymbol{T}_1,\boldsymbol
                                                  {T}_2,\boldsymbol{T}_3)$ 为...
The control sequence at the end of the top line
of your error message was never \def'ed. If you have
misspelled it (e.g., `\hobx'), type `I' and the correct
spelling (e.g., `I\hbox'). Otherwise just continue,
and I'll forget about whatever was undefined.

! Undefined control sequence.
l.255 ...dsymbol{T}_1,\boldsymbol{T}_2,\boldsymbol
                                                  {T}_3)$ 为一点的应力状态。
The control sequence at the end of the top line
of your error message was never \def'ed. If you have
misspelled it (e.g., `\hobx'), type `I' and the correct
spelling (e.g., `I\hbox'). Otherwise just continue,
and I'll forget about whatever was undefined.

Missing character: There is no 为 ("4E3A) in font nullfont!
Missing character: There is no 一 ("4E00) in font nullfont!
Missing character: There is no 点 ("70B9) in font nullfont!
Missing character: There is no 的 ("7684) in font nullfont!
Missing character: There is no 应 ("5E94) in font nullfont!
Missing character: There is no 力 ("529B) in font nullfont!
Missing character: There is no 状 ("72B6) in font nullfont!
Missing character: There is no 态 ("6001) in font nullfont!
Missing character: There is no 。 ("3002) in font nullfont!

! LaTeX Error: \begin{document} ended by \end{proof}.

See the LaTeX manual or LaTeX Companion for explanation.
Type  H <return>  for immediate help.
 ...                                              
                                                  
l.256 \end{proof}
                 
Your command was ignored.
Type  I <command> <return>  to replace it with another command,
or  <return>  to continue without it.


Overfull \hbox (20.0pt too wide) in paragraph at lines 255--257
[]
 []


Overfull \hbox (16.55786pt too wide) in paragraph at lines 255--257
\OML/cmm/m/it/10 n \OT1/cmr/m/n/10 =
 []


Overfull \hbox (17.31718pt too wide) in paragraph at lines 255--257
\OML/cmm/m/it/10 n[]e[]$
 []


Overfull \hbox (47.65627pt too wide) in paragraph at lines 255--257
\OT1/cmr/m/n/10 (\OML/cmm/m/it/10 T[]; T[]; T[]\OT1/cmr/m/n/10 )$
 []


Overfull \hbox (47.65627pt too wide) in paragraph at lines 255--257
\OT1/cmr/m/n/10 (\OML/cmm/m/it/10 T[]; T[]; T[]\OT1/cmr/m/n/10 )$
 []

! Undefined control sequence.
l.258 \subsection
                 {应力张量的对称性}
The control sequence at the end of the top line
of your error message was never \def'ed. If you have
misspelled it (e.g., `\hobx'), type `I' and the correct
spelling (e.g., `I\hbox'). Otherwise just continue,
and I'll forget about whatever was undefined.

Missing character: There is no 应 ("5E94) in font nullfont!
Missing character: There is no 力 ("529B) in font nullfont!
Missing character: There is no 张 ("5F20) in font nullfont!
Missing character: There is no 量 ("91CF) in font nullfont!
Missing character: There is no 的 ("7684) in font nullfont!
Missing character: There is no 对 ("5BF9) in font nullfont!
Missing character: There is no 称 ("79F0) in font nullfont!
Missing character: There is no 性 ("6027) in font nullfont!

Overfull \hbox (20.0pt too wide) in paragraph at lines 258--259
[] 
 []


! LaTeX Error: Environment theorem undefined.

See the LaTeX manual or LaTeX Companion for explanation.
Type  H <return>  for immediate help.
 ...                                              
                                                  
l.260 \begin{theorem}
                     [应力张量的对称性]
Your command was ignored.
Type  I <command> <return>  to replace it with another command,
or  <return>  to continue without it.

Missing character: There is no [ ("5B) in font nullfont!
Missing character: There is no 应 ("5E94) in font nullfont!
Missing character: There is no 力 ("529B) in font nullfont!
Missing character: There is no 张 ("5F20) in font nullfont!
Missing character: There is no 量 ("91CF) in font nullfont!
Missing character: There is no 的 ("7684) in font nullfont!
Missing character: There is no 对 ("5BF9) in font nullfont!
Missing character: There is no 称 ("79F0) in font nullfont!
Missing character: There is no 性 ("6027) in font nullfont!
Missing character: There is no ] ("5D) in font nullfont!
Missing character: There is no 由 ("7531) in font nullfont!
Missing character: There is no 微 ("5FAE) in font nullfont!
Missing character: There is no 团 ("56E2) in font nullfont!
Missing character: There is no 的 ("7684) in font nullfont!
Missing character: There is no 力 ("529B) in font nullfont!
Missing character: There is no 矩 ("77E9) in font nullfont!
Missing character: There is no 平 ("5E73) in font nullfont!
Missing character: There is no 衡 ("8861) in font nullfont!
Missing character: There is no 原 ("539F) in font nullfont!
Missing character: There is no 理 ("7406) in font nullfont!
Missing character: There is no ， ("FF0C) in font nullfont!
Missing character: There is no 可 ("53EF) in font nullfont!
Missing character: There is no 以 ("4EE5) in font nullfont!
Missing character: There is no 进 ("8FDB) in font nullfont!
Missing character: There is no 一 ("4E00) in font nullfont!
Missing character: There is no 步 ("6B65) in font nullfont!
Missing character: There is no 证 ("8BC1) in font nullfont!
Missing character: There is no 明 ("660E) in font nullfont!
Missing character: There is no ， ("FF0C) in font nullfont!
Missing character: There is no 九 ("4E5D) in font nullfont!
Missing character: There is no 个 ("4E2A) in font nullfont!
Missing character: There is no 应 ("5E94) in font nullfont!
Missing character: There is no 力 ("529B) in font nullfont!
Missing character: There is no 分 ("5206) in font nullfont!
Missing character: There is no 量 ("91CF) in font nullfont!
Missing character: There is no 不 ("4E0D) in font nullfont!
Missing character: There is no 是 ("662F) in font nullfont!
Missing character: There is no 相 ("76F8) in font nullfont!
Missing character: There is no 互 ("4E92) in font nullfont!
Missing character: There is no 独 ("72EC) in font nullfont!
Missing character: There is no 立 ("7ACB) in font nullfont!
Missing character: There is no 的 ("7684) in font nullfont!
Missing character: There is no ， ("FF0C) in font nullfont!
Missing character: There is no 而 ("800C) in font nullfont!
Missing character: There is no 有 ("6709) in font nullfont!
Missing character: There is no 以 ("4EE5) in font nullfont!
Missing character: There is no 下 ("4E0B) in font nullfont!
Missing character: There is no 的 ("7684) in font nullfont!
Missing character: There is no 对 ("5BF9) in font nullfont!
Missing character: There is no 称 ("79F0) in font nullfont!
Missing character: There is no 关 ("5173) in font nullfont!
Missing character: There is no 系 ("7CFB) in font nullfont!
Missing character: There is no 式 ("5F0F) in font nullfont!
Missing character: There is no ： ("FF1A) in font nullfont!

Overfull \hbox (20.0pt too wide) in paragraph at lines 260--262
[]
 []


Overfull \hbox (39.10641pt too wide) detected at line 264
[]\OML/cmm/m/it/10 T[] \OT1/cmr/m/n/10 = \OML/cmm/m/it/10 T[]
 []

Missing character: There is no 即 ("5373) in font nullfont!
Missing character: There is no 应 ("5E94) in font nullfont!
Missing character: There is no 力 ("529B) in font nullfont!
Missing character: There is no 分 ("5206) in font nullfont!
Missing character: There is no 量 ("91CF) in font nullfont!
Missing character: There is no 的 ("7684) in font nullfont!
Missing character: There is no 方 ("65B9) in font nullfont!
Missing character: There is no 阵 ("9635) in font nullfont!
Missing character: There is no 是 ("662F) in font nullfont!
Missing character: There is no 对 ("5BF9) in font nullfont!
Missing character: There is no 称 ("79F0) in font nullfont!
Missing character: There is no 方 ("65B9) in font nullfont!
Missing character: There is no 阵 ("9635) in font nullfont!
Missing character: There is no ， ("FF0C) in font nullfont!
Missing character: There is no 或 ("6216) in font nullfont!
Missing character: There is no 应 ("5E94) in font nullfont!
Missing character: There is no 力 ("529B) in font nullfont!
Missing character: There is no 张 ("5F20) in font nullfont!
Missing character: There is no 量 ("91CF) in font nullfont!
Missing character: There is no 是 ("662F) in font nullfont!
Missing character: There is no 对 ("5BF9) in font nullfont!
Missing character: There is no 称 ("79F0) in font nullfont!
Missing character: There is no 张 ("5F20) in font nullfont!
Missing character: There is no 量 ("91CF) in font nullfont!
Missing character: There is no 。 ("3002) in font nullfont!

! LaTeX Error: \begin{document} ended by \end{theorem}.

See the LaTeX manual or LaTeX Companion for explanation.
Type  H <return>  for immediate help.
 ...                                              
                                                  
l.266 \end{theorem}
                   
Your command was ignored.
Type  I <command> <return>  to replace it with another command,
or  <return>  to continue without it.

Missing character: There is no 在 ("5728) in font nullfont!
Missing character: There is no 证 ("8BC1) in font nullfont!
Missing character: There is no 明 ("660E) in font nullfont!
Missing character: There is no 之 ("4E4B) in font nullfont!
Missing character: There is no 前 ("524D) in font nullfont!
Missing character: There is no ， ("FF0C) in font nullfont!
Missing character: There is no 先 ("5148) in font nullfont!
Missing character: There is no 给 ("7ED9) in font nullfont!
Missing character: There is no 出 ("51FA) in font nullfont!
Missing character: There is no 后 ("540E) in font nullfont!
Missing character: There is no 面 ("9762) in font nullfont!
Missing character: There is no 要 ("8981) in font nullfont!
Missing character: There is no 用 ("7528) in font nullfont!
Missing character: There is no 到 ("5230) in font nullfont!
Missing character: There is no 的 ("7684) in font nullfont!
Missing character: There is no 微 (U+5FAE) in font [lmroman10-bold]:mapping=tex-
text;!
Missing character: There is no 分 (U+5206) in font [lmroman10-bold]:mapping=tex-
text;!
Missing character: There is no 形 (U+5F62) in font [lmroman10-bold]:mapping=tex-
text;!
Missing character: There is no 式 (U+5F0F) in font [lmroman10-bold]:mapping=tex-
text;!
Missing character: There is no 动 (U+52A8) in font [lmroman10-bold]:mapping=tex-
text;!
Missing character: There is no 量 (U+91CF) in font [lmroman10-bold]:mapping=tex-
text;!
Missing character: There is no 方 (U+65B9) in font [lmroman10-bold]:mapping=tex-
text;!
Missing character: There is no 程 (U+7A0B) in font [lmroman10-bold]:mapping=tex-
text;!
Missing character: There is no 。 ("3002) in font nullfont!
Missing character: There is no 对 ("5BF9) in font nullfont!
Missing character: There is no 任 ("4EFB) in font nullfont!
Missing character: There is no 取 ("53D6) in font nullfont!
Missing character: There is no 的 ("7684) in font nullfont!
Missing character: There is no 一 ("4E00) in font nullfont!
Missing character: There is no 有 ("6709) in font nullfont!
Missing character: There is no 限 ("9650) in font nullfont!
Missing character: There is no 体 ("4F53) in font nullfont!
Missing character: There is no 积 ("79EF) in font nullfont!
Missing character: There is no 流 ("6D41) in font nullfont!
Missing character: There is no 体 ("4F53) in font nullfont!
Missing character: There is no ， ("FF0C) in font nullfont!
Missing character: There is no 牛 ("725B) in font nullfont!
Missing character: There is no 顿 ("987F) in font nullfont!
Missing character: There is no 第 ("7B2C) in font nullfont!
Missing character: There is no 二 ("4E8C) in font nullfont!
Missing character: There is no 定 ("5B9A) in font nullfont!
Missing character: There is no 律 ("5F8B) in font nullfont!
Missing character: There is no （ ("FF08) in font nullfont!
Missing character: There is no 质 ("8D28) in font nullfont!
Missing character: There is no 量 ("91CF) in font nullfont!
Missing character: There is no 加 ("52A0) in font nullfont!
Missing character: There is no 速 ("901F) in font nullfont!
Missing character: There is no 度 ("5EA6) in font nullfont!
Missing character: There is no 体 ("4F53) in font nullfont!
Missing character: There is no 积 ("79EF) in font nullfont!
Missing character: There is no 力 ("529B) in font nullfont!
Missing character: There is no 合 ("5408) in font nullfont!
Missing character: There is no 力 ("529B) in font nullfont!
Missing character: There is no 表 ("8868) in font nullfont!
Missing character: There is no 面 ("9762) in font nullfont!
Missing character: There is no 力 ("529B) in font nullfont!
Missing character: There is no 合 ("5408) in font nullfont!
Missing character: There is no 力 ("529B) in font nullfont!
Missing character: There is no ） ("FF09) in font nullfont!
Missing character: There is no 为 ("4E3A) in font nullfont!

Overfull \hbox (50.1778pt too wide) in paragraph at lines 268--269
[]\TU/lmr/bx/n/10 微分形式动量方程$\OMS/cmsy/m/n/10 ^^B$
 []


Overfull \hbox (7.7778pt too wide) in paragraph at lines 268--269
\OT1/cmr/m/n/10 =$
 []


Overfull \hbox (7.7778pt too wide) in paragraph at lines 268--269
\OT1/cmr/m/n/10 +$
 []

! Undefined control sequence.
l.270 ^^I\iiint
               _V\rho\boldsymbol{a}\,\mathrm{d}V=\iiint_V\rho\boldsymbol{f}\...
The control sequence at the end of the top line
of your error message was never \def'ed. If you have
misspelled it (e.g., `\hobx'), type `I' and the correct
spelling (e.g., `I\hbox'). Otherwise just continue,
and I'll forget about whatever was undefined.

! Undefined control sequence.
l.270 ^^I\iiint_V\rho\boldsymbol
                                {a}\,\mathrm{d}V=\iiint_V\rho\boldsymbol{f}\...
The control sequence at the end of the top line
of your error message was never \def'ed. If you have
misspelled it (e.g., `\hobx'), type `I' and the correct
spelling (e.g., `I\hbox'). Otherwise just continue,
and I'll forget about whatever was undefined.

! Undefined control sequence.
l.270 ...t_V\rho\boldsymbol{a}\,\mathrm{d}V=\iiint
                                                  _V\rho\boldsymbol{f}\,\mat...
The control sequence at the end of the top line
of your error message was never \def'ed. If you have
misspelled it (e.g., `\hobx'), type `I' and the correct
spelling (e.g., `I\hbox'). Otherwise just continue,
and I'll forget about whatever was undefined.

! Undefined control sequence.
l.270 ...l{a}\,\mathrm{d}V=\iiint_V\rho\boldsymbol
                                                  {f}\,\mathrm{d}V+\oiint_\S...
The control sequence at the end of the top line
of your error message was never \def'ed. If you have
misspelled it (e.g., `\hobx'), type `I' and the correct
spelling (e.g., `I\hbox'). Otherwise just continue,
and I'll forget about whatever was undefined.

! Undefined control sequence.
l.270 ...t_V\rho\boldsymbol{f}\,\mathrm{d}V+\oiint
                                                  _\Sigma\boldsymbol{T}_n\,\...
The control sequence at the end of the top line
of your error message was never \def'ed. If you have
misspelled it (e.g., `\hobx'), type `I' and the correct
spelling (e.g., `I\hbox'). Otherwise just continue,
and I'll forget about whatever was undefined.

! Undefined control sequence.
l.270 ...{f}\,\mathrm{d}V+\oiint_\Sigma\boldsymbol
                                                  {T}_n\,\mathrm{d}A
The control sequence at the end of the top line
of your error message was never \def'ed. If you have
misspelled it (e.g., `\hobx'), type `I' and the correct
spelling (e.g., `I\hbox'). Otherwise just continue,
and I'll forget about whatever was undefined.


Overfull \hbox (119.37158pt too wide) detected at line 271
[][]\OML/cmm/m/it/10 ^^Za \OT1/cmr/m/n/10 d\OML/cmm/m/it/10 V \OT1/cmr/m/n/10 =
[] \OML/cmm/m/it/10 ^^Zf \OT1/cmr/m/n/10 d\OML/cmm/m/it/10 V \OT1/cmr/m/n/10 +[
] \OML/cmm/m/it/10 T[] \OT1/cmr/m/n/10 d\OML/cmm/m/it/10 A
 []

Missing character: There is no 右 ("53F3) in font nullfont!
Missing character: There is no 端 ("7AEF) in font nullfont!
Missing character: There is no 表 ("8868) in font nullfont!
Missing character: There is no 面 ("9762) in font nullfont!
Missing character: There is no 力 ("529B) in font nullfont!
Missing character: There is no 合 ("5408) in font nullfont!
Missing character: There is no 力 ("529B) in font nullfont!
Missing character: There is no 用 ("7528) in font nullfont!
Missing character: There is no 高 ("9AD8) in font nullfont!
Missing character: There is no 斯 ("65AF) in font nullfont!
Missing character: There is no 公 ("516C) in font nullfont!
Missing character: There is no 式 ("5F0F) in font nullfont!
Missing character: There is no 化 ("5316) in font nullfont!
Missing character: There is no 为 ("4E3A) in font nullfont!
Missing character: There is no 体 ("4F53) in font nullfont!
Missing character: There is no 积 ("79EF) in font nullfont!
Missing character: There is no 分 ("5206) in font nullfont!
Missing character: There is no ： ("FF1A) in font nullfont!
! Undefined control sequence.
l.274 ^^I\oiint
               _\Sigma\boldsymbol{T}_n\,\mathrm{d}A=\oiint_\Sigma\boldsymbol...
The control sequence at the end of the top line
of your error message was never \def'ed. If you have
misspelled it (e.g., `\hobx'), type `I' and the correct
spelling (e.g., `I\hbox'). Otherwise just continue,
and I'll forget about whatever was undefined.

! Undefined control sequence.
l.274 ^^I\oiint_\Sigma\boldsymbol
                                 {T}_n\,\mathrm{d}A=\oiint_\Sigma\boldsymbol...
The control sequence at the end of the top line
of your error message was never \def'ed. If you have
misspelled it (e.g., `\hobx'), type `I' and the correct
spelling (e.g., `I\hbox'). Otherwise just continue,
and I'll forget about whatever was undefined.

! Undefined control sequence.
l.274 ...Sigma\boldsymbol{T}_n\,\mathrm{d}A=\oiint
                                                  _\Sigma\boldsymbol{T}_i\,n...
The control sequence at the end of the top line
of your error message was never \def'ed. If you have
misspelled it (e.g., `\hobx'), type `I' and the correct
spelling (e.g., `I\hbox'). Otherwise just continue,
and I'll forget about whatever was undefined.

! Undefined control sequence.
l.274 ...}_n\,\mathrm{d}A=\oiint_\Sigma\boldsymbol
                                                  {T}_i\,n_i\,\mathrm{d}A=\i...
The control sequence at the end of the top line
of your error message was never \def'ed. If you have
misspelled it (e.g., `\hobx'), type `I' and the correct
spelling (e.g., `I\hbox'). Otherwise just continue,
and I'll forget about whatever was undefined.

! Undefined control sequence.
l.274 ...\boldsymbol{T}_i\,n_i\,\mathrm{d}A=\iiint
                                                  _V\frac{\partial\boldsymbo...
The control sequence at the end of the top line
of your error message was never \def'ed. If you have
misspelled it (e.g., `\hobx'), type `I' and the correct
spelling (e.g., `I\hbox'). Otherwise just continue,
and I'll forget about whatever was undefined.

! Undefined control sequence.
<argument> \partial \boldsymbol 
                                {T}_i
l.274 ...c{\partial\boldsymbol{T}_i}{\partial x_i}
                                                  \,\mathrm{d}V
The control sequence at the end of the top line
of your error message was never \def'ed. If you have
misspelled it (e.g., `\hobx'), type `I' and the correct
spelling (e.g., `I\hbox'). Otherwise just continue,
and I'll forget about whatever was undefined.


Overfull \hbox (139.6458pt too wide) detected at line 275
[][]\OML/cmm/m/it/10 T[] \OT1/cmr/m/n/10 d\OML/cmm/m/it/10 A \OT1/cmr/m/n/10 =[
] \OML/cmm/m/it/10 T[] n[] \OT1/cmr/m/n/10 d\OML/cmm/m/it/10 A \OT1/cmr/m/n/10 
=[] [] d\OML/cmm/m/it/10 V
 []

Missing character: There is no 代 ("4EE3) in font nullfont!
Missing character: There is no 入 ("5165) in font nullfont!
Missing character: There is no 并 ("5E76) in font nullfont!
Missing character: There is no 移 ("79FB) in font nullfont!
Missing character: There is no 项 ("9879) in font nullfont!
Missing character: There is no ： ("FF1A) in font nullfont!
! Undefined control sequence.
l.278 ^^I\iiint
               _V\left[\rho\boldsymbol{a}-\rho\boldsymbol{f}-\frac{\partial\...
The control sequence at the end of the top line
of your error message was never \def'ed. If you have
misspelled it (e.g., `\hobx'), type `I' and the correct
spelling (e.g., `I\hbox'). Otherwise just continue,
and I'll forget about whatever was undefined.

! Undefined control sequence.
l.278 ^^I\iiint_V\left[\rho\boldsymbol
                                      {a}-\rho\boldsymbol{f}-\frac{\partial\...
The control sequence at the end of the top line
of your error message was never \def'ed. If you have
misspelled it (e.g., `\hobx'), type `I' and the correct
spelling (e.g., `I\hbox'). Otherwise just continue,
and I'll forget about whatever was undefined.

! Undefined control sequence.
l.278 ...V\left[\rho\boldsymbol{a}-\rho\boldsymbol
                                                  {f}-\frac{\partial\boldsym...
The control sequence at the end of the top line
of your error message was never \def'ed. If you have
misspelled it (e.g., `\hobx'), type `I' and the correct
spelling (e.g., `I\hbox'). Otherwise just continue,
and I'll forget about whatever was undefined.

! Undefined control sequence.
<argument> \partial \boldsymbol 
                                {T}_i
l.278 ...c{\partial\boldsymbol{T}_i}{\partial x_i}
                                                  \right]\mathrm{d}V=0
The control sequence at the end of the top line
of your error message was never \def'ed. If you have
misspelled it (e.g., `\hobx'), type `I' and the correct
spelling (e.g., `I\hbox'). Otherwise just continue,
and I'll forget about whatever was undefined.


Overfull \hbox (116.25803pt too wide) detected at line 279
[] [] \OT1/cmr/m/n/10 d\OML/cmm/m/it/10 V \OT1/cmr/m/n/10 = 0
 []

Missing character: There is no 因 ("56E0) in font nullfont!
Missing character: There is no 任 ("4EFB) in font nullfont!
Missing character: There is no 意 ("610F) in font nullfont!
Missing character: There is no ， ("FF0C) in font nullfont!
Missing character: There is no 被 ("88AB) in font nullfont!
Missing character: There is no 积 ("79EF) in font nullfont!
Missing character: There is no 函 ("51FD) in font nullfont!
Missing character: There is no 数 ("6570) in font nullfont!
Missing character: There is no 必 ("5FC5) in font nullfont!
Missing character: There is no 须 ("987B) in font nullfont!
Missing character: There is no 为 ("4E3A) in font nullfont!
Missing character: There is no 零 ("96F6) in font nullfont!
Missing character: There is no ， ("FF0C) in font nullfont!
Missing character: There is no 得 ("5F97) in font nullfont!
Missing character: There is no 微 ("5FAE) in font nullfont!
Missing character: There is no 分 ("5206) in font nullfont!
Missing character: There is no 形 ("5F62) in font nullfont!
Missing character: There is no 式 ("5F0F) in font nullfont!
Missing character: There is no 动 ("52A8) in font nullfont!
Missing character: There is no 量 ("91CF) in font nullfont!
Missing character: There is no 方 ("65B9) in font nullfont!
Missing character: There is no 程 ("7A0B) in font nullfont!

Overfull \hbox (8.05556pt too wide) in paragraph at lines 279--281
 $\OML/cmm/m/it/10 V$
 []

! Undefined control sequence.
l.282 ^^I\rho\boldsymbol
                        {a}=\rho\boldsymbol{f}+\frac{\partial\boldsymbol{T}_...
The control sequence at the end of the top line
of your error message was never \def'ed. If you have
misspelled it (e.g., `\hobx'), type `I' and the correct
spelling (e.g., `I\hbox'). Otherwise just continue,
and I'll forget about whatever was undefined.

! Undefined control sequence.
l.282 ^^I\rho\boldsymbol{a}=\rho\boldsymbol
                                           {f}+\frac{\partial\boldsymbol{T}_...
The control sequence at the end of the top line
of your error message was never \def'ed. If you have
misspelled it (e.g., `\hobx'), type `I' and the correct
spelling (e.g., `I\hbox'). Otherwise just continue,
and I'll forget about whatever was undefined.

! Undefined control sequence.
<argument> \partial \boldsymbol 
                                {T}_i
l.282 ...c{\partial\boldsymbol{T}_i}{\partial x_i}
                                                  
The control sequence at the end of the top line
of your error message was never \def'ed. If you have
misspelled it (e.g., `\hobx'), type `I' and the correct
spelling (e.g., `I\hbox'). Otherwise just continue,
and I'll forget about whatever was undefined.


Overfull \hbox (60.14708pt too wide) detected at line 283
[]\OML/cmm/m/it/10 ^^Za \OT1/cmr/m/n/10 = \OML/cmm/m/it/10 ^^Zf \OT1/cmr/m/n/10
 + []
 []


! LaTeX Error: Environment proof undefined.

See the LaTeX manual or LaTeX Companion for explanation.
Type  H <return>  for immediate help.
 ...                                              
                                                  
l.285 \begin{proof}
                   [应力张量对称性的证明]
Your command was ignored.
Type  I <command> <return>  to replace it with another command,
or  <return>  to continue without it.

Missing character: There is no [ ("5B) in font nullfont!
Missing character: There is no 应 ("5E94) in font nullfont!
Missing character: There is no 力 ("529B) in font nullfont!
Missing character: There is no 张 ("5F20) in font nullfont!
Missing character: There is no 量 ("91CF) in font nullfont!
Missing character: There is no 对 ("5BF9) in font nullfont!
Missing character: There is no 称 ("79F0) in font nullfont!
Missing character: There is no 性 ("6027) in font nullfont!
Missing character: There is no 的 ("7684) in font nullfont!
Missing character: There is no 证 ("8BC1) in font nullfont!
Missing character: There is no 明 ("660E) in font nullfont!
Missing character: There is no ] ("5D) in font nullfont!
Missing character: There is no 根 ("6839) in font nullfont!
Missing character: There is no 据 ("636E) in font nullfont!
Missing character: There is no 动 ("52A8) in font nullfont!
Missing character: There is no 量 ("91CF) in font nullfont!
Missing character: There is no 矩 ("77E9) in font nullfont!
Missing character: There is no 定 ("5B9A) in font nullfont!
Missing character: There is no 理 ("7406) in font nullfont!
Missing character: There is no ： ("FF1A) in font nullfont!
Missing character: There is no 有 (U+6709) in font [lmroman10-bold]:mapping=tex-
text;!
Missing character: There is no 限 (U+9650) in font [lmroman10-bold]:mapping=tex-
text;!
Missing character: There is no 质 (U+8D28) in font [lmroman10-bold]:mapping=tex-
text;!
Missing character: There is no 量 (U+91CF) in font [lmroman10-bold]:mapping=tex-
text;!
Missing character: There is no 体 (U+4F53) in font [lmroman10-bold]:mapping=tex-
text;!
Missing character: There is no 的 (U+7684) in font [lmroman10-bold]:mapping=tex-
text;!
Missing character: There is no 动 (U+52A8) in font [lmroman10-bold]:mapping=tex-
text;!
Missing character: There is no 量 (U+91CF) in font [lmroman10-bold]:mapping=tex-
text;!
Missing character: There is no 矩 (U+77E9) in font [lmroman10-bold]:mapping=tex-
text;!
Missing character: There is no 增 (U+589E) in font [lmroman10-bold]:mapping=tex-
text;!
Missing character: There is no 长 (U+957F) in font [lmroman10-bold]:mapping=tex-
text;!
Missing character: There is no 率 (U+7387) in font [lmroman10-bold]:mapping=tex-
text;!
Missing character: There is no 应 (U+5E94) in font [lmroman10-bold]:mapping=tex-
text;!
Missing character: There is no 等 (U+7B49) in font [lmroman10-bold]:mapping=tex-
text;!
Missing character: There is no 于 (U+4E8E) in font [lmroman10-bold]:mapping=tex-
text;!
Missing character: There is no 作 (U+4F5C) in font [lmroman10-bold]:mapping=tex-
text;!
Missing character: There is no 用 (U+7528) in font [lmroman10-bold]:mapping=tex-
text;!
Missing character: There is no 在 (U+5728) in font [lmroman10-bold]:mapping=tex-
text;!
Missing character: There is no 该 (U+8BE5) in font [lmroman10-bold]:mapping=tex-
text;!
Missing character: There is no 质 (U+8D28) in font [lmroman10-bold]:mapping=tex-
text;!
Missing character: There is no 量 (U+91CF) in font [lmroman10-bold]:mapping=tex-
text;!
Missing character: There is no 体 (U+4F53) in font [lmroman10-bold]:mapping=tex-
text;!
Missing character: There is no 上 (U+4E0A) in font [lmroman10-bold]:mapping=tex-
text;!
Missing character: There is no 的 (U+7684) in font [lmroman10-bold]:mapping=tex-
text;!
Missing character: There is no 外 (U+5916) in font [lmroman10-bold]:mapping=tex-
text;!
Missing character: There is no 力 (U+529B) in font [lmroman10-bold]:mapping=tex-
text;!
Missing character: There is no 矩 (U+77E9) in font [lmroman10-bold]:mapping=tex-
text;!
Missing character: There is no 之 (U+4E4B) in font [lmroman10-bold]:mapping=tex-
text;!
Missing character: There is no 和 (U+548C) in font [lmroman10-bold]:mapping=tex-
text;!
Missing character: There is no 。 ("3002) in font nullfont!
Missing character: There is no 在 ("5728) in font nullfont!
Missing character: There is no 流 ("6D41) in font nullfont!
Missing character: There is no 体 ("4F53) in font nullfont!
Missing character: There is no 中 ("4E2D) in font nullfont!
Missing character: There is no 取 ("53D6) in font nullfont!
Missing character: There is no 任 ("4EFB) in font nullfont!
Missing character: There is no 意 ("610F) in font nullfont!
Missing character: There is no 一 ("4E00) in font nullfont!
Missing character: There is no 有 ("6709) in font nullfont!
Missing character: There is no 限 ("9650) in font nullfont!
Missing character: There is no 体 ("4F53) in font nullfont!
Missing character: There is no 积 ("79EF) in font nullfont!
Missing character: There is no 流 ("6D41) in font nullfont!
Missing character: There is no 体 ("4F53) in font nullfont!
Missing character: There is no ， ("FF0C) in font nullfont!
Missing character: There is no 它 ("5B83) in font nullfont!
Missing character: There is no 所 ("6240) in font nullfont!
Missing character: There is no 受 ("53D7) in font nullfont!
Missing character: There is no 的 ("7684) in font nullfont!
Missing character: There is no 外 ("5916) in font nullfont!
Missing character: There is no 力 ("529B) in font nullfont!
Missing character: There is no 矩 ("77E9) in font nullfont!
Missing character: There is no 有 ("6709) in font nullfont!
Missing character: There is no 两 ("4E24) in font nullfont!
Missing character: There is no 类 ("7C7B) in font nullfont!
Missing character: There is no — ("2014) in font nullfont!
Missing character: There is no — ("2014) in font nullfont!
Missing character: There is no 表 ("8868) in font nullfont!
Missing character: There is no 面 ("9762) in font nullfont!
Missing character: There is no 力 ("529B) in font nullfont!
Missing character: There is no 矩 ("77E9) in font nullfont!
Missing character: There is no 和 ("548C) in font nullfont!
Missing character: There is no 体 ("4F53) in font nullfont!
Missing character: There is no 积 ("79EF) in font nullfont!
Missing character: There is no 力 ("529B) in font nullfont!
Missing character: There is no 矩 ("77E9) in font nullfont!
Missing character: There is no ， ("FF0C) in font nullfont!
Missing character: There is no 二 ("4E8C) in font nullfont!
Missing character: There is no 者 ("8005) in font nullfont!
Missing character: There is no 的 ("7684) in font nullfont!
Missing character: There is no 共 ("5171) in font nullfont!
Missing character: There is no 同 ("540C) in font nullfont!
Missing character: There is no 来 ("6765) in font nullfont!
Missing character: There is no 源 ("6E90) in font nullfont!
Missing character: There is no 都 ("90FD) in font nullfont!
Missing character: There is no 是 ("662F) in font nullfont!
Missing character: There is no " ("22) in font nullfont!
Missing character: There is no 力 ("529B) in font nullfont!
Missing character: There is no 矩 ("77E9) in font nullfont!
Missing character: There is no 位 ("4F4D) in font nullfont!
Missing character: There is no 矢 ("77E2) in font nullfont!
! Undefined control sequence.
<recently read> \boldsymbol 
                            
l.286 ...面力矩和体积力矩，二者的共同来源都是"力矩 $=$ 位矢 $\boldsymbol
                                                  {r}$ 叉乘力"：
The control sequence at the end of the top line
of your error message was never \def'ed. If you have
misspelled it (e.g., `\hobx'), type `I' and the correct
spelling (e.g., `I\hbox'). Otherwise just continue,
and I'll forget about whatever was undefined.

Missing character: There is no 叉 ("53C9) in font nullfont!
Missing character: There is no 乘 ("4E58) in font nullfont!
Missing character: There is no 力 ("529B) in font nullfont!
Missing character: There is no " ("22) in font nullfont!
Missing character: There is no ： ("FF1A) in font nullfont!

Overfull \hbox (20.0pt too wide) in paragraph at lines 285--287
[]
 []


Overfull \hbox (81.2pt too wide) in paragraph at lines 285--287
\TU/lmr/bx/n/10 有限质量体的动量矩增长率应等于作用在该质量体上的外力矩之和
 []


Overfull \hbox (7.7778pt too wide) in paragraph at lines 285--287
\OT1/cmr/m/n/10 =$
 []


Overfull \hbox (4.78937pt too wide) in paragraph at lines 285--287
\OML/cmm/m/it/10 r$ 
 []

Missing character: There is no 微 ("5FAE) in font nullfont!
Missing character: There is no 元 ("5143) in font nullfont!
Missing character: There is no 面 ("9762) in font nullfont!
Missing character: There is no 积 ("79EF) in font nullfont!
Missing character: There is no 上 ("4E0A) in font nullfont!
Missing character: There is no 所 ("6240) in font nullfont!
Missing character: There is no 受 ("53D7) in font nullfont!
Missing character: There is no 表 ("8868) in font nullfont!
Missing character: There is no 面 ("9762) in font nullfont!
Missing character: There is no 力 ("529B) in font nullfont!
Missing character: There is no 为 ("4E3A) in font nullfont!
! Undefined control sequence.
<recently read> \boldsymbol 
                            
l.288 ...m 微元面积 $\mathrm{d}A$ 上所受表面力为 $\boldsymbol
                                                  {T}_n\,\mathrm{d}A$（应力乘面积）...
The control sequence at the end of the top line
of your error message was never \def'ed. If you have
misspelled it (e.g., `\hobx'), type `I' and the correct
spelling (e.g., `I\hbox'). Otherwise just continue,
and I'll forget about whatever was undefined.

Missing character: There is no （ ("FF08) in font nullfont!
Missing character: There is no 应 ("5E94) in font nullfont!
Missing character: There is no 力 ("529B) in font nullfont!
Missing character: There is no 乘 ("4E58) in font nullfont!
Missing character: There is no 面 ("9762) in font nullfont!
Missing character: There is no 积 ("79EF) in font nullfont!
Missing character: There is no ） ("FF09) in font nullfont!
Missing character: There is no ， ("FF0C) in font nullfont!
Missing character: There is no 它 ("5B83) in font nullfont!
Missing character: There is no 对 ("5BF9) in font nullfont!
Missing character: There is no 参 ("53C2) in font nullfont!
Missing character: There is no 考 ("8003) in font nullfont!
Missing character: There is no 点 ("70B9) in font nullfont!
Missing character: There is no 的 ("7684) in font nullfont!
Missing character: There is no 力 ("529B) in font nullfont!
Missing character: There is no 矩 ("77E9) in font nullfont!
Missing character: There is no 为 ("4E3A) in font nullfont!
! Undefined control sequence.
<recently read> \boldsymbol 
                            
l.288 ...m{d}A$（应力乘面积），它对参考点 $O$ 的力矩为 $\boldsymbol
                                                  {r}\times(\boldsymbol{T}_n...
The control sequence at the end of the top line
of your error message was never \def'ed. If you have
misspelled it (e.g., `\hobx'), type `I' and the correct
spelling (e.g., `I\hbox'). Otherwise just continue,
and I'll forget about whatever was undefined.

! Undefined control sequence.
l.288 ...O$ 的力矩为 $\boldsymbol{r}\times(\boldsymbol
                                                  {T}_n\,\mathrm{d}A)$，对整个封闭...
The control sequence at the end of the top line
of your error message was never \def'ed. If you have
misspelled it (e.g., `\hobx'), type `I' and the correct
spelling (e.g., `I\hbox'). Otherwise just continue,
and I'll forget about whatever was undefined.

Missing character: There is no ， ("FF0C) in font nullfont!
Missing character: There is no 对 ("5BF9) in font nullfont!
Missing character: There is no 整 ("6574) in font nullfont!
Missing character: There is no 个 ("4E2A) in font nullfont!
Missing character: There is no 封 ("5C01) in font nullfont!
Missing character: There is no 闭 ("95ED) in font nullfont!
Missing character: There is no 面 ("9762) in font nullfont!
Missing character: There is no 积 ("79EF) in font nullfont!
Missing character: There is no 分 ("5206) in font nullfont!
Missing character: There is no ， ("FF0C) in font nullfont!
Missing character: There is no 并 ("5E76) in font nullfont!
Missing character: There is no 利 ("5229) in font nullfont!
Missing character: There is no 用 ("7528) in font nullfont!
! Undefined control sequence.
<recently read> \boldsymbol 
                            
l.288 ...d}A)$，对整个封闭面 $\Sigma$ 积分，并利用 $\boldsymbol
                                                  {T}_n=\boldsymbol{T}_i\,n_...
The control sequence at the end of the top line
of your error message was never \def'ed. If you have
misspelled it (e.g., `\hobx'), type `I' and the correct
spelling (e.g., `I\hbox'). Otherwise just continue,
and I'll forget about whatever was undefined.

! Undefined control sequence.
l.288 ...gma$ 积分，并利用 $\boldsymbol{T}_n=\boldsymbol
                                                  {T}_i\,n_i$，得表面力矩
The control sequence at the end of the top line
of your error message was never \def'ed. If you have
misspelled it (e.g., `\hobx'), type `I' and the correct
spelling (e.g., `I\hbox'). Otherwise just continue,
and I'll forget about whatever was undefined.

Missing character: There is no ， ("FF0C) in font nullfont!
Missing character: There is no 得 ("5F97) in font nullfont!
Missing character: There is no 表 ("8868) in font nullfont!
Missing character: There is no 面 ("9762) in font nullfont!
Missing character: There is no 力 ("529B) in font nullfont!
Missing character: There is no 矩 ("77E9) in font nullfont!

Overfull \hbox (13.05559pt too wide) in paragraph at lines 288--289
\OT1/cmr/m/n/10 d\OML/cmm/m/it/10 A$
 []


Overfull \hbox (26.0093pt too wide) in paragraph at lines 288--289
\OML/cmm/m/it/10 T[] \OT1/cmr/m/n/10 d\OML/cmm/m/it/10 A$
 []


Overfull \hbox (7.90555pt too wide) in paragraph at lines 288--289
\OML/cmm/m/it/10 O$
 []


Overfull \hbox (12.56717pt too wide) in paragraph at lines 288--289
\OML/cmm/m/it/10 r \OMS/cmsy/m/n/10 ^^B
 []


Overfull \hbox (33.7871pt too wide) in paragraph at lines 288--289
\OT1/cmr/m/n/10 (\OML/cmm/m/it/10 T[] \OT1/cmr/m/n/10 d\OML/cmm/m/it/10 A\OT1/c
mr/m/n/10 )$
 []


Overfull \hbox (7.22223pt too wide) in paragraph at lines 288--289
\OT1/cmr/m/n/10 ^^F$
 []


Overfull \hbox (21.84259pt too wide) in paragraph at lines 288--289
\OML/cmm/m/it/10 T[] \OT1/cmr/m/n/10 =
 []


Overfull \hbox (20.1713pt too wide) in paragraph at lines 288--289
\OML/cmm/m/it/10 T[] n[]$ 
 []

! Undefined control sequence.
l.290 ^^I^^I^^I      \boldsymbol
                                {L}_\Sigma=\oiint_\Sigma\boldsymbol{r}\times...
The control sequence at the end of the top line
of your error message was never \def'ed. If you have
misspelled it (e.g., `\hobx'), type `I' and the correct
spelling (e.g., `I\hbox'). Otherwise just continue,
and I'll forget about whatever was undefined.

! Undefined control sequence.
l.290 ^^I^^I^^I      \boldsymbol{L}_\Sigma=\oiint
                                                 _\Sigma\boldsymbol{r}\times...
The control sequence at the end of the top line
of your error message was never \def'ed. If you have
misspelled it (e.g., `\hobx'), type `I' and the correct
spelling (e.g., `I\hbox'). Otherwise just continue,
and I'll forget about whatever was undefined.

! Undefined control sequence.
l.290 ...symbol{L}_\Sigma=\oiint_\Sigma\boldsymbol
                                                  {r}\times\boldsymbol{T}_n\...
The control sequence at the end of the top line
of your error message was never \def'ed. If you have
misspelled it (e.g., `\hobx'), type `I' and the correct
spelling (e.g., `I\hbox'). Otherwise just continue,
and I'll forget about whatever was undefined.

! Undefined control sequence.
l.290 ...int_\Sigma\boldsymbol{r}\times\boldsymbol
                                                  {T}_n\,\mathrm{d}A=\oiint_...
The control sequence at the end of the top line
of your error message was never \def'ed. If you have
misspelled it (e.g., `\hobx'), type `I' and the correct
spelling (e.g., `I\hbox'). Otherwise just continue,
and I'll forget about whatever was undefined.

! Undefined control sequence.
l.290 ...times\boldsymbol{T}_n\,\mathrm{d}A=\oiint
                                                  _\Sigma\boldsymbol{r}\time...
The control sequence at the end of the top line
of your error message was never \def'ed. If you have
misspelled it (e.g., `\hobx'), type `I' and the correct
spelling (e.g., `I\hbox'). Otherwise just continue,
and I'll forget about whatever was undefined.

! Undefined control sequence.
l.290 ...}_n\,\mathrm{d}A=\oiint_\Sigma\boldsymbol
                                                  {r}\times\boldsymbol{T}_i\...
The control sequence at the end of the top line
of your error message was never \def'ed. If you have
misspelled it (e.g., `\hobx'), type `I' and the correct
spelling (e.g., `I\hbox'). Otherwise just continue,
and I'll forget about whatever was undefined.

! Undefined control sequence.
l.290 ...int_\Sigma\boldsymbol{r}\times\boldsymbol
                                                  {T}_i\,n_i\,\mathrm{d}A
The control sequence at the end of the top line
of your error message was never \def'ed. If you have
misspelled it (e.g., `\hobx'), type `I' and the correct
spelling (e.g., `I\hbox'). Otherwise just continue,
and I'll forget about whatever was undefined.


Overfull \hbox (138.13423pt too wide) detected at line 291
[]\OML/cmm/m/it/10 L[] \OT1/cmr/m/n/10 =[] \OML/cmm/m/it/10 r \OMS/cmsy/m/n/10 
^^B \OML/cmm/m/it/10 T[] \OT1/cmr/m/n/10 d\OML/cmm/m/it/10 A \OT1/cmr/m/n/10 =[
] \OML/cmm/m/it/10 r \OMS/cmsy/m/n/10 ^^B \OML/cmm/m/it/10 T[] n[] \OT1/cmr/m/n
/10 d\OML/cmm/m/it/10 A
 []

Missing character: There is no 微 ("5FAE) in font nullfont!
Missing character: There is no 元 ("5143) in font nullfont!
Missing character: There is no 体 ("4F53) in font nullfont!
Missing character: There is no 积 ("79EF) in font nullfont!
Missing character: There is no 的 ("7684) in font nullfont!
Missing character: There is no 质 ("8D28) in font nullfont!
Missing character: There is no 量 ("91CF) in font nullfont!
Missing character: There is no 为 ("4E3A) in font nullfont!
Missing character: There is no ， ("FF0C) in font nullfont!
Missing character: There is no 所 ("6240) in font nullfont!
Missing character: There is no 受 ("53D7) in font nullfont!
Missing character: There is no 体 ("4F53) in font nullfont!
Missing character: There is no 积 ("79EF) in font nullfont!
Missing character: There is no 力 ("529B) in font nullfont!
Missing character: There is no 为 ("4E3A) in font nullfont!
! Undefined control sequence.
l.292 ...rho\,\mathrm{d}V$，所受体积力为 $\rho\boldsymbol
                                                  {f}\,\mathrm{d}V$（单位质量体积力 ...
The control sequence at the end of the top line
of your error message was never \def'ed. If you have
misspelled it (e.g., `\hobx'), type `I' and the correct
spelling (e.g., `I\hbox'). Otherwise just continue,
and I'll forget about whatever was undefined.

Missing character: There is no （ ("FF08) in font nullfont!
Missing character: There is no 单 ("5355) in font nullfont!
Missing character: There is no 位 ("4F4D) in font nullfont!
Missing character: There is no 质 ("8D28) in font nullfont!
Missing character: There is no 量 ("91CF) in font nullfont!
Missing character: There is no 体 ("4F53) in font nullfont!
Missing character: There is no 积 ("79EF) in font nullfont!
Missing character: There is no 力 ("529B) in font nullfont!
! Undefined control sequence.
<recently read> \boldsymbol 
                            
l.292 ...bol{f}\,\mathrm{d}V$（单位质量体积力 $\boldsymbol
                                                  {f}$ 乘质量），它对 $O$ 点的力矩为 $\b...
The control sequence at the end of the top line
of your error message was never \def'ed. If you have
misspelled it (e.g., `\hobx'), type `I' and the correct
spelling (e.g., `I\hbox'). Otherwise just continue,
and I'll forget about whatever was undefined.

Missing character: There is no 乘 ("4E58) in font nullfont!
Missing character: There is no 质 ("8D28) in font nullfont!
Missing character: There is no 量 ("91CF) in font nullfont!
Missing character: There is no ） ("FF09) in font nullfont!
Missing character: There is no ， ("FF0C) in font nullfont!
Missing character: There is no 它 ("5B83) in font nullfont!
Missing character: There is no 对 ("5BF9) in font nullfont!
Missing character: There is no 点 ("70B9) in font nullfont!
Missing character: There is no 的 ("7684) in font nullfont!
Missing character: There is no 力 ("529B) in font nullfont!
Missing character: There is no 矩 ("77E9) in font nullfont!
Missing character: There is no 为 ("4E3A) in font nullfont!
! Undefined control sequence.
<recently read> \boldsymbol 
                            
l.292 ...symbol{f}$ 乘质量），它对 $O$ 点的力矩为 $\boldsymbol
                                                  {r}\times(\rho\boldsymbol{...
The control sequence at the end of the top line
of your error message was never \def'ed. If you have
misspelled it (e.g., `\hobx'), type `I' and the correct
spelling (e.g., `I\hbox'). Otherwise just continue,
and I'll forget about whatever was undefined.

! Undefined control sequence.
l.292 ...力矩为 $\boldsymbol{r}\times(\rho\boldsymbol
                                                  {f}\,\mathrm{d}V)$，对全体积积分，...
The control sequence at the end of the top line
of your error message was never \def'ed. If you have
misspelled it (e.g., `\hobx'), type `I' and the correct
spelling (e.g., `I\hbox'). Otherwise just continue,
and I'll forget about whatever was undefined.

Missing character: There is no ， ("FF0C) in font nullfont!
Missing character: There is no 对 ("5BF9) in font nullfont!
Missing character: There is no 全 ("5168) in font nullfont!
Missing character: There is no 体 ("4F53) in font nullfont!
Missing character: There is no 积 ("79EF) in font nullfont!
Missing character: There is no 积 ("79EF) in font nullfont!
Missing character: There is no 分 ("5206) in font nullfont!
Missing character: There is no ， ("FF0C) in font nullfont!
Missing character: There is no 得 ("5F97) in font nullfont!
Missing character: There is no 体 ("4F53) in font nullfont!
Missing character: There is no 积 ("79EF) in font nullfont!
Missing character: There is no 力 ("529B) in font nullfont!
Missing character: There is no 矩 ("77E9) in font nullfont!

Overfull \hbox (13.61113pt too wide) in paragraph at lines 292--293
\OT1/cmr/m/n/10 d\OML/cmm/m/it/10 V$
 []


Overfull \hbox (20.4479pt too wide) in paragraph at lines 292--293
\OML/cmm/m/it/10 ^^Z \OT1/cmr/m/n/10 d\OML/cmm/m/it/10 V$
 []


Overfull \hbox (26.42017pt too wide) in paragraph at lines 292--293
\OML/cmm/m/it/10 ^^Zf \OT1/cmr/m/n/10 d\OML/cmm/m/it/10 V$
 []


Overfull \hbox (5.97226pt too wide) in paragraph at lines 292--293
\OML/cmm/m/it/10 f$
 []


Overfull \hbox (7.90555pt too wide) in paragraph at lines 292--293
\OML/cmm/m/it/10 O$
 []


Overfull \hbox (12.56717pt too wide) in paragraph at lines 292--293
\OML/cmm/m/it/10 r \OMS/cmsy/m/n/10 ^^B
 []


Overfull \hbox (34.19797pt too wide) in paragraph at lines 292--293
\OT1/cmr/m/n/10 (\OML/cmm/m/it/10 ^^Zf \OT1/cmr/m/n/10 d\OML/cmm/m/it/10 V\OT1/
cmr/m/n/10 )$ 
 []

! Undefined control sequence.
l.294 ^^I^^I^^I      \boldsymbol
                                {L}_V=\iiint_V\rho\,(\boldsymbol{r}\times\bo...
The control sequence at the end of the top line
of your error message was never \def'ed. If you have
misspelled it (e.g., `\hobx'), type `I' and the correct
spelling (e.g., `I\hbox'). Otherwise just continue,
and I'll forget about whatever was undefined.

! Undefined control sequence.
l.294 ^^I^^I^^I      \boldsymbol{L}_V=\iiint
                                            _V\rho\,(\boldsymbol{r}\times\bo...
The control sequence at the end of the top line
of your error message was never \def'ed. If you have
misspelled it (e.g., `\hobx'), type `I' and the correct
spelling (e.g., `I\hbox'). Otherwise just continue,
and I'll forget about whatever was undefined.

! Undefined control sequence.
l.294 ...oldsymbol{L}_V=\iiint_V\rho\,(\boldsymbol
                                                  {r}\times\boldsymbol{f})\,...
The control sequence at the end of the top line
of your error message was never \def'ed. If you have
misspelled it (e.g., `\hobx'), type `I' and the correct
spelling (e.g., `I\hbox'). Otherwise just continue,
and I'll forget about whatever was undefined.

! Undefined control sequence.
l.294 ...t_V\rho\,(\boldsymbol{r}\times\boldsymbol
                                                  {f})\,\mathrm{d}V
The control sequence at the end of the top line
of your error message was never \def'ed. If you have
misspelled it (e.g., `\hobx'), type `I' and the correct
spelling (e.g., `I\hbox'). Otherwise just continue,
and I'll forget about whatever was undefined.


Overfull \hbox (82.4595pt too wide) detected at line 295
[]\OML/cmm/m/it/10 L[] \OT1/cmr/m/n/10 =[] \OML/cmm/m/it/10 ^^Z \OT1/cmr/m/n/10
 (\OML/cmm/m/it/10 r \OMS/cmsy/m/n/10 ^^B \OML/cmm/m/it/10 f\OT1/cmr/m/n/10 ) d
\OML/cmm/m/it/10 V
 []

Missing character: There is no （ ("FF08) in font nullfont!
Missing character: There is no 这 ("8FD9) in font nullfont!
Missing character: There is no 与 ("4E0E) in font nullfont!
Missing character: There is no 前 ("524D) in font nullfont!
Missing character: There is no 面 ("9762) in font nullfont!
Missing character: There is no " ("22) in font nullfont!
Missing character: There is no 由 ("7531) in font nullfont!
Missing character: There is no 体 ("4F53) in font nullfont!
Missing character: There is no 积 ("79EF) in font nullfont!
Missing character: There is no 力 ("529B) in font nullfont!
Missing character: There is no 强 ("5F3A) in font nullfont!
Missing character: There is no 度 ("5EA6) in font nullfont!
Missing character: There is no 求 ("6C42) in font nullfont!
Missing character: There is no 合 ("5408) in font nullfont!
Missing character: There is no 力 ("529B) in font nullfont!
Missing character: There is no 矩 ("77E9) in font nullfont!
Missing character: There is no " ("22) in font nullfont!
Missing character: There is no 的 ("7684) in font nullfont!
Missing character: There is no 公 ("516C) in font nullfont!
Missing character: There is no 式 ("5F0F) in font nullfont!
! Undefined control sequence.
<recently read> \boldsymbol 
                            
l.296 ...^I      （这与前面"由体积力强度求合力矩"的公式 $\boldsymbol
                                                  {L}=\int_V\boldsymbol{r}\t...
The control sequence at the end of the top line
of your error message was never \def'ed. If you have
misspelled it (e.g., `\hobx'), type `I' and the correct
spelling (e.g., `I\hbox'). Otherwise just continue,
and I'll forget about whatever was undefined.

! Undefined control sequence.
l.296 ...合力矩"的公式 $\boldsymbol{L}=\int_V\boldsymbol
                                                  {r}\times\boldsymbol{f}_V\...
The control sequence at the end of the top line
of your error message was never \def'ed. If you have
misspelled it (e.g., `\hobx'), type `I' and the correct
spelling (e.g., `I\hbox'). Otherwise just continue,
and I'll forget about whatever was undefined.

! Undefined control sequence.
l.296 ...{L}=\int_V\boldsymbol{r}\times\boldsymbol
                                                  {f}_V\,\mathrm{d}V$ 一致，只是此...
The control sequence at the end of the top line
of your error message was never \def'ed. If you have
misspelled it (e.g., `\hobx'), type `I' and the correct
spelling (e.g., `I\hbox'). Otherwise just continue,
and I'll forget about whatever was undefined.

Missing character: There is no 一 ("4E00) in font nullfont!
Missing character: There is no 致 ("81F4) in font nullfont!
Missing character: There is no ， ("FF0C) in font nullfont!
Missing character: There is no 只 ("53EA) in font nullfont!
Missing character: There is no 是 ("662F) in font nullfont!
Missing character: There is no 此 ("6B64) in font nullfont!
Missing character: There is no 处 ("5904) in font nullfont!
! Undefined control sequence.
<recently read> \boldsymbol 
                            
l.296 ...l{f}_V\,\mathrm{d}V$ 一致，只是此处 $\boldsymbol
                                                  {f}_V=\rho\boldsymbol{f}$。）
The control sequence at the end of the top line
of your error message was never \def'ed. If you have
misspelled it (e.g., `\hobx'), type `I' and the correct
spelling (e.g., `I\hbox'). Otherwise just continue,
and I'll forget about whatever was undefined.

! Undefined control sequence.
l.296 ...一致，只是此处 $\boldsymbol{f}_V=\rho\boldsymbol
                                                  {f}$。）
The control sequence at the end of the top line
of your error message was never \def'ed. If you have
misspelled it (e.g., `\hobx'), type `I' and the correct
spelling (e.g., `I\hbox'). Otherwise just continue,
and I'll forget about whatever was undefined.

Missing character: There is no 。 ("3002) in font nullfont!
Missing character: There is no ） ("FF09) in font nullfont!

Overfull \hbox (17.36108pt too wide) in paragraph at lines 295--297
 $\OML/cmm/m/it/10 L \OT1/cmr/m/n/10 =
 []


Overfull \hbox (25.9005pt too wide) in paragraph at lines 295--297
[][] \OML/cmm/m/it/10 r \OMS/cmsy/m/n/10 ^^B
 []


Overfull \hbox (27.11809pt too wide) in paragraph at lines 295--297
\OML/cmm/m/it/10 f[] \OT1/cmr/m/n/10 d\OML/cmm/m/it/10 V$
 []


Overfull \hbox (22.39584pt too wide) in paragraph at lines 295--297
\OML/cmm/m/it/10 f[] \OT1/cmr/m/n/10 =
 []


Overfull \hbox (11.14241pt too wide) in paragraph at lines 295--297
\OML/cmm/m/it/10 ^^Zf$ 
 []

Missing character: There is no 有 ("6709) in font nullfont!
Missing character: There is no 限 ("9650) in font nullfont!
Missing character: There is no 体 ("4F53) in font nullfont!
Missing character: There is no 的 ("7684) in font nullfont!
Missing character: There is no 动 ("52A8) in font nullfont!
Missing character: There is no 量 ("91CF) in font nullfont!
Missing character: There is no 矩 ("77E9) in font nullfont!
Missing character: There is no 用 ("7528) in font nullfont!
! Undefined control sequence.
<recently read> \boldsymbol 
                            
l.299 ^^I有限体的动量矩用 $\boldsymbol
                              {K}$ 表示，它的增长率等于
The control sequence at the end of the top line
of your error message was never \def'ed. If you have
misspelled it (e.g., `\hobx'), type `I' and the correct
spelling (e.g., `I\hbox'). Otherwise just continue,
and I'll forget about whatever was undefined.

Missing character: There is no 表 ("8868) in font nullfont!
Missing character: There is no 示 ("793A) in font nullfont!
Missing character: There is no ， ("FF0C) in font nullfont!
Missing character: There is no 它 ("5B83) in font nullfont!
Missing character: There is no 的 ("7684) in font nullfont!
Missing character: There is no 增 ("589E) in font nullfont!
Missing character: There is no 长 ("957F) in font nullfont!
Missing character: There is no 率 ("7387) in font nullfont!
Missing character: There is no 等 ("7B49) in font nullfont!
Missing character: There is no 于 ("4E8E) in font nullfont!

Overfull \hbox (20.0pt too wide) in paragraph at lines 299--300
[]
 []


Overfull \hbox (9.20833pt too wide) in paragraph at lines 299--300
\OML/cmm/m/it/10 K$
 []

! Undefined control sequence.
<argument> \mathrm {d}\boldsymbol 
                                  {K}
l.301 ...ac{\mathrm{d}\boldsymbol{K}}{\mathrm{d}t}
                                                  =\iiint_V\rho\,(\boldsymbo...
The control sequence at the end of the top line
of your error message was never \def'ed. If you have
misspelled it (e.g., `\hobx'), type `I' and the correct
spelling (e.g., `I\hbox'). Otherwise just continue,
and I'll forget about whatever was undefined.

! Undefined control sequence.
l.301 ...hrm{d}\boldsymbol{K}}{\mathrm{d}t}=\iiint
                                                  _V\rho\,(\boldsymbol{r}\ti...
The control sequence at the end of the top line
of your error message was never \def'ed. If you have
misspelled it (e.g., `\hobx'), type `I' and the correct
spelling (e.g., `I\hbox'). Otherwise just continue,
and I'll forget about whatever was undefined.

! Undefined control sequence.
l.301 ...}{\mathrm{d}t}=\iiint_V\rho\,(\boldsymbol
                                                  {r}\times\boldsymbol{a})\,...
The control sequence at the end of the top line
of your error message was never \def'ed. If you have
misspelled it (e.g., `\hobx'), type `I' and the correct
spelling (e.g., `I\hbox'). Otherwise just continue,
and I'll forget about whatever was undefined.

! Undefined control sequence.
l.301 ...t_V\rho\,(\boldsymbol{r}\times\boldsymbol
                                                  {a})\,\mathrm{d}V
The control sequence at the end of the top line
of your error message was never \def'ed. If you have
misspelled it (e.g., `\hobx'), type `I' and the correct
spelling (e.g., `I\hbox'). Otherwise just continue,
and I'll forget about whatever was undefined.


Overfull \hbox (85.18698pt too wide) detected at line 302
[] \OT1/cmr/m/n/10 =[] \OML/cmm/m/it/10 ^^Z \OT1/cmr/m/n/10 (\OML/cmm/m/it/10 r
 \OMS/cmsy/m/n/10 ^^B \OML/cmm/m/it/10 a\OT1/cmr/m/n/10 ) d\OML/cmm/m/it/10 V
 []


! LaTeX Error: Environment note undefined.

See the LaTeX manual or LaTeX Companion for explanation.
Type  H <return>  for immediate help.
 ...                                              
                                                  
l.304 ^^I\begin{note}
                     
Your command was ignored.
Type  I <command> <return>  to replace it with another command,
or  <return>  to continue without it.

Missing character: There is no 这 ("8FD9) in font nullfont!
Missing character: There is no 里 ("91CC) in font nullfont!
Missing character: There is no 解 ("89E3) in font nullfont!
Missing character: There is no 释 ("91CA) in font nullfont!
Missing character: There is no 一 ("4E00) in font nullfont!
Missing character: There is no 下 ("4E0B) in font nullfont!
Missing character: There is no 为 ("4E3A) in font nullfont!
Missing character: There is no 什 ("4EC0) in font nullfont!
Missing character: There is no 么 ("4E48) in font nullfont!
Missing character: There is no 增 ("589E) in font nullfont!
Missing character: There is no 长 ("957F) in font nullfont!
Missing character: There is no 率 ("7387) in font nullfont!
Missing character: There is no 是 ("662F) in font nullfont!
! Undefined control sequence.
<recently read> \boldsymbol 
                            
l.305 ^^I^^I这里解释一下为什么增长率是 $\boldsymbol
                                      {r}\times\boldsymbol{a}$：动量矩（角动量）定义为 $...
The control sequence at the end of the top line
of your error message was never \def'ed. If you have
misspelled it (e.g., `\hobx'), type `I' and the correct
spelling (e.g., `I\hbox'). Otherwise just continue,
and I'll forget about whatever was undefined.

! Undefined control sequence.
l.305 ...下为什么增长率是 $\boldsymbol{r}\times\boldsymbol
                                                  {a}$：动量矩（角动量）定义为 $\boldsym...
The control sequence at the end of the top line
of your error message was never \def'ed. If you have
misspelled it (e.g., `\hobx'), type `I' and the correct
spelling (e.g., `I\hbox'). Otherwise just continue,
and I'll forget about whatever was undefined.

Missing character: There is no ： ("FF1A) in font nullfont!
Missing character: There is no 动 ("52A8) in font nullfont!
Missing character: There is no 量 ("91CF) in font nullfont!
Missing character: There is no 矩 ("77E9) in font nullfont!
Missing character: There is no （ ("FF08) in font nullfont!
Missing character: There is no 角 ("89D2) in font nullfont!
Missing character: There is no 动 ("52A8) in font nullfont!
Missing character: There is no 量 ("91CF) in font nullfont!
Missing character: There is no ） ("FF09) in font nullfont!
Missing character: There is no 定 ("5B9A) in font nullfont!
Missing character: There is no 义 ("4E49) in font nullfont!
Missing character: There is no 为 ("4E3A) in font nullfont!
! Undefined control sequence.
<recently read> \boldsymbol 
                            
l.305 ...s\boldsymbol{a}$：动量矩（角动量）定义为 $\boldsymbol
                                                  {K}=\iiint_V\boldsymbol{r}...
The control sequence at the end of the top line
of your error message was never \def'ed. If you have
misspelled it (e.g., `\hobx'), type `I' and the correct
spelling (e.g., `I\hbox'). Otherwise just continue,
and I'll forget about whatever was undefined.

! Undefined control sequence.
l.305 ...ol{a}$：动量矩（角动量）定义为 $\boldsymbol{K}=\iiint
                                                  _V\boldsymbol{r}\times(\rh...
The control sequence at the end of the top line
of your error message was never \def'ed. If you have
misspelled it (e.g., `\hobx'), type `I' and the correct
spelling (e.g., `I\hbox'). Otherwise just continue,
and I'll forget about whatever was undefined.

! Undefined control sequence.
l.305 ...量）定义为 $\boldsymbol{K}=\iiint_V\boldsymbol
                                                  {r}\times(\rho\boldsymbol{...
The control sequence at the end of the top line
of your error message was never \def'ed. If you have
misspelled it (e.g., `\hobx'), type `I' and the correct
spelling (e.g., `I\hbox'). Otherwise just continue,
and I'll forget about whatever was undefined.

! Undefined control sequence.
l.305 ...int_V\boldsymbol{r}\times(\rho\boldsymbol
                                                  {v})\,\mathrm{d}V$，即"位矢叉乘动...
The control sequence at the end of the top line
of your error message was never \def'ed. If you have
misspelled it (e.g., `\hobx'), type `I' and the correct
spelling (e.g., `I\hbox'). Otherwise just continue,
and I'll forget about whatever was undefined.

Missing character: There is no ， ("FF0C) in font nullfont!
Missing character: There is no 即 ("5373) in font nullfont!
Missing character: There is no " ("22) in font nullfont!
Missing character: There is no 位 ("4F4D) in font nullfont!
Missing character: There is no 矢 ("77E2) in font nullfont!
Missing character: There is no 叉 ("53C9) in font nullfont!
Missing character: There is no 乘 ("4E58) in font nullfont!
Missing character: There is no 动 ("52A8) in font nullfont!
Missing character: There is no 量 ("91CF) in font nullfont!
Missing character: There is no " ("22) in font nullfont!
Missing character: There is no 。 ("3002) in font nullfont!
Missing character: There is no 对 ("5BF9) in font nullfont!
Missing character: There is no 跟 ("8DDF) in font nullfont!
Missing character: There is no 随 ("968F) in font nullfont!
Missing character: There is no 流 ("6D41) in font nullfont!
Missing character: There is no 体 ("4F53) in font nullfont!
Missing character: There is no 的 ("7684) in font nullfont!
Missing character: There is no 质 ("8D28) in font nullfont!
Missing character: There is no 量 ("91CF) in font nullfont!
Missing character: There is no 体 ("4F53) in font nullfont!
Missing character: There is no 求 ("6C42) in font nullfont!
Missing character: There is no 物 ("7269) in font nullfont!
Missing character: There is no 质 ("8D28) in font nullfont!
Missing character: There is no 导 ("5BFC) in font nullfont!
Missing character: There is no 数 ("6570) in font nullfont!
Missing character: There is no ， ("FF0C) in font nullfont!
Missing character: There is no 叉 ("53C9) in font nullfont!
Missing character: There is no 积 ("79EF) in font nullfont!
Missing character: There is no 同 ("540C) in font nullfont!
Missing character: There is no 样 ("6837) in font nullfont!
Missing character: There is no 满 ("6EE1) in font nullfont!
Missing character: There is no 足 ("8DB3) in font nullfont!
Missing character: There is no 乘 ("4E58) in font nullfont!
Missing character: There is no 积 ("79EF) in font nullfont!
Missing character: There is no 法 ("6CD5) in font nullfont!
Missing character: There is no 则 ("5219) in font nullfont!
Missing character: There is no ： ("FF1A) in font nullfont!

Overfull \hbox (20.0pt too wide) in paragraph at lines 305--306
[]
 []


Overfull \hbox (12.56717pt too wide) in paragraph at lines 305--306
\OML/cmm/m/it/10 r \OMS/cmsy/m/n/10 ^^B
 []


Overfull \hbox (5.28589pt too wide) in paragraph at lines 305--306
\OML/cmm/m/it/10 a$
 []


Overfull \hbox (26.70831pt too wide) in paragraph at lines 305--306
\OML/cmm/m/it/10 K \OT1/cmr/m/n/10 =[]
 []


Overfull \hbox (12.56717pt too wide) in paragraph at lines 305--306
\OML/cmm/m/it/10 r \OMS/cmsy/m/n/10 ^^B
 []


Overfull \hbox (33.43172pt too wide) in paragraph at lines 305--306
\OT1/cmr/m/n/10 (\OML/cmm/m/it/10 ^^Zv\OT1/cmr/m/n/10 ) d\OML/cmm/m/it/10 V$ 
 []

! Undefined control sequence.
<argument> \mathrm {d}\boldsymbol 
                                  {K}
l.307 ...ac{\mathrm{d}\boldsymbol{K}}{\mathrm{d}t}
                                                  =\iiint_V\left[\frac{\math...
The control sequence at the end of the top line
of your error message was never \def'ed. If you have
misspelled it (e.g., `\hobx'), type `I' and the correct
spelling (e.g., `I\hbox'). Otherwise just continue,
and I'll forget about whatever was undefined.

! Undefined control sequence.
l.307 ...hrm{d}\boldsymbol{K}}{\mathrm{d}t}=\iiint
                                                  _V\left[\frac{\mathrm{d}\b...
The control sequence at the end of the top line
of your error message was never \def'ed. If you have
misspelled it (e.g., `\hobx'), type `I' and the correct
spelling (e.g., `I\hbox'). Otherwise just continue,
and I'll forget about whatever was undefined.

! Undefined control sequence.
<argument> \mathrm {d}\boldsymbol 
                                  {r}
l.307 ...ac{\mathrm{d}\boldsymbol{r}}{\mathrm{d}t}
                                                  \times\rho\boldsymbol{v}+\...
The control sequence at the end of the top line
of your error message was never \def'ed. If you have
misspelled it (e.g., `\hobx'), type `I' and the correct
spelling (e.g., `I\hbox'). Otherwise just continue,
and I'll forget about whatever was undefined.

! Undefined control sequence.
l.307 ...bol{r}}{\mathrm{d}t}\times\rho\boldsymbol
                                                  {v}+\boldsymbol{r}\times\f...
The control sequence at the end of the top line
of your error message was never \def'ed. If you have
misspelled it (e.g., `\hobx'), type `I' and the correct
spelling (e.g., `I\hbox'). Otherwise just continue,
and I'll forget about whatever was undefined.

! Undefined control sequence.
l.307 ...{d}t}\times\rho\boldsymbol{v}+\boldsymbol
                                                  {r}\times\frac{\mathrm{d}}...
The control sequence at the end of the top line
of your error message was never \def'ed. If you have
misspelled it (e.g., `\hobx'), type `I' and the correct
spelling (e.g., `I\hbox'). Otherwise just continue,
and I'll forget about whatever was undefined.

! Undefined control sequence.
l.307 ...{\mathrm{d}}{\mathrm{d}t}(\rho\boldsymbol
                                                  {v})\right]\mathrm{d}V
The control sequence at the end of the top line
of your error message was never \def'ed. If you have
misspelled it (e.g., `\hobx'), type `I' and the correct
spelling (e.g., `I\hbox'). Otherwise just continue,
and I'll forget about whatever was undefined.


Overfull \hbox (157.57246pt too wide) detected at line 308
[] \OT1/cmr/m/n/10 =[] [] d\OML/cmm/m/it/10 V
 []

Missing character: There is no 参 ("53C2) in font nullfont!
Missing character: There is no 考 ("8003) in font nullfont!
Missing character: There is no 点 ("70B9) in font nullfont!
Missing character: There is no 固 ("56FA) in font nullfont!
Missing character: There is no 定 ("5B9A) in font nullfont!
Missing character: There is no ， ("FF0C) in font nullfont!
! Undefined control sequence.
<recently read> \dfrac 
                       
l.309 ^^I^^I参考点 $O$ 固定，$\dfrac
                              {\mathrm{d}\boldsymbol{r}}{\mathrm{d}t}=\bolds...
The control sequence at the end of the top line
of your error message was never \def'ed. If you have
misspelled it (e.g., `\hobx'), type `I' and the correct
spelling (e.g., `I\hbox'). Otherwise just continue,
and I'll forget about whatever was undefined.

! Undefined control sequence.
l.309 ...I参考点 $O$ 固定，$\dfrac{\mathrm{d}\boldsymbol
                                                  {r}}{\mathrm{d}t}=\boldsym...
The control sequence at the end of the top line
of your error message was never \def'ed. If you have
misspelled it (e.g., `\hobx'), type `I' and the correct
spelling (e.g., `I\hbox'). Otherwise just continue,
and I'll forget about whatever was undefined.

! Undefined control sequence.
l.309 ...}\boldsymbol{r}}{\mathrm{d}t}=\boldsymbol
                                                  {v}$，故第一项 $=\rho(\boldsymb...
The control sequence at the end of the top line
of your error message was never \def'ed. If you have
misspelled it (e.g., `\hobx'), type `I' and the correct
spelling (e.g., `I\hbox'). Otherwise just continue,
and I'll forget about whatever was undefined.

Missing character: There is no ， ("FF0C) in font nullfont!
Missing character: There is no 故 ("6545) in font nullfont!
Missing character: There is no 第 ("7B2C) in font nullfont!
Missing character: There is no 一 ("4E00) in font nullfont!
Missing character: There is no 项 ("9879) in font nullfont!
! Undefined control sequence.
l.309 ...}=\boldsymbol{v}$，故第一项 $=\rho(\boldsymbol
                                                  {v}\times\boldsymbol{v})=0...
The control sequence at the end of the top line
of your error message was never \def'ed. If you have
misspelled it (e.g., `\hobx'), type `I' and the correct
spelling (e.g., `I\hbox'). Otherwise just continue,
and I'll forget about whatever was undefined.

! Undefined control sequence.
l.309 ...一项 $=\rho(\boldsymbol{v}\times\boldsymbol
                                                  {v})=0$；又因质量守恒 $\dfrac{\ma...
The control sequence at the end of the top line
of your error message was never \def'ed. If you have
misspelled it (e.g., `\hobx'), type `I' and the correct
spelling (e.g., `I\hbox'). Otherwise just continue,
and I'll forget about whatever was undefined.

Missing character: There is no ； ("FF1B) in font nullfont!
Missing character: There is no 又 ("53C8) in font nullfont!
Missing character: There is no 因 ("56E0) in font nullfont!
Missing character: There is no 质 ("8D28) in font nullfont!
Missing character: There is no 量 ("91CF) in font nullfont!
Missing character: There is no 守 ("5B88) in font nullfont!
Missing character: There is no 恒 ("6052) in font nullfont!
! Undefined control sequence.
<recently read> \dfrac 
                       
l.309 ...v}\times\boldsymbol{v})=0$；又因质量守恒 $\dfrac
                                                  {\mathrm{d}}{\mathrm{d}t}(...
The control sequence at the end of the top line
of your error message was never \def'ed. If you have
misspelled it (e.g., `\hobx'), type `I' and the correct
spelling (e.g., `I\hbox'). Otherwise just continue,
and I'll forget about whatever was undefined.

Missing character: There is no ， ("FF0C) in font nullfont!
Missing character: There is no 第 ("7B2C) in font nullfont!
Missing character: There is no 二 ("4E8C) in font nullfont!
Missing character: There is no 项 ("9879) in font nullfont!
! Undefined control sequence.
l.309 ...}(\rho\,\mathrm{d}V)=0$，第二项 $=\boldsymbol
                                                  {r}\times\rho\boldsymbol{a...
The control sequence at the end of the top line
of your error message was never \def'ed. If you have
misspelled it (e.g., `\hobx'), type `I' and the correct
spelling (e.g., `I\hbox'). Otherwise just continue,
and I'll forget about whatever was undefined.

! Undefined control sequence.
l.309 ...第二项 $=\boldsymbol{r}\times\rho\boldsymbol
                                                  {a}$。于是得上式。
The control sequence at the end of the top line
of your error message was never \def'ed. If you have
misspelled it (e.g., `\hobx'), type `I' and the correct
spelling (e.g., `I\hbox'). Otherwise just continue,
and I'll forget about whatever was undefined.

Missing character: There is no 。 ("3002) in font nullfont!
Missing character: There is no 于 ("4E8E) in font nullfont!
Missing character: There is no 是 ("662F) in font nullfont!
Missing character: There is no 得 ("5F97) in font nullfont!
Missing character: There is no 上 ("4E0A) in font nullfont!
Missing character: There is no 式 ("5F0F) in font nullfont!
Missing character: There is no 。 ("3002) in font nullfont!

! LaTeX Error: \begin{document} ended by \end{note}.

See the LaTeX manual or LaTeX Companion for explanation.
Type  H <return>  for immediate help.
 ...                                              
                                                  
l.310 ^^I\end{note}
                   
Your command was ignored.
Type  I <command> <return>  to replace it with another command,
or  <return>  to continue without it.


Overfull \hbox (7.90555pt too wide) in paragraph at lines 308--311
 $\OML/cmm/m/it/10 O$
 []


Overfull \hbox (30.06714pt too wide) in paragraph at lines 308--311
[][] \OT1/cmr/m/n/10 =
 []


Overfull \hbox (5.20601pt too wide) in paragraph at lines 308--311
\OML/cmm/m/it/10 v$
 []


Overfull \hbox (7.7778pt too wide) in paragraph at lines 308--311
\OT1/cmr/m/n/10 =
 []


Overfull \hbox (22.04286pt too wide) in paragraph at lines 308--311
\OML/cmm/m/it/10 ^^Z\OT1/cmr/m/n/10 (\OML/cmm/m/it/10 v \OMS/cmsy/m/n/10 ^^B
 []


Overfull \hbox (19.65042pt too wide) in paragraph at lines 308--311
\OML/cmm/m/it/10 v\OT1/cmr/m/n/10 ) =
 []


Overfull \hbox (5.00002pt too wide) in paragraph at lines 308--311
\OT1/cmr/m/n/10 0$
 []


Overfull \hbox (53.50348pt too wide) in paragraph at lines 308--311
\OT1/cmr/m/n/10 d[](\OML/cmm/m/it/10 ^^Z \OT1/cmr/m/n/10 d\OML/cmm/m/it/10 V\OT
1/cmr/m/n/10 ) =
 []


Overfull \hbox (5.00002pt too wide) in paragraph at lines 308--311
\OT1/cmr/m/n/10 0$
 []


Overfull \hbox (7.7778pt too wide) in paragraph at lines 308--311
\OT1/cmr/m/n/10 =
 []


Overfull \hbox (12.56717pt too wide) in paragraph at lines 308--311
\OML/cmm/m/it/10 r \OMS/cmsy/m/n/10 ^^B
 []


Overfull \hbox (10.45604pt too wide) in paragraph at lines 308--311
\OML/cmm/m/it/10 ^^Za$
 []

Missing character: There is no 将 ("5C06) in font nullfont!
Missing character: There is no 动 ("52A8) in font nullfont!
Missing character: There is no 量 ("91CF) in font nullfont!
Missing character: There is no 矩 ("77E9) in font nullfont!
Missing character: There is no 定 ("5B9A) in font nullfont!
Missing character: There is no 理 ("7406) in font nullfont!
Missing character: There is no 应 ("5E94) in font nullfont!
Missing character: There is no 用 ("7528) in font nullfont!
Missing character: There is no 于 ("4E8E) in font nullfont!
Missing character: There is no 有 ("6709) in font nullfont!
Missing character: There is no 限 ("9650) in font nullfont!
Missing character: There is no 体 ("4F53) in font nullfont!
Missing character: There is no ， ("FF0C) in font nullfont!
Missing character: There is no 有 ("6709) in font nullfont!

Overfull \hbox (20.0pt too wide) in paragraph at lines 312--313
[] 
 []

! Undefined control sequence.
<argument> \mathrm {d}\boldsymbol 
                                  {K}
l.314 ...ac{\mathrm{d}\boldsymbol{K}}{\mathrm{d}t}
                                                  =\boldsymbol{L}_\Sigma+\bo...
The control sequence at the end of the top line
of your error message was never \def'ed. If you have
misspelled it (e.g., `\hobx'), type `I' and the correct
spelling (e.g., `I\hbox'). Otherwise just continue,
and I'll forget about whatever was undefined.

! Undefined control sequence.
l.314 ...}\boldsymbol{K}}{\mathrm{d}t}=\boldsymbol
                                                  {L}_\Sigma+\boldsymbol{L}_V
The control sequence at the end of the top line
of your error message was never \def'ed. If you have
misspelled it (e.g., `\hobx'), type `I' and the correct
spelling (e.g., `I\hbox'). Otherwise just continue,
and I'll forget about whatever was undefined.

! Undefined control sequence.
l.314 ...rm{d}t}=\boldsymbol{L}_\Sigma+\boldsymbol
                                                  {L}_V
The control sequence at the end of the top line
of your error message was never \def'ed. If you have
misspelled it (e.g., `\hobx'), type `I' and the correct
spelling (e.g., `I\hbox'). Otherwise just continue,
and I'll forget about whatever was undefined.


Overfull \hbox (65.0389pt too wide) detected at line 315
[] \OT1/cmr/m/n/10 = \OML/cmm/m/it/10 L[] \OT1/cmr/m/n/10 + \OML/cmm/m/it/10 L[
]
 []

Missing character: There is no 即 ("5373) in font nullfont!
! Undefined control sequence.
l.318 ^^I^^I\iiint
                  _V\rho\,(\boldsymbol{r}\times\boldsymbol{a})\,\mathrm{d}V=...
The control sequence at the end of the top line
of your error message was never \def'ed. If you have
misspelled it (e.g., `\hobx'), type `I' and the correct
spelling (e.g., `I\hbox'). Otherwise just continue,
and I'll forget about whatever was undefined.

! Undefined control sequence.
l.318 ^^I^^I\iiint_V\rho\,(\boldsymbol
                                      {r}\times\boldsymbol{a})\,\mathrm{d}V=...
The control sequence at the end of the top line
of your error message was never \def'ed. If you have
misspelled it (e.g., `\hobx'), type `I' and the correct
spelling (e.g., `I\hbox'). Otherwise just continue,
and I'll forget about whatever was undefined.

! Undefined control sequence.
l.318 ...t_V\rho\,(\boldsymbol{r}\times\boldsymbol
                                                  {a})\,\mathrm{d}V=\oiint_\...
The control sequence at the end of the top line
of your error message was never \def'ed. If you have
misspelled it (e.g., `\hobx'), type `I' and the correct
spelling (e.g., `I\hbox'). Otherwise just continue,
and I'll forget about whatever was undefined.

! Undefined control sequence.
l.318 ...\times\boldsymbol{a})\,\mathrm{d}V=\oiint
                                                  _\Sigma\boldsymbol{r}\time...
The control sequence at the end of the top line
of your error message was never \def'ed. If you have
misspelled it (e.g., `\hobx'), type `I' and the correct
spelling (e.g., `I\hbox'). Otherwise just continue,
and I'll forget about whatever was undefined.

! Undefined control sequence.
l.318 ...a})\,\mathrm{d}V=\oiint_\Sigma\boldsymbol
                                                  {r}\times\boldsymbol{T}_i\...
The control sequence at the end of the top line
of your error message was never \def'ed. If you have
misspelled it (e.g., `\hobx'), type `I' and the correct
spelling (e.g., `I\hbox'). Otherwise just continue,
and I'll forget about whatever was undefined.

! Undefined control sequence.
l.318 ...int_\Sigma\boldsymbol{r}\times\boldsymbol
                                                  {T}_i\,n_i\,\mathrm{d}A+\i...
The control sequence at the end of the top line
of your error message was never \def'ed. If you have
misspelled it (e.g., `\hobx'), type `I' and the correct
spelling (e.g., `I\hbox'). Otherwise just continue,
and I'll forget about whatever was undefined.

! Undefined control sequence.
l.318 ...\boldsymbol{T}_i\,n_i\,\mathrm{d}A+\iiint
                                                  _V\rho\,(\boldsymbol{r}\ti...
The control sequence at the end of the top line
of your error message was never \def'ed. If you have
misspelled it (e.g., `\hobx'), type `I' and the correct
spelling (e.g., `I\hbox'). Otherwise just continue,
and I'll forget about whatever was undefined.

! Undefined control sequence.
l.318 ...i\,\mathrm{d}A+\iiint_V\rho\,(\boldsymbol
                                                  {r}\times\boldsymbol{f})\,...
The control sequence at the end of the top line
of your error message was never \def'ed. If you have
misspelled it (e.g., `\hobx'), type `I' and the correct
spelling (e.g., `I\hbox'). Otherwise just continue,
and I'll forget about whatever was undefined.

! Undefined control sequence.
l.318 ...t_V\rho\,(\boldsymbol{r}\times\boldsymbol
                                                  {f})\,\mathrm{d}V
The control sequence at the end of the top line
of your error message was never \def'ed. If you have
misspelled it (e.g., `\hobx'), type `I' and the correct
spelling (e.g., `I\hbox'). Otherwise just continue,
and I'll forget about whatever was undefined.


Overfull \hbox (184.84616pt too wide) detected at line 319
[]\OML/cmm/m/it/10 ^^Z \OT1/cmr/m/n/10 (\OML/cmm/m/it/10 r \OMS/cmsy/m/n/10 ^^B
 \OML/cmm/m/it/10 a\OT1/cmr/m/n/10 ) d\OML/cmm/m/it/10 V \OT1/cmr/m/n/10 =[] \O
ML/cmm/m/it/10 r \OMS/cmsy/m/n/10 ^^B \OML/cmm/m/it/10 T[] n[] \OT1/cmr/m/n/10 
d\OML/cmm/m/it/10 A \OT1/cmr/m/n/10 +[] \OML/cmm/m/it/10 ^^Z \OT1/cmr/m/n/10 (\
OML/cmm/m/it/10 r \OMS/cmsy/m/n/10 ^^B \OML/cmm/m/it/10 f\OT1/cmr/m/n/10 ) d\OM
L/cmm/m/it/10 V
 []

Missing character: There is no 又 ("53C8) in font nullfont!
Missing character: There is no 有 ("6709) in font nullfont!
Missing character: There is no 高 ("9AD8) in font nullfont!
Missing character: There is no 斯 ("65AF) in font nullfont!
Missing character: There is no 公 ("516C) in font nullfont!
Missing character: There is no 式 ("5F0F) in font nullfont!
Missing character: There is no （ ("FF08) in font nullfont!
Missing character: There is no 散 ("6563) in font nullfont!
Missing character: There is no 度 ("5EA6) in font nullfont!
Missing character: There is no 定 ("5B9A) in font nullfont!
Missing character: There is no 理 ("7406) in font nullfont!
Missing character: There is no ） ("FF09) in font nullfont!
Missing character: There is no ： ("FF1A) in font nullfont!

Overfull \hbox (20.0pt too wide) in paragraph at lines 321--322
[] 
 []

! Undefined control sequence.
l.323 ^^I^^I\oiint
                  _\Sigma\boldsymbol{A}\cdot\boldsymbol{n}\,\mathrm{d}A=\iii...
The control sequence at the end of the top line
of your error message was never \def'ed. If you have
misspelled it (e.g., `\hobx'), type `I' and the correct
spelling (e.g., `I\hbox'). Otherwise just continue,
and I'll forget about whatever was undefined.

! Undefined control sequence.
l.323 ^^I^^I\oiint_\Sigma\boldsymbol
                                    {A}\cdot\boldsymbol{n}\,\mathrm{d}A=\iii...
The control sequence at the end of the top line
of your error message was never \def'ed. If you have
misspelled it (e.g., `\hobx'), type `I' and the correct
spelling (e.g., `I\hbox'). Otherwise just continue,
and I'll forget about whatever was undefined.

! Undefined control sequence.
l.323 ...iint_\Sigma\boldsymbol{A}\cdot\boldsymbol
                                                  {n}\,\mathrm{d}A=\iiint_V\...
The control sequence at the end of the top line
of your error message was never \def'ed. If you have
misspelled it (e.g., `\hobx'), type `I' and the correct
spelling (e.g., `I\hbox'). Otherwise just continue,
and I'll forget about whatever was undefined.

! Undefined control sequence.
l.323 ...A}\cdot\boldsymbol{n}\,\mathrm{d}A=\iiint
                                                  _V\nabla\cdot\boldsymbol{A...
The control sequence at the end of the top line
of your error message was never \def'ed. If you have
misspelled it (e.g., `\hobx'), type `I' and the correct
spelling (e.g., `I\hbox'). Otherwise just continue,
and I'll forget about whatever was undefined.

! Undefined control sequence.
l.323 ...mathrm{d}A=\iiint_V\nabla\cdot\boldsymbol
                                                  {A}\,\mathrm{d}V
The control sequence at the end of the top line
of your error message was never \def'ed. If you have
misspelled it (e.g., `\hobx'), type `I' and the correct
spelling (e.g., `I\hbox'). Otherwise just continue,
and I'll forget about whatever was undefined.


Overfull \hbox (91.37733pt too wide) detected at line 324
[]\OML/cmm/m/it/10 A \OMS/cmsy/m/n/10 ^^A \OML/cmm/m/it/10 n \OT1/cmr/m/n/10 d\
OML/cmm/m/it/10 A \OT1/cmr/m/n/10 =[] \OMS/cmsy/m/n/10 r ^^A \OML/cmm/m/it/10 A
 \OT1/cmr/m/n/10 d\OML/cmm/m/it/10 V
 []

Missing character: There is no 写 ("5199) in font nullfont!
Missing character: There is no 成 ("6210) in font nullfont!
Missing character: There is no 分 ("5206) in font nullfont!
Missing character: There is no 量 ("91CF) in font nullfont!
Missing character: There is no 形 ("5F62) in font nullfont!
Missing character: There is no 式 ("5F0F) in font nullfont!
Missing character: There is no （ ("FF08) in font nullfont!
Missing character: There is no 爱 ("7231) in font nullfont!
Missing character: There is no 因 ("56E0) in font nullfont!
Missing character: There is no 斯 ("65AF) in font nullfont!
Missing character: There is no 坦 ("5766) in font nullfont!
Missing character: There is no 求 ("6C42) in font nullfont!
Missing character: There is no 和 ("548C) in font nullfont!
Missing character: There is no 约 ("7EA6) in font nullfont!
Missing character: There is no 定 ("5B9A) in font nullfont!
Missing character: There is no ） ("FF09) in font nullfont!
Missing character: There is no 即 ("5373) in font nullfont!
! Undefined control sequence.
l.327 ^^I^^I\oiint
                  _\Sigma A_i\,n_i\,\mathrm{d}A=\iiint_V\frac{\partial A_i}{...
The control sequence at the end of the top line
of your error message was never \def'ed. If you have
misspelled it (e.g., `\hobx'), type `I' and the correct
spelling (e.g., `I\hbox'). Otherwise just continue,
and I'll forget about whatever was undefined.

! Undefined control sequence.
l.327 ...oiint_\Sigma A_i\,n_i\,\mathrm{d}A=\iiint
                                                  _V\frac{\partial A_i}{\par...
The control sequence at the end of the top line
of your error message was never \def'ed. If you have
misspelled it (e.g., `\hobx'), type `I' and the correct
spelling (e.g., `I\hbox'). Otherwise just continue,
and I'll forget about whatever was undefined.


Overfull \hbox (97.40746pt too wide) detected at line 328
[]\OML/cmm/m/it/10 A[] n[] \OT1/cmr/m/n/10 d\OML/cmm/m/it/10 A \OT1/cmr/m/n/10 
=[] [] d\OML/cmm/m/it/10 V
 []

Missing character: There is no 把 ("628A) in font nullfont!
Missing character: There is no 它 ("5B83) in font nullfont!
Missing character: There is no 应 ("5E94) in font nullfont!
Missing character: There is no 用 ("7528) in font nullfont!
Missing character: There is no 于 ("4E8E) in font nullfont!
Missing character: There is no 表 ("8868) in font nullfont!
Missing character: There is no 面 ("9762) in font nullfont!
Missing character: There is no 力 ("529B) in font nullfont!
Missing character: There is no 矩 ("77E9) in font nullfont!
Missing character: There is no ， ("FF0C) in font nullfont!
Missing character: There is no 把 ("628A) in font nullfont!
! Undefined control sequence.
l.329 ^^I把它应用于表面力矩，把 $(\boldsymbol
                                  {r}\times\boldsymbol{T}_i)$ 当作上面的向量函数 $A_i$，得
The control sequence at the end of the top line
of your error message was never \def'ed. If you have
misspelled it (e.g., `\hobx'), type `I' and the correct
spelling (e.g., `I\hbox'). Otherwise just continue,
and I'll forget about whatever was undefined.

! Undefined control sequence.
l.329 ...于表面力矩，把 $(\boldsymbol{r}\times\boldsymbol
                                                  {T}_i)$ 当作上面的向量函数 $A_i$，得
The control sequence at the end of the top line
of your error message was never \def'ed. If you have
misspelled it (e.g., `\hobx'), type `I' and the correct
spelling (e.g., `I\hbox'). Otherwise just continue,
and I'll forget about whatever was undefined.

Missing character: There is no 当 ("5F53) in font nullfont!
Missing character: There is no 作 ("4F5C) in font nullfont!
Missing character: There is no 上 ("4E0A) in font nullfont!
Missing character: There is no 面 ("9762) in font nullfont!
Missing character: There is no 的 ("7684) in font nullfont!
Missing character: There is no 向 ("5411) in font nullfont!
Missing character: There is no 量 ("91CF) in font nullfont!
Missing character: There is no 函 ("51FD) in font nullfont!
Missing character: There is no 数 ("6570) in font nullfont!
Missing character: There is no ， ("FF0C) in font nullfont!
Missing character: There is no 得 ("5F97) in font nullfont!

Overfull \hbox (16.45607pt too wide) in paragraph at lines 328--330
 $\OT1/cmr/m/n/10 (\OML/cmm/m/it/10 r \OMS/cmsy/m/n/10 ^^B
 []


Overfull \hbox (13.06194pt too wide) in paragraph at lines 328--330
\OML/cmm/m/it/10 T[]\OT1/cmr/m/n/10 )$
 []


Overfull \hbox (10.8293pt too wide) in paragraph at lines 328--330
\OML/cmm/m/it/10 A[]$ 
 []

! Undefined control sequence.
l.331 ^^I^^I\boldsymbol
                       {L}_\Sigma=\oiint_\Sigma\boldsymbol{r}\times\boldsymb...
The control sequence at the end of the top line
of your error message was never \def'ed. If you have
misspelled it (e.g., `\hobx'), type `I' and the correct
spelling (e.g., `I\hbox'). Otherwise just continue,
and I'll forget about whatever was undefined.

! Undefined control sequence.
l.331 ^^I^^I\boldsymbol{L}_\Sigma=\oiint
                                        _\Sigma\boldsymbol{r}\times\boldsymb...
The control sequence at the end of the top line
of your error message was never \def'ed. If you have
misspelled it (e.g., `\hobx'), type `I' and the correct
spelling (e.g., `I\hbox'). Otherwise just continue,
and I'll forget about whatever was undefined.

! Undefined control sequence.
l.331 ...symbol{L}_\Sigma=\oiint_\Sigma\boldsymbol
                                                  {r}\times\boldsymbol{T}_i\...
The control sequence at the end of the top line
of your error message was never \def'ed. If you have
misspelled it (e.g., `\hobx'), type `I' and the correct
spelling (e.g., `I\hbox'). Otherwise just continue,
and I'll forget about whatever was undefined.

! Undefined control sequence.
l.331 ...int_\Sigma\boldsymbol{r}\times\boldsymbol
                                                  {T}_i\,n_i\,\mathrm{d}A=\i...
The control sequence at the end of the top line
of your error message was never \def'ed. If you have
misspelled it (e.g., `\hobx'), type `I' and the correct
spelling (e.g., `I\hbox'). Otherwise just continue,
and I'll forget about whatever was undefined.

! Undefined control sequence.
l.331 ...\boldsymbol{T}_i\,n_i\,\mathrm{d}A=\iiint
                                                  _V\frac{\partial}{\partial...
The control sequence at the end of the top line
of your error message was never \def'ed. If you have
misspelled it (e.g., `\hobx'), type `I' and the correct
spelling (e.g., `I\hbox'). Otherwise just continue,
and I'll forget about whatever was undefined.

! Undefined control sequence.
l.331 ...{\partial}{\partial x_i}\left(\boldsymbol
                                                  {r}\times\boldsymbol{T}_i\...
The control sequence at the end of the top line
of your error message was never \def'ed. If you have
misspelled it (e.g., `\hobx'), type `I' and the correct
spelling (e.g., `I\hbox'). Otherwise just continue,
and I'll forget about whatever was undefined.

! Undefined control sequence.
l.331 ...x_i}\left(\boldsymbol{r}\times\boldsymbol
                                                  {T}_i\right)\mathrm{d}V
The control sequence at the end of the top line
of your error message was never \def'ed. If you have
misspelled it (e.g., `\hobx'), type `I' and the correct
spelling (e.g., `I\hbox'). Otherwise just continue,
and I'll forget about whatever was undefined.


Overfull \hbox (168.50974pt too wide) detected at line 332
\OML/cmm/m/it/10 L[] \OT1/cmr/m/n/10 =[] \OML/cmm/m/it/10 r \OMS/cmsy/m/n/10 ^^
B \OML/cmm/m/it/10 T[] n[] \OT1/cmr/m/n/10 d\OML/cmm/m/it/10 A \OT1/cmr/m/n/10 
=[] [] [] d\OML/cmm/m/it/10 V
 []

Missing character: There is no 叉 ("53C9) in font nullfont!
Missing character: There is no 积 ("79EF) in font nullfont!
Missing character: There is no 同 ("540C) in font nullfont!
Missing character: There is no 样 ("6837) in font nullfont!
Missing character: There is no 满 ("6EE1) in font nullfont!
Missing character: There is no 足 ("8DB3) in font nullfont!
Missing character: There is no 乘 ("4E58) in font nullfont!
Missing character: There is no 积 ("79EF) in font nullfont!
Missing character: There is no 法 ("6CD5) in font nullfont!
Missing character: There is no 则 ("5219) in font nullfont!
Missing character: There is no ， ("FF0C) in font nullfont!
Missing character: There is no 对 ("5BF9) in font nullfont!
Missing character: There is no 叉 ("53C9) in font nullfont!
Missing character: There is no 积 ("79EF) in font nullfont!
Missing character: There is no 求 ("6C42) in font nullfont!
Missing character: There is no 偏 ("504F) in font nullfont!
Missing character: There is no 导 ("5BFC) in font nullfont!
Missing character: There is no ： ("FF1A) in font nullfont!
! Undefined control sequence.
l.335 ...{\partial}{\partial x_i}\left(\boldsymbol
                                                  {r}\times\boldsymbol{T}_i\...
The control sequence at the end of the top line
of your error message was never \def'ed. If you have
misspelled it (e.g., `\hobx'), type `I' and the correct
spelling (e.g., `I\hbox'). Otherwise just continue,
and I'll forget about whatever was undefined.

! Undefined control sequence.
l.335 ...x_i}\left(\boldsymbol{r}\times\boldsymbol
                                                  {T}_i\right)=\frac{\partia...
The control sequence at the end of the top line
of your error message was never \def'ed. If you have
misspelled it (e.g., `\hobx'), type `I' and the correct
spelling (e.g., `I\hbox'). Otherwise just continue,
and I'll forget about whatever was undefined.

! Undefined control sequence.
<argument> \partial \boldsymbol 
                                {r}
l.335 ...rac{\partial\boldsymbol{r}}{\partial x_i}
                                                  \times\boldsymbol{T}_i+\bo...
The control sequence at the end of the top line
of your error message was never \def'ed. If you have
misspelled it (e.g., `\hobx'), type `I' and the correct
spelling (e.g., `I\hbox'). Otherwise just continue,
and I'll forget about whatever was undefined.

! Undefined control sequence.
l.335 ...symbol{r}}{\partial x_i}\times\boldsymbol
                                                  {T}_i+\boldsymbol{r}\times...
The control sequence at the end of the top line
of your error message was never \def'ed. If you have
misspelled it (e.g., `\hobx'), type `I' and the correct
spelling (e.g., `I\hbox'). Otherwise just continue,
and I'll forget about whatever was undefined.

! Undefined control sequence.
l.335 ...al x_i}\times\boldsymbol{T}_i+\boldsymbol
                                                  {r}\times\frac{\partial\bo...
The control sequence at the end of the top line
of your error message was never \def'ed. If you have
misspelled it (e.g., `\hobx'), type `I' and the correct
spelling (e.g., `I\hbox'). Otherwise just continue,
and I'll forget about whatever was undefined.

! Undefined control sequence.
<argument> \partial \boldsymbol 
                                {T}_i
l.335 ...c{\partial\boldsymbol{T}_i}{\partial x_i}
                                                  =\boldsymbol{e}_i\times\bo...
The control sequence at the end of the top line
of your error message was never \def'ed. If you have
misspelled it (e.g., `\hobx'), type `I' and the correct
spelling (e.g., `I\hbox'). Otherwise just continue,
and I'll forget about whatever was undefined.

! Undefined control sequence.
l.335 ...oldsymbol{T}_i}{\partial x_i}=\boldsymbol
                                                  {e}_i\times\boldsymbol{T}_...
The control sequence at the end of the top line
of your error message was never \def'ed. If you have
misspelled it (e.g., `\hobx'), type `I' and the correct
spelling (e.g., `I\hbox'). Otherwise just continue,
and I'll forget about whatever was undefined.

! Undefined control sequence.
l.335 ...al x_i}=\boldsymbol{e}_i\times\boldsymbol
                                                  {T}_i+\boldsymbol{r}\times...
The control sequence at the end of the top line
of your error message was never \def'ed. If you have
misspelled it (e.g., `\hobx'), type `I' and the correct
spelling (e.g., `I\hbox'). Otherwise just continue,
and I'll forget about whatever was undefined.

! Undefined control sequence.
l.335 ...ol{e}_i\times\boldsymbol{T}_i+\boldsymbol
                                                  {r}\times\frac{\partial\bo...
The control sequence at the end of the top line
of your error message was never \def'ed. If you have
misspelled it (e.g., `\hobx'), type `I' and the correct
spelling (e.g., `I\hbox'). Otherwise just continue,
and I'll forget about whatever was undefined.

! Undefined control sequence.
<argument> \partial \boldsymbol 
                                {T}_i
l.335 ...c{\partial\boldsymbol{T}_i}{\partial x_i}
                                                  
The control sequence at the end of the top line
of your error message was never \def'ed. If you have
misspelled it (e.g., `\hobx'), type `I' and the correct
spelling (e.g., `I\hbox'). Otherwise just continue,
and I'll forget about whatever was undefined.


Overfull \hbox (214.36604pt too wide) detected at line 336
[] [] \OT1/cmr/m/n/10 = [] \OMS/cmsy/m/n/10 ^^B \OML/cmm/m/it/10 T[] \OT1/cmr/m
/n/10 + \OML/cmm/m/it/10 r \OMS/cmsy/m/n/10 ^^B [] \OT1/cmr/m/n/10 = \OML/cmm/m
/it/10 e[] \OMS/cmsy/m/n/10 ^^B \OML/cmm/m/it/10 T[] \OT1/cmr/m/n/10 + \OML/cmm
/m/it/10 r \OMS/cmsy/m/n/10 ^^B []
 []

Missing character: There is no 其 ("5176) in font nullfont!
Missing character: There is no 中 ("4E2D) in font nullfont!
Missing character: There is no 用 ("7528) in font nullfont!
Missing character: There is no 到 ("5230) in font nullfont!
! Undefined control sequence.
<recently read> \dfrac 
                       
l.337 ^^I其中用到 $\dfrac
                     {\partial\boldsymbol{r}}{\partial x_i}=\boldsymbol{e}_i...
The control sequence at the end of the top line
of your error message was never \def'ed. If you have
misspelled it (e.g., `\hobx'), type `I' and the correct
spelling (e.g., `I\hbox'). Otherwise just continue,
and I'll forget about whatever was undefined.

! Undefined control sequence.
l.337 ^^I其中用到 $\dfrac{\partial\boldsymbol
                                         {r}}{\partial x_i}=\boldsymbol{e}_i...
The control sequence at the end of the top line
of your error message was never \def'ed. If you have
misspelled it (e.g., `\hobx'), type `I' and the correct
spelling (e.g., `I\hbox'). Otherwise just continue,
and I'll forget about whatever was undefined.

! Undefined control sequence.
l.337 ...\boldsymbol{r}}{\partial x_i}=\boldsymbol
                                                  {e}_i$（因 $\boldsymbol{r}=x...
The control sequence at the end of the top line
of your error message was never \def'ed. If you have
misspelled it (e.g., `\hobx'), type `I' and the correct
spelling (e.g., `I\hbox'). Otherwise just continue,
and I'll forget about whatever was undefined.

Missing character: There is no （ ("FF08) in font nullfont!
Missing character: There is no 因 ("56E0) in font nullfont!
! Undefined control sequence.
<recently read> \boldsymbol 
                            
l.337 ...ial x_i}=\boldsymbol{e}_i$（因 $\boldsymbol
                                                  {r}=x_j\boldsymbol{e}_j$，$...
The control sequence at the end of the top line
of your error message was never \def'ed. If you have
misspelled it (e.g., `\hobx'), type `I' and the correct
spelling (e.g., `I\hbox'). Otherwise just continue,
and I'll forget about whatever was undefined.

! Undefined control sequence.
l.337 ...ol{e}_i$（因 $\boldsymbol{r}=x_j\boldsymbol
                                                  {e}_j$，$\dfrac{\partial x_...
The control sequence at the end of the top line
of your error message was never \def'ed. If you have
misspelled it (e.g., `\hobx'), type `I' and the correct
spelling (e.g., `I\hbox'). Otherwise just continue,
and I'll forget about whatever was undefined.

Missing character: There is no ， ("FF0C) in font nullfont!
! Undefined control sequence.
<recently read> \dfrac 
                       
l.337 ...oldsymbol{r}=x_j\boldsymbol{e}_j$，$\dfrac
                                                  {\partial x_j}{\partial x_...
The control sequence at the end of the top line
of your error message was never \def'ed. If you have
misspelled it (e.g., `\hobx'), type `I' and the correct
spelling (e.g., `I\hbox'). Otherwise just continue,
and I'll forget about whatever was undefined.

Missing character: There is no ） ("FF09) in font nullfont!
Missing character: There is no 。 ("3002) in font nullfont!
Missing character: There is no 于 ("4E8E) in font nullfont!
Missing character: There is no 是 ("662F) in font nullfont!
Missing character: There is no 表 ("8868) in font nullfont!
Missing character: There is no 面 ("9762) in font nullfont!
Missing character: There is no 力 ("529B) in font nullfont!
Missing character: There is no 矩 ("77E9) in font nullfont!
Missing character: There is no 可 ("53EF) in font nullfont!
Missing character: There is no 写 ("5199) in font nullfont!
Missing character: There is no 为 ("4E3A) in font nullfont!

Overfull \hbox (36.11859pt too wide) in paragraph at lines 336--338
 $[][] \OT1/cmr/m/n/10 =
 []


Overfull \hbox (7.98555pt too wide) in paragraph at lines 336--338
\OML/cmm/m/it/10 e[]$
 []


Overfull \hbox (15.34488pt too wide) in paragraph at lines 336--338
\OML/cmm/m/it/10 r \OT1/cmr/m/n/10 =
 []


Overfull \hbox (60.05672pt too wide) in paragraph at lines 336--338
\OML/cmm/m/it/10 x[]e[]$$[][] \OT1/cmr/m/n/10 =
 []


Overfull \hbox (11.48729pt too wide) in paragraph at lines 336--338
\OML/cmm/m/it/10 ^^N[]$ 
 []

! Undefined control sequence.
l.339 ^^I^^I\boldsymbol
                       {L}_\Sigma=\iiint_V\boldsymbol{e}_i\times\boldsymbol{...
The control sequence at the end of the top line
of your error message was never \def'ed. If you have
misspelled it (e.g., `\hobx'), type `I' and the correct
spelling (e.g., `I\hbox'). Otherwise just continue,
and I'll forget about whatever was undefined.

! Undefined control sequence.
l.339 ^^I^^I\boldsymbol{L}_\Sigma=\iiint
                                        _V\boldsymbol{e}_i\times\boldsymbol{...
The control sequence at the end of the top line
of your error message was never \def'ed. If you have
misspelled it (e.g., `\hobx'), type `I' and the correct
spelling (e.g., `I\hbox'). Otherwise just continue,
and I'll forget about whatever was undefined.

! Undefined control sequence.
l.339 ...\boldsymbol{L}_\Sigma=\iiint_V\boldsymbol
                                                  {e}_i\times\boldsymbol{T}_...
The control sequence at the end of the top line
of your error message was never \def'ed. If you have
misspelled it (e.g., `\hobx'), type `I' and the correct
spelling (e.g., `I\hbox'). Otherwise just continue,
and I'll forget about whatever was undefined.

! Undefined control sequence.
l.339 ...\iiint_V\boldsymbol{e}_i\times\boldsymbol
                                                  {T}_i\,\mathrm{d}V+\iiint_...
The control sequence at the end of the top line
of your error message was never \def'ed. If you have
misspelled it (e.g., `\hobx'), type `I' and the correct
spelling (e.g., `I\hbox'). Otherwise just continue,
and I'll forget about whatever was undefined.

! Undefined control sequence.
l.339 ...times\boldsymbol{T}_i\,\mathrm{d}V+\iiint
                                                  _V\boldsymbol{r}\times\fra...
The control sequence at the end of the top line
of your error message was never \def'ed. If you have
misspelled it (e.g., `\hobx'), type `I' and the correct
spelling (e.g., `I\hbox'). Otherwise just continue,
and I'll forget about whatever was undefined.

! Undefined control sequence.
l.339 ...bol{T}_i\,\mathrm{d}V+\iiint_V\boldsymbol
                                                  {r}\times\frac{\partial\bo...
The control sequence at the end of the top line
of your error message was never \def'ed. If you have
misspelled it (e.g., `\hobx'), type `I' and the correct
spelling (e.g., `I\hbox'). Otherwise just continue,
and I'll forget about whatever was undefined.

! Undefined control sequence.
<argument> \partial \boldsymbol 
                                {T}_i
l.339 ...c{\partial\boldsymbol{T}_i}{\partial x_i}
                                                  \,\mathrm{d}V
The control sequence at the end of the top line
of your error message was never \def'ed. If you have
misspelled it (e.g., `\hobx'), type `I' and the correct
spelling (e.g., `I\hbox'). Otherwise just continue,
and I'll forget about whatever was undefined.


Overfull \hbox (133.51057pt too wide) detected at line 340
\OML/cmm/m/it/10 L[] \OT1/cmr/m/n/10 =[] \OML/cmm/m/it/10 e[] \OMS/cmsy/m/n/10 
^^B \OML/cmm/m/it/10 T[] \OT1/cmr/m/n/10 d\OML/cmm/m/it/10 V \OT1/cmr/m/n/10 +[
] \OML/cmm/m/it/10 r \OMS/cmsy/m/n/10 ^^B [] \OT1/cmr/m/n/10 d\OML/cmm/m/it/10 
V
 []

Missing character: There is no 代 ("4EE3) in font nullfont!
Missing character: There is no 回 ("56DE) in font nullfont!
Missing character: There is no 动 ("52A8) in font nullfont!
Missing character: There is no 量 ("91CF) in font nullfont!
Missing character: There is no 矩 ("77E9) in font nullfont!
Missing character: There is no 方 ("65B9) in font nullfont!
Missing character: There is no 程 ("7A0B) in font nullfont!
Missing character: There is no ： ("FF1A) in font nullfont!

Overfull \hbox (20.0pt too wide) in paragraph at lines 342--343
[] 
 []

! Undefined control sequence.
l.344 ^^I^^I\iiint
                  _V\rho\,(\boldsymbol{r}\times\boldsymbol{a})\,\mathrm{d}V=...
The control sequence at the end of the top line
of your error message was never \def'ed. If you have
misspelled it (e.g., `\hobx'), type `I' and the correct
spelling (e.g., `I\hbox'). Otherwise just continue,
and I'll forget about whatever was undefined.

! Undefined control sequence.
l.344 ^^I^^I\iiint_V\rho\,(\boldsymbol
                                      {r}\times\boldsymbol{a})\,\mathrm{d}V=...
The control sequence at the end of the top line
of your error message was never \def'ed. If you have
misspelled it (e.g., `\hobx'), type `I' and the correct
spelling (e.g., `I\hbox'). Otherwise just continue,
and I'll forget about whatever was undefined.

! Undefined control sequence.
l.344 ...t_V\rho\,(\boldsymbol{r}\times\boldsymbol
                                                  {a})\,\mathrm{d}V=\iiint_V...
The control sequence at the end of the top line
of your error message was never \def'ed. If you have
misspelled it (e.g., `\hobx'), type `I' and the correct
spelling (e.g., `I\hbox'). Otherwise just continue,
and I'll forget about whatever was undefined.

! Undefined control sequence.
l.344 ...\times\boldsymbol{a})\,\mathrm{d}V=\iiint
                                                  _V\boldsymbol{e}_i\times\b...
The control sequence at the end of the top line
of your error message was never \def'ed. If you have
misspelled it (e.g., `\hobx'), type `I' and the correct
spelling (e.g., `I\hbox'). Otherwise just continue,
and I'll forget about whatever was undefined.

! Undefined control sequence.
l.344 ...mbol{a})\,\mathrm{d}V=\iiint_V\boldsymbol
                                                  {e}_i\times\boldsymbol{T}_...
The control sequence at the end of the top line
of your error message was never \def'ed. If you have
misspelled it (e.g., `\hobx'), type `I' and the correct
spelling (e.g., `I\hbox'). Otherwise just continue,
and I'll forget about whatever was undefined.

! Undefined control sequence.
l.344 ...\iiint_V\boldsymbol{e}_i\times\boldsymbol
                                                  {T}_i\,\mathrm{d}V+\iiint_...
The control sequence at the end of the top line
of your error message was never \def'ed. If you have
misspelled it (e.g., `\hobx'), type `I' and the correct
spelling (e.g., `I\hbox'). Otherwise just continue,
and I'll forget about whatever was undefined.

! Undefined control sequence.
l.344 ...times\boldsymbol{T}_i\,\mathrm{d}V+\iiint
                                                  _V\boldsymbol{r}\times\fra...
The control sequence at the end of the top line
of your error message was never \def'ed. If you have
misspelled it (e.g., `\hobx'), type `I' and the correct
spelling (e.g., `I\hbox'). Otherwise just continue,
and I'll forget about whatever was undefined.

! Undefined control sequence.
l.344 ...bol{T}_i\,\mathrm{d}V+\iiint_V\boldsymbol
                                                  {r}\times\frac{\partial\bo...
The control sequence at the end of the top line
of your error message was never \def'ed. If you have
misspelled it (e.g., `\hobx'), type `I' and the correct
spelling (e.g., `I\hbox'). Otherwise just continue,
and I'll forget about whatever was undefined.

! Undefined control sequence.
<argument> \partial \boldsymbol 
                                {T}_i
l.344 ...c{\partial\boldsymbol{T}_i}{\partial x_i}
                                                  \,\mathrm{d}V+\iiint_V\rho...
The control sequence at the end of the top line
of your error message was never \def'ed. If you have
misspelled it (e.g., `\hobx'), type `I' and the correct
spelling (e.g., `I\hbox'). Otherwise just continue,
and I'll forget about whatever was undefined.

! Undefined control sequence.
l.344 ...l{T}_i}{\partial x_i}\,\mathrm{d}V+\iiint
                                                  _V\rho\,(\boldsymbol{r}\ti...
The control sequence at the end of the top line
of your error message was never \def'ed. If you have
misspelled it (e.g., `\hobx'), type `I' and the correct
spelling (e.g., `I\hbox'). Otherwise just continue,
and I'll forget about whatever was undefined.

! Undefined control sequence.
l.344 ...}\,\mathrm{d}V+\iiint_V\rho\,(\boldsymbol
                                                  {r}\times\boldsymbol{f})\,...
The control sequence at the end of the top line
of your error message was never \def'ed. If you have
misspelled it (e.g., `\hobx'), type `I' and the correct
spelling (e.g., `I\hbox'). Otherwise just continue,
and I'll forget about whatever was undefined.

! Undefined control sequence.
l.344 ...t_V\rho\,(\boldsymbol{r}\times\boldsymbol
                                                  {f})\,\mathrm{d}V
The control sequence at the end of the top line
of your error message was never \def'ed. If you have
misspelled it (e.g., `\hobx'), type `I' and the correct
spelling (e.g., `I\hbox'). Otherwise just continue,
and I'll forget about whatever was undefined.


Overfull \hbox (238.34055pt too wide) detected at line 345
[]\OML/cmm/m/it/10 ^^Z \OT1/cmr/m/n/10 (\OML/cmm/m/it/10 r \OMS/cmsy/m/n/10 ^^B
 \OML/cmm/m/it/10 a\OT1/cmr/m/n/10 ) d\OML/cmm/m/it/10 V \OT1/cmr/m/n/10 =[] \O
ML/cmm/m/it/10 e[] \OMS/cmsy/m/n/10 ^^B \OML/cmm/m/it/10 T[] \OT1/cmr/m/n/10 d\
OML/cmm/m/it/10 V \OT1/cmr/m/n/10 +[] \OML/cmm/m/it/10 r \OMS/cmsy/m/n/10 ^^B [
] \OT1/cmr/m/n/10 d\OML/cmm/m/it/10 V \OT1/cmr/m/n/10 +[] \OML/cmm/m/it/10 ^^Z 
\OT1/cmr/m/n/10 (\OML/cmm/m/it/10 r \OMS/cmsy/m/n/10 ^^B \OML/cmm/m/it/10 f\OT1
/cmr/m/n/10 ) d\OML/cmm/m/it/10 V
 []

Missing character: There is no 移 ("79FB) in font nullfont!
Missing character: There is no 项 ("9879) in font nullfont!
Missing character: There is no 并 ("5E76) in font nullfont!
Missing character: There is no 提 ("63D0) in font nullfont!
Missing character: There is no 取 ("53D6) in font nullfont!
Missing character: There is no 公 ("516C) in font nullfont!
Missing character: There is no 因 ("56E0) in font nullfont!
Missing character: There is no 子 ("5B50) in font nullfont!
! Undefined control sequence.
<recently read> \boldsymbol 
                            
l.346 ^^I移项并提取公因子 $\boldsymbol
                              {r}\times$：
The control sequence at the end of the top line
of your error message was never \def'ed. If you have
misspelled it (e.g., `\hobx'), type `I' and the correct
spelling (e.g., `I\hbox'). Otherwise just continue,
and I'll forget about whatever was undefined.

Missing character: There is no ： ("FF1A) in font nullfont!

Overfull \hbox (12.56717pt too wide) in paragraph at lines 345--347
 $\OML/cmm/m/it/10 r\OMS/cmsy/m/n/10 ^^B$ 
 []

! Undefined control sequence.
l.348 ^^I^^I\iiint
                  _V\boldsymbol{r}\times\left[\rho\boldsymbol{a}-\frac{\part...
The control sequence at the end of the top line
of your error message was never \def'ed. If you have
misspelled it (e.g., `\hobx'), type `I' and the correct
spelling (e.g., `I\hbox'). Otherwise just continue,
and I'll forget about whatever was undefined.

! Undefined control sequence.
l.348 ^^I^^I\iiint_V\boldsymbol
                               {r}\times\left[\rho\boldsymbol{a}-\frac{\part...
The control sequence at the end of the top line
of your error message was never \def'ed. If you have
misspelled it (e.g., `\hobx'), type `I' and the correct
spelling (e.g., `I\hbox'). Otherwise just continue,
and I'll forget about whatever was undefined.

! Undefined control sequence.
l.348 ...\boldsymbol{r}\times\left[\rho\boldsymbol
                                                  {a}-\frac{\partial\boldsym...
The control sequence at the end of the top line
of your error message was never \def'ed. If you have
misspelled it (e.g., `\hobx'), type `I' and the correct
spelling (e.g., `I\hbox'). Otherwise just continue,
and I'll forget about whatever was undefined.

! Undefined control sequence.
<argument> \partial \boldsymbol 
                                {T}_i
l.348 ...c{\partial\boldsymbol{T}_i}{\partial x_i}
                                                  -\rho\boldsymbol{f}\right]...
The control sequence at the end of the top line
of your error message was never \def'ed. If you have
misspelled it (e.g., `\hobx'), type `I' and the correct
spelling (e.g., `I\hbox'). Otherwise just continue,
and I'll forget about whatever was undefined.

! Undefined control sequence.
l.348 ...ymbol{T}_i}{\partial x_i}-\rho\boldsymbol
                                                  {f}\right]\mathrm{d}V=\iii...
The control sequence at the end of the top line
of your error message was never \def'ed. If you have
misspelled it (e.g., `\hobx'), type `I' and the correct
spelling (e.g., `I\hbox'). Otherwise just continue,
and I'll forget about whatever was undefined.

! Undefined control sequence.
l.348 ...ho\boldsymbol{f}\right]\mathrm{d}V=\iiint
                                                  _V\boldsymbol{e}_i\times\b...
The control sequence at the end of the top line
of your error message was never \def'ed. If you have
misspelled it (e.g., `\hobx'), type `I' and the correct
spelling (e.g., `I\hbox'). Otherwise just continue,
and I'll forget about whatever was undefined.

! Undefined control sequence.
l.348 ...{f}\right]\mathrm{d}V=\iiint_V\boldsymbol
                                                  {e}_i\times\boldsymbol{T}_...
The control sequence at the end of the top line
of your error message was never \def'ed. If you have
misspelled it (e.g., `\hobx'), type `I' and the correct
spelling (e.g., `I\hbox'). Otherwise just continue,
and I'll forget about whatever was undefined.

! Undefined control sequence.
l.348 ...\iiint_V\boldsymbol{e}_i\times\boldsymbol
                                                  {T}_i\,\mathrm{d}V
The control sequence at the end of the top line
of your error message was never \def'ed. If you have
misspelled it (e.g., `\hobx'), type `I' and the correct
spelling (e.g., `I\hbox'). Otherwise just continue,
and I'll forget about whatever was undefined.


Overfull \hbox (169.31717pt too wide) detected at line 349
[]\OML/cmm/m/it/10 r \OMS/cmsy/m/n/10 ^^B [] \OT1/cmr/m/n/10 d\OML/cmm/m/it/10 
V \OT1/cmr/m/n/10 =[] \OML/cmm/m/it/10 e[] \OMS/cmsy/m/n/10 ^^B \OML/cmm/m/it/1
0 T[] \OT1/cmr/m/n/10 d\OML/cmm/m/it/10 V
 []

Missing character: There is no 由 ("7531) in font nullfont!
Missing character: There is no 上 ("4E0A) in font nullfont!
Missing character: There is no 面 ("9762) in font nullfont!
Missing character: There is no 推 ("63A8) in font nullfont!
Missing character: There is no 导 ("5BFC) in font nullfont!
Missing character: There is no 的 ("7684) in font nullfont!
Missing character: There is no 动 ("52A8) in font nullfont!
Missing character: There is no 量 ("91CF) in font nullfont!
Missing character: There is no 方 ("65B9) in font nullfont!
Missing character: There is no 程 ("7A0B) in font nullfont!

Overfull \hbox (20.0pt too wide) in paragraph at lines 351--352
[] 
 []

! Undefined control sequence.
l.353 ^^I^^I\rho\boldsymbol
                           {a}=\rho\boldsymbol{f}+\frac{\partial\boldsymbol{...
The control sequence at the end of the top line
of your error message was never \def'ed. If you have
misspelled it (e.g., `\hobx'), type `I' and the correct
spelling (e.g., `I\hbox'). Otherwise just continue,
and I'll forget about whatever was undefined.

! Undefined control sequence.
l.353 ^^I^^I\rho\boldsymbol{a}=\rho\boldsymbol
                                              {f}+\frac{\partial\boldsymbol{...
The control sequence at the end of the top line
of your error message was never \def'ed. If you have
misspelled it (e.g., `\hobx'), type `I' and the correct
spelling (e.g., `I\hbox'). Otherwise just continue,
and I'll forget about whatever was undefined.

! Undefined control sequence.
<argument> \partial \boldsymbol 
                                {T}_i
l.353 ...c{\partial\boldsymbol{T}_i}{\partial x_i}
                                                  
The control sequence at the end of the top line
of your error message was never \def'ed. If you have
misspelled it (e.g., `\hobx'), type `I' and the correct
spelling (e.g., `I\hbox'). Otherwise just continue,
and I'll forget about whatever was undefined.


Overfull \hbox (60.14708pt too wide) detected at line 354
\OML/cmm/m/it/10 ^^Za \OT1/cmr/m/n/10 = \OML/cmm/m/it/10 ^^Zf \OT1/cmr/m/n/10 +
 []
 []

Missing character: There is no 左 ("5DE6) in font nullfont!
Missing character: There is no 端 ("7AEF) in font nullfont!
Missing character: There is no 方 ("65B9) in font nullfont!
Missing character: There is no 括 ("62EC) in font nullfont!
Missing character: There is no 号 ("53F7) in font nullfont!
Missing character: There is no 恒 ("6052) in font nullfont!
Missing character: There is no 为 ("4E3A) in font nullfont!
Missing character: There is no 零 ("96F6) in font nullfont!
Missing character: There is no ， ("FF0C) in font nullfont!
Missing character: There is no 故 ("6545) in font nullfont!
! Undefined control sequence.
l.357 ^^I^^I\iiint
                  _V\boldsymbol{e}_i\times\boldsymbol{T}_i\,\mathrm{d}V=0
The control sequence at the end of the top line
of your error message was never \def'ed. If you have
misspelled it (e.g., `\hobx'), type `I' and the correct
spelling (e.g., `I\hbox'). Otherwise just continue,
and I'll forget about whatever was undefined.

! Undefined control sequence.
l.357 ^^I^^I\iiint_V\boldsymbol
                               {e}_i\times\boldsymbol{T}_i\,\mathrm{d}V=0
The control sequence at the end of the top line
of your error message was never \def'ed. If you have
misspelled it (e.g., `\hobx'), type `I' and the correct
spelling (e.g., `I\hbox'). Otherwise just continue,
and I'll forget about whatever was undefined.

! Undefined control sequence.
l.357 ...\iiint_V\boldsymbol{e}_i\times\boldsymbol
                                                  {T}_i\,\mathrm{d}V=0
The control sequence at the end of the top line
of your error message was never \def'ed. If you have
misspelled it (e.g., `\hobx'), type `I' and the correct
spelling (e.g., `I\hbox'). Otherwise just continue,
and I'll forget about whatever was undefined.


Overfull \hbox (65.49185pt too wide) detected at line 358
[]\OML/cmm/m/it/10 e[] \OMS/cmsy/m/n/10 ^^B \OML/cmm/m/it/10 T[] \OT1/cmr/m/n/1
0 d\OML/cmm/m/it/10 V \OT1/cmr/m/n/10 = 0
 []

Missing character: There is no 由 ("7531) in font nullfont!
Missing character: There is no 于 ("4E8E) in font nullfont!
Missing character: There is no 是 ("662F) in font nullfont!
Missing character: There is no 任 ("4EFB) in font nullfont!
Missing character: There is no 取 ("53D6) in font nullfont!
Missing character: There is no 的 ("7684) in font nullfont!
Missing character: There is no ， ("FF0C) in font nullfont!
Missing character: There is no 被 ("88AB) in font nullfont!
Missing character: There is no 积 ("79EF) in font nullfont!
Missing character: There is no 函 ("51FD) in font nullfont!
Missing character: There is no 数 ("6570) in font nullfont!
Missing character: There is no 必 ("5FC5) in font nullfont!
Missing character: There is no 须 ("987B) in font nullfont!
Missing character: There is no 处 ("5904) in font nullfont!
Missing character: There is no 处 ("5904) in font nullfont!
Missing character: There is no 为 ("4E3A) in font nullfont!
Missing character: There is no 零 ("96F6) in font nullfont!
Missing character: There is no ： ("FF1A) in font nullfont!

Overfull \hbox (8.05556pt too wide) in paragraph at lines 358--360
 $\OML/cmm/m/it/10 V$
 []

! Undefined control sequence.
l.361 ^^I^^I\boldsymbol
                       {e}_i\times\boldsymbol{T}_i=0
The control sequence at the end of the top line
of your error message was never \def'ed. If you have
misspelled it (e.g., `\hobx'), type `I' and the correct
spelling (e.g., `I\hbox'). Otherwise just continue,
and I'll forget about whatever was undefined.

! Undefined control sequence.
l.361 ^^I^^I\boldsymbol{e}_i\times\boldsymbol
                                             {T}_i=0
The control sequence at the end of the top line
of your error message was never \def'ed. If you have
misspelled it (e.g., `\hobx'), type `I' and the correct
spelling (e.g., `I\hbox'). Otherwise just continue,
and I'll forget about whatever was undefined.


Overfull \hbox (43.26962pt too wide) detected at line 362
\OML/cmm/m/it/10 e[] \OMS/cmsy/m/n/10 ^^B \OML/cmm/m/it/10 T[] \OT1/cmr/m/n/10 
= 0
 []

Missing character: There is no 把 ("628A) in font nullfont!
! Undefined control sequence.
<recently read> \boldsymbol 
                            
l.363 ^^I把 $\boldsymbol
                       {T}_i=T_{ij}\boldsymbol{e}_j$ 代入，并利用 $\boldsymbol{e}_...
The control sequence at the end of the top line
of your error message was never \def'ed. If you have
misspelled it (e.g., `\hobx'), type `I' and the correct
spelling (e.g., `I\hbox'). Otherwise just continue,
and I'll forget about whatever was undefined.

! Undefined control sequence.
l.363 ^^I把 $\boldsymbol{T}_i=T_{ij}\boldsymbol
                                              {e}_j$ 代入，并利用 $\boldsymbol{e}_...
The control sequence at the end of the top line
of your error message was never \def'ed. If you have
misspelled it (e.g., `\hobx'), type `I' and the correct
spelling (e.g., `I\hbox'). Otherwise just continue,
and I'll forget about whatever was undefined.

Missing character: There is no 代 ("4EE3) in font nullfont!
Missing character: There is no 入 ("5165) in font nullfont!
Missing character: There is no ， ("FF0C) in font nullfont!
Missing character: There is no 并 ("5E76) in font nullfont!
Missing character: There is no 利 ("5229) in font nullfont!
Missing character: There is no 用 ("7528) in font nullfont!
! Undefined control sequence.
<recently read> \boldsymbol 
                            
l.363 ...{ij}\boldsymbol{e}_j$ 代入，并利用 $\boldsymbol
                                                  {e}_i\times\boldsymbol{e}_...
The control sequence at the end of the top line
of your error message was never \def'ed. If you have
misspelled it (e.g., `\hobx'), type `I' and the correct
spelling (e.g., `I\hbox'). Otherwise just continue,
and I'll forget about whatever was undefined.

! Undefined control sequence.
l.363 ...代入，并利用 $\boldsymbol{e}_i\times\boldsymbol
                                                  {e}_j=\varepsilon_{ijk}\bo...
The control sequence at the end of the top line
of your error message was never \def'ed. If you have
misspelled it (e.g., `\hobx'), type `I' and the correct
spelling (e.g., `I\hbox'). Otherwise just continue,
and I'll forget about whatever was undefined.

! Undefined control sequence.
l.363 ...dsymbol{e}_j=\varepsilon_{ijk}\boldsymbol
                                                  {e}_k$，得
The control sequence at the end of the top line
of your error message was never \def'ed. If you have
misspelled it (e.g., `\hobx'), type `I' and the correct
spelling (e.g., `I\hbox'). Otherwise just continue,
and I'll forget about whatever was undefined.

Missing character: There is no ， ("FF0C) in font nullfont!
Missing character: There is no 得 ("5F97) in font nullfont!

Overfull \hbox (19.72855pt too wide) in paragraph at lines 362--364
 $\OML/cmm/m/it/10 T[] \OT1/cmr/m/n/10 =
 []


Overfull \hbox (21.75642pt too wide) in paragraph at lines 362--364
\OML/cmm/m/it/10 T[]e[]$
 []


Overfull \hbox (15.76335pt too wide) in paragraph at lines 362--364
\OML/cmm/m/it/10 e[] \OMS/cmsy/m/n/10 ^^B
 []


Overfull \hbox (19.42534pt too wide) in paragraph at lines 362--364
\OML/cmm/m/it/10 e[] \OT1/cmr/m/n/10 =
 []


Overfull \hbox (25.70262pt too wide) in paragraph at lines 362--364
\OML/cmm/m/it/10 "[]e[]$ 
 []

! Undefined control sequence.
l.365 ^^I^^I\boldsymbol
                       {e}_i\times\boldsymbol{T}_i=T_{ij}\,\varepsilon_{ijk}...
The control sequence at the end of the top line
of your error message was never \def'ed. If you have
misspelled it (e.g., `\hobx'), type `I' and the correct
spelling (e.g., `I\hbox'). Otherwise just continue,
and I'll forget about whatever was undefined.

! Undefined control sequence.
l.365 ^^I^^I\boldsymbol{e}_i\times\boldsymbol
                                             {T}_i=T_{ij}\,\varepsilon_{ijk}...
The control sequence at the end of the top line
of your error message was never \def'ed. If you have
misspelled it (e.g., `\hobx'), type `I' and the correct
spelling (e.g., `I\hbox'). Otherwise just continue,
and I'll forget about whatever was undefined.

! Undefined control sequence.
l.365 ...T}_i=T_{ij}\,\varepsilon_{ijk}\boldsymbol
                                                  {e}_k=0
The control sequence at the end of the top line
of your error message was never \def'ed. If you have
misspelled it (e.g., `\hobx'), type `I' and the correct
spelling (e.g., `I\hbox'). Otherwise just continue,
and I'll forget about whatever was undefined.


Overfull \hbox (96.85869pt too wide) detected at line 366
\OML/cmm/m/it/10 e[] \OMS/cmsy/m/n/10 ^^B \OML/cmm/m/it/10 T[] \OT1/cmr/m/n/10 
= \OML/cmm/m/it/10 T[] "[]e[] \OT1/cmr/m/n/10 = 0
 []

Missing character: There is no 对 ("5BF9) in font nullfont!
Missing character: There is no 每 ("6BCF) in font nullfont!
Missing character: There is no 个 ("4E2A) in font nullfont!
Missing character: There is no 有 ("6709) in font nullfont!
Missing character: There is no ， ("FF0C) in font nullfont!
Missing character: There is no 逐 ("9010) in font nullfont!
Missing character: There is no 项 ("9879) in font nullfont!
Missing character: There is no 写 ("5199) in font nullfont!
Missing character: There is no 出 ("51FA) in font nullfont!
Missing character: There is no 即 ("5373) in font nullfont!

Overfull \hbox (5.52084pt too wide) in paragraph at lines 366--368
 $\OML/cmm/m/it/10 k$
 []


Overfull \hbox (39.5683pt too wide) in paragraph at lines 366--368
\OML/cmm/m/it/10 "[]T[] \OT1/cmr/m/n/10 =
 []


Overfull \hbox (5.00002pt too wide) in paragraph at lines 366--368
\OT1/cmr/m/n/10 0$ 
 []


Overfull \hbox (173.118pt too wide) detected at line 370
[]\OML/cmm/m/it/10 T[] \OMS/cmsy/m/n/10 ^^@ \OML/cmm/m/it/10 T[] \OT1/cmr/m/n/1
0 = 0\OML/cmm/m/it/10 ;  T[] \OMS/cmsy/m/n/10 ^^@ \OML/cmm/m/it/10 T[] \OT1/cmr
/m/n/10 = 0\OML/cmm/m/it/10 ;  T[] \OMS/cmsy/m/n/10 ^^@ \OML/cmm/m/it/10 T[] \O
T1/cmr/m/n/10 = 0
 []

Missing character: There is no 于 ("4E8E) in font nullfont!
Missing character: There is no 是 ("662F) in font nullfont!
Missing character: There is no ， ("FF0C) in font nullfont!
Missing character: There is no 即 ("5373) in font nullfont!
Missing character: There is no 应 ("5E94) in font nullfont!
Missing character: There is no 力 ("529B) in font nullfont!
Missing character: There is no 张 ("5F20) in font nullfont!
Missing character: There is no 量 ("91CF) in font nullfont!
Missing character: There is no 是 ("662F) in font nullfont!
Missing character: There is no 对 ("5BF9) in font nullfont!
Missing character: There is no 称 ("79F0) in font nullfont!
Missing character: There is no 张 ("5F20) in font nullfont!
Missing character: There is no 量 ("91CF) in font nullfont!
Missing character: There is no 。 ("3002) in font nullfont!
Missing character: There is no 证 ("8BC1) in font nullfont!
Missing character: There is no 毕 ("6BD5) in font nullfont!
Missing character: There is no 。 ("3002) in font nullfont!

! LaTeX Error: \begin{document} ended by \end{proof}.

See the LaTeX manual or LaTeX Companion for explanation.
Type  H <return>  for immediate help.
 ...                                              
                                                  
l.372 \end{proof}
                 
Your command was ignored.
Type  I <command> <return>  to replace it with another command,
or  <return>  to continue without it.


Overfull \hbox (23.44211pt too wide) in paragraph at lines 370--373
 $\OML/cmm/m/it/10 T[] \OT1/cmr/m/n/10 =
 []


Overfull \hbox (12.8866pt too wide) in paragraph at lines 370--373
\OML/cmm/m/it/10 T[]$
 []

! Undefined control sequence.
l.374 \subsection
                 {理想流体的应力张量}
The control sequence at the end of the top line
of your error message was never \def'ed. If you have
misspelled it (e.g., `\hobx'), type `I' and the correct
spelling (e.g., `I\hbox'). Otherwise just continue,
and I'll forget about whatever was undefined.

Missing character: There is no 理 ("7406) in font nullfont!
Missing character: There is no 想 ("60F3) in font nullfont!
Missing character: There is no 流 ("6D41) in font nullfont!
Missing character: There is no 体 ("4F53) in font nullfont!
Missing character: There is no 的 ("7684) in font nullfont!
Missing character: There is no 应 ("5E94) in font nullfont!
Missing character: There is no 力 ("529B) in font nullfont!
Missing character: There is no 张 ("5F20) in font nullfont!
Missing character: There is no 量 ("91CF) in font nullfont!

Overfull \hbox (20.0pt too wide) in paragraph at lines 374--375
[] 
 []


! LaTeX Error: Environment theorem undefined.

See the LaTeX manual or LaTeX Companion for explanation.
Type  H <return>  for immediate help.
 ...                                              
                                                  
l.376 \begin{theorem}
                     [理想流体的应力张量]
Your command was ignored.
Type  I <command> <return>  to replace it with another command,
or  <return>  to continue without it.

Missing character: There is no [ ("5B) in font nullfont!
Missing character: There is no 理 ("7406) in font nullfont!
Missing character: There is no 想 ("60F3) in font nullfont!
Missing character: There is no 流 ("6D41) in font nullfont!
Missing character: There is no 体 ("4F53) in font nullfont!
Missing character: There is no 的 ("7684) in font nullfont!
Missing character: There is no 应 ("5E94) in font nullfont!
Missing character: There is no 力 ("529B) in font nullfont!
Missing character: There is no 张 ("5F20) in font nullfont!
Missing character: There is no 量 ("91CF) in font nullfont!
Missing character: There is no ] ("5D) in font nullfont!
Missing character: There is no 由 ("7531) in font nullfont!
Missing character: There is no 流 ("6D41) in font nullfont!
Missing character: There is no 体 ("4F53) in font nullfont!
Missing character: There is no 应 ("5E94) in font nullfont!
Missing character: There is no 力 ("529B) in font nullfont!
Missing character: There is no 张 ("5F20) in font nullfont!
Missing character: There is no 量 ("91CF) in font nullfont!
Missing character: There is no 的 ("7684) in font nullfont!
Missing character: There is no 对 ("5BF9) in font nullfont!
Missing character: There is no 称 ("79F0) in font nullfont!
Missing character: There is no 性 ("6027) in font nullfont!
Missing character: There is no 可 ("53EF) in font nullfont!
Missing character: There is no 知 ("77E5) in font nullfont!
Missing character: There is no ， ("FF0C) in font nullfont!
Missing character: There is no 运 ("8FD0) in font nullfont!
Missing character: There is no 动 ("52A8) in font nullfont!
Missing character: There is no 的 ("7684) in font nullfont!
Missing character: There is no 流 ("6D41) in font nullfont!
Missing character: There is no 体 ("4F53) in font nullfont!
Missing character: There is no 中 ("4E2D) in font nullfont!
Missing character: There is no 的 ("7684) in font nullfont!
Missing character: There is no 应 ("5E94) in font nullfont!
Missing character: There is no 力 ("529B) in font nullfont!
Missing character: There is no 状 ("72B6) in font nullfont!
Missing character: There is no 态 ("6001) in font nullfont!
Missing character: There is no 有 ("6709) in font nullfont!
Missing character: There is no 六 ("516D) in font nullfont!
Missing character: There is no 个 ("4E2A) in font nullfont!
Missing character: There is no 分 ("5206) in font nullfont!
Missing character: There is no 量 ("91CF) in font nullfont!
Missing character: There is no 。 ("3002) in font nullfont!
Missing character: There is no 一 ("4E00) in font nullfont!
Missing character: There is no 种 ("79CD) in font nullfont!
Missing character: There is no 最 ("6700) in font nullfont!
Missing character: There is no 简 ("7B80) in font nullfont!
Missing character: There is no 单 ("5355) in font nullfont!
Missing character: There is no 的 ("7684) in font nullfont!
Missing character: There is no 流 ("6D41) in font nullfont!
Missing character: There is no 体 ("4F53) in font nullfont!
Missing character: There is no 模 ("6A21) in font nullfont!
Missing character: There is no 型 ("578B) in font nullfont!
Missing character: There is no 称 ("79F0) in font nullfont!
Missing character: There is no 为 ("4E3A) in font nullfont!
Missing character: There is no 理 (U+7406) in font [lmroman10-bold]:mapping=tex-
text;!
Missing character: There is no 想 (U+60F3) in font [lmroman10-bold]:mapping=tex-
text;!
Missing character: There is no 流 (U+6D41) in font [lmroman10-bold]:mapping=tex-
text;!
Missing character: There is no 体 (U+4F53) in font [lmroman10-bold]:mapping=tex-
text;!
Missing character: There is no ， ("FF0C) in font nullfont!
Missing character: There is no 这 ("8FD9) in font nullfont!
Missing character: There is no 种 ("79CD) in font nullfont!
Missing character: There is no 流 ("6D41) in font nullfont!
Missing character: There is no 体 ("4F53) in font nullfont!
Missing character: There is no 中 ("4E2D) in font nullfont!
Missing character: There is no 任 ("4EFB) in font nullfont!
Missing character: There is no 意 ("610F) in font nullfont!
Missing character: There is no 一 ("4E00) in font nullfont!
Missing character: There is no 点 ("70B9) in font nullfont!
Missing character: There is no 应 ("5E94) in font nullfont!
Missing character: There is no 力 ("529B) in font nullfont!
Missing character: There is no 状 ("72B6) in font nullfont!
Missing character: There is no 态 ("6001) in font nullfont!
Missing character: There is no 是 ("662F) in font nullfont!
Missing character: There is no 各 ("5404) in font nullfont!
Missing character: There is no 向 ("5411) in font nullfont!
Missing character: There is no 同 ("540C) in font nullfont!
Missing character: There is no 性 ("6027) in font nullfont!
Missing character: There is no 张 ("5F20) in font nullfont!
Missing character: There is no 量 ("91CF) in font nullfont!
Missing character: There is no ， ("FF0C) in font nullfont!
Missing character: There is no 即 ("5373) in font nullfont!
Missing character: There is no 理 ("7406) in font nullfont!
Missing character: There is no 想 ("60F3) in font nullfont!
Missing character: There is no 流 ("6D41) in font nullfont!
Missing character: There is no 体 ("4F53) in font nullfont!
Missing character: There is no 中 ("4E2D) in font nullfont!
Missing character: There is no 任 ("4EFB) in font nullfont!
Missing character: There is no 意 ("610F) in font nullfont!
Missing character: There is no 一 ("4E00) in font nullfont!
Missing character: There is no 点 ("70B9) in font nullfont!
Missing character: There is no 的 ("7684) in font nullfont!
Missing character: There is no 应 ("5E94) in font nullfont!
Missing character: There is no 力 ("529B) in font nullfont!
Missing character: There is no 张 ("5F20) in font nullfont!
Missing character: There is no 量 ("91CF) in font nullfont!
Missing character: There is no 可 ("53EF) in font nullfont!
Missing character: There is no 表 ("8868) in font nullfont!
Missing character: There is no 示 ("793A) in font nullfont!
Missing character: There is no 为 ("4E3A) in font nullfont!

Overfull \hbox (20.0pt too wide) in paragraph at lines 376--378
[]
 []


Overfull \hbox (11.2pt too wide) in paragraph at lines 376--378
\TU/lmr/bx/n/10 理想流体 
 []


Overfull \hbox (52.18279pt too wide) detected at line 380
[]\OML/cmm/m/it/10 T[] \OT1/cmr/m/n/10 = \OMS/cmsy/m/n/10 ^^@\OML/cmm/m/it/10 p
 ^^N[]
 []

Missing character: There is no 其 ("5176) in font nullfont!
Missing character: There is no 中 ("4E2D) in font nullfont!
Missing character: There is no ： ("FF1A) in font nullfont!
Missing character: There is no 是 ("662F) in font nullfont!
Missing character: There is no 标 ("6807) in font nullfont!
Missing character: There is no 量 ("91CF) in font nullfont!
Missing character: There is no 且 ("4E14) in font nullfont!
Missing character: There is no 通 ("901A) in font nullfont!
Missing character: There is no 常 ("5E38) in font nullfont!
Missing character: There is no 大 ("5927) in font nullfont!
Missing character: There is no 于 ("4E8E) in font nullfont!
Missing character: There is no 零 ("96F6) in font nullfont!
Missing character: There is no ， ("FF0C) in font nullfont!
Missing character: There is no 负 ("8D1F) in font nullfont!
Missing character: There is no 号 ("53F7) in font nullfont!
Missing character: There is no 表 ("8868) in font nullfont!
Missing character: There is no 示 ("793A) in font nullfont!
Missing character: There is no 正 ("6B63) in font nullfont!
Missing character: There is no 应 ("5E94) in font nullfont!
Missing character: There is no 力 ("529B) in font nullfont!
Missing character: There is no 作 ("4F5C) in font nullfont!
Missing character: There is no 用 ("7528) in font nullfont!
Missing character: There is no 方 ("65B9) in font nullfont!
Missing character: There is no 向 ("5411) in font nullfont!
Missing character: There is no 与 ("4E0E) in font nullfont!
Missing character: There is no 作 ("4F5C) in font nullfont!
Missing character: There is no 用 ("7528) in font nullfont!
Missing character: There is no 面 ("9762) in font nullfont!
Missing character: There is no 的 ("7684) in font nullfont!
Missing character: There is no 外 ("5916) in font nullfont!
Missing character: There is no 法 ("6CD5) in font nullfont!
Missing character: There is no 方 ("65B9) in font nullfont!
Missing character: There is no 向 ("5411) in font nullfont!
Missing character: There is no 相 ("76F8) in font nullfont!
Missing character: There is no 反 ("53CD) in font nullfont!
Missing character: There is no ； ("FF1B) in font nullfont!

Overfull \hbox (5.03125pt too wide) in paragraph at lines 383--384
\OML/cmm/m/it/10 p$ 
 []

Missing character: There is no 是 ("662F) in font nullfont!
Missing character: There is no 单 ("5355) in font nullfont!
Missing character: There is no 位 ("4F4D) in font nullfont!
Missing character: There is no 张 ("5F20) in font nullfont!
Missing character: There is no 量 ("91CF) in font nullfont!
Missing character: There is no （ ("FF08) in font nullfont!
Missing character: There is no K ("4B) in font nullfont!
Missing character: There is no r ("72) in font nullfont!
Missing character: There is no o ("6F) in font nullfont!
Missing character: There is no n ("6E) in font nullfont!
Missing character: There is no e ("65) in font nullfont!
Missing character: There is no c ("63) in font nullfont!
Missing character: There is no k ("6B) in font nullfont!
Missing character: There is no e ("65) in font nullfont!
Missing character: There is no r ("72) in font nullfont!
Missing character: There is no 符 ("7B26) in font nullfont!
Missing character: There is no 号 ("53F7) in font nullfont!
Missing character: There is no ） ("FF09) in font nullfont!
Missing character: There is no ， ("FF0C) in font nullfont!
Missing character: There is no 即 ("5373) in font nullfont!

Overfull \hbox (11.48729pt too wide) in paragraph at lines 384--385
\OML/cmm/m/it/10 ^^N[]$
 []

! Misplaced alignment tab character &.
l.387 ^^I^^I^^I^^I      0, &
                             i\neq j\\
I can't figure out why you would want to use a tab mark
here. If you just want an ampersand, the remedy is
simple: Just type `I\&' now. But if some right brace
up above has ended a previous alignment prematurely,
you're probably due for more error messages, and you
might try typing `S' now just to see what is salvageable.

! Misplaced alignment tab character &.
l.388 ^^I^^I^^I^^I      1, &
                             i=j
I can't figure out why you would want to use a tab mark
here. If you just want an ampersand, the remedy is
simple: Just type `I\&' now. But if some right brace
up above has ended a previous alignment prematurely,
you're probably due for more error messages, and you
might try typing `S' now just to see what is salvageable.


Overfull \hbox (96.18031pt too wide) detected at line 390
[]\OML/cmm/m/it/10 ^^N[] \OT1/cmr/m/n/10 = [] \OML/cmm/m/it/10 ; i \OMS/cmsy/m/
n/10 6\OT1/cmr/m/n/10 = \OML/cmm/m/it/10 j[] \OT1/cmr/m/n/10 1\OML/cmm/m/it/10 
; i \OT1/cmr/m/n/10 = \OML/cmm/m/it/10 j
 []


! LaTeX Error: \begin{document} ended by \end{theorem}.

See the LaTeX manual or LaTeX Companion for explanation.
Type  H <return>  for immediate help.
 ...                                              
                                                  
l.392 \end{theorem}
                   
Your command was ignored.
Type  I <command> <return>  to replace it with another command,
or  <return>  to continue without it.

Missing character: There is no 上 ("4E0A) in font nullfont!
Missing character: There is no 式 ("5F0F) in font nullfont!
Missing character: There is no 表 ("8868) in font nullfont!
Missing character: There is no 明 ("660E) in font nullfont!
Missing character: There is no ， ("FF0C) in font nullfont!
Missing character: There is no 理 ("7406) in font nullfont!
Missing character: There is no 想 ("60F3) in font nullfont!
Missing character: There is no 流 ("6D41) in font nullfont!
Missing character: There is no 体 ("4F53) in font nullfont!
Missing character: There is no 的 ("7684) in font nullfont!
Missing character: There is no 应 ("5E94) in font nullfont!
Missing character: There is no 力 ("529B) in font nullfont!
Missing character: There is no 状 ("72B6) in font nullfont!
Missing character: There is no 态 ("6001) in font nullfont!
Missing character: There is no 方 ("65B9) in font nullfont!
Missing character: There is no 阵 ("9635) in font nullfont!
Missing character: There is no 为 ("4E3A) in font nullfont!
Missing character: There is no 对 ("5BF9) in font nullfont!
Missing character: There is no 角 ("89D2) in font nullfont!
Missing character: There is no 矩 ("77E9) in font nullfont!
Missing character: There is no 阵 ("9635) in font nullfont!
Missing character: There is no ， ("FF0C) in font nullfont!
Missing character: There is no 即 ("5373) in font nullfont!
Missing character: There is no 理 ("7406) in font nullfont!
Missing character: There is no 想 ("60F3) in font nullfont!
Missing character: There is no 流 ("6D41) in font nullfont!
Missing character: There is no 体 ("4F53) in font nullfont!
Missing character: There is no 任 ("4EFB) in font nullfont!
Missing character: There is no 意 ("610F) in font nullfont!
Missing character: There is no 面 ("9762) in font nullfont!
Missing character: There is no 上 ("4E0A) in font nullfont!
Missing character: There is no 只 ("53EA) in font nullfont!
Missing character: There is no 有 ("6709) in font nullfont!
Missing character: There is no 正 ("6B63) in font nullfont!
Missing character: There is no 应 ("5E94) in font nullfont!
Missing character: There is no 力 ("529B) in font nullfont!
Missing character: There is no 。 ("3002) in font nullfont!
Missing character: There is no 结 ("7ED3) in font nullfont!
Missing character: There is no 合 ("5408) in font nullfont!
Missing character: There is no 上 ("4E0A) in font nullfont!
Missing character: There is no 面 ("9762) in font nullfont!
Missing character: There is no 的 ("7684) in font nullfont!
Missing character: There is no 式 ("5F0F) in font nullfont!
Missing character: There is no 子 ("5B50) in font nullfont!

Overfull \hbox (20.0pt too wide) in paragraph at lines 394--395
[]
 []


Overfull \hbox (18.44217pt too wide) in paragraph at lines 394--395
\OT1/cmr/m/n/10 [\OML/cmm/m/it/10 T[]\OT1/cmr/m/n/10 ]$
 []


Overfull \hbox (26.78592pt too wide) in paragraph at lines 394--395
\OML/cmm/m/it/10 T[] \OT1/cmr/m/n/10 =
 []


Overfull \hbox (12.80905pt too wide) in paragraph at lines 394--395
\OMS/cmsy/m/n/10 ^^@\OML/cmm/m/it/10 p$ 
 []

! Undefined control sequence.
l.396 ^^I\boldsymbol
                    {T}_n=\boldsymbol{T}_i\,n_i=-p\,\boldsymbol{n}
The control sequence at the end of the top line
of your error message was never \def'ed. If you have
misspelled it (e.g., `\hobx'), type `I' and the correct
spelling (e.g., `I\hbox'). Otherwise just continue,
and I'll forget about whatever was undefined.

! Undefined control sequence.
l.396 ^^I\boldsymbol{T}_n=\boldsymbol
                                     {T}_i\,n_i=-p\,\boldsymbol{n}
The control sequence at the end of the top line
of your error message was never \def'ed. If you have
misspelled it (e.g., `\hobx'), type `I' and the correct
spelling (e.g., `I\hbox'). Otherwise just continue,
and I'll forget about whatever was undefined.

! Undefined control sequence.
l.396 ...}_n=\boldsymbol{T}_i\,n_i=-p\,\boldsymbol
                                                  {n}
The control sequence at the end of the top line
of your error message was never \def'ed. If you have
misspelled it (e.g., `\hobx'), type `I' and the correct
spelling (e.g., `I\hbox'). Otherwise just continue,
and I'll forget about whatever was undefined.


Overfull \hbox (78.60284pt too wide) detected at line 397
[]\OML/cmm/m/it/10 T[] \OT1/cmr/m/n/10 = \OML/cmm/m/it/10 T[] n[] \OT1/cmr/m/n/
10 = \OMS/cmsy/m/n/10 ^^@\OML/cmm/m/it/10 p n
 []

Missing character: There is no 于 ("4E8E) in font nullfont!
Missing character: There is no 是 ("662F) in font nullfont!
Missing character: There is no 理 ("7406) in font nullfont!
Missing character: There is no 想 ("60F3) in font nullfont!
Missing character: There is no 流 ("6D41) in font nullfont!
Missing character: There is no 体 ("4F53) in font nullfont!
Missing character: There is no 微 ("5FAE) in font nullfont!
Missing character: There is no 团 ("56E2) in font nullfont!
Missing character: There is no 表 ("8868) in font nullfont!
Missing character: There is no 面 ("9762) in font nullfont!
Missing character: There is no 承 ("627F) in font nullfont!
Missing character: There is no 受 ("53D7) in font nullfont!
Missing character: There is no 均 ("5747) in font nullfont!
Missing character: There is no 匀 ("5300) in font nullfont!
Missing character: There is no 分 ("5206) in font nullfont!
Missing character: There is no 布 ("5E03) in font nullfont!
Missing character: There is no 的 ("7684) in font nullfont!
Missing character: There is no 压 ("538B) in font nullfont!
Missing character: There is no 强 ("5F3A) in font nullfont!
Missing character: There is no 。 ("3002) in font nullfont!
! Undefined control sequence.
l.400 \section
              {流体的粘性和压缩性}
The control sequence at the end of the top line
of your error message was never \def'ed. If you have
misspelled it (e.g., `\hobx'), type `I' and the correct
spelling (e.g., `I\hbox'). Otherwise just continue,
and I'll forget about whatever was undefined.

Missing character: There is no 流 ("6D41) in font nullfont!
Missing character: There is no 体 ("4F53) in font nullfont!
Missing character: There is no 的 ("7684) in font nullfont!
Missing character: There is no 粘 ("7C98) in font nullfont!
Missing character: There is no 性 ("6027) in font nullfont!
Missing character: There is no 和 ("548C) in font nullfont!
Missing character: There is no 压 ("538B) in font nullfont!
Missing character: There is no 缩 ("7F29) in font nullfont!
Missing character: There is no 性 ("6027) in font nullfont!

Overfull \hbox (20.0pt too wide) in paragraph at lines 400--401
[] 
 []

Missing character: There is no 流 ("6D41) in font nullfont!
Missing character: There is no 体 ("4F53) in font nullfont!
Missing character: There is no 和 ("548C) in font nullfont!
Missing character: There is no 固 ("56FA) in font nullfont!
Missing character: There is no 体 ("4F53) in font nullfont!
Missing character: There is no 的 ("7684) in font nullfont!
Missing character: There is no 基 ("57FA) in font nullfont!
Missing character: There is no 本 ("672C) in font nullfont!
Missing character: There is no 区 ("533A) in font nullfont!
Missing character: There is no 别 ("522B) in font nullfont!
Missing character: There is no 在 ("5728) in font nullfont!
Missing character: There is no 于 ("4E8E) in font nullfont!
Missing character: There is no 它 ("5B83) in font nullfont!
Missing character: There is no 的 ("7684) in font nullfont!
Missing character: There is no 易 ("6613) in font nullfont!
Missing character: There is no 流 ("6D41) in font nullfont!
Missing character: There is no 性 ("6027) in font nullfont!
Missing character: There is no 。 ("3002) in font nullfont!
Missing character: There is no 固 ("56FA) in font nullfont!
Missing character: There is no 体 ("4F53) in font nullfont!
Missing character: There is no 在 ("5728) in font nullfont!
Missing character: There is no 剪 ("526A) in font nullfont!
Missing character: There is no 切 ("5207) in font nullfont!
Missing character: There is no 力 ("529B) in font nullfont!
Missing character: There is no 作 ("4F5C) in font nullfont!
Missing character: There is no 用 ("7528) in font nullfont!
Missing character: There is no 下 ("4E0B) in font nullfont!
Missing character: There is no 发 ("53D1) in font nullfont!
Missing character: There is no 生 ("751F) in font nullfont!
Missing character: There is no 剪 ("526A) in font nullfont!
Missing character: There is no 切 ("5207) in font nullfont!
Missing character: There is no 变 ("53D8) in font nullfont!
Missing character: There is no 形 ("5F62) in font nullfont!
Missing character: There is no 后 ("540E) in font nullfont!
Missing character: There is no 可 ("53EF) in font nullfont!
Missing character: There is no 以 ("4EE5) in font nullfont!
Missing character: There is no 达 ("8FBE) in font nullfont!
Missing character: There is no 到 ("5230) in font nullfont!
Missing character: There is no 新 ("65B0) in font nullfont!
Missing character: There is no 的 ("7684) in font nullfont!
Missing character: There is no 静 ("9759) in font nullfont!
Missing character: There is no 平 ("5E73) in font nullfont!
Missing character: There is no 衡 ("8861) in font nullfont!
Missing character: There is no 状 ("72B6) in font nullfont!
Missing character: There is no 态 ("6001) in font nullfont!
Missing character: There is no ， ("FF0C) in font nullfont!
Missing character: There is no 而 ("800C) in font nullfont!
Missing character: There is no 静 ("9759) in font nullfont!
Missing character: There is no 止 ("6B62) in font nullfont!
Missing character: There is no 流 ("6D41) in font nullfont!
Missing character: There is no 体 ("4F53) in font nullfont!
Missing character: There is no 不 ("4E0D) in font nullfont!
Missing character: There is no 能 ("80FD) in font nullfont!
Missing character: There is no 承 ("627F) in font nullfont!
Missing character: There is no 受 ("53D7) in font nullfont!
Missing character: There is no 剪 ("526A) in font nullfont!
Missing character: There is no 切 ("5207) in font nullfont!
Missing character: There is no 力 ("529B) in font nullfont!
Missing character: There is no ， ("FF0C) in font nullfont!
Missing character: There is no 任 ("4EFB) in font nullfont!
Missing character: There is no 何 ("4F55) in font nullfont!
Missing character: There is no 微 ("5FAE) in font nullfont!
Missing character: There is no 小 ("5C0F) in font nullfont!
Missing character: There is no 的 ("7684) in font nullfont!
Missing character: There is no 剪 ("526A) in font nullfont!
Missing character: There is no 切 ("5207) in font nullfont!
Missing character: There is no 力 ("529B) in font nullfont!
Missing character: There is no 都 ("90FD) in font nullfont!
Missing character: There is no 能 ("80FD) in font nullfont!
Missing character: There is no 驱 ("9A71) in font nullfont!
Missing character: There is no 使 ("4F7F) in font nullfont!
Missing character: There is no 流 ("6D41) in font nullfont!
Missing character: There is no 体 ("4F53) in font nullfont!
Missing character: There is no 持 ("6301) in font nullfont!
Missing character: There is no 续 ("7EED) in font nullfont!
Missing character: There is no 流 ("6D41) in font nullfont!
Missing character: There is no 动 ("52A8) in font nullfont!
Missing character: There is no 。 ("3002) in font nullfont!
Missing character: There is no 也 ("4E5F) in font nullfont!
Missing character: There is no 就 ("5C31) in font nullfont!
Missing character: There is no 是 ("662F) in font nullfont!
Missing character: There is no 说 ("8BF4) in font nullfont!
Missing character: There is no ， ("FF0C) in font nullfont!
Missing character: There is no 静 ("9759) in font nullfont!
Missing character: There is no 止 ("6B62) in font nullfont!
Missing character: There is no 流 ("6D41) in font nullfont!
Missing character: There is no 体 ("4F53) in font nullfont!
Missing character: There is no 中 ("4E2D) in font nullfont!
Missing character: There is no 的 ("7684) in font nullfont!
Missing character: There is no 应 ("5E94) in font nullfont!
Missing character: There is no 力 ("529B) in font nullfont!
Missing character: There is no 只 ("53EA) in font nullfont!
Missing character: There is no 有 ("6709) in font nullfont!
Missing character: There is no 压 ("538B) in font nullfont!
Missing character: There is no 强 ("5F3A) in font nullfont!
Missing character: There is no ， ("FF0C) in font nullfont!
Missing character: There is no 而 ("800C) in font nullfont!
Missing character: There is no 当 ("5F53) in font nullfont!
Missing character: There is no 流 ("6D41) in font nullfont!
Missing character: There is no 体 ("4F53) in font nullfont!
Missing character: There is no 运 ("8FD0) in font nullfont!
Missing character: There is no 动 ("52A8) in font nullfont!
Missing character: There is no 时 ("65F6) in font nullfont!
Missing character: There is no ， ("FF0C) in font nullfont!
Missing character: There is no 流 ("6D41) in font nullfont!
Missing character: There is no 体 ("4F53) in font nullfont!
Missing character: There is no 微 ("5FAE) in font nullfont!
Missing character: There is no 团 ("56E2) in font nullfont!
Missing character: There is no 的 ("7684) in font nullfont!
Missing character: There is no 表 ("8868) in font nullfont!
Missing character: There is no 面 ("9762) in font nullfont!
Missing character: There is no 除 ("9664) in font nullfont!
Missing character: There is no 了 ("4E86) in font nullfont!
Missing character: There is no 压 ("538B) in font nullfont!
Missing character: There is no 强 ("5F3A) in font nullfont!
Missing character: There is no 外 ("5916) in font nullfont!
Missing character: There is no 还 ("8FD8) in font nullfont!
Missing character: There is no 有 ("6709) in font nullfont!
Missing character: There is no 剪 ("526A) in font nullfont!
Missing character: There is no 应 ("5E94) in font nullfont!
Missing character: There is no 力 ("529B) in font nullfont!
Missing character: There is no 。 ("3002) in font nullfont!

Overfull \hbox (20.0pt too wide) in paragraph at lines 402--403
[] 
 []

! Undefined control sequence.
l.404 \subsection
                 {粘性}
The control sequence at the end of the top line
of your error message was never \def'ed. If you have
misspelled it (e.g., `\hobx'), type `I' and the correct
spelling (e.g., `I\hbox'). Otherwise just continue,
and I'll forget about whatever was undefined.

Missing character: There is no 粘 ("7C98) in font nullfont!
Missing character: There is no 性 ("6027) in font nullfont!

Overfull \hbox (20.0pt too wide) in paragraph at lines 404--405
[] 
 []


! LaTeX Error: Environment definition undefined.

See the LaTeX manual or LaTeX Companion for explanation.
Type  H <return>  for immediate help.
 ...                                              
                                                  
l.406 \begin{definition}
                        [粘性]
Your command was ignored.
Type  I <command> <return>  to replace it with another command,
or  <return>  to continue without it.

Missing character: There is no [ ("5B) in font nullfont!
Missing character: There is no 粘 ("7C98) in font nullfont!
Missing character: There is no 性 ("6027) in font nullfont!
Missing character: There is no ] ("5D) in font nullfont!
Missing character: There is no 流 ("6D41) in font nullfont!
Missing character: There is no 体 ("4F53) in font nullfont!
Missing character: There is no 运 ("8FD0) in font nullfont!
Missing character: There is no 动 ("52A8) in font nullfont!
Missing character: There is no 时 ("65F6) in font nullfont!
Missing character: There is no ， ("FF0C) in font nullfont!
Missing character: There is no 微 ("5FAE) in font nullfont!
Missing character: There is no 团 ("56E2) in font nullfont!
Missing character: There is no 之 ("4E4B) in font nullfont!
Missing character: There is no 间 ("95F4) in font nullfont!
Missing character: There is no 具 ("5177) in font nullfont!
Missing character: There is no 有 ("6709) in font nullfont!
Missing character: There is no 抵 ("62B5) in font nullfont!
Missing character: There is no 抗 ("6297) in font nullfont!
Missing character: There is no 相 ("76F8) in font nullfont!
Missing character: There is no 互 ("4E92) in font nullfont!
Missing character: There is no 滑 ("6ED1) in font nullfont!
Missing character: There is no 移 ("79FB) in font nullfont!
Missing character: There is no 运 ("8FD0) in font nullfont!
Missing character: There is no 动 ("52A8) in font nullfont!
Missing character: There is no 的 ("7684) in font nullfont!
Missing character: There is no 属 ("5C5E) in font nullfont!
Missing character: There is no 性 ("6027) in font nullfont!
Missing character: There is no 称 ("79F0) in font nullfont!
Missing character: There is no 为 ("4E3A) in font nullfont!
Missing character: There is no 流 ("6D41) in font nullfont!
Missing character: There is no 体 ("4F53) in font nullfont!
Missing character: There is no 的 ("7684) in font nullfont!
Missing character: There is no 粘 ("7C98) in font nullfont!
Missing character: There is no 性 ("6027) in font nullfont!
Missing character: There is no 。 ("3002) in font nullfont!

! LaTeX Error: \begin{document} ended by \end{definition}.

See the LaTeX manual or LaTeX Companion for explanation.
Type  H <return>  for immediate help.
 ...                                              
                                                  
l.408 \end{definition}
                      
Your command was ignored.
Type  I <command> <return>  to replace it with another command,
or  <return>  to continue without it.


Overfull \hbox (20.0pt too wide) in paragraph at lines 406--409
[]
 []


! LaTeX Error: Environment note undefined.

See the LaTeX manual or LaTeX Companion for explanation.
Type  H <return>  for immediate help.
 ...                                              
                                                  
l.410 \begin{note}
                  
Your command was ignored.
Type  I <command> <return>  to replace it with another command,
or  <return>  to continue without it.

Missing character: There is no 抵 ("62B5) in font nullfont!
Missing character: There is no 抗 ("6297) in font nullfont!
Missing character: There is no 滑 ("6ED1) in font nullfont!
Missing character: There is no 移 ("79FB) in font nullfont!
Missing character: There is no 运 ("8FD0) in font nullfont!
Missing character: There is no 动 ("52A8) in font nullfont!
Missing character: There is no 会 ("4F1A) in font nullfont!
Missing character: There is no 产 ("4EA7) in font nullfont!
Missing character: There is no 生 ("751F) in font nullfont!
Missing character: There is no 切 ("5207) in font nullfont!
Missing character: There is no 应 ("5E94) in font nullfont!
Missing character: There is no 力 ("529B) in font nullfont!
Missing character: There is no ， ("FF0C) in font nullfont!
Missing character: There is no 由 ("7531) in font nullfont!
Missing character: There is no 上 ("4E0A) in font nullfont!
Missing character: There is no 节 ("8282) in font nullfont!
Missing character: There is no 讨 ("8BA8) in font nullfont!
Missing character: There is no 论 ("8BBA) in font nullfont!
Missing character: There is no 可 ("53EF) in font nullfont!
Missing character: There is no 知 ("77E5) in font nullfont!
Missing character: There is no ， ("FF0C) in font nullfont!
Missing character: There is no 理 ("7406) in font nullfont!
Missing character: There is no 想 ("60F3) in font nullfont!
Missing character: There is no 流 ("6D41) in font nullfont!
Missing character: There is no 体 ("4F53) in font nullfont!
Missing character: There is no 微 ("5FAE) in font nullfont!
Missing character: There is no 团 ("56E2) in font nullfont!
Missing character: There is no 任 ("4EFB) in font nullfont!
Missing character: There is no 意 ("610F) in font nullfont!
Missing character: There is no 面 ("9762) in font nullfont!
Missing character: There is no 上 ("4E0A) in font nullfont!
Missing character: There is no 的 ("7684) in font nullfont!
Missing character: There is no 应 ("5E94) in font nullfont!
Missing character: There is no 力 ("529B) in font nullfont!
Missing character: There is no 均 ("5747) in font nullfont!
Missing character: There is no 为 ("4E3A) in font nullfont!
Missing character: There is no 正 ("6B63) in font nullfont!
Missing character: There is no 应 ("5E94) in font nullfont!
Missing character: There is no 力 ("529B) in font nullfont!
Missing character: There is no 。 ("3002) in font nullfont!
Missing character: There is no 所 ("6240) in font nullfont!
Missing character: There is no 以 ("4EE5) in font nullfont!
Missing character: There is no 理 ("7406) in font nullfont!
Missing character: There is no 想 ("60F3) in font nullfont!
Missing character: There is no 流 ("6D41) in font nullfont!
Missing character: There is no 体 ("4F53) in font nullfont!
Missing character: There is no 不 ("4E0D) in font nullfont!
Missing character: There is no 考 ("8003) in font nullfont!
Missing character: There is no 虑 ("8651) in font nullfont!
Missing character: There is no 粘 ("7C98) in font nullfont!
Missing character: There is no 性 ("6027) in font nullfont!
Missing character: There is no 。 ("3002) in font nullfont!

! LaTeX Error: \begin{document} ended by \end{note}.

See the LaTeX manual or LaTeX Companion for explanation.
Type  H <return>  for immediate help.
 ...                                              
                                                  
l.412 \end{note}
                
Your command was ignored.
Type  I <command> <return>  to replace it with another command,
or  <return>  to continue without it.


Overfull \hbox (20.0pt too wide) in paragraph at lines 411--413
[]
 []


! LaTeX Error: Environment definition undefined.

See the LaTeX manual or LaTeX Companion for explanation.
Type  H <return>  for immediate help.
 ...                                              
                                                  
l.414 \begin{definition}
                        [牛顿流体]
Your command was ignored.
Type  I <command> <return>  to replace it with another command,
or  <return>  to continue without it.

Missing character: There is no [ ("5B) in font nullfont!
Missing character: There is no 牛 ("725B) in font nullfont!
Missing character: There is no 顿 ("987F) in font nullfont!
Missing character: There is no 流 ("6D41) in font nullfont!
Missing character: There is no 体 ("4F53) in font nullfont!
Missing character: There is no ] ("5D) in font nullfont!
Missing character: There is no 牛 (U+725B) in font [lmroman10-bold]:mapping=tex-
text;!
Missing character: There is no 顿 (U+987F) in font [lmroman10-bold]:mapping=tex-
text;!
Missing character: There is no 流 (U+6D41) in font [lmroman10-bold]:mapping=tex-
text;!
Missing character: There is no 体 (U+4F53) in font [lmroman10-bold]:mapping=tex-
text;!
Missing character: There is no 是 ("662F) in font nullfont!
Missing character: There is no 剪 ("526A) in font nullfont!
Missing character: There is no 应 ("5E94) in font nullfont!
Missing character: There is no 力 ("529B) in font nullfont!
Missing character: There is no 与 ("4E0E) in font nullfont!
Missing character: There is no 剪 ("526A) in font nullfont!
Missing character: There is no 切 ("5207) in font nullfont!
Missing character: There is no 速 ("901F) in font nullfont!
Missing character: There is no 率 ("7387) in font nullfont!
Missing character: There is no 呈 ("5448) in font nullfont!
Missing character: There is no 线 ("7EBF) in font nullfont!
Missing character: There is no 性 ("6027) in font nullfont!
Missing character: There is no 关 ("5173) in font nullfont!
Missing character: There is no 系 ("7CFB) in font nullfont!
Missing character: There is no 的 ("7684) in font nullfont!
Missing character: There is no 流 ("6D41) in font nullfont!
Missing character: There is no 体 ("4F53) in font nullfont!
Missing character: There is no ， ("FF0C) in font nullfont!
Missing character: There is no 其 ("5176) in font nullfont!
Missing character: There is no 粘 ("7C98) in font nullfont!
Missing character: There is no 性 ("6027) in font nullfont!
Missing character: There is no 保 ("4FDD) in font nullfont!
Missing character: There is no 持 ("6301) in font nullfont!
Missing character: There is no 恒 ("6052) in font nullfont!
Missing character: There is no 定 ("5B9A) in font nullfont!
Missing character: There is no ， ("FF0C) in font nullfont!
Missing character: There is no 不 ("4E0D) in font nullfont!
Missing character: There is no 随 ("968F) in font nullfont!
Missing character: There is no 外 ("5916) in font nullfont!
Missing character: There is no 力 ("529B) in font nullfont!
Missing character: There is no 变 ("53D8) in font nullfont!
Missing character: There is no 化 ("5316) in font nullfont!
Missing character: There is no 。 ("3002) in font nullfont!
Missing character: There is no 最 ("6700) in font nullfont!
Missing character: There is no 常 ("5E38) in font nullfont!
Missing character: There is no 见 ("89C1) in font nullfont!
Missing character: There is no 的 ("7684) in font nullfont!
Missing character: There is no 流 ("6D41) in font nullfont!
Missing character: There is no 体 ("4F53) in font nullfont!
Missing character: There is no ， ("FF0C) in font nullfont!
Missing character: There is no 如 ("5982) in font nullfont!
Missing character: There is no 空 ("7A7A) in font nullfont!
Missing character: There is no 气 ("6C14) in font nullfont!
Missing character: There is no 和 ("548C) in font nullfont!
Missing character: There is no 水 ("6C34) in font nullfont!
Missing character: There is no ， ("FF0C) in font nullfont!
Missing character: There is no 都 ("90FD) in font nullfont!
Missing character: There is no 是 ("662F) in font nullfont!
Missing character: There is no 牛 ("725B) in font nullfont!
Missing character: There is no 顿 ("987F) in font nullfont!
Missing character: There is no 流 ("6D41) in font nullfont!
Missing character: There is no 体 ("4F53) in font nullfont!
Missing character: There is no 。 ("3002) in font nullfont!

! LaTeX Error: \begin{document} ended by \end{definition}.

See the LaTeX manual or LaTeX Companion for explanation.
Type  H <return>  for immediate help.
 ...                                              
                                                  
l.416 \end{definition}
                      
Your command was ignored.
Type  I <command> <return>  to replace it with another command,
or  <return>  to continue without it.


Overfull \hbox (20.0pt too wide) in paragraph at lines 414--417
[]
 []


Overfull \hbox (11.2pt too wide) in paragraph at lines 414--417
\TU/lmr/bx/n/10 牛顿流体
 []


! LaTeX Error: Environment property undefined.

See the LaTeX manual or LaTeX Companion for explanation.
Type  H <return>  for immediate help.
 ...                                              
                                                  
l.418 \begin{property}
                      [牛顿流体的粘性]
Your command was ignored.
Type  I <command> <return>  to replace it with another command,
or  <return>  to continue without it.

Missing character: There is no [ ("5B) in font nullfont!
Missing character: There is no 牛 ("725B) in font nullfont!
Missing character: There is no 顿 ("987F) in font nullfont!
Missing character: There is no 流 ("6D41) in font nullfont!
Missing character: There is no 体 ("4F53) in font nullfont!
Missing character: There is no 的 ("7684) in font nullfont!
Missing character: There is no 粘 ("7C98) in font nullfont!
Missing character: There is no 性 ("6027) in font nullfont!
Missing character: There is no ] ("5D) in font nullfont!
Missing character: There is no 在 ("5728) in font nullfont!
Missing character: There is no 厚 ("539A) in font nullfont!
Missing character: There is no 度 ("5EA6) in font nullfont!
Missing character: There is no 为 ("4E3A) in font nullfont!
Missing character: There is no 的 ("7684) in font nullfont!
Missing character: There is no 薄 ("8584) in font nullfont!
Missing character: There is no 层 ("5C42) in font nullfont!
Missing character: There is no 流 ("6D41) in font nullfont!
Missing character: There is no 体 ("4F53) in font nullfont!
Missing character: There is no 运 ("8FD0) in font nullfont!
Missing character: There is no 动 ("52A8) in font nullfont!
Missing character: There is no 中 ("4E2D) in font nullfont!
Missing character: There is no ， ("FF0C) in font nullfont!
Missing character: There is no 若 ("82E5) in font nullfont!
Missing character: There is no 上 ("4E0A) in font nullfont!
Missing character: There is no 下 ("4E0B) in font nullfont!
Missing character: There is no 速 ("901F) in font nullfont!
Missing character: There is no 度 ("5EA6) in font nullfont!
Missing character: There is no 差 ("5DEE) in font nullfont!
Missing character: There is no 为 ("4E3A) in font nullfont!
Missing character: There is no 时 ("65F6) in font nullfont!
Missing character: There is no ， ("FF0C) in font nullfont!
Missing character: There is no 作 ("4F5C) in font nullfont!
Missing character: There is no 用 ("7528) in font nullfont!
Missing character: There is no 在 ("5728) in font nullfont!
Missing character: There is no 流 ("6D41) in font nullfont!
Missing character: There is no 体 ("4F53) in font nullfont!
Missing character: There is no 薄 ("8584) in font nullfont!
Missing character: There is no 层 ("5C42) in font nullfont!
Missing character: There is no 面 ("9762) in font nullfont!
Missing character: There is no 上 ("4E0A) in font nullfont!
Missing character: There is no 的 ("7684) in font nullfont!
Missing character: There is no 剪 ("526A) in font nullfont!
Missing character: There is no 应 ("5E94) in font nullfont!
Missing character: There is no 力 ("529B) in font nullfont!
Missing character: There is no 与 ("4E0E) in font nullfont!
Missing character: There is no 成 ("6210) in font nullfont!
Missing character: There is no 正 ("6B63) in font nullfont!
Missing character: There is no 比 ("6BD4) in font nullfont!
Missing character: There is no ， ("FF0C) in font nullfont!
Missing character: There is no 与 ("4E0E) in font nullfont!
Missing character: There is no 成 ("6210) in font nullfont!
Missing character: There is no 反 ("53CD) in font nullfont!
Missing character: There is no 比 ("6BD4) in font nullfont!
Missing character: There is no ， ("FF0C) in font nullfont!
Missing character: There is no 即 ("5373) in font nullfont!

Overfull \hbox (20.0pt too wide) in paragraph at lines 418--420
[]
 []


Overfull \hbox (10.0845pt too wide) in paragraph at lines 418--420
\OML/cmm/m/it/10 ^^Ny$
 []


Overfull \hbox (10.54749pt too wide) in paragraph at lines 418--420
\OML/cmm/m/it/10 ^^Nu$
 []


Overfull \hbox (10.54749pt too wide) in paragraph at lines 418--420
\OML/cmm/m/it/10 ^^Nu$
 []


Overfull \hbox (10.0845pt too wide) in paragraph at lines 418--420
\OML/cmm/m/it/10 ^^Ny$
 []


Overfull \hbox (39.99371pt too wide) detected at line 422
[]\OML/cmm/m/it/10 ^^\[] \OMS/cmsy/m/n/10 / []
 []

Missing character: There is no 引 ("5F15) in font nullfont!
Missing character: There is no 入 ("5165) in font nullfont!
Missing character: There is no 动 (U+52A8) in font [lmroman10-bold]:mapping=tex-
text;!
Missing character: There is no 力 (U+529B) in font [lmroman10-bold]:mapping=tex-
text;!
Missing character: There is no 粘 (U+7C98) in font [lmroman10-bold]:mapping=tex-
text;!
Missing character: There is no 性 (U+6027) in font [lmroman10-bold]:mapping=tex-
text;!
Missing character: There is no 系 (U+7CFB) in font [lmroman10-bold]:mapping=tex-
text;!
Missing character: There is no 数 (U+6570) in font [lmroman10-bold]:mapping=tex-
text;!
Missing character: There is no ， ("FF0C) in font nullfont!
Missing character: There is no 单 ("5355) in font nullfont!
Missing character: There is no 位 ("4F4D) in font nullfont!
Missing character: There is no 是 ("662F) in font nullfont!
Missing character: There is no 泊 ("6CCA) in font nullfont!
Missing character: There is no ， ("FF0C) in font nullfont!
Missing character: There is no 量 ("91CF) in font nullfont!
Missing character: There is no 纲 ("7EB2) in font nullfont!
Missing character: There is no 为 ("4E3A) in font nullfont!
Missing character: There is no ， ("FF0C) in font nullfont!
Missing character: There is no 于 ("4E8E) in font nullfont!
Missing character: There is no 是 ("662F) in font nullfont!
Missing character: There is no 上 ("4E0A) in font nullfont!
Missing character: There is no 式 ("5F0F) in font nullfont!
Missing character: There is no 可 ("53EF) in font nullfont!
Missing character: There is no 写 ("5199) in font nullfont!
Missing character: There is no 为 ("4E3A) in font nullfont!

Overfull \hbox (16.8pt too wide) in paragraph at lines 422--424
\TU/lmr/bx/n/10 动力粘性系数
 []


Overfull \hbox (6.02548pt too wide) in paragraph at lines 422--424
\OML/cmm/m/it/10 ^^V$
 []


Overfull \hbox (58.61102pt too wide) in paragraph at lines 422--424
[]$ 
 []


Overfull \hbox (46.0192pt too wide) detected at line 426
[]\OML/cmm/m/it/10 ^^\[] \OT1/cmr/m/n/10 = \OML/cmm/m/it/10 ^^V[]
 []

Missing character: There is no 有 ("6709) in font nullfont!
Missing character: There is no 时 ("65F6) in font nullfont!
Missing character: There is no 还 ("8FD8) in font nullfont!
Missing character: There is no 用 ("7528) in font nullfont!
Missing character: There is no 动 ("52A8) in font nullfont!
Missing character: There is no 力 ("529B) in font nullfont!
Missing character: There is no 粘 ("7C98) in font nullfont!
Missing character: There is no 性 ("6027) in font nullfont!
Missing character: There is no 系 ("7CFB) in font nullfont!
Missing character: There is no 数 ("6570) in font nullfont!
Missing character: There is no 除 ("9664) in font nullfont!
Missing character: There is no 以 ("4EE5) in font nullfont!
Missing character: There is no 密 ("5BC6) in font nullfont!
Missing character: There is no 度 ("5EA6) in font nullfont!
Missing character: There is no ， ("FF0C) in font nullfont!
Missing character: There is no 称 ("79F0) in font nullfont!
Missing character: There is no 作 ("4F5C) in font nullfont!
Missing character: There is no 运 (U+8FD0) in font [lmroman10-bold]:mapping=tex-
text;!
Missing character: There is no 动 (U+52A8) in font [lmroman10-bold]:mapping=tex-
text;!
Missing character: There is no 粘 (U+7C98) in font [lmroman10-bold]:mapping=tex-
text;!
Missing character: There is no 性 (U+6027) in font [lmroman10-bold]:mapping=tex-
text;!
Missing character: There is no 系 (U+7CFB) in font [lmroman10-bold]:mapping=tex-
text;!
Missing character: There is no 数 (U+6570) in font [lmroman10-bold]:mapping=tex-
text;!
Missing character: There is no ， ("FF0C) in font nullfont!
Missing character: There is no 用 ("7528) in font nullfont!
Missing character: There is no 表 ("8868) in font nullfont!
Missing character: There is no 示 ("793A) in font nullfont!
Missing character: There is no ： ("FF1A) in font nullfont!

Overfull \hbox (16.8pt too wide) in paragraph at lines 426--428
\TU/lmr/bx/n/10 运动粘性系数
 []


Overfull \hbox (5.57639pt too wide) in paragraph at lines 426--428
\OML/cmm/m/it/10 ^^W$
 []


Overfull \hbox (27.33508pt too wide) detected at line 430
[]\OML/cmm/m/it/10 ^^W \OT1/cmr/m/n/10 = []
 []


! LaTeX Error: \begin{document} ended by \end{property}.

See the LaTeX manual or LaTeX Companion for explanation.
Type  H <return>  for immediate help.
 ...                                              
                                                  
l.431 \end{property}
                    
Your command was ignored.
Type  I <command> <return>  to replace it with another command,
or  <return>  to continue without it.


! LaTeX Error: Environment note undefined.

See the LaTeX manual or LaTeX Companion for explanation.
Type  H <return>  for immediate help.
 ...                                              
                                                  
l.433 \begin{note}
                  
Your command was ignored.
Type  I <command> <return>  to replace it with another command,
or  <return>  to continue without it.

Missing character: There is no 流 ("6D41) in font nullfont!
Missing character: There is no 体 ("4F53) in font nullfont!
Missing character: There is no 的 ("7684) in font nullfont!
Missing character: There is no 粘 ("7C98) in font nullfont!
Missing character: There is no 性 ("6027) in font nullfont!
Missing character: There is no 和 ("548C) in font nullfont!
Missing character: There is no 温 ("6E29) in font nullfont!
Missing character: There is no 度 ("5EA6) in font nullfont!
Missing character: There is no 有 ("6709) in font nullfont!
Missing character: There is no 关 ("5173) in font nullfont!
Missing character: There is no 。 ("3002) in font nullfont!

! LaTeX Error: \begin{document} ended by \end{note}.

See the LaTeX manual or LaTeX Companion for explanation.
Type  H <return>  for immediate help.
 ...                                              
                                                  
l.435 \end{note}
                
Your command was ignored.
Type  I <command> <return>  to replace it with another command,
or  <return>  to continue without it.


Overfull \hbox (20.0pt too wide) in paragraph at lines 434--436
[]
 []

Missing character: There is no 是 ("662F) in font nullfont!
Missing character: There is no 否 ("5426) in font nullfont!
Missing character: There is no 应 ("5E94) in font nullfont!
Missing character: There is no 当 ("5F53) in font nullfont!
Missing character: There is no 考 ("8003) in font nullfont!
Missing character: There is no 虑 ("8651) in font nullfont!
Missing character: There is no 粘 ("7C98) in font nullfont!
Missing character: There is no 性 ("6027) in font nullfont!
Missing character: There is no ， ("FF0C) in font nullfont!
Missing character: There is no 不 ("4E0D) in font nullfont!
Missing character: There is no 仅 ("4EC5) in font nullfont!
Missing character: There is no 与 ("4E0E) in font nullfont!
Missing character: There is no 粘 ("7C98) in font nullfont!
Missing character: There is no 性 ("6027) in font nullfont!
Missing character: There is no 系 ("7CFB) in font nullfont!
Missing character: There is no 数 ("6570) in font nullfont!
Missing character: There is no 有 ("6709) in font nullfont!
Missing character: There is no 关 ("5173) in font nullfont!
Missing character: There is no ， ("FF0C) in font nullfont!
Missing character: There is no 还 ("8FD8) in font nullfont!
Missing character: There is no 和 ("548C) in font nullfont!
Missing character: There is no 流 ("6D41) in font nullfont!
Missing character: There is no 动 ("52A8) in font nullfont!
Missing character: There is no 的 ("7684) in font nullfont!
Missing character: There is no 速 ("901F) in font nullfont!
Missing character: There is no 度 ("5EA6) in font nullfont!
Missing character: There is no 和 ("548C) in font nullfont!
Missing character: There is no 尺 ("5C3A) in font nullfont!
Missing character: There is no 度 ("5EA6) in font nullfont!
Missing character: There is no 有 ("6709) in font nullfont!
Missing character: There is no 关 ("5173) in font nullfont!
Missing character: There is no ， ("FF0C) in font nullfont!
Missing character: There is no 常 ("5E38) in font nullfont!
Missing character: There is no 用 ("7528) in font nullfont!
Missing character: There is no 雷 (U+96F7) in font [lmroman10-bold]:mapping=tex-
text;!
Missing character: There is no 诺 (U+8BFA) in font [lmroman10-bold]:mapping=tex-
text;!
Missing character: There is no 数 (U+6570) in font [lmroman10-bold]:mapping=tex-
text;!
! Undefined control sequence.
l.437 ...$L$ 有关，常用\textbf{雷诺数} $\mathrm{Re}=\dfrac
                                                  {UL}{\nu}$ 衡量流动过程中粘性的大小。如 ...
The control sequence at the end of the top line
of your error message was never \def'ed. If you have
misspelled it (e.g., `\hobx'), type `I' and the correct
spelling (e.g., `I\hbox'). Otherwise just continue,
and I'll forget about whatever was undefined.

Missing character: There is no 衡 ("8861) in font nullfont!
Missing character: There is no 量 ("91CF) in font nullfont!
Missing character: There is no 流 ("6D41) in font nullfont!
Missing character: There is no 动 ("52A8) in font nullfont!
Missing character: There is no 过 ("8FC7) in font nullfont!
Missing character: There is no 程 ("7A0B) in font nullfont!
Missing character: There is no 中 ("4E2D) in font nullfont!
Missing character: There is no 粘 ("7C98) in font nullfont!
Missing character: There is no 性 ("6027) in font nullfont!
Missing character: There is no 的 ("7684) in font nullfont!
Missing character: There is no 大 ("5927) in font nullfont!
Missing character: There is no 小 ("5C0F) in font nullfont!
Missing character: There is no 。 ("3002) in font nullfont!
Missing character: There is no 如 ("5982) in font nullfont!
Missing character: There is no 则 ("5219) in font nullfont!
Missing character: There is no 认 ("8BA4) in font nullfont!
Missing character: There is no 为 ("4E3A) in font nullfont!
Missing character: There is no 粘 ("7C98) in font nullfont!
Missing character: There is no 性 ("6027) in font nullfont!
Missing character: There is no 主 ("4E3B) in font nullfont!
Missing character: There is no 宰 ("5BB0) in font nullfont!
Missing character: There is no 流 ("6D41) in font nullfont!
Missing character: There is no 动 ("52A8) in font nullfont!
Missing character: There is no 。 ("3002) in font nullfont!

Overfull \hbox (20.0pt too wide) in paragraph at lines 437--438
[]
 []


Overfull \hbox (7.91803pt too wide) in paragraph at lines 437--438
\OML/cmm/m/it/10 U$
 []


Overfull \hbox (6.80557pt too wide) in paragraph at lines 437--438
\OML/cmm/m/it/10 L$
 []


Overfull \hbox (8.4pt too wide) in paragraph at lines 437--438
\TU/lmr/bx/n/10 雷诺数
 []


Overfull \hbox (22.36107pt too wide) in paragraph at lines 437--438
[] \OT1/cmr/m/n/10 =
 []


Overfull \hbox (20.29999pt too wide) in paragraph at lines 437--438
[]\OML/cmm/m/it/10 ^^W$
 []


Overfull \hbox (24.58328pt too wide) in paragraph at lines 437--438
[] \OMS/cmsy/m/n/10 ^^\
 []


Overfull \hbox (5.00002pt too wide) in paragraph at lines 437--438
\OT1/cmr/m/n/10 1$
 []


! LaTeX Error: Environment keybox undefined.

See the LaTeX manual or LaTeX Companion for explanation.
Type  H <return>  for immediate help.
 ...                                              
                                                  
l.439 \begin{keybox}
                    [雷诺数]
Your command was ignored.
Type  I <command> <return>  to replace it with another command,
or  <return>  to continue without it.

Missing character: There is no [ ("5B) in font nullfont!
Missing character: There is no 雷 ("96F7) in font nullfont!
Missing character: There is no 诺 ("8BFA) in font nullfont!
Missing character: There is no 数 ("6570) in font nullfont!
Missing character: There is no ] ("5D) in font nullfont!

Overfull \hbox (20.0pt too wide) in paragraph at lines 439--440
[] 
 []


Overfull \hbox (42.26237pt too wide) detected at line 442
[] \OT1/cmr/m/n/10 = []
 []

Missing character: There is no 式 ("5F0F) in font nullfont!
Missing character: There is no 中 ("4E2D) in font nullfont!
Missing character: There is no 为 ("4E3A) in font nullfont!
Missing character: There is no 流 ("6D41) in font nullfont!
Missing character: There is no 动 ("52A8) in font nullfont!
Missing character: There is no 的 ("7684) in font nullfont!
Missing character: There is no 特 ("7279) in font nullfont!
Missing character: There is no 征 ("5F81) in font nullfont!
Missing character: There is no 速 ("901F) in font nullfont!
Missing character: There is no 度 ("5EA6) in font nullfont!
Missing character: There is no ， ("FF0C) in font nullfont!
Missing character: There is no 为 ("4E3A) in font nullfont!
Missing character: There is no 特 ("7279) in font nullfont!
Missing character: There is no 征 ("5F81) in font nullfont!
Missing character: There is no 尺 ("5C3A) in font nullfont!
Missing character: There is no 度 ("5EA6) in font nullfont!
Missing character: There is no ， ("FF0C) in font nullfont!
Missing character: There is no 为 ("4E3A) in font nullfont!
Missing character: There is no 运 ("8FD0) in font nullfont!
Missing character: There is no 动 ("52A8) in font nullfont!
Missing character: There is no 粘 ("7C98) in font nullfont!
Missing character: There is no 性 ("6027) in font nullfont!
Missing character: There is no 系 ("7CFB) in font nullfont!
Missing character: There is no 数 ("6570) in font nullfont!
Missing character: There is no 。 ("3002) in font nullfont!
Missing character: There is no 它 ("5B83) in font nullfont!
Missing character: There is no 是 ("662F) in font nullfont!
Missing character: There is no 衡 ("8861) in font nullfont!
Missing character: There is no 量 ("91CF) in font nullfont!
Missing character: There is no 流 ("6D41) in font nullfont!
Missing character: There is no 动 ("52A8) in font nullfont!
Missing character: There is no 过 ("8FC7) in font nullfont!
Missing character: There is no 程 ("7A0B) in font nullfont!
Missing character: There is no 中 ("4E2D) in font nullfont!
Missing character: There is no 粘 ("7C98) in font nullfont!
Missing character: There is no 性 ("6027) in font nullfont!
Missing character: There is no 大 ("5927) in font nullfont!
Missing character: There is no 小 ("5C0F) in font nullfont!
Missing character: There is no 的 ("7684) in font nullfont!
Missing character: There is no 无 ("65E0) in font nullfont!
Missing character: There is no 量 ("91CF) in font nullfont!
Missing character: There is no 纲 ("7EB2) in font nullfont!
Missing character: There is no 数 ("6570) in font nullfont!
Missing character: There is no ： ("FF1A) in font nullfont!
Missing character: There is no 时 ("65F6) in font nullfont!
Missing character: There is no 粘 ("7C98) in font nullfont!
Missing character: There is no 性 ("6027) in font nullfont!
Missing character: There is no 主 ("4E3B) in font nullfont!
Missing character: There is no 宰 ("5BB0) in font nullfont!
Missing character: There is no 流 ("6D41) in font nullfont!
Missing character: There is no 动 ("52A8) in font nullfont!
Missing character: There is no 。 ("3002) in font nullfont!

! LaTeX Error: \begin{document} ended by \end{keybox}.

See the LaTeX manual or LaTeX Companion for explanation.
Type  H <return>  for immediate help.
 ...                                              
                                                  
l.444 \end{keybox}
                  
Your command was ignored.
Type  I <command> <return>  to replace it with another command,
or  <return>  to continue without it.


Overfull \hbox (7.91803pt too wide) in paragraph at lines 442--445
 $\OML/cmm/m/it/10 U$
 []


Overfull \hbox (6.80557pt too wide) in paragraph at lines 442--445
\OML/cmm/m/it/10 L$
 []


Overfull \hbox (5.57639pt too wide) in paragraph at lines 442--445
\OML/cmm/m/it/10 ^^W$
 []


Overfull \hbox (24.58328pt too wide) in paragraph at lines 442--445
[] \OMS/cmsy/m/n/10 ^^\
 []


Overfull \hbox (5.00002pt too wide) in paragraph at lines 442--445
\OT1/cmr/m/n/10 1$
 []

! Undefined control sequence.
l.446 \subsection
                 {压缩性}
The control sequence at the end of the top line
of your error message was never \def'ed. If you have
misspelled it (e.g., `\hobx'), type `I' and the correct
spelling (e.g., `I\hbox'). Otherwise just continue,
and I'll forget about whatever was undefined.

Missing character: There is no 压 ("538B) in font nullfont!
Missing character: There is no 缩 ("7F29) in font nullfont!
Missing character: There is no 性 ("6027) in font nullfont!

Overfull \hbox (20.0pt too wide) in paragraph at lines 446--447
[] 
 []


! LaTeX Error: Environment definition undefined.

See the LaTeX manual or LaTeX Companion for explanation.
Type  H <return>  for immediate help.
 ...                                              
                                                  
l.448 \begin{definition}
                        [压缩性]
Your command was ignored.
Type  I <command> <return>  to replace it with another command,
or  <return>  to continue without it.

Missing character: There is no [ ("5B) in font nullfont!
Missing character: There is no 压 ("538B) in font nullfont!
Missing character: There is no 缩 ("7F29) in font nullfont!
Missing character: There is no 性 ("6027) in font nullfont!
Missing character: There is no ] ("5D) in font nullfont!
Missing character: There is no 由 ("7531) in font nullfont!
Missing character: There is no 于 ("4E8E) in font nullfont!
Missing character: There is no 压 ("538B) in font nullfont!
Missing character: There is no 强 ("5F3A) in font nullfont!
Missing character: There is no 变 ("53D8) in font nullfont!
Missing character: There is no 化 ("5316) in font nullfont!
Missing character: There is no 而 ("800C) in font nullfont!
Missing character: There is no 引 ("5F15) in font nullfont!
Missing character: There is no 起 ("8D77) in font nullfont!
Missing character: There is no 流 ("6D41) in font nullfont!
Missing character: There is no 体 ("4F53) in font nullfont!
Missing character: There is no 密 ("5BC6) in font nullfont!
Missing character: There is no 度 ("5EA6) in font nullfont!
Missing character: There is no 的 ("7684) in font nullfont!
Missing character: There is no 变 ("53D8) in font nullfont!
Missing character: There is no 化 ("5316) in font nullfont!
Missing character: There is no 称 ("79F0) in font nullfont!
Missing character: There is no 为 ("4E3A) in font nullfont!
Missing character: There is no 压 ("538B) in font nullfont!
Missing character: There is no 缩 ("7F29) in font nullfont!
Missing character: There is no 性 ("6027) in font nullfont!
Missing character: There is no 。 ("3002) in font nullfont!
Missing character: There is no 气 ("6C14) in font nullfont!
Missing character: There is no 体 ("4F53) in font nullfont!
Missing character: There is no 和 ("548C) in font nullfont!
Missing character: There is no 液 ("6DB2) in font nullfont!
Missing character: There is no 体 ("4F53) in font nullfont!
Missing character: There is no 的 ("7684) in font nullfont!
Missing character: There is no 压 ("538B) in font nullfont!
Missing character: There is no 缩 ("7F29) in font nullfont!
Missing character: There is no 性 ("6027) in font nullfont!
Missing character: There is no 有 ("6709) in font nullfont!
Missing character: There is no 明 ("660E) in font nullfont!
Missing character: There is no 显 ("663E) in font nullfont!
Missing character: There is no 区 ("533A) in font nullfont!
Missing character: There is no 别 ("522B) in font nullfont!
Missing character: There is no 。 ("3002) in font nullfont!

! LaTeX Error: \begin{document} ended by \end{definition}.

See the LaTeX manual or LaTeX Companion for explanation.
Type  H <return>  for immediate help.
 ...                                              
                                                  
l.450 \end{definition}
                      
Your command was ignored.
Type  I <command> <return>  to replace it with another command,
or  <return>  to continue without it.


Overfull \hbox (20.0pt too wide) in paragraph at lines 448--451
[]
 []

Missing character: There is no 气 ("6C14) in font nullfont!
Missing character: There is no 体 ("4F53) in font nullfont!
Missing character: There is no 的 ("7684) in font nullfont!
Missing character: There is no 密 ("5BC6) in font nullfont!
Missing character: There is no 度 ("5EA6) in font nullfont!
Missing character: There is no 通 ("901A) in font nullfont!
Missing character: There is no 常 ("5E38) in font nullfont!
Missing character: There is no 随 ("968F) in font nullfont!
Missing character: There is no 压 ("538B) in font nullfont!
Missing character: There is no 强 ("5F3A) in font nullfont!
Missing character: There is no 的 ("7684) in font nullfont!
Missing character: There is no 增 ("589E) in font nullfont!
Missing character: There is no 高 ("9AD8) in font nullfont!
Missing character: There is no 而 ("800C) in font nullfont!
Missing character: There is no 增 ("589E) in font nullfont!
Missing character: There is no 大 ("5927) in font nullfont!
Missing character: There is no ， ("FF0C) in font nullfont!
Missing character: There is no 随 ("968F) in font nullfont!
Missing character: There is no 温 ("6E29) in font nullfont!
Missing character: There is no 度 ("5EA6) in font nullfont!
Missing character: There is no 的 ("7684) in font nullfont!
Missing character: There is no 升 ("5347) in font nullfont!
Missing character: There is no 高 ("9AD8) in font nullfont!
Missing character: There is no 而 ("800C) in font nullfont!
Missing character: There is no 减 ("51CF) in font nullfont!
Missing character: There is no 小 ("5C0F) in font nullfont!
Missing character: There is no ， ("FF0C) in font nullfont!
Missing character: There is no 具 ("5177) in font nullfont!
Missing character: There is no 有 ("6709) in font nullfont!
Missing character: There is no 明 ("660E) in font nullfont!
Missing character: There is no 显 ("663E) in font nullfont!
Missing character: There is no 的 ("7684) in font nullfont!
Missing character: There is no 可 ("53EF) in font nullfont!
Missing character: There is no 压 ("538B) in font nullfont!
Missing character: There is no 缩 ("7F29) in font nullfont!
Missing character: There is no 性 ("6027) in font nullfont!
Missing character: There is no ， ("FF0C) in font nullfont!
Missing character: There is no 它 ("5B83) in font nullfont!
Missing character: There is no 可 ("53EF) in font nullfont!
Missing character: There is no 用 ("7528) in font nullfont!
Missing character: There is no 热 ("70ED) in font nullfont!
Missing character: There is no 力 ("529B) in font nullfont!
Missing character: There is no 学 ("5B66) in font nullfont!
Missing character: There is no 状 ("72B6) in font nullfont!
Missing character: There is no 态 ("6001) in font nullfont!
Missing character: There is no 方 ("65B9) in font nullfont!
Missing character: There is no 程 ("7A0B) in font nullfont!
Missing character: There is no 表 ("8868) in font nullfont!
Missing character: There is no 示 ("793A) in font nullfont!
Missing character: There is no ： ("FF1A) in font nullfont!

Overfull \hbox (20.0pt too wide) in paragraph at lines 452--453
[] 
 []


Overfull \hbox (48.02074pt too wide) detected at line 455
[]\OML/cmm/m/it/10 p \OT1/cmr/m/n/10 = \OML/cmm/m/it/10 p\OT1/cmr/m/n/10 (\OML/
cmm/m/it/10 ^^Z; T\OT1/cmr/m/n/10 )
 []

Missing character: There is no 式 ("5F0F) in font nullfont!
Missing character: There is no 中 ("4E2D) in font nullfont!
Missing character: There is no 为 ("4E3A) in font nullfont!
Missing character: There is no 绝 ("7EDD) in font nullfont!
Missing character: There is no 对 ("5BF9) in font nullfont!
Missing character: There is no 温 ("6E29) in font nullfont!
Missing character: There is no 度 ("5EA6) in font nullfont!
Missing character: There is no 。 ("3002) in font nullfont!
Missing character: There is no 常 ("5E38) in font nullfont!
Missing character: There is no 见 ("89C1) in font nullfont!
Missing character: There is no 的 ("7684) in font nullfont!
Missing character: There is no 气 ("6C14) in font nullfont!
Missing character: There is no 体 ("4F53) in font nullfont!
Missing character: There is no 大 ("5927) in font nullfont!
Missing character: There is no 多 ("591A) in font nullfont!
Missing character: There is no 数 ("6570) in font nullfont!
Missing character: There is no 服 ("670D) in font nullfont!
Missing character: There is no 从 ("4ECE) in font nullfont!
Missing character: There is no 完 ("5B8C) in font nullfont!
Missing character: There is no 全 ("5168) in font nullfont!
Missing character: There is no 气 ("6C14) in font nullfont!
Missing character: There is no 体 ("4F53) in font nullfont!
Missing character: There is no 状 ("72B6) in font nullfont!
Missing character: There is no 态 ("6001) in font nullfont!
Missing character: There is no 方 ("65B9) in font nullfont!
Missing character: There is no 程 ("7A0B) in font nullfont!
Missing character: There is no ： ("FF1A) in font nullfont!

Overfull \hbox (7.23265pt too wide) in paragraph at lines 455--457
 $\OML/cmm/m/it/10 T$
 []


Overfull \hbox (38.43742pt too wide) detected at line 459
[]\OML/cmm/m/it/10 p \OT1/cmr/m/n/10 = \OML/cmm/m/it/10 R^^ZT
 []

Missing character: There is no 式 ("5F0F) in font nullfont!
Missing character: There is no 中 ("4E2D) in font nullfont!
Missing character: There is no 为 ("4E3A) in font nullfont!
Missing character: There is no 气 ("6C14) in font nullfont!
Missing character: There is no 体 ("4F53) in font nullfont!
Missing character: There is no 常 ("5E38) in font nullfont!
Missing character: There is no 数 ("6570) in font nullfont!
Missing character: There is no 。 ("3002) in font nullfont!

Overfull \hbox (7.67015pt too wide) in paragraph at lines 459--461
 $\OML/cmm/m/it/10 R$
 []

Missing character: There is no 一 ("4E00) in font nullfont!
Missing character: There is no 般 ("822C) in font nullfont!
Missing character: There is no 来 ("6765) in font nullfont!
Missing character: There is no 说 ("8BF4) in font nullfont!
Missing character: There is no 液 ("6DB2) in font nullfont!
Missing character: There is no 体 ("4F53) in font nullfont!
Missing character: There is no 密 ("5BC6) in font nullfont!
Missing character: There is no 度 ("5EA6) in font nullfont!
Missing character: There is no 几 ("51E0) in font nullfont!
Missing character: There is no 乎 ("4E4E) in font nullfont!
Missing character: There is no 不 ("4E0D) in font nullfont!
Missing character: There is no 随 ("968F) in font nullfont!
Missing character: There is no 压 ("538B) in font nullfont!
Missing character: There is no 强 ("5F3A) in font nullfont!
Missing character: There is no 变 ("53D8) in font nullfont!
Missing character: There is no 化 ("5316) in font nullfont!
Missing character: There is no ， ("FF0C) in font nullfont!
Missing character: There is no 但 ("4F46) in font nullfont!
Missing character: There is no 当 ("5F53) in font nullfont!
Missing character: There is no 温 ("6E29) in font nullfont!
Missing character: There is no 度 ("5EA6) in font nullfont!
Missing character: There is no 增 ("589E) in font nullfont!
Missing character: There is no 加 ("52A0) in font nullfont!
Missing character: There is no 时 ("65F6) in font nullfont!
Missing character: There is no ， ("FF0C) in font nullfont!
Missing character: There is no 密 ("5BC6) in font nullfont!
Missing character: There is no 度 ("5EA6) in font nullfont!
Missing character: There is no 稍 ("7A0D) in font nullfont!
Missing character: There is no 有 ("6709) in font nullfont!
Missing character: There is no 减 ("51CF) in font nullfont!
Missing character: There is no 小 ("5C0F) in font nullfont!
Missing character: There is no ： ("FF1A) in font nullfont!

Overfull \hbox (20.0pt too wide) in paragraph at lines 462--463
[] 
 []


Overfull \hbox (97.3077pt too wide) detected at line 465
[]\OML/cmm/m/it/10 ^^Z \OT1/cmr/m/n/10 = \OML/cmm/m/it/10 ^^Z[] []
 []


! LaTeX Error: Environment definition undefined.

See the LaTeX manual or LaTeX Companion for explanation.
Type  H <return>  for immediate help.
 ...                                              
                                                  
l.467 \begin{definition}
                        [膨胀系数]
Your command was ignored.
Type  I <command> <return>  to replace it with another command,
or  <return>  to continue without it.

Missing character: There is no [ ("5B) in font nullfont!
Missing character: There is no 膨 ("81A8) in font nullfont!
Missing character: There is no 胀 ("80C0) in font nullfont!
Missing character: There is no 系 ("7CFB) in font nullfont!
Missing character: There is no 数 ("6570) in font nullfont!
Missing character: There is no ] ("5D) in font nullfont!
Missing character: There is no 式 ("5F0F) in font nullfont!
! Undefined control sequence.
l.468 ^^I式~\eqref
                 {eq:liquid-density} 中 $\beta$ 称为\textbf{膨胀系数}，它表示单位温升时液体密度的...
The control sequence at the end of the top line
of your error message was never \def'ed. If you have
misspelled it (e.g., `\hobx'), type `I' and the correct
spelling (e.g., `I\hbox'). Otherwise just continue,
and I'll forget about whatever was undefined.

Missing character: There is no e ("65) in font nullfont!
Missing character: There is no q ("71) in font nullfont!
Missing character: There is no : ("3A) in font nullfont!
Missing character: There is no l ("6C) in font nullfont!
Missing character: There is no i ("69) in font nullfont!
Missing character: There is no q ("71) in font nullfont!
Missing character: There is no u ("75) in font nullfont!
Missing character: There is no i ("69) in font nullfont!
Missing character: There is no d ("64) in font nullfont!
Missing character: There is no - ("2D) in font nullfont!
Missing character: There is no d ("64) in font nullfont!
Missing character: There is no e ("65) in font nullfont!
Missing character: There is no n ("6E) in font nullfont!
Missing character: There is no s ("73) in font nullfont!
Missing character: There is no i ("69) in font nullfont!
Missing character: There is no t ("74) in font nullfont!
Missing character: There is no y ("79) in font nullfont!
Missing character: There is no 中 ("4E2D) in font nullfont!
Missing character: There is no 称 ("79F0) in font nullfont!
Missing character: There is no 为 ("4E3A) in font nullfont!
Missing character: There is no 膨 (U+81A8) in font [lmroman10-bold]:mapping=tex-
text;!
Missing character: There is no 胀 (U+80C0) in font [lmroman10-bold]:mapping=tex-
text;!
Missing character: There is no 系 (U+7CFB) in font [lmroman10-bold]:mapping=tex-
text;!
Missing character: There is no 数 (U+6570) in font [lmroman10-bold]:mapping=tex-
text;!
Missing character: There is no ， ("FF0C) in font nullfont!
Missing character: There is no 它 ("5B83) in font nullfont!
Missing character: There is no 表 ("8868) in font nullfont!
Missing character: There is no 示 ("793A) in font nullfont!
Missing character: There is no 单 ("5355) in font nullfont!
Missing character: There is no 位 ("4F4D) in font nullfont!
Missing character: There is no 温 ("6E29) in font nullfont!
Missing character: There is no 升 ("5347) in font nullfont!
Missing character: There is no 时 ("65F6) in font nullfont!
Missing character: There is no 液 ("6DB2) in font nullfont!
Missing character: There is no 体 ("4F53) in font nullfont!
Missing character: There is no 密 ("5BC6) in font nullfont!
Missing character: There is no 度 ("5EA6) in font nullfont!
Missing character: There is no 的 ("7684) in font nullfont!
Missing character: There is no 相 ("76F8) in font nullfont!
Missing character: There is no 对 ("5BF9) in font nullfont!
Missing character: There is no 变 ("53D8) in font nullfont!
Missing character: There is no 化 ("5316) in font nullfont!
Missing character: There is no 率 ("7387) in font nullfont!
Missing character: There is no ， ("FF0C) in font nullfont!
Missing character: There is no 通 ("901A) in font nullfont!
Missing character: There is no 常 ("5E38) in font nullfont!
Missing character: There is no 。 ("3002) in font nullfont!

! LaTeX Error: \begin{document} ended by \end{definition}.

See the LaTeX manual or LaTeX Companion for explanation.
Type  H <return>  for immediate help.
 ...                                              
                                                  
l.469 \end{definition}
                      
Your command was ignored.
Type  I <command> <return>  to replace it with another command,
or  <return>  to continue without it.


Overfull \hbox (20.0pt too wide) in paragraph at lines 467--470
[]
 []


Overfull \hbox (6.18402pt too wide) in paragraph at lines 467--470
\OML/cmm/m/it/10 ^^L$
 []


Overfull \hbox (11.2pt too wide) in paragraph at lines 467--470
\TU/lmr/bx/n/10 膨胀系数
 []


Overfull \hbox (16.73953pt too wide) in paragraph at lines 467--470
\OML/cmm/m/it/10 ^^L \OMS/cmsy/m/n/10 ^^X
 []


Overfull \hbox (34.66673pt too wide) in paragraph at lines 467--470
\OT1/cmr/m/n/10 10[] []$
 []


! LaTeX Error: Environment warnbox undefined.

See the LaTeX manual or LaTeX Companion for explanation.
Type  H <return>  for immediate help.
 ...                                              
                                                  
l.471 \begin{warnbox}
                     [存疑]
Your command was ignored.
Type  I <command> <return>  to replace it with another command,
or  <return>  to continue without it.

Missing character: There is no [ ("5B) in font nullfont!
Missing character: There is no 存 ("5B58) in font nullfont!
Missing character: There is no 疑 ("7591) in font nullfont!
Missing character: There is no ] ("5D) in font nullfont!
Missing character: There is no 教 ("6559) in font nullfont!
Missing character: There is no 材 ("6750) in font nullfont!
Missing character: There is no 原 ("539F) in font nullfont!
Missing character: There is no 文 ("6587) in font nullfont!
Missing character: There is no 此 ("6B64) in font nullfont!
Missing character: There is no 处 ("5904) in font nullfont!
Missing character: There is no 记 ("8BB0) in font nullfont!
Missing character: There is no 作 ("4F5C) in font nullfont!
Missing character: There is no 。 ("3002) in font nullfont!
Missing character: There is no 按 ("6309) in font nullfont!
Missing character: There is no " ("22) in font nullfont!
Missing character: There is no 单 ("5355) in font nullfont!
Missing character: There is no 位 ("4F4D) in font nullfont!
Missing character: There is no 温 ("6E29) in font nullfont!
Missing character: There is no 升 ("5347) in font nullfont!
Missing character: There is no 时 ("65F6) in font nullfont!
Missing character: There is no 密 ("5BC6) in font nullfont!
Missing character: There is no 度 ("5EA6) in font nullfont!
Missing character: There is no 的 ("7684) in font nullfont!
Missing character: There is no 相 ("76F8) in font nullfont!
Missing character: There is no 对 ("5BF9) in font nullfont!
Missing character: There is no 变 ("53D8) in font nullfont!
Missing character: There is no 化 ("5316) in font nullfont!
Missing character: There is no 率 ("7387) in font nullfont!
Missing character: There is no " ("22) in font nullfont!
Missing character: There is no 的 ("7684) in font nullfont!
Missing character: There is no 量 ("91CF) in font nullfont!
Missing character: There is no 级 ("7EA7) in font nullfont!
Missing character: There is no 判 ("5224) in font nullfont!
Missing character: There is no 断 ("65AD) in font nullfont!
Missing character: There is no ， ("FF0C) in font nullfont!
Missing character: There is no 应 ("5E94) in font nullfont!
Missing character: There is no 为 ("4E3A) in font nullfont!
Missing character: There is no ， ("FF0C) in font nullfont!
Missing character: There is no 此 ("6B64) in font nullfont!
Missing character: There is no 处 ("5904) in font nullfont!
Missing character: There is no 照 ("7167) in font nullfont!
Missing character: There is no 录 ("5F55) in font nullfont!
Missing character: There is no 原 ("539F) in font nullfont!
Missing character: There is no 文 ("6587) in font nullfont!
Missing character: There is no ， ("FF0C) in font nullfont!
Missing character: There is no 待 ("5F85) in font nullfont!
Missing character: There is no 核 ("6838) in font nullfont!
Missing character: There is no 对 ("5BF9) in font nullfont!
Missing character: There is no 原 ("539F) in font nullfont!
Missing character: There is no 书 ("4E66) in font nullfont!
Missing character: There is no 后 ("540E) in font nullfont!
Missing character: There is no 修 ("4FEE) in font nullfont!
Missing character: There is no 订 ("8BA2) in font nullfont!
Missing character: There is no 。 ("3002) in font nullfont!

! LaTeX Error: \begin{document} ended by \end{warnbox}.

See the LaTeX manual or LaTeX Companion for explanation.
Type  H <return>  for immediate help.
 ...                                              
                                                  
l.473 \end{warnbox}
                   
Your command was ignored.
Type  I <command> <return>  to replace it with another command,
or  <return>  to continue without it.


Overfull \hbox (20.0pt too wide) in paragraph at lines 471--474
[]
 []


Overfull \hbox (16.73953pt too wide) in paragraph at lines 471--474
\OML/cmm/m/it/10 ^^L \OMS/cmsy/m/n/10 ^^X
 []


Overfull \hbox (34.66673pt too wide) in paragraph at lines 471--474
\OT1/cmr/m/n/10 10[] []$
 []


Overfull \hbox (16.73953pt too wide) in paragraph at lines 471--474
\OML/cmm/m/it/10 ^^L \OMS/cmsy/m/n/10 ^^X
 []


Overfull \hbox (40.91675pt too wide) in paragraph at lines 471--474
\OT1/cmr/m/n/10 10[] []$
 []

Missing character: There is no 流 ("6D41) in font nullfont!
Missing character: There is no 体 ("4F53) in font nullfont!
Missing character: There is no 力 ("529B) in font nullfont!
Missing character: There is no 学 ("5B66) in font nullfont!
Missing character: There is no 中 ("4E2D) in font nullfont!
Missing character: There is no 按 ("6309) in font nullfont!
Missing character: There is no 运 ("8FD0) in font nullfont!
Missing character: There is no 动 ("52A8) in font nullfont!
Missing character: There is no 中 ("4E2D) in font nullfont!
Missing character: There is no 流 ("6D41) in font nullfont!
Missing character: There is no 体 ("4F53) in font nullfont!
Missing character: There is no 密 ("5BC6) in font nullfont!
Missing character: There is no 度 ("5EA6) in font nullfont!
Missing character: There is no 的 ("7684) in font nullfont!
Missing character: There is no 相 ("76F8) in font nullfont!
Missing character: There is no 对 ("5BF9) in font nullfont!
Missing character: There is no 变 ("53D8) in font nullfont!
Missing character: There is no 化 ("5316) in font nullfont!
Missing character: There is no 率 ("7387) in font nullfont!
Missing character: There is no 的 ("7684) in font nullfont!
Missing character: There is no 大 ("5927) in font nullfont!
Missing character: There is no 小 ("5C0F) in font nullfont!
Missing character: There is no 把 ("628A) in font nullfont!
Missing character: There is no 流 ("6D41) in font nullfont!
Missing character: There is no 动 ("52A8) in font nullfont!
Missing character: There is no 分 ("5206) in font nullfont!
Missing character: There is no 为 ("4E3A) in font nullfont!
Missing character: There is no 可 ("53EF) in font nullfont!
Missing character: There is no 压 ("538B) in font nullfont!
Missing character: There is no 缩 ("7F29) in font nullfont!
Missing character: There is no 流 ("6D41) in font nullfont!
Missing character: There is no 和 ("548C) in font nullfont!
Missing character: There is no 不 ("4E0D) in font nullfont!
Missing character: There is no 可 ("53EF) in font nullfont!
Missing character: There is no 压 ("538B) in font nullfont!
Missing character: There is no 缩 ("7F29) in font nullfont!
Missing character: There is no 流 ("6D41) in font nullfont!
Missing character: There is no 两 ("4E24) in font nullfont!
Missing character: There is no 大 ("5927) in font nullfont!
Missing character: There is no 类 ("7C7B) in font nullfont!
Missing character: There is no 。 ("3002) in font nullfont!
)
! Emergency stop.
<*> 流体的物理性质.tex
               
*** (job aborted, no legal \end found)

 
Here is how much of TeX's memory you used:
 71 strings out of 473832
 1519 string characters out of 5735453
 403383 words of memory out of 5000000
 23233 multiletter control sequences out of 15000+600000
 558853 words of font info for 38 fonts, out of 8000000 for 9000
 1348 hyphenation exceptions out of 8191
 23i,7n,23p,347b,152s stack positions out of 10000i,1000n,20000p,200000b,200000s
Output written on 流体的物理性质.pdf (1 page).
